CRASH_RECORD_ID,CRASH_DATE,Weekday,POSTED_SPEED_LIMIT,TRAFFIC_CONTROL_DEVICE,WEATHER_CONDITION,LIGHTING_CONDITION,FIRST_CRASH_TYPE,ROADWAY_SURFACE_COND,CRASH_TYPE,DAMAGE,PRIM_CONTRIBUTORY_CAUSE,NUM_UNITS,MOST_SEVERE_INJURY,INJURIES_TOTAL,INJURIES_FATAL,INJURIES_INCAPACITATING,CRASH_HOUR,CRASH_DAY_OF_WEEK,CRASH_MONTH,LATITUDE,LONGITUDE,CRASH_TIME,CATEGORIES
8c6a1a8dfe44daa0b7d741830fe678de26f7e8b70909ce3d7eeb78af3a6736ef25dec96fb5f685e4aa166baf70d36f0fcee4100a6858050fc8f132d97005977c,2023-12-09 09:40:00,Saturday,30,NO CONTROLS,CLEAR,DAYLIGHT,PEDESTRIAN,DRY,INJURY AND / OR TOW DUE TO CRASH,"$501 - $1,500",DRIVING SKILLS/KNOWLEDGE/EXPERIENCE,3,INCAPACITATING INJURY,2.0,0.0,1.0,9,7,12,41.95383311,-87.70429039,"['12/09/2023', '09:40:00', 'AM']",INCAPACITATING INJURY without Device
4b4e04b569f09989d9e0a1edf8c4d8459fb03fbcf561e9fce364e87518e6585a73085593e69ca19afc8b9069c09f98847583ab03ddba594b987ccb99562820dc,2023-12-09 00:05:00,Saturday,40,NO CONTROLS,CLEAR,"DARKNESS, LIGHTED ROAD",SIDESWIPE SAME DIRECTION,DRY,INJURY AND / OR TOW DUE TO CRASH,"OVER $1,500",UNABLE TO DETERMINE,3,INCAPACITATING INJURY,2.0,0.0,2.0,0,7,12,41.9048719,-87.62494245,"['12/09/2023', '12:05:00', 'AM']",INCAPACITATING INJURY without Device
b3a8281516bb325177096263f5ddb0c54b0e2a9a0e2981b96468b41345f7fd42ae4584f4a8cd7229895072077117f56f9c0573435754e618597eff18fc672cab,2023-12-08 16:24:00,Friday,30,STOP SIGN/FLASHER,CLEAR,DAWN,ANGLE,DRY,INJURY AND / OR TOW DUE TO CRASH,"OVER $1,500",UNABLE TO DETERMINE,2,INCAPACITATING INJURY,1.0,0.0,1.0,16,6,12,41.76568745,-87.62177549,"['12/08/2023', '04:24:00', 'PM']",INCAPACITATING INJURY with Device
f565d1d2bdafa85a1ea811362db711aeb1c034ed502a6b6a21d1118190cf06e8660e2ddd2840b7f211b2f49e3dabdf8fe12bce77fa890a055b6bdff5dd0af0b5,2023-12-08 14:50:00,Friday,30,TRAFFIC SIGNAL,CLEAR,DAYLIGHT,ANGLE,DRY,INJURY AND / OR TOW DUE TO CRASH,"OVER $1,500",FAILING TO YIELD RIGHT-OF-WAY,2,INCAPACITATING INJURY,3.0,0.0,1.0,14,6,12,41.87626181,-87.68146423,"['12/08/2023', '02:50:00', 'PM']",INCAPACITATING INJURY with Device
2454cc72552f27ed2df51ed5f12d5abbdbc0a54b63ca3d633e6562091b5c0e0affecd883ae78d7ba0f36bb5f6552a8c14806fb21d35edf49907083efff435a07,2023-12-08 09:00:00,Friday,30,TRAFFIC SIGNAL,CLEAR,DAYLIGHT,HEAD ON,DRY,INJURY AND / OR TOW DUE TO CRASH,"OVER $1,500",EQUIPMENT - VEHICLE CONDITION,5,INCAPACITATING INJURY,6.0,0.0,1.0,9,6,12,41.77850179,-87.60603509,"['12/08/2023', '09:00:00', 'AM']",INCAPACITATING INJURY with Device
84e6d9f0d3c3ac04b072662269949cc6b8aff354d9fc8fd2854594431e47eaf08b5820a89fdce429926b0d4b74003c5e27c2c9445112bad3b67b190eb64d7196,2023-12-08 08:50:00,Friday,30,STOP SIGN/FLASHER,CLEAR,DAYLIGHT,ANGLE,DRY,INJURY AND / OR TOW DUE TO CRASH,"OVER $1,500",UNABLE TO DETERMINE,2,FATAL,3.0,1.0,0.0,8,6,12,41.959646,-87.75720795,"['12/08/2023', '08:50:00', 'AM']",FATAL with Device
1b115d03f72b29e36998ed41e374e7492be99433903378eb3500114e2149113980b97b0702bff5fa15fe49867d3fcbd5d1f55eda778787f448a6eaea4eb06f7d,2023-12-07 13:40:00,Thursday,30,NO CONTROLS,CLEAR,DAYLIGHT,PEDESTRIAN,DRY,INJURY AND / OR TOW DUE TO CRASH,"OVER $1,500",UNABLE TO DETERMINE,2,INCAPACITATING INJURY,1.0,0.0,1.0,13,5,12,41.97795649,-87.66951538,"['12/07/2023', '01:40:00', 'PM']",INCAPACITATING INJURY without Device
ad93d2e9670a38377d360e74088adcc8fa0b9e5985c9af6d80499a7944991ffc8894021e0c6fb6906f5b5463755228bc900091a5748bbe20113fb9694ad1d199,2023-12-07 06:45:00,Thursday,30,NO CONTROLS,CLEAR,DAYLIGHT,PARKED MOTOR VEHICLE,DRY,INJURY AND / OR TOW DUE TO CRASH,"OVER $1,500",UNABLE TO DETERMINE,2,INCAPACITATING INJURY,1.0,0.0,1.0,6,5,12,41.6927228,-87.62035004,"['12/07/2023', '06:45:00', 'AM']",INCAPACITATING INJURY without Device
eeebf2e3c845b55cb61441806e6fc49fd45a62430db34720c586b3856fb191cec940579c037285a297f819fcf6da1ffd26b1d314e422b8955aa4608c2efb7949,2023-12-07 02:10:00,Thursday,35,NO CONTROLS,CLEAR,DARKNESS,FIXED OBJECT,DRY,INJURY AND / OR TOW DUE TO CRASH,"OVER $1,500",UNABLE TO DETERMINE,1,FATAL,1.0,1.0,0.0,2,5,12,41.92421484,-87.73993242,"['12/07/2023', '02:10:00', 'AM']",FATAL without Device
92deebc25f035131c21d8dc1658f9232ec64dbe83c00ea114d516b2f102024cd736221dedc693cab51850f373d116149ba2bd5c3aecbc73b6c4bb59292997d62,2023-12-07 00:30:00,Thursday,30,NO CONTROLS,CLEAR,"DARKNESS, LIGHTED ROAD",PEDESTRIAN,DRY,INJURY AND / OR TOW DUE TO CRASH,"OVER $1,500",DISTRACTION - FROM INSIDE VEHICLE,3,FATAL,2.0,1.0,0.0,0,5,12,41.88809439,-87.62817229,"['12/07/2023', '12:30:00', 'AM']",FATAL without Device
bdfdc0738a34e18e739334f675717e217dcaa9825a2a330141faae82832c0009e6b684c0d81e0fc49b66c9e63c3f105aa7609d95c5549c07005917f46baf911e,2023-12-06 15:12:00,Wednesday,25,NO CONTROLS,CLEAR,DAYLIGHT,PEDESTRIAN,DRY,INJURY AND / OR TOW DUE TO CRASH,$500 OR LESS,UNABLE TO DETERMINE,2,INCAPACITATING INJURY,1.0,0.0,1.0,15,4,12,41.78796135,-87.70299903,"['12/06/2023', '03:12:00', 'PM']",INCAPACITATING INJURY without Device
2b230ee471bcc46d4f583558180314950a3a5dcf82bc2884872c7520e6dbab7752afd7caf193fa5a9051932ba23634bddbf450ebea23ea133d57aa789e9b7cd8,2023-12-06 09:27:00,Wednesday,30,TRAFFIC SIGNAL,CLEAR,DAYLIGHT,PEDESTRIAN,DRY,INJURY AND / OR TOW DUE TO CRASH,"OVER $1,500",FAILING TO YIELD RIGHT-OF-WAY,2,INCAPACITATING INJURY,1.0,0.0,1.0,9,4,12,41.88581116,-87.62436627,"['12/06/2023', '09:27:00', 'AM']",INCAPACITATING INJURY with Device
46f783d472347761e1c6e44d703b6cc94f782bbcdc6df84ee37d3fe7a83129f892c711382eb4202d1a6cc7748acb684898ab00976ae683e184b54d88c1ac6ad9,2023-12-06 09:20:00,Wednesday,30,TRAFFIC SIGNAL,CLEAR,DAYLIGHT,REAR END,DRY,INJURY AND / OR TOW DUE TO CRASH,"OVER $1,500",FOLLOWING TOO CLOSELY,2,INCAPACITATING INJURY,1.0,0.0,1.0,9,4,12,41.93164684,-87.72930493,"['12/06/2023', '09:20:00', 'AM']",INCAPACITATING INJURY with Device
c1147f7b61470ebaf4d286a9ab057a6186b2f2656be29270aaa29d7047da849bcbd4fc37f662fbac05125e2015e1a8cb07b799d0ac0880c6c8a6073ed84d9a3e,2023-12-05 23:03:00,Tuesday,30,TRAFFIC SIGNAL,CLEAR,"DARKNESS, LIGHTED ROAD",PEDESTRIAN,WET,INJURY AND / OR TOW DUE TO CRASH,"OVER $1,500",UNABLE TO DETERMINE,2,INCAPACITATING INJURY,1.0,0.0,1.0,23,3,12,41.76866055,-87.66396288,"['12/05/2023', '11:03:00', 'PM']",INCAPACITATING INJURY with Device
7a7667a140839afc2e91f378a9c21d5986996209ab7a6f2d550f286b2ec0df25f390c962654ae65d004096d5467a6f14f3c24a7c368091c6dc19a4511742f55f,2023-12-05 17:07:00,Tuesday,30,TRAFFIC SIGNAL,RAIN,"DARKNESS, LIGHTED ROAD",PEDALCYCLIST,WET,INJURY AND / OR TOW DUE TO CRASH,"$501 - $1,500",FAILING TO YIELD RIGHT-OF-WAY,2,INCAPACITATING INJURY,1.0,0.0,1.0,17,3,12,41.80236597,-87.72357677,"['12/05/2023', '05:07:00', 'PM']",INCAPACITATING INJURY with Device
088034d881688ff307ed1a4cc55a62a2b9cca49d4c4bebf48e61a93fa800f2d0290c34704836ceb4188580c2a448863f060cf81903a36adfb05b6d516c717e46,2023-12-05 10:05:00,Tuesday,30,TRAFFIC SIGNAL,SNOW,DAYLIGHT,PEDALCYCLIST,WET,INJURY AND / OR TOW DUE TO CRASH,"$501 - $1,500",DISREGARDING TRAFFIC SIGNALS,2,INCAPACITATING INJURY,1.0,0.0,1.0,10,3,12,41.88995916,-87.70651008,"['12/05/2023', '10:05:00', 'AM']",INCAPACITATING INJURY with Device
6321d19ee5832895a9661477b20ec7098a012a3bcc049082a1ca0b9a953f19ddd52ea713fd162259bb4178f081c01eb22dd0cf7c6aec399e36ac1a8f09e723a2,2023-12-05 08:22:00,Tuesday,30,TRAFFIC SIGNAL,RAIN,DAYLIGHT,TURNING,WET,INJURY AND / OR TOW DUE TO CRASH,"OVER $1,500",IMPROPER TURNING/NO SIGNAL,3,INCAPACITATING INJURY,1.0,0.0,1.0,8,3,12,41.86922862,-87.68623263,"['12/05/2023', '08:22:00', 'AM']",INCAPACITATING INJURY with Device
bea6db1541c8d63d1c63090bc062dd5f2409e929a625d770d12f5e9615dea0697cf4695ee9a6edc1fc8901bab08cd21e2331d61b4925c02f94ba97e0b0a7c9b9,2023-12-04 22:37:00,Monday,35,NO CONTROLS,CLEAR,"DARKNESS, LIGHTED ROAD",PARKED MOTOR VEHICLE,DRY,INJURY AND / OR TOW DUE TO CRASH,"OVER $1,500",UNDER THE INFLUENCE OF ALCOHOL/DRUGS (USE WHEN ARREST IS EFFECTED),3,INCAPACITATING INJURY,1.0,0.0,1.0,22,2,12,41.73441248,-87.55398381,"['12/04/2023', '10:37:00', 'PM']",INCAPACITATING INJURY without Device
da9533f410ad50c8b8c8f371a6186f9cd36fd5646c43dfec94ac828fbf229d48e3907d90d8a36cba4d0b26063e4c886289cade878e2dcb1f2693a29cc26607cb,2023-12-04 16:00:00,Monday,30,NO CONTROLS,CLEAR,DAWN,SIDESWIPE SAME DIRECTION,DRY,INJURY AND / OR TOW DUE TO CRASH,"OVER $1,500",UNABLE TO DETERMINE,3,INCAPACITATING INJURY,1.0,0.0,1.0,16,2,12,41.66399402,-87.62688561,"['12/04/2023', '04:00:00', 'PM']",INCAPACITATING INJURY without Device
9ed492b0b30682c1fab66352fbf1fc2f202cf3ef2342500c2b6e6b2fd41519e29e9b71cbd8525a5a94a9c91bf27bcb29f8436c7fb74a84672a9092b31c7e85e8,2023-12-03 21:16:00,Sunday,30,NO CONTROLS,CLEAR,"DARKNESS, LIGHTED ROAD",PEDESTRIAN,DRY,INJURY AND / OR TOW DUE TO CRASH,$500 OR LESS,UNABLE TO DETERMINE,2,INCAPACITATING INJURY,1.0,0.0,1.0,21,1,12,41.80063587,-87.62571139,"['12/03/2023', '09:16:00', 'PM']",INCAPACITATING INJURY without Device
7292c41e1a06d3002e4ac33317dce6a4b23b900cf72e35f6159eefd017ac62413edb4b4ace9c9b6dbc402990b3884f82dfad333e005064a0bfb227b7c4a3796f,2023-12-03 13:05:00,Sunday,30,STOP SIGN/FLASHER,CLEAR,DAYLIGHT,FIXED OBJECT,DRY,INJURY AND / OR TOW DUE TO CRASH,"$501 - $1,500",NOT APPLICABLE,1,INCAPACITATING INJURY,1.0,0.0,1.0,13,1,12,41.87117244,-87.69590489,"['12/03/2023', '01:05:00', 'PM']",INCAPACITATING INJURY with Device
230c1edae5b687ddcfc518a9160cca798b99ae3d14ff645bf4a38777493af717eaf325402d545be3bf875e309b36a440976668c679ed23b1efe152ef7882e4cf,2023-12-03 12:36:00,Sunday,25,NO CONTROLS,CLEAR,DAYLIGHT,SIDESWIPE SAME DIRECTION,WET,INJURY AND / OR TOW DUE TO CRASH,"OVER $1,500",EQUIPMENT - VEHICLE CONDITION,2,INCAPACITATING INJURY,3.0,0.0,1.0,12,1,12,41.90075297,-87.624235,"['12/03/2023', '12:36:00', 'PM']",INCAPACITATING INJURY without Device
699d0b5ae6709c74e6583eff854f14bd5e7e656a65fb7614486e45d5e1121f1b761dfc125b21f9d31b9b83a98b1ab54692e3c8a3601bc4ecaddc9dda5516c1aa,2023-12-03 11:08:00,Sunday,30,NO CONTROLS,RAIN,DAYLIGHT,OTHER OBJECT,WET,INJURY AND / OR TOW DUE TO CRASH,"OVER $1,500",UNABLE TO DETERMINE,2,INCAPACITATING INJURY,1.0,0.0,1.0,11,1,12,41.96280399,-87.7133407,"['12/03/2023', '11:08:00', 'AM']",INCAPACITATING INJURY without Device
3cc3fad8a6286fc22ae7374187e04abac8fc1f65d9d1a09e8fbd9018c82e1370bfad20caa1992e892a6addae87695377a879194b99f99b2b97db04131bfeae4a,2023-12-02 01:40:00,Saturday,30,NO CONTROLS,CLEAR,"DARKNESS, LIGHTED ROAD",PARKED MOTOR VEHICLE,WET,INJURY AND / OR TOW DUE TO CRASH,"OVER $1,500",FAILING TO REDUCE SPEED TO AVOID CRASH,3,INCAPACITATING INJURY,1.0,0.0,1.0,1,7,12,41.77523849,-87.70561176,"['12/02/2023', '01:40:00', 'AM']",INCAPACITATING INJURY without Device
9ac7275daf0ac9a91fb766f6cd7afb1d6434e9dc43f0bde15b7f41c19f87a4b5e147cbe6e1c27c0ba6e59b75dea1119ad93646f73628b1d4f4bf7e272497e176,2023-12-01 21:50:00,Friday,30,STOP SIGN/FLASHER,RAIN,"DARKNESS, LIGHTED ROAD",PEDESTRIAN,WET,INJURY AND / OR TOW DUE TO CRASH,"OVER $1,500",FAILING TO YIELD RIGHT-OF-WAY,2,INCAPACITATING INJURY,1.0,0.0,1.0,21,6,12,41.83570374,-87.62636478,"['12/01/2023', '09:50:00', 'PM']",INCAPACITATING INJURY with Device
536b1e215248a1ae45a6c3f535f432b790e42109a2a8593b51eef3cc2de4a0bc618423fbaadb53dfe607b8f583136cf9e332d635ebb97f4b11d39bdc2e85f75a,2023-12-01 18:22:00,Friday,30,NO CONTROLS,RAIN,"DARKNESS, LIGHTED ROAD",PEDESTRIAN,WET,INJURY AND / OR TOW DUE TO CRASH,"OVER $1,500",UNABLE TO DETERMINE,2,INCAPACITATING INJURY,1.0,0.0,1.0,18,6,12,41.95305836,-87.76816383,"['12/01/2023', '06:22:00', 'PM']",INCAPACITATING INJURY without Device
80248567f2fda83b2a2a9da105063d9803e87462d0bd20beef4cef48b85ee15b6896600475e08f164c1a389b425bd4e4f99c1ab8e8052b051ccde8027fc8d6c0,2023-12-01 15:58:00,Friday,20,YIELD,RAIN,DAYLIGHT,PEDESTRIAN,WET,INJURY AND / OR TOW DUE TO CRASH,"$501 - $1,500",UNABLE TO DETERMINE,2,INCAPACITATING INJURY,1.0,0.0,1.0,15,6,12,41.81115165,-87.62628034,"['12/01/2023', '03:58:00', 'PM']",INCAPACITATING INJURY with Device
d152d64428ca879f08ac97e24a348c2cd543e7eda09b0d03c89d3fc373c4b4500f72d606582fa0c71f773050ba5e5b216e2ce21895ef7174de3c3448f9dda14d,2023-12-01 09:52:00,Friday,30,TRAFFIC SIGNAL,RAIN,DAYLIGHT,PEDESTRIAN,WET,INJURY AND / OR TOW DUE TO CRASH,"OVER $1,500",FAILING TO YIELD RIGHT-OF-WAY,3,INCAPACITATING INJURY,3.0,0.0,1.0,9,6,12,41.88775834,-87.62053742,"['12/01/2023', '09:52:00', 'AM']",INCAPACITATING INJURY with Device
b7736fb72c61779e6ad3500dd47ebfd44cdf398c70e47eabeb357bbb65a7fc780a8eb2f4d0fd8d5b15fa14203c1277d841681fca5a548974b25d1b42740515c9,2023-12-01 08:20:00,Friday,20,NO CONTROLS,RAIN,DAYLIGHT,TURNING,WET,INJURY AND / OR TOW DUE TO CRASH,"OVER $1,500",IMPROPER TURNING/NO SIGNAL,2,INCAPACITATING INJURY,1.0,0.0,1.0,8,6,12,41.76530977,-87.63206314,"['12/01/2023', '08:20:00', 'AM']",INCAPACITATING INJURY without Device
588167d691a13fe53acffc9049844cf52ba7bcf54025837da82aa8e99d56585f342396b27f01b02648dd359628363fc223897e9b3f3f7ee52ce649ceaa3b7b67,2023-12-01 07:45:00,Friday,30,PEDESTRIAN CROSSING SIGN,RAIN,DARKNESS,PEDESTRIAN,WET,INJURY AND / OR TOW DUE TO CRASH,"OVER $1,500",FAILING TO YIELD RIGHT-OF-WAY,2,INCAPACITATING INJURY,1.0,0.0,1.0,7,6,12,41.96971195,-87.74253323,"['12/01/2023', '07:45:00', 'AM']",INCAPACITATING INJURY with Device
776817ed3de90c29e05da8fc6e5976635870eff2ae6c139fd4a24ae816a7b6cb92a880f5e976f2c7007c20e41ee29f336aaee7547b58b28f4cc0479d63a61c46,2023-11-30 19:55:00,Thursday,30,NO CONTROLS,CLEAR,"DARKNESS, LIGHTED ROAD",PEDESTRIAN,DRY,INJURY AND / OR TOW DUE TO CRASH,"OVER $1,500",UNABLE TO DETERMINE,2,INCAPACITATING INJURY,1.0,0.0,1.0,19,5,11,41.91901954,-87.75491863,"['11/30/2023', '07:55:00', 'PM']",INCAPACITATING INJURY without Device
1738086a8b23c8beafbe3085b52441f093032bb5f9f324c88101693e0f3248b7a68f588fee727d7b838c68e929d1ba1c078d7515e13bce1a4c9a8746f351e081,2023-11-30 16:24:00,Thursday,30,NO CONTROLS,CLEAR,DUSK,REAR END,DRY,INJURY AND / OR TOW DUE TO CRASH,"OVER $1,500",FOLLOWING TOO CLOSELY,2,INCAPACITATING INJURY,1.0,0.0,1.0,16,5,11,41.70793329,-87.56834912,"['11/30/2023', '04:24:00', 'PM']",INCAPACITATING INJURY without Device
1f10d6274a152e7f710e8b21edbcb5918d1d178f5cf1de246c419d2ce2f5a548106491d4d237953a74fb4642a413b74db0c6f8a9afac0e2edd1d1ff5f3df4697,2023-11-30 13:20:00,Thursday,30,STOP SIGN/FLASHER,CLEAR,DAYLIGHT,PEDESTRIAN,DRY,INJURY AND / OR TOW DUE TO CRASH,"OVER $1,500",DRIVING SKILLS/KNOWLEDGE/EXPERIENCE,2,INCAPACITATING INJURY,1.0,0.0,1.0,13,5,11,41.91115788,-87.62751331,"['11/30/2023', '01:20:00', 'PM']",INCAPACITATING INJURY with Device
d73f6d83017f1044aff6c04aff35a495bab9396ca0fd2e0356225a3132d9e34e116b991a07b80cb76174c5b8b0b333712d51a666923be2719d6753f6bb4d1bac,2023-11-30 11:47:00,Thursday,30,NO CONTROLS,CLEAR,DAYLIGHT,FIXED OBJECT,DRY,INJURY AND / OR TOW DUE TO CRASH,"OVER $1,500",PHYSICAL CONDITION OF DRIVER,1,INCAPACITATING INJURY,1.0,0.0,1.0,11,5,11,41.74339816,-87.63425177,"['11/30/2023', '11:47:00', 'AM']",INCAPACITATING INJURY without Device
467c6adf7dc99f7aae407e86f6ae04185c66396fadbf9d8dbc9bef9000848dd9b725dc900b19ec00f0ee0d8282aa1043ce37428b3666adba7de84de6df2421ca,2023-11-29 22:45:00,Wednesday,30,NO CONTROLS,CLEAR,"DARKNESS, LIGHTED ROAD",HEAD ON,UNKNOWN,INJURY AND / OR TOW DUE TO CRASH,"OVER $1,500","OPERATING VEHICLE IN ERRATIC, RECKLESS, CARELESS, NEGLIGENT OR AGGRESSIVE MANNER",2,INCAPACITATING INJURY,4.0,0.0,2.0,22,4,11,41.99644548,-87.71184404,"['11/29/2023', '10:45:00', 'PM']",INCAPACITATING INJURY without Device
9f13ac7428fb68591117cdec0352424dc34bf0402cd06caddbab7e4850cbf6130ca2ac377683aaebd03aaf66b7d3c51c14159060f3da3fb15df7ce9cff632404,2023-11-29 21:00:00,Wednesday,30,TRAFFIC SIGNAL,CLEAR,"DARKNESS, LIGHTED ROAD",TURNING,DRY,INJURY AND / OR TOW DUE TO CRASH,"OVER $1,500",UNABLE TO DETERMINE,2,INCAPACITATING INJURY,2.0,0.0,2.0,21,4,11,41.75865822,-87.58567938,"['11/29/2023', '09:00:00', 'PM']",INCAPACITATING INJURY with Device
0226c987f8372b83a952dab00f9d5bb8bb1c24c9d96cfe13bc5dcfc445a5dd7fc925668acf91d5f561c5fa8533d297c6fb455f4962ab805558d470835f1403ae,2023-11-29 20:39:00,Wednesday,35,NO CONTROLS,CLEAR,"DARKNESS, LIGHTED ROAD",SIDESWIPE SAME DIRECTION,DRY,INJURY AND / OR TOW DUE TO CRASH,"OVER $1,500",UNABLE TO DETERMINE,2,INCAPACITATING INJURY,1.0,0.0,1.0,20,4,11,41.66007743,-87.59439178,"['11/29/2023', '08:39:00', 'PM']",INCAPACITATING INJURY without Device
75cc920d928985e60b078ba70a4e98c9473207468bb5eded723f561b13fed0c8a45fc3b904b3f24e669b75ec2b1d9cd6113771e9686f3c7c4ed3a342232f0ca5,2023-11-29 18:13:00,Wednesday,30,NO CONTROLS,CLEAR,"DARKNESS, LIGHTED ROAD",PEDALCYCLIST,DRY,INJURY AND / OR TOW DUE TO CRASH,$500 OR LESS,UNABLE TO DETERMINE,2,INCAPACITATING INJURY,1.0,0.0,1.0,18,4,11,41.9565642,-87.65198726,"['11/29/2023', '06:13:00', 'PM']",INCAPACITATING INJURY without Device
50e42defc9d815051ea41b7b4817c0aaefa345c1682c01bb4ff36cb2cb1640ee7ccc88b21f7f7539fa828fcf9bd8b1ea34f67f1e36f4590f9110598a13c4952c,2023-11-29 14:56:00,Wednesday,30,NO CONTROLS,UNKNOWN,UNKNOWN,TURNING,UNKNOWN,INJURY AND / OR TOW DUE TO CRASH,"OVER $1,500",UNABLE TO DETERMINE,2,INCAPACITATING INJURY,1.0,0.0,1.0,14,4,11,41.81366193,-87.70517436,"['11/29/2023', '02:56:00', 'PM']",INCAPACITATING INJURY without Device
d533dc45fa6412bb492233c736560bdcb615b11356d336851fd07bb6f04f825f879e16d9825fa741fa2bedfb19ea8e467c59ca1606b3abcca41ff3557207d4e0,2023-11-29 14:20:00,Wednesday,35,NO CONTROLS,CLEAR,DAYLIGHT,PEDESTRIAN,DRY,INJURY AND / OR TOW DUE TO CRASH,"OVER $1,500",FAILING TO YIELD RIGHT-OF-WAY,2,INCAPACITATING INJURY,1.0,0.0,1.0,14,4,11,41.766288,-87.58251248,"['11/29/2023', '02:20:00', 'PM']",INCAPACITATING INJURY without Device
090f1ab63f9824947e52ee4b8b23700051382f5592ba8f70f1e5b93f8e1f7245632504ec4300b4c9734ff02700eb130d95ed0ead6332af23185ba34c5b85c9f2,2023-11-29 13:30:00,Wednesday,30,NO CONTROLS,CLEAR,DAYLIGHT,OTHER OBJECT,DRY,INJURY AND / OR TOW DUE TO CRASH,"OVER $1,500",DRIVING SKILLS/KNOWLEDGE/EXPERIENCE,1,INCAPACITATING INJURY,1.0,0.0,1.0,13,4,11,41.96762485,-87.77743074,"['11/29/2023', '01:30:00', 'PM']",INCAPACITATING INJURY without Device
753fb7292dabf5e43d0158aa6330ba191de4b8f95d6ee5b14fe1f2c6cc9a70275db4e2d18dc6345195aca3b1d827b1036837029d7f59e2c52774c6bfc16f66f2,2023-11-29 12:00:00,Wednesday,35,TRAFFIC SIGNAL,CLEAR,DAYLIGHT,PEDESTRIAN,DRY,INJURY AND / OR TOW DUE TO CRASH,$500 OR LESS,FAILING TO YIELD RIGHT-OF-WAY,2,INCAPACITATING INJURY,1.0,0.0,1.0,12,4,11,41.86721084,-87.64501433,"['11/29/2023', '12:00:00', 'PM']",INCAPACITATING INJURY with Device
bc6fe519cb772f4b25c88cc4ae8a85dbf547d9d3081f6f3d39269b14a65527aae8d5682ae6d78acb0be3472cd5b544e23cfa2909c9a71dc7d90dcc92e6b93a86,2023-11-29 07:35:00,Wednesday,30,NO CONTROLS,CLEAR,DAYLIGHT,FIXED OBJECT,DRY,INJURY AND / OR TOW DUE TO CRASH,"OVER $1,500",UNABLE TO DETERMINE,1,INCAPACITATING INJURY,2.0,0.0,1.0,7,4,11,41.75612372,-87.63701569,"['11/29/2023', '07:35:00', 'AM']",INCAPACITATING INJURY without Device
f753d1f8c4809673d66f7c076791d0e9dcdbedd188f9651e32aefc50ed564f8b3bbf6132bd33e50a6d0ffa035a5a326040d22c40c1c13df35351542a8317eb03,2023-11-29 06:55:00,Wednesday,30,TRAFFIC SIGNAL,CLEAR,DAYLIGHT,HEAD ON,DRY,INJURY AND / OR TOW DUE TO CRASH,"OVER $1,500",DRIVING SKILLS/KNOWLEDGE/EXPERIENCE,2,INCAPACITATING INJURY,2.0,0.0,1.0,6,4,11,41.78533747,-87.73990415,"['11/29/2023', '06:55:00', 'AM']",INCAPACITATING INJURY with Device
9796a7572580c01df6111277eb3c7a2d9f646dbfe18552d16294689276fa539bc370923f2ca56fef4dcb6600906e0ad9e06686ff951a4817ae1d4ee873f50014,2023-11-28 13:30:00,Tuesday,30,TRAFFIC SIGNAL,CLEAR,DAYLIGHT,PEDESTRIAN,DRY,INJURY AND / OR TOW DUE TO CRASH,$500 OR LESS,UNABLE TO DETERMINE,2,INCAPACITATING INJURY,1.0,0.0,1.0,13,3,11,41.79477298,-87.62417243,"['11/28/2023', '01:30:00', 'PM']",INCAPACITATING INJURY with Device
a82865205f5332f54c41cc57f013a683a9e15fca9e5eb4fc6c2e7c49838dec2853977be5dcc34490f5cd2d6600d61c74af83dbb67466594a63cadedea3add914,2023-11-28 00:16:00,Tuesday,30,TRAFFIC SIGNAL,CLEAR,"DARKNESS, LIGHTED ROAD",PEDESTRIAN,UNKNOWN,INJURY AND / OR TOW DUE TO CRASH,"OVER $1,500",UNABLE TO DETERMINE,2,FATAL,1.0,1.0,0.0,0,3,11,41.76502053,-87.68310416,"['11/28/2023', '12:16:00', 'AM']",FATAL with Device
8a9d62006a559f1b14ecd8d0dec44b228f2e5a80f226734cad33ed1426255607c44e0a78bed2a2de3965c4690c2bee909eca5723fc9fbde94a49b3529718d5b8,2023-11-27 19:47:00,Monday,30,NO CONTROLS,CLEAR,"DARKNESS, LIGHTED ROAD",PARKED MOTOR VEHICLE,WET,INJURY AND / OR TOW DUE TO CRASH,"OVER $1,500",FAILING TO REDUCE SPEED TO AVOID CRASH,5,FATAL,1.0,1.0,0.0,19,2,11,41.80773147,-87.65993504,"['11/27/2023', '07:47:00', 'PM']",FATAL without Device
2d664b044d1361b9c643831df8a8551de79bbc3c12d9a86804d7a479a676cf3c738893e1a33304519fae8cd1ef75a11e048a28d76577f261bad54e9d6f01ba1d,2023-11-27 17:50:00,Monday,35,NO CONTROLS,CLEAR,DARKNESS,PEDESTRIAN,DRY,INJURY AND / OR TOW DUE TO CRASH,"$501 - $1,500",NOT APPLICABLE,2,INCAPACITATING INJURY,1.0,0.0,1.0,17,2,11,42.00764136,-87.66143016,"['11/27/2023', '05:50:00', 'PM']",INCAPACITATING INJURY without Device