CRASH_RECORD_ID,CRASH_DATE,Weekday,POSTED_SPEED_LIMIT,TRAFFIC_CONTROL_DEVICE,WEATHER_CONDITION,LIGHTING_CONDITION,FIRST_CRASH_TYPE,ROADWAY_SURFACE_COND,CRASH_TYPE,DAMAGE,PRIM_CONTRIBUTORY_CAUSE,NUM_UNITS,MOST_SEVERE_INJURY,INJURIES_TOTAL,INJURIES_FATAL,INJURIES_INCAPACITATING,CRASH_HOUR,CRASH_DAY_OF_WEEK,CRASH_MONTH,LATITUDE,LONGITUDE,CRASH_TIME,CATEGORIES
1bff49f37062f93e1e138c57b3f0359da305e9c177dee6bc825482f6840051080c2cc22d2b6c1263e6f5fdd8e69bc3d17277be6c3178c88a190fa691afd5a396,2023-11-16 09:34:00,Thursday,30,TRAFFIC SIGNAL,CLEAR,DAYLIGHT,REAR END,DRY,INJURY AND / OR TOW DUE TO CRASH,"OVER $1,500",UNABLE TO DETERMINE,2,FATAL,9.0,1.0,0.0,9,5,11,41.86811692,-87.62060987,"['11/16/2023', '09:34:00', 'AM']",FATAL with Device
9616a724d088fc84b9e27f302fc714d35ecb7f3a77967cf83a0092f50c0c80e11884b2af5fe06644c303e5162bae35b68d126c5dbf608c7f5cb2bd45cc26a529,2023-11-16 09:00:00,Thursday,35,NO CONTROLS,CLEAR,DAYLIGHT,FIXED OBJECT,DRY,INJURY AND / OR TOW DUE TO CRASH,"OVER $1,500",UNABLE TO DETERMINE,1,INCAPACITATING INJURY,1.0,0.0,1.0,9,5,11,41.72313873,-87.6501645,"['11/16/2023', '09:00:00', 'AM']",INCAPACITATING INJURY without Device
02f54ce86dbc8a8c9cde35ee31c73abe83a737dc07741f24c4330799e167ccad7ad50dadc29fb58f9a08b8010818fd246d62c7a2587cb3edf4782ba6a07c4d0f,2023-11-15 18:20:00,Wednesday,30,NO CONTROLS,CLEAR,DARKNESS,PARKED MOTOR VEHICLE,DRY,INJURY AND / OR TOW DUE TO CRASH,"OVER $1,500",PHYSICAL CONDITION OF DRIVER,2,INCAPACITATING INJURY,1.0,0.0,1.0,18,4,11,41.9185955,-87.74601751,"['11/15/2023', '06:20:00', 'PM']",INCAPACITATING INJURY without Device
711f8c488b219a139ae9d5247478ee1af5d4a40dfdf14852e33803b0044ad5671808d578708a2e68d7a48e8568041d8adb6eccebd06a6dfeff1c7621f2ee8342,2023-11-15 15:00:00,Wednesday,30,NO CONTROLS,CLEAR,DAYLIGHT,PEDALCYCLIST,DRY,INJURY AND / OR TOW DUE TO CRASH,"OVER $1,500",FAILING TO YIELD RIGHT-OF-WAY,2,INCAPACITATING INJURY,1.0,0.0,1.0,15,4,11,41.90307251,-87.67775518,"['11/15/2023', '03:00:00', 'PM']",INCAPACITATING INJURY without Device
0e1578ab1707d84d4f5f706f7f3d1c599e789dd452f8f4a707e417913a37e6a1ec899c2f4358b08e007a61966f3654d050afdc6b326747f7e3bbf68f5a276cfe,2023-11-15 06:50:00,Wednesday,30,TRAFFIC SIGNAL,CLEAR,DAYLIGHT,REAR END,DRY,INJURY AND / OR TOW DUE TO CRASH,"OVER $1,500",FAILING TO REDUCE SPEED TO AVOID CRASH,2,INCAPACITATING INJURY,1.0,0.0,1.0,6,4,11,41.88420157,-87.70144144,"['11/15/2023', '06:50:00', 'AM']",INCAPACITATING INJURY with Device
605a132d23f0591643638d3f0b2a4c1fe03fe2eb1c05f33e0257cc62cb732d67576e323cff2658cca4f01e3b456ee8cf690758c7238f7187146584a3cb0f0781,2023-11-14 22:30:00,Tuesday,30,TRAFFIC SIGNAL,CLEAR,"DARKNESS, LIGHTED ROAD",ANGLE,DRY,INJURY AND / OR TOW DUE TO CRASH,"OVER $1,500",UNABLE TO DETERMINE,3,INCAPACITATING INJURY,3.0,0.0,2.0,22,3,11,41.88184401,-87.72067165,"['11/14/2023', '10:30:00', 'PM']",INCAPACITATING INJURY with Device
352d419259c96fc200735ca0479526c02ea6ff802484b35463800bafcfe0aeb5c11f2165b0e0ea91efa10ab9f377592d82fac559ef12c4397a93fbfaf686c2e7,2023-11-13 16:15:00,Monday,30,TRAFFIC SIGNAL,CLEAR,DAYLIGHT,PEDALCYCLIST,DRY,INJURY AND / OR TOW DUE TO CRASH,"OVER $1,500",UNABLE TO DETERMINE,2,INCAPACITATING INJURY,1.0,0.0,1.0,16,2,11,41.93907194,-87.73698594,"['11/13/2023', '04:15:00', 'PM']",INCAPACITATING INJURY with Device
b32a86656557668ebb780025af027d1f9bdbc824690a363ba585ce426a7d1bc3983754517ea1d89b15851e48e1e77ac0aec4c86fe1d2b27b907eda7e94527bc7,2023-11-13 14:27:00,Monday,30,TRAFFIC SIGNAL,CLEAR,DAYLIGHT,PEDESTRIAN,DRY,INJURY AND / OR TOW DUE TO CRASH,"OVER $1,500",UNABLE TO DETERMINE,2,INCAPACITATING INJURY,1.0,0.0,1.0,14,2,11,41.96850308,-87.68928051,"['11/13/2023', '02:27:00', 'PM']",INCAPACITATING INJURY with Device
a63b74a3f6b6929ef2fdc613612dcf83e32dc59a89f5acdb9f997d03688ef805d873fb3dc8f07ab3b9964b4fe0a8a22e741e14d598a2760fe61c869c7381ba7f,2023-11-13 11:15:00,Monday,30,STOP SIGN/FLASHER,CLEAR,DAYLIGHT,ANGLE,DRY,INJURY AND / OR TOW DUE TO CRASH,"OVER $1,500",FAILING TO YIELD RIGHT-OF-WAY,2,INCAPACITATING INJURY,1.0,0.0,1.0,11,2,11,41.85233287,-87.66835237,"['11/13/2023', '11:15:00', 'AM']",INCAPACITATING INJURY with Device
1cb730a053565ca6e5761a3f66c2825819baf129448055aaa3d9c54a0b313d55ecd15af68121d17e866fd6264929339fe2ae29eb1c608fdf74ba475230286895,2023-11-12 21:08:00,Sunday,30,TRAFFIC SIGNAL,CLEAR,"DARKNESS, LIGHTED ROAD",FIXED OBJECT,DRY,INJURY AND / OR TOW DUE TO CRASH,"OVER $1,500",UNABLE TO DETERMINE,1,FATAL,1.0,1.0,0.0,21,1,11,41.88558269,-87.72599838,"['11/12/2023', '09:08:00', 'PM']",FATAL with Device
dcf728df6a359aeec358d4deeb9b346fac932209a46fc34bbc3eec03f7ce0af58ffc00ce11e7eba7de0211c0852b733d2880cbd9cf5b79e2b1ddf56c0e1c19d3,2023-11-12 17:34:00,Sunday,50,NO CONTROLS,CLEAR,"DARKNESS, LIGHTED ROAD",REAR END,DRY,INJURY AND / OR TOW DUE TO CRASH,"OVER $1,500",FOLLOWING TOO CLOSELY,2,INCAPACITATING INJURY,2.0,0.0,1.0,17,1,11,41.95517597,-87.89307885,"['11/12/2023', '05:34:00', 'PM']",INCAPACITATING INJURY without Device
cb22d43feb2d20525505a90ce3aec2b0d2afc862dba6c616fb1140f68f5150032fbb3a66951b0dbb69e83855d309241ac1c3d73581a3a519b6a232387469bfa4,2023-11-12 16:59:00,Sunday,30,TRAFFIC SIGNAL,CLEAR,"DARKNESS, LIGHTED ROAD",ANGLE,DRY,INJURY AND / OR TOW DUE TO CRASH,"OVER $1,500",DISREGARDING TRAFFIC SIGNALS,3,INCAPACITATING INJURY,3.0,0.0,1.0,16,1,11,41.75666358,-87.60548737,"['11/12/2023', '04:59:00', 'PM']",INCAPACITATING INJURY with Device
73a79dfe000c22b1fc69aad3c3b9125e313bb7d7e180e415e149e4c8f7743715d3dd110461e1c689303490349f4fa51fd16e9b48b1b661d6211c2bced8221da4,2023-11-12 16:49:00,Sunday,30,STOP SIGN/FLASHER,CLEAR,DUSK,PEDESTRIAN,DRY,INJURY AND / OR TOW DUE TO CRASH,"OVER $1,500",DISREGARDING STOP SIGN,2,INCAPACITATING INJURY,1.0,0.0,1.0,16,1,11,41.95803291,-87.67080702,"['11/12/2023', '04:49:00', 'PM']",INCAPACITATING INJURY with Device
b05ab6e9b0fc8f612955aca879329e9bf049346355469883980695a5aba04b4ba9e5cab1402d11e18778bc17823f31ada038ed9ed1ca11227ef943a2e2e33630,2023-11-12 13:00:00,Sunday,30,NO CONTROLS,CLEAR,DAYLIGHT,PARKED MOTOR VEHICLE,DRY,INJURY AND / OR TOW DUE TO CRASH,"OVER $1,500",PHYSICAL CONDITION OF DRIVER,2,INCAPACITATING INJURY,1.0,0.0,1.0,13,1,11,41.74051625,-87.6533213,"['11/12/2023', '01:00:00', 'PM']",INCAPACITATING INJURY without Device
294d4cbbf1cbec5e549d6354fefac97f42357321d66149ab661a1929a35f91b861684180cc66ddd788bc72c0d18e8131304e2c76ce50823982b1e3b60f99f469,2023-11-12 12:10:00,Sunday,35,NO CONTROLS,CLEAR,DAYLIGHT,ANGLE,DRY,INJURY AND / OR TOW DUE TO CRASH,"OVER $1,500",FAILING TO REDUCE SPEED TO AVOID CRASH,2,INCAPACITATING INJURY,1.0,0.0,1.0,12,1,11,41.91103192,-87.63670817,"['11/12/2023', '12:10:00', 'PM']",INCAPACITATING INJURY without Device
5fb5b216d032093284b7ad81954d3d874e7a904435d08c6c88966084a2406b191d0303a25b6e553481b0e468577960e1dead88a1684861e441be2572bfc74c40,2023-11-12 02:08:00,Sunday,35,NO CONTROLS,CLEAR,"DARKNESS, LIGHTED ROAD",FIXED OBJECT,DRY,INJURY AND / OR TOW DUE TO CRASH,"OVER $1,500",UNABLE TO DETERMINE,1,INCAPACITATING INJURY,1.0,0.0,1.0,2,1,11,41.85147593,-87.73773128,"['11/12/2023', '02:08:00', 'AM']",INCAPACITATING INJURY without Device
85a6cadb614e94688ef2408ce65c7f82ef52065f3f8dec69dc208561980f71d182bc54f1eeafa112b04b69b1843a746ae0d2cc6fb784aabcf35f3f0ff0df3328,2023-11-12 01:08:00,Sunday,30,NO CONTROLS,CLEAR,"DARKNESS, LIGHTED ROAD",SIDESWIPE SAME DIRECTION,DRY,INJURY AND / OR TOW DUE TO CRASH,"OVER $1,500",UNABLE TO DETERMINE,2,INCAPACITATING INJURY,1.0,0.0,1.0,1,1,11,41.80753346,-87.74300342,"['11/12/2023', '01:08:00', 'AM']",INCAPACITATING INJURY without Device
176d7d7f397509fb525d2211751aa6a200f03a0ded5ce28a8088437e01956fc2994b1fcd0b63feb260a994ad8b8e2c7fd9521c820bdd21eaa6d4bb329bf330bd,2023-11-12 00:20:00,Sunday,30,STOP SIGN/FLASHER,CLEAR,DARKNESS,ANGLE,DRY,INJURY AND / OR TOW DUE TO CRASH,"OVER $1,500","VISION OBSCURED (SIGNS, TREE LIMBS, BUILDINGS, ETC.)",2,INCAPACITATING INJURY,1.0,0.0,1.0,0,1,11,41.88552874,-87.65900671,"['11/12/2023', '12:20:00', 'AM']",INCAPACITATING INJURY with Device
a03ec07be683dbeea545fa424e5b215501a51d56d639e9446026406932adeeeadd36cccbf49d4e259fc71facc90765b14beca50064516188f3be16cf11cb857f,2023-11-11 20:23:00,Saturday,30,TRAFFIC SIGNAL,CLEAR,DARKNESS,PEDESTRIAN,DRY,INJURY AND / OR TOW DUE TO CRASH,"OVER $1,500",UNABLE TO DETERMINE,2,INCAPACITATING INJURY,1.0,0.0,1.0,20,7,11,41.88771707,-87.76526601,"['11/11/2023', '08:23:00', 'PM']",INCAPACITATING INJURY with Device
0999ec8828bf4c9488e53dbaa8e4dba64491e01fbac83c990bb5929d0e766fdbe90bf46be30ba69af34a77215d092a89e924e146cf54f15af98e73fe4e0858da,2023-11-11 20:18:00,Saturday,30,STOP SIGN/FLASHER,CLEAR,DARKNESS,PEDESTRIAN,DRY,INJURY AND / OR TOW DUE TO CRASH,$500 OR LESS,NOT APPLICABLE,2,INCAPACITATING INJURY,1.0,0.0,1.0,20,7,11,41.74595063,-87.58431193,"['11/11/2023', '08:18:00', 'PM']",INCAPACITATING INJURY with Device
b0abd8c3085d236411853effa31170edc735078c1883dac73122e4863714336ea55c8cbd9b9835297b5ff26aa030a963133898115edf02cc4a9bade70c6b4579,2023-11-11 19:23:00,Saturday,25,NO CONTROLS,CLEAR,"DARKNESS, LIGHTED ROAD",TRAIN,DRY,INJURY AND / OR TOW DUE TO CRASH,"OVER $1,500",UNABLE TO DETERMINE,1,FATAL,1.0,1.0,0.0,19,7,11,41.78415105,-87.78746773,"['11/11/2023', '07:23:00', 'PM']",FATAL without Device
6bc06e3ace9b91740c5a69e068e78c7a3298cf38677c330613f7beb230f43a768e40272f61f178360ac0effa6634477b45cf965fc57db59895b8180144eb302e,2023-11-11 19:11:00,Saturday,30,STOP SIGN/FLASHER,CLEAR,"DARKNESS, LIGHTED ROAD",PEDESTRIAN,DRY,INJURY AND / OR TOW DUE TO CRASH,"OVER $1,500",UNABLE TO DETERMINE,2,INCAPACITATING INJURY,2.0,0.0,1.0,19,7,11,41.70744211,-87.61261369,"['11/11/2023', '07:11:00', 'PM']",INCAPACITATING INJURY with Device
eb8422f8bdf0cf86b4722554a0d3c86d19278e9b77347cfa9a65be4a3ffee0118a3863cdb1da5f5691ce9408412c532c8f0799c8df53012e610b2798f3a86300,2023-11-11 02:12:00,Saturday,30,NO CONTROLS,CLEAR,"DARKNESS, LIGHTED ROAD",PEDESTRIAN,DRY,INJURY AND / OR TOW DUE TO CRASH,"OVER $1,500",UNABLE TO DETERMINE,2,INCAPACITATING INJURY,1.0,0.0,1.0,2,7,11,41.91939359,-87.64870054,"['11/11/2023', '02:12:00', 'AM']",INCAPACITATING INJURY without Device
f99669c2477527f6222ac36e2334e7bba9e00e9828d1b195f57be44dfede2b51466ee431f634c9cabb5e69aeff1c80492cf70bfba45aaa7e578f458977b81ac6,2023-11-11 01:45:00,Saturday,30,NO CONTROLS,CLEAR,"DARKNESS, LIGHTED ROAD",PEDESTRIAN,DRY,INJURY AND / OR TOW DUE TO CRASH,"OVER $1,500",NOT APPLICABLE,2,INCAPACITATING INJURY,1.0,0.0,1.0,1,7,11,41.79517141,-87.59701708,"['11/11/2023', '01:45:00', 'AM']",INCAPACITATING INJURY without Device
63517d27dbefa7da95ec8c7d8357a855c33a2376553c9fea62fd6d84603cef9b00871eaa7f902b81fd61846e693c4d327bd9d54d4b63f25275ba79e9d778b215,2023-11-10 21:10:00,Friday,30,NO CONTROLS,CLEAR,"DARKNESS, LIGHTED ROAD",TURNING,DRY,INJURY AND / OR TOW DUE TO CRASH,"OVER $1,500",FAILING TO YIELD RIGHT-OF-WAY,3,INCAPACITATING INJURY,2.0,0.0,1.0,21,6,11,41.99067539,-87.67349883,"['11/10/2023', '09:10:00', 'PM']",INCAPACITATING INJURY without Device
f26135423c18657fc14c4d2b59d284fc307645d56e5c1f6bc71a41abde52e86053eecdb1541bb9b6083b96c02284f7dcdf7ecea42ac53f7bddd24658d2cb132c,2023-11-10 17:48:00,Friday,30,PEDESTRIAN CROSSING SIGN,CLEAR,"DARKNESS, LIGHTED ROAD",PEDESTRIAN,DRY,INJURY AND / OR TOW DUE TO CRASH,$500 OR LESS,FAILING TO YIELD RIGHT-OF-WAY,2,INCAPACITATING INJURY,1.0,0.0,1.0,17,6,11,41.99053884,-87.70188781,"['11/10/2023', '05:48:00', 'PM']",INCAPACITATING INJURY with Device
4da3e9fa2cdade9e44ddfcbef74f1a16ef3b4ca2d37691a64017b87c78f719c36197c8b2c3b1249be074d059b8be0b9ca2f9025006cdb99c1767d19b260f24a1,2023-11-10 13:55:00,Friday,30,TRAFFIC SIGNAL,CLEAR,DAYLIGHT,TURNING,DRY,INJURY AND / OR TOW DUE TO CRASH,"OVER $1,500",FAILING TO YIELD RIGHT-OF-WAY,3,INCAPACITATING INJURY,1.0,0.0,1.0,13,6,11,41.72227153,-87.58219021,"['11/10/2023', '01:55:00', 'PM']",INCAPACITATING INJURY with Device
e442617bf9e4b6b57ed857e78ab028dc69f2a07cc7c5f280cb0a3db50030fa83d2f167a03526e17e6a82c0d16c7a26a6a8b50601587437a87bd4b5b7a7265e27,2023-11-09 20:48:00,Thursday,25,TRAFFIC SIGNAL,CLEAR,"DARKNESS, LIGHTED ROAD",FIXED OBJECT,DRY,INJURY AND / OR TOW DUE TO CRASH,"OVER $1,500",UNABLE TO DETERMINE,1,INCAPACITATING INJURY,3.0,0.0,3.0,20,5,11,41.89874174,-87.75085337,"['11/09/2023', '08:48:00', 'PM']",INCAPACITATING INJURY with Device
7f490035a2112b0af61cc1b8bc52cb9ba35013b1f046d84cea7c1308be7ffeae19a5f4972a1eb0e75e4394a458d42ee6fc68786d86171da0597009f7b5f4f625,2023-11-09 13:55:00,Thursday,30,STOP SIGN/FLASHER,CLEAR,DAYLIGHT,PEDESTRIAN,DRY,INJURY AND / OR TOW DUE TO CRASH,$500 OR LESS,FAILING TO YIELD RIGHT-OF-WAY,2,INCAPACITATING INJURY,1.0,0.0,1.0,13,5,11,42.00812942,-87.80929479,"['11/09/2023', '01:55:00', 'PM']",INCAPACITATING INJURY with Device
86a61dae817d94677a4b0b27baac9a182410f7a54e9a66dc55a1ca19dd5c35479b58711427d4b0a0337eaea720447b30b469ffafc9cfdee0f7f8ff8fe4b8a828,2023-11-09 12:15:00,Thursday,25,NO CONTROLS,CLEAR,DAYLIGHT,FIXED OBJECT,DRY,INJURY AND / OR TOW DUE TO CRASH,"OVER $1,500",NOT APPLICABLE,2,INCAPACITATING INJURY,2.0,0.0,2.0,12,5,11,41.8714598,-87.62972748,"['11/09/2023', '12:15:00', 'PM']",INCAPACITATING INJURY without Device
58c2eac184272c862df63836d712620362895428118c674cff1badae6a975e24dec44f08f0fdb0118b0a305bb999020698e71137bfb68e8984e718146b306e26,2023-11-08 23:25:00,Wednesday,20,STOP SIGN/FLASHER,CLEAR,"DARKNESS, LIGHTED ROAD",ANGLE,DRY,INJURY AND / OR TOW DUE TO CRASH,"OVER $1,500",UNABLE TO DETERMINE,2,INCAPACITATING INJURY,1.0,0.0,1.0,23,4,11,41.73048043,-87.64744428,"['11/08/2023', '11:25:00', 'PM']",INCAPACITATING INJURY with Device
b75a7b9fd9dc2e0ecffccb36de37f8e92f462ca675dafbde97e3b34f70f145a3f1f95a0884b898103ba56738d9d625691e32a565e527da0dcb7c2955ceec5e54,2023-11-08 18:30:00,Wednesday,30,NO CONTROLS,RAIN,DARKNESS,REAR END,WET,INJURY AND / OR TOW DUE TO CRASH,$500 OR LESS,FOLLOWING TOO CLOSELY,2,INCAPACITATING INJURY,2.0,0.0,2.0,18,4,11,41.9653788,-87.66949833,"['11/08/2023', '06:30:00', 'PM']",INCAPACITATING INJURY without Device
c6bd9577ac78a8f39dda744fb2f8de8ace24bbd0a967a003562fd83a62f7e24c9882cd1c0dffe3c122e7b4ad8dbad206ec81cec6d2679c39410b1d75fcf841a5,2023-11-08 08:46:00,Wednesday,30,YIELD,CLEAR,DAYLIGHT,TURNING,UNKNOWN,INJURY AND / OR TOW DUE TO CRASH,"OVER $1,500",FAILING TO YIELD RIGHT-OF-WAY,2,INCAPACITATING INJURY,2.0,0.0,1.0,8,4,11,41.77921152,-87.67526716,"['11/08/2023', '08:46:00', 'AM']",INCAPACITATING INJURY with Device
24d56d97923e46023727d68293bbcd9dd5f4d11f66d9addf1e1d7055018fdf37ea323d396e6506486b6df580b8b76b37ff6da5e469ba3b29a794b0960bc4c48d,2023-11-07 23:20:00,Tuesday,25,NO CONTROLS,CLEAR,"DARKNESS, LIGHTED ROAD",FIXED OBJECT,WET,INJURY AND / OR TOW DUE TO CRASH,"OVER $1,500",FAILING TO REDUCE SPEED TO AVOID CRASH,1,INCAPACITATING INJURY,1.0,0.0,1.0,23,3,11,41.90095892,-87.61992817,"['11/07/2023', '11:20:00', 'PM']",INCAPACITATING INJURY without Device
2b48f35612e5bcb4bf65af4b5ed5382af543d273bf9791fc85ed954433bd44154d121f32653bb13224e0cfd661ebe4eca7a727e8cf08e826a1cabe5fb99d26c0,2023-11-07 16:53:00,Tuesday,30,TRAFFIC SIGNAL,CLEAR,DAYLIGHT,TURNING,DRY,INJURY AND / OR TOW DUE TO CRASH,"OVER $1,500",IMPROPER TURNING/NO SIGNAL,2,INCAPACITATING INJURY,1.0,0.0,1.0,16,3,11,41.86956088,-87.64710658,"['11/07/2023', '04:53:00', 'PM']",INCAPACITATING INJURY with Device
02fccff7f329d708d787c0f1f66c4bd01cdec7b1972702372de54e3fbecbed9b2668269b8ee45778c35a823a62cca0b6af5aab998dc57c7f0bded560ea9ed77c,2023-11-07 09:50:00,Tuesday,30,NO CONTROLS,CLEAR,DAYLIGHT,PEDESTRIAN,DRY,INJURY AND / OR TOW DUE TO CRASH,"$501 - $1,500",FAILING TO YIELD RIGHT-OF-WAY,2,INCAPACITATING INJURY,2.0,0.0,2.0,9,3,11,41.88667666,-87.69354148,"['11/07/2023', '09:50:00', 'AM']",INCAPACITATING INJURY without Device
ba34b51783096eb45668c8f7ea8ec28e3bc12a91c8a83623034020675bf5b435c0347d6ff162264491ba98869968c70c9ce46c25bb25fb75bb5db77f8028d165,2023-11-06 18:18:00,Monday,30,NO CONTROLS,CLEAR,"DARKNESS, LIGHTED ROAD",PEDALCYCLIST,DRY,INJURY AND / OR TOW DUE TO CRASH,"OVER $1,500",FAILING TO YIELD RIGHT-OF-WAY,2,INCAPACITATING INJURY,1.0,0.0,1.0,18,2,11,41.94577417,-87.72752847,"['11/06/2023', '06:18:00', 'PM']",INCAPACITATING INJURY without Device
4fe2a09dfd5c62b731a1f9f3515b10b80f81b6a0ec943b7f6e8d5882a51403bd90bbbc92a6f19a05a69ba1f6e7fedb4d6de5f98c0f8d54ee4728d89ff5676976,2023-11-06 17:55:00,Monday,30,STOP SIGN/FLASHER,UNKNOWN,UNKNOWN,TURNING,UNKNOWN,INJURY AND / OR TOW DUE TO CRASH,"$501 - $1,500",UNABLE TO DETERMINE,2,INCAPACITATING INJURY,1.0,0.0,1.0,17,2,11,41.77139561,-87.72995346,"['11/06/2023', '05:55:00', 'PM']",INCAPACITATING INJURY with Device
0c4c96d7881d32a04c5c49d0b68d43faed6cffa3afcd93822970efb329fad21d3267ead2c311f8899c68b1169216d95ac09bb32a853c43348eeb14686a0c7610,2023-11-06 17:15:00,Monday,45,NO CONTROLS,CLEAR,"DARKNESS, LIGHTED ROAD",FIXED OBJECT,DRY,INJURY AND / OR TOW DUE TO CRASH,"OVER $1,500",UNABLE TO DETERMINE,1,INCAPACITATING INJURY,1.0,0.0,1.0,17,2,11,41.83489073,-87.60758913,"['11/06/2023', '05:15:00', 'PM']",INCAPACITATING INJURY without Device
1c98fc727a24c1e649c46e308c46f87ebf2d9c1726d29929e1d0bbf5694f9da1af594f13427b0c7a179f9cf18bf67c119c7f6f36d6458c83a5217deb9f758fba,2023-11-06 15:22:00,Monday,30,NO CONTROLS,CLEAR,DAYLIGHT,PARKED MOTOR VEHICLE,DRY,INJURY AND / OR TOW DUE TO CRASH,"OVER $1,500",DRIVING SKILLS/KNOWLEDGE/EXPERIENCE,2,INCAPACITATING INJURY,1.0,0.0,1.0,15,2,11,41.98592799,-87.72866342,"['11/06/2023', '03:22:00', 'PM']",INCAPACITATING INJURY without Device
a696296155e004bd18d83b7acd904a7523a0dda7b0a1fa5c21f03c07658b595a96750ba9db575608e80fc25313a395d01d75f4675e08bb2b72a9cf18c1888d0e,2023-11-06 12:21:00,Monday,25,TRAFFIC SIGNAL,CLEAR,DAYLIGHT,REAR END,DRY,INJURY AND / OR TOW DUE TO CRASH,"OVER $1,500","OPERATING VEHICLE IN ERRATIC, RECKLESS, CARELESS, NEGLIGENT OR AGGRESSIVE MANNER",3,INCAPACITATING INJURY,1.0,0.0,1.0,12,2,11,41.72919466,-87.60449613,"['11/06/2023', '12:21:00', 'PM']",INCAPACITATING INJURY with Device
65790c17388b137896893a58c5f46881bbb41629945970478904cebdf9b43e5ae553a3c4e6885a8186e165e99bdb4e20adb939048c0d586d6dd6c2eec907104f,2023-11-06 11:49:00,Monday,30,STOP SIGN/FLASHER,CLEAR,DAYLIGHT,ANGLE,DRY,INJURY AND / OR TOW DUE TO CRASH,"OVER $1,500",UNABLE TO DETERMINE,2,INCAPACITATING INJURY,1.0,0.0,1.0,11,2,11,41.93445572,-87.72936505,"['11/06/2023', '11:49:00', 'AM']",INCAPACITATING INJURY with Device
0c12fe51c520b4e029ae7260910783631ee66eec78161a768f752835696a34ce1bf80cf40c7f1c66ddf76afe29ab5cd5e5b3492e0ba07b102eddefcbf240e68b,2023-11-05 13:36:00,Sunday,30,STOP SIGN/FLASHER,CLEAR,DAYLIGHT,ANGLE,DRY,INJURY AND / OR TOW DUE TO CRASH,"OVER $1,500",FAILING TO REDUCE SPEED TO AVOID CRASH,2,FATAL,4.0,1.0,3.0,13,1,11,41.69274215,-87.61001554,"['11/05/2023', '01:36:00', 'PM']",FATAL with Device
4875f6d36bc1367a1853bbc6af036a980b892650c67fc8c0f0759a5de025ab15654400791fea7f469d35eb2e860c13459900fbb3cdac50986facea546bf94165,2023-11-05 08:25:00,Sunday,30,NO CONTROLS,CLEAR,DAYLIGHT,PARKED MOTOR VEHICLE,DRY,INJURY AND / OR TOW DUE TO CRASH,"OVER $1,500",FAILING TO REDUCE SPEED TO AVOID CRASH,2,INCAPACITATING INJURY,2.0,0.0,1.0,8,1,11,41.91300355,-87.72628366,"['11/05/2023', '08:25:00', 'AM']",INCAPACITATING INJURY without Device
a2f23b55872b6964bbb0229d29aafd6fb1b7a59ab9f9b1f3ab67cc2e222e95725e2ee4d71983eb0ce91ae99d34603ac225f49f2a42b6f7f5669229174d574a8b,2023-11-05 02:30:00,Sunday,35,TRAFFIC SIGNAL,CLEAR,"DARKNESS, LIGHTED ROAD",ANGLE,DRY,INJURY AND / OR TOW DUE TO CRASH,"OVER $1,500",UNABLE TO DETERMINE,2,INCAPACITATING INJURY,1.0,0.0,1.0,2,1,11,42.01284733,-87.66361978,"['11/05/2023', '02:30:00', 'AM']",INCAPACITATING INJURY with Device
5a7b36145d490afcc66c1245a9b32c1325990956a07ad2bb2604e49af07c028058b368f18ba5221de5b59757f90e0d59a3699e8ac7eca5b0879e1732966f0383,2023-11-04 15:49:00,Saturday,30,NO CONTROLS,CLEAR,DAYLIGHT,PARKED MOTOR VEHICLE,DRY,INJURY AND / OR TOW DUE TO CRASH,"OVER $1,500",UNABLE TO DETERMINE,2,INCAPACITATING INJURY,1.0,0.0,1.0,15,7,11,41.89487658,-87.74805768,"['11/04/2023', '03:49:00', 'PM']",INCAPACITATING INJURY without Device
c722c64f290cd6df0b944e17eaaa26c9ae8dfd059a4184192b414aa5b4bdeda34f59dffe3f0d34060ad4987d481dbd49f67a73812220ca53e763713ad521ecee,2023-11-04 00:16:00,Saturday,30,NO CONTROLS,CLEAR,"DARKNESS, LIGHTED ROAD",ANGLE,WET,INJURY AND / OR TOW DUE TO CRASH,"OVER $1,500",FAILING TO YIELD RIGHT-OF-WAY,4,INCAPACITATING INJURY,4.0,0.0,1.0,0,7,11,41.99056585,-87.69702854,"['11/04/2023', '12:16:00', 'AM']",INCAPACITATING INJURY without Device
658abdfa39fbf9403dca457faeb6497eca8f4c8cb04aff4b603855c0b01125e64131d1a3efca9ae92442b87718ea6d76e3f1d77e84ac681f180d0fbcebf9366a,2023-11-03 20:30:00,Friday,30,TRAFFIC SIGNAL,CLEAR,"DARKNESS, LIGHTED ROAD",REAR END,DRY,INJURY AND / OR TOW DUE TO CRASH,"OVER $1,500",FAILING TO REDUCE SPEED TO AVOID CRASH,2,INCAPACITATING INJURY,2.0,0.0,1.0,20,6,11,41.88505246,-87.61421574,"['11/03/2023', '08:30:00', 'PM']",INCAPACITATING INJURY with Device