CRASH_RECORD_ID,CRASH_DATE,Weekday,POSTED_SPEED_LIMIT,TRAFFIC_CONTROL_DEVICE,WEATHER_CONDITION,LIGHTING_CONDITION,FIRST_CRASH_TYPE,ROADWAY_SURFACE_COND,CRASH_TYPE,DAMAGE,PRIM_CONTRIBUTORY_CAUSE,NUM_UNITS,MOST_SEVERE_INJURY,INJURIES_TOTAL,INJURIES_FATAL,INJURIES_INCAPACITATING,CRASH_HOUR,CRASH_DAY_OF_WEEK,CRASH_MONTH,LATITUDE,LONGITUDE,CRASH_TIME,CATEGORIES
1bdb5a207a1d5978ba340d481f3af50df44841e02bb228d97361f159b1cd05a5240a39c39138e2a219ac7a39cf57c23cec0c70810187f738a9c36f655573e224,2023-11-03 19:05:00,Friday,30,TRAFFIC SIGNAL,CLEAR,DAWN,PEDESTRIAN,DRY,INJURY AND / OR TOW DUE TO CRASH,"OVER $1,500",UNABLE TO DETERMINE,2,INCAPACITATING INJURY,1.0,0.0,1.0,19,6,11,41.94661216,-87.71770414,"['11/03/2023', '07:05:00', 'PM']",INCAPACITATING INJURY with Device
de88fc16ce160f9afed8a83722f2d9c501919024926e466dc49056dc403c1f0ffa3996e4515c9d0c1b73c61954b88e59dc23ccc525ba4264d2318b14b7cf3a86,2023-11-03 18:00:00,Friday,30,STOP SIGN/FLASHER,CLEAR,DUSK,ANGLE,DRY,INJURY AND / OR TOW DUE TO CRASH,"OVER $1,500","VISION OBSCURED (SIGNS, TREE LIMBS, BUILDINGS, ETC.)",2,INCAPACITATING INJURY,1.0,0.0,1.0,18,6,11,41.74969626,-87.57609464,"['11/03/2023', '06:00:00', 'PM']",INCAPACITATING INJURY with Device
81fcdda8aab609d90687e58f9f1295e146ee256d593981a21dd070af161746c6ad8e7f4e74f22302aa16ca713302c0d9f41b9df8d44ea692a9b30e3174a6b295,2023-11-03 17:10:00,Friday,40,NO CONTROLS,CLEAR,DAYLIGHT,REAR END,DRY,INJURY AND / OR TOW DUE TO CRASH,"$501 - $1,500",FAILING TO REDUCE SPEED TO AVOID CRASH,3,INCAPACITATING INJURY,2.0,0.0,1.0,17,6,11,41.94046617,-87.63806729,"['11/03/2023', '05:10:00', 'PM']",INCAPACITATING INJURY without Device
0903ff4288ea0d7879ba593dc759bdba8dfac9992bd441dc64d47ac4a0e9d1ce0e34354d8bf5e411c08ce8246183ee5b9e9e8c2065ce08522eedf492e3016001,2023-11-03 00:20:00,Friday,30,TRAFFIC SIGNAL,CLEAR,"DARKNESS, LIGHTED ROAD",HEAD ON,DRY,INJURY AND / OR TOW DUE TO CRASH,"OVER $1,500",UNABLE TO DETERMINE,2,INCAPACITATING INJURY,1.0,0.0,1.0,0,6,11,41.95335465,-87.76195618,"['11/03/2023', '12:20:00', 'AM']",INCAPACITATING INJURY with Device
3a79c7b23e41eb6dd597b46689c6ad2ae540afe2081b88772eba5704fc2180a5f0dc21fda0efee0d18f3436aa1dabca8563285fb785f7032d2c63a2bb7197050,2023-11-02 20:08:00,Thursday,30,STOP SIGN/FLASHER,CLEAR,DUSK,FIXED OBJECT,DRY,INJURY AND / OR TOW DUE TO CRASH,"OVER $1,500",UNABLE TO DETERMINE,1,FATAL,1.0,1.0,0.0,20,5,11,41.77519649,-87.59253637,"['11/02/2023', '08:08:00', 'PM']",FATAL with Device
5e2ecadba067b4962c1a42862cb25d21a4d8cc07cd47a557146d332d64bb29fe0e43ea93fceab1cb25bb6eec36d770323680f5aa341394dda6d90e810687c671,2023-11-02 18:30:00,Thursday,30,TRAFFIC SIGNAL,CLEAR,DAYLIGHT,ANGLE,DRY,INJURY AND / OR TOW DUE TO CRASH,"OVER $1,500",UNABLE TO DETERMINE,2,INCAPACITATING INJURY,1.0,0.0,1.0,18,5,11,41.77992652,-87.63197933,"['11/02/2023', '06:30:00', 'PM']",INCAPACITATING INJURY with Device
2a1dbfee218c71675c708f2e1c90cd092d1d1d1f7cb3f842646f21d1210a43f911fcc4af418cac65115970630630ff5364dfafa0937de5b76fc795c6106a1313,2023-11-02 18:15:00,Thursday,30,TRAFFIC SIGNAL,CLEAR,"DARKNESS, LIGHTED ROAD",REAR END,DRY,INJURY AND / OR TOW DUE TO CRASH,"OVER $1,500",UNABLE TO DETERMINE,2,INCAPACITATING INJURY,1.0,0.0,1.0,18,5,11,41.8408165,-87.6755699,"['11/02/2023', '06:15:00', 'PM']",INCAPACITATING INJURY with Device
bf3d572cb7d28a086023ded1f92eb9b2e4f00322cbbe122203b1495c0390166f5703d3cac9fed87c5ccfa504052c86746958d765c4ff35737acb2aaf52feecea,2023-11-02 17:00:00,Thursday,30,NO CONTROLS,CLEAR,DAYLIGHT,HEAD ON,DRY,INJURY AND / OR TOW DUE TO CRASH,"OVER $1,500",DRIVING ON WRONG SIDE/WRONG WAY,3,INCAPACITATING INJURY,2.0,0.0,1.0,17,5,11,41.78272245,-87.61583366,"['11/02/2023', '05:00:00', 'PM']",INCAPACITATING INJURY without Device
ffd69045f4948cad32041ce4647f8fdec0992e75b43e73bc6e7e575c1783f00d59a28eb51396d456ea0fcd818d6587a61c27cdcf134e27755c39253fb87ae79a,2023-11-02 15:33:00,Thursday,20,STOP SIGN/FLASHER,CLEAR,DAYLIGHT,SIDESWIPE SAME DIRECTION,DRY,INJURY AND / OR TOW DUE TO CRASH,"OVER $1,500",IMPROPER OVERTAKING/PASSING,2,INCAPACITATING INJURY,1.0,0.0,1.0,15,5,11,41.75530135,-87.68313265,"['11/02/2023', '03:33:00', 'PM']",INCAPACITATING INJURY with Device
66a86382e1d5e681e5846dbebc6ade4b37115d4c80dab1e7764b6c3ed4a1853448c63865c09c3bd13304ba7bcb16efaaea167f658d1e5b478c619d243991a651,2023-11-02 15:20:00,Thursday,30,STOP SIGN/FLASHER,CLEAR,DAYLIGHT,ANGLE,DRY,INJURY AND / OR TOW DUE TO CRASH,"OVER $1,500",FAILING TO YIELD RIGHT-OF-WAY,2,INCAPACITATING INJURY,1.0,0.0,1.0,15,5,11,41.89420881,-87.66738223,"['11/02/2023', '03:20:00', 'PM']",INCAPACITATING INJURY with Device
c1ee3c269bd9bb037897bd72d77db4f4ccf7f44310e26aed24dd3e74770d19ef01044e6c9109c1a7a43b61e793527c0268bf8a7d2ac4b0ead773c91e5dc9357b,2023-11-02 04:00:00,Thursday,30,TRAFFIC SIGNAL,CLEAR,"DARKNESS, LIGHTED ROAD",PEDESTRIAN,DRY,INJURY AND / OR TOW DUE TO CRASH,"OVER $1,500",UNABLE TO DETERMINE,2,INCAPACITATING INJURY,1.0,0.0,1.0,4,5,11,41.86105521,-87.69455963,"['11/02/2023', '04:00:00', 'AM']",INCAPACITATING INJURY with Device
def5aff867108f7c90cb5a47ecd36696abbc64dbc1348ada931c311dbc6f9f81f0c61b93cdd8a51a53150fb2150e8d4e7ad11e3c758983053679c703f82c573c,2023-11-01 16:00:00,Wednesday,30,NO CONTROLS,CLEAR,DAYLIGHT,REAR END,DRY,INJURY AND / OR TOW DUE TO CRASH,"OVER $1,500",FOLLOWING TOO CLOSELY,3,INCAPACITATING INJURY,1.0,0.0,1.0,16,4,11,41.81381497,-87.70405353,"['11/01/2023', '04:00:00', 'PM']",INCAPACITATING INJURY without Device
36894f311e462303de6b50952f0abd5bf0edfcadeef4787f5067532311fe81ad56abafe7d54c59815f62fc0c296693500efd08311890415f9aa8206ab03a3557,2023-11-01 09:47:00,Wednesday,30,NO CONTROLS,UNKNOWN,DAYLIGHT,FIXED OBJECT,WET,INJURY AND / OR TOW DUE TO CRASH,"OVER $1,500",IMPROPER OVERTAKING/PASSING,1,INCAPACITATING INJURY,1.0,0.0,1.0,9,4,11,41.88563187,-87.63093655,"['11/01/2023', '09:47:00', 'AM']",INCAPACITATING INJURY without Device
76bf2812c94669832556eb83dc81a425ae71d586bf3351843e3560d3f17d83ca039e9d5be02aad9b2aee537d3b88ff79998546e43410f1b31ad929fe82616420,2023-11-01 07:30:00,Wednesday,20,STOP SIGN/FLASHER,CLEAR,DAYLIGHT,ANGLE,ICE,INJURY AND / OR TOW DUE TO CRASH,"OVER $1,500",FAILING TO YIELD RIGHT-OF-WAY,2,INCAPACITATING INJURY,2.0,0.0,1.0,7,4,11,41.9042531,-87.74858621,"['11/01/2023', '07:30:00', 'AM']",INCAPACITATING INJURY with Device
191611aa81d76c99b79c0eb881c7e73bd6d60cb3ef2c82cb39f9e53e4e0ffd3bd026eb25b6b3ea87a1824687b04372fda1088b970b8e40bb8d93d9b55aab79b5,2023-11-01 06:40:00,Wednesday,30,NO CONTROLS,OTHER,DAYLIGHT,REAR END,ICE,INJURY AND / OR TOW DUE TO CRASH,"OVER $1,500",FOLLOWING TOO CLOSELY,2,INCAPACITATING INJURY,1.0,0.0,1.0,6,4,11,41.84534182,-87.66573932,"['11/01/2023', '06:40:00', 'AM']",INCAPACITATING INJURY without Device
dfa9d37969d7a8bd91196c62cc8343b701d14843d9ece75da7f90b9faf9304c6fe29edc67e12a6a4570b0ea1a293e2c8ab5204219d24750b7830deb9d504f908,2023-10-31 21:00:00,Tuesday,30,TRAFFIC SIGNAL,SNOW,DARKNESS,TURNING,WET,INJURY AND / OR TOW DUE TO CRASH,"OVER $1,500",DISREGARDING TRAFFIC SIGNALS,2,INCAPACITATING INJURY,1.0,0.0,1.0,21,3,10,41.75018236,-87.67327886,"['10/31/2023', '09:00:00', 'PM']",INCAPACITATING INJURY with Device
d0dd62de41bc3043545b01937e985cfaaa32cc44ebb28a628119a1771fd76482d5a140fbed80f091a5543a50502aebf2b2e6530d9bf2535346eb4153d2bd9367,2023-10-31 15:30:00,Tuesday,30,TRAFFIC SIGNAL,FREEZING RAIN/DRIZZLE,DAYLIGHT,PEDALCYCLIST,WET,INJURY AND / OR TOW DUE TO CRASH,"OVER $1,500",FAILING TO YIELD RIGHT-OF-WAY,2,INCAPACITATING INJURY,1.0,0.0,1.0,15,3,10,41.89636176,-87.65616995,"['10/31/2023', '03:30:00', 'PM']",INCAPACITATING INJURY with Device
e130630a31e538054a54649761f8f41870b4fc135cd571cf92a514df6d709f874b8931cf0c7d9826e3c5ba3f8e9d4870d386b303e671ee86f1b9974db6915936,2023-10-31 09:00:00,Tuesday,30,TRAFFIC SIGNAL,SNOW,DAWN,PEDESTRIAN,SNOW OR SLUSH,INJURY AND / OR TOW DUE TO CRASH,"$501 - $1,500",IMPROPER TURNING/NO SIGNAL,2,INCAPACITATING INJURY,1.0,0.0,1.0,9,3,10,41.87805622,-87.64730329,"['10/31/2023', '09:00:00', 'AM']",INCAPACITATING INJURY with Device
8b4b081b79b09976a2a5c07b1224189c283c8ef0c29ad9dac67bfb7ff83127fac83504da0728963eb05b24d36392af0033f7cd1e70e9824f5d699fb74a1956a3,2023-10-31 06:29:00,Tuesday,30,STOP SIGN/FLASHER,CLEAR,"DARKNESS, LIGHTED ROAD",PEDESTRIAN,DRY,INJURY AND / OR TOW DUE TO CRASH,$500 OR LESS,FAILING TO YIELD RIGHT-OF-WAY,2,INCAPACITATING INJURY,1.0,0.0,1.0,6,3,10,41.80215649,-87.75040715,"['10/31/2023', '06:29:00', 'AM']",INCAPACITATING INJURY with Device
27e0f69dc418fdc0384596cc0758eb6d35a00cd99c628cfcaa99a6602026c688eb2c8af1b3957b86354e19b7c00548d3fd05d4ccc250fc2b9de05e0a6197227a,2023-10-31 03:45:00,Tuesday,30,TRAFFIC SIGNAL,CLEAR,"DARKNESS, LIGHTED ROAD",OTHER OBJECT,DRY,INJURY AND / OR TOW DUE TO CRASH,"OVER $1,500",UNABLE TO DETERMINE,1,INCAPACITATING INJURY,2.0,0.0,2.0,3,3,10,41.85933485,-87.701591,"['10/31/2023', '03:45:00', 'AM']",INCAPACITATING INJURY with Device
6fcb19a7543e5f1bd6b5d0f3d10debe3a28209da55cb46a7b005458909ee9ba7a58ced1cc3d6225904f26f30c5b1f978de3f22ffec1c5d694ec3f33a2b9464ff,2023-10-30 20:46:00,Monday,40,NO CONTROLS,CLEAR,"DARKNESS, LIGHTED ROAD",SIDESWIPE SAME DIRECTION,DRY,INJURY AND / OR TOW DUE TO CRASH,"OVER $1,500",IMPROPER LANE USAGE,2,FATAL,6.0,2.0,2.0,20,2,10,41.83879296,-87.60890266,"['10/30/2023', '08:46:00', 'PM']",FATAL without Device
622a7c249e5814f01e34fd3fb618942df76dd68eedbe4496b576f7befa3cfcddd6510ba53b30411f05689ea61257b8c56c8a4222ed3970620c5f9f475bf9aec0,2023-10-30 11:52:00,Monday,30,TRAFFIC SIGNAL,CLEAR,DAYLIGHT,ANGLE,DRY,INJURY AND / OR TOW DUE TO CRASH,"OVER $1,500",DISREGARDING TRAFFIC SIGNALS,3,INCAPACITATING INJURY,1.0,0.0,1.0,11,2,10,41.78735114,-87.62080271,"['10/30/2023', '11:52:00', 'AM']",INCAPACITATING INJURY with Device
33f7d0a155d50cf9a50c01f8d33914309514f5a843086840448605c32d11997c2c60ce74043a336cf384f96825c31f6e9ddca105d3db5df65f814ac6c518e097,2023-10-30 09:25:00,Monday,30,TRAFFIC SIGNAL,CLEAR,DAYLIGHT,ANGLE,DRY,INJURY AND / OR TOW DUE TO CRASH,"OVER $1,500",DISREGARDING TRAFFIC SIGNALS,3,INCAPACITATING INJURY,5.0,0.0,1.0,9,2,10,41.87738546,-87.71101848,"['10/30/2023', '09:25:00', 'AM']",INCAPACITATING INJURY with Device
1376aed7ae4ded86bc122f20efed3ce9a735ee94f17fd274c8bd730db21f5125c7ca85814c759db9dfae3563679889ad1639e602b978b45f7c0eb701fba3fc30,2023-10-30 07:25:00,Monday,30,TRAFFIC SIGNAL,CLEAR,DAYLIGHT,PARKED MOTOR VEHICLE,DRY,INJURY AND / OR TOW DUE TO CRASH,"OVER $1,500",UNABLE TO DETERMINE,2,INCAPACITATING INJURY,1.0,0.0,1.0,7,2,10,41.90277234,-87.72673462,"['10/30/2023', '07:25:00', 'AM']",INCAPACITATING INJURY with Device
9f8f3350530927c921216f12c21222988b0f9aa96ff6aadb3f6d6d7a91d4a3692f3ef0fc5547ef1640aa237d45cd8f83c709f6264b0181cb3ca216538ceceb7c,2023-10-30 05:46:00,Monday,15,NO CONTROLS,CLEAR,DARKNESS,PEDESTRIAN,DRY,INJURY AND / OR TOW DUE TO CRASH,"OVER $1,500",UNABLE TO DETERMINE,2,INCAPACITATING INJURY,1.0,0.0,1.0,5,2,10,41.75096655,-87.62996105,"['10/30/2023', '05:46:00', 'AM']",INCAPACITATING INJURY without Device
c7e2c43072a31f68d639a372acde6f45f51e82fa0f7b7c2388f4e9a81786266c9495eefbd0cdde7b2b944ba91272fe7da4ca86873989b066908d35e98c2ab994,2023-10-29 22:05:00,Sunday,30,STOP SIGN/FLASHER,CLEAR,"DARKNESS, LIGHTED ROAD",PEDESTRIAN,DRY,INJURY AND / OR TOW DUE TO CRASH,"OVER $1,500",DISREGARDING STOP SIGN,2,INCAPACITATING INJURY,1.0,0.0,1.0,22,1,10,41.86571469,-87.62265794,"['10/29/2023', '10:05:00', 'PM']",INCAPACITATING INJURY with Device
852eff015a498acfd288c443326bfd19e8841b48cf0d8892bbc96c2b55a8a1003d131083ca9ebea90d36d5dc91c95e9f1044c97d22d7ab0b6a8491d429469174,2023-10-29 19:55:00,Sunday,30,NO CONTROLS,RAIN,"DARKNESS, LIGHTED ROAD",PEDESTRIAN,WET,INJURY AND / OR TOW DUE TO CRASH,"$501 - $1,500",UNABLE TO DETERMINE,2,INCAPACITATING INJURY,1.0,0.0,1.0,19,1,10,41.86799727,-87.71044772,"['10/29/2023', '07:55:00', 'PM']",INCAPACITATING INJURY without Device
e5bfea5cca02ecd87cbf4b226f8fb92369329897b368e4df771d67f03ff951027a7bf0c6be243045751b1431d57eff415ebcfdd4daf186daeb15d1b518f3f5b9,2023-10-29 19:51:00,Sunday,30,TRAFFIC SIGNAL,RAIN,"DARKNESS, LIGHTED ROAD",PEDESTRIAN,WET,INJURY AND / OR TOW DUE TO CRASH,"OVER $1,500",UNABLE TO DETERMINE,2,INCAPACITATING INJURY,1.0,0.0,1.0,19,1,10,41.8830406,-87.68633875,"['10/29/2023', '07:51:00', 'PM']",INCAPACITATING INJURY with Device
663b713f163bdf18fc2e135132bc9035fd296fa2d268b844565de9d24de1834b3eca1bbc18088f5b614d008595aa025021a51f0cfb5c625d8a619d375c665850,2023-10-29 19:43:00,Sunday,30,NO CONTROLS,RAIN,"DARKNESS, LIGHTED ROAD",REAR END,WET,INJURY AND / OR TOW DUE TO CRASH,"OVER $1,500",FAILING TO YIELD RIGHT-OF-WAY,4,INCAPACITATING INJURY,2.0,0.0,1.0,19,1,10,41.9442172,-87.80682234,"['10/29/2023', '07:43:00', 'PM']",INCAPACITATING INJURY without Device
0e0146d98edf7f76e27009fdad17b8f746e183f662b2ebe4594ca1e87169c2294367f496ee57961726a50fb4240f465b599f2c7bcace4a194b0813a787fab61c,2023-10-29 16:05:00,Sunday,30,NO CONTROLS,RAIN,DAYLIGHT,TURNING,WET,INJURY AND / OR TOW DUE TO CRASH,"OVER $1,500",FAILING TO REDUCE SPEED TO AVOID CRASH,2,INCAPACITATING INJURY,1.0,0.0,1.0,16,1,10,41.70730837,-87.65597577,"['10/29/2023', '04:05:00', 'PM']",INCAPACITATING INJURY without Device
72a562844ae51896e27db7206e4b5d04fb459ef112c6a6c6ab599b6d860bec233861171a0461699ad79b2aac8489aa6b71f978c8dde30cc93fb6407b5d991427,2023-10-29 12:40:00,Sunday,30,TRAFFIC SIGNAL,CLOUDY/OVERCAST,DAYLIGHT,PEDESTRIAN,DRY,INJURY AND / OR TOW DUE TO CRASH,"$501 - $1,500",UNABLE TO DETERMINE,2,INCAPACITATING INJURY,1.0,0.0,1.0,12,1,10,41.88919802,-87.6341573,"['10/29/2023', '12:40:00', 'PM']",INCAPACITATING INJURY with Device
7fb046ca184f5d530d06293629f0362bcae9bd7442e304da2345e5def5a0aa13c5ece9d14693f12ba4b0300cde917fefcc4aa0290bf6a6cfff52df2ecfab42f1,2023-10-29 04:38:00,Sunday,35,NO CONTROLS,CLEAR,"DARKNESS, LIGHTED ROAD",HEAD ON,WET,INJURY AND / OR TOW DUE TO CRASH,"OVER $1,500",UNABLE TO DETERMINE,2,INCAPACITATING INJURY,2.0,0.0,1.0,4,1,10,41.65473876,-87.55915216,"['10/29/2023', '04:38:00', 'AM']",INCAPACITATING INJURY without Device
a069f5cda5dfcb24d75b21b291d343e4cbda088fcca6c4066c960e2abc229d4e0ebe1e99b24a5c6e2664369f5c04dddddd40e8447d1d471262ba56f781a74750,2023-10-29 03:39:00,Sunday,20,NO CONTROLS,RAIN,"DARKNESS, LIGHTED ROAD",PARKED MOTOR VEHICLE,OTHER,INJURY AND / OR TOW DUE TO CRASH,"OVER $1,500",DISTRACTION - FROM INSIDE VEHICLE,6,INCAPACITATING INJURY,2.0,0.0,1.0,3,1,10,41.80795542,-87.70832314,"['10/29/2023', '03:39:00', 'AM']",INCAPACITATING INJURY without Device
6adcefa379b9041b4ba9d5289383b2d9b6853961f15e1d8b84d5d5713ac56b3d4ab246d69f0525752cf81617ba1a558b35fea4df6bd44bdbc9ebcab30addf2fc,2023-10-29 02:45:00,Sunday,30,NO CONTROLS,RAIN,"DARKNESS, LIGHTED ROAD",PEDESTRIAN,WET,INJURY AND / OR TOW DUE TO CRASH,"$501 - $1,500",UNABLE TO DETERMINE,4,INCAPACITATING INJURY,1.0,0.0,1.0,2,1,10,41.72833229,-87.61416741,"['10/29/2023', '02:45:00', 'AM']",INCAPACITATING INJURY without Device
c8b003f38fde92eb0ade865d038f6ae99ed9a762b95885517707644a4cf2f31e05baf8f05b1f9c4bf3240ecfe109fc468eb6695f3bf9da9f4c97542db4f88871,2023-10-28 22:19:00,Saturday,30,TRAFFIC SIGNAL,RAIN,DARKNESS,PEDESTRIAN,WET,INJURY AND / OR TOW DUE TO CRASH,"OVER $1,500",NOT APPLICABLE,2,INCAPACITATING INJURY,1.0,0.0,1.0,22,7,10,41.81639583,-87.62641289,"['10/28/2023', '10:19:00', 'PM']",INCAPACITATING INJURY with Device
e335c73a2b405f77e9e1c9973b1ba189f645b503dbcac6a0663706508d0357b8ce64a60adc1123dad6c9e2d398554fc34e1b0774e0359e60b4a46a2342f2740a,2023-10-28 20:01:00,Saturday,30,NO CONTROLS,CLEAR,DARKNESS,TURNING,DRY,INJURY AND / OR TOW DUE TO CRASH,"$501 - $1,500",DRIVING SKILLS/KNOWLEDGE/EXPERIENCE,2,INCAPACITATING INJURY,2.0,0.0,1.0,20,7,10,41.8016498,-87.64842635,"['10/28/2023', '08:01:00', 'PM']",INCAPACITATING INJURY without Device
45518261bce6636b4213104af3df5cd830da965738fa75566c34eced0f7d47a987d1e36997671f02aedeb5d38a3aff9fcda10b08a823e1b3bd02f778d168e942,2023-10-28 16:55:00,Saturday,30,NO CONTROLS,CLEAR,DAYLIGHT,FIXED OBJECT,DRY,INJURY AND / OR TOW DUE TO CRASH,"$501 - $1,500",DISTRACTION - FROM INSIDE VEHICLE,1,INCAPACITATING INJURY,1.0,0.0,1.0,16,7,10,41.92259714,-87.72689293,"['10/28/2023', '04:55:00', 'PM']",INCAPACITATING INJURY without Device
93b6e411f1025bae1e456094a52340a986b7f7ebaeb23500dc84171a6c8b038e92e31d2d8e27f9d2ad83bafb80f796976262b0c5bb35a186eadc397a0dcf4566,2023-10-28 15:00:00,Saturday,30,NO CONTROLS,UNKNOWN,DAYLIGHT,PEDALCYCLIST,UNKNOWN,INJURY AND / OR TOW DUE TO CRASH,"OVER $1,500",DISTRACTION - FROM INSIDE VEHICLE,2,INCAPACITATING INJURY,1.0,0.0,1.0,15,7,10,41.92414317,-87.69960318,"['10/28/2023', '03:00:00', 'PM']",INCAPACITATING INJURY without Device
0af59137154617823bf06906fe40cf91a085e955a7434e6a4fc7b293d2fbaafcf8ec1d1d07d8f9e8c2258250292b12798db3425ab8bc4cdb6800d9415f2067bf,2023-10-28 07:40:00,Saturday,30,TRAFFIC SIGNAL,CLEAR,DAYLIGHT,TURNING,DRY,INJURY AND / OR TOW DUE TO CRASH,"OVER $1,500",UNABLE TO DETERMINE,2,INCAPACITATING INJURY,1.0,0.0,1.0,7,7,10,41.90333753,-87.66090405,"['10/28/2023', '07:40:00', 'AM']",INCAPACITATING INJURY with Device
7896522bdbd6682310ca532d61669301c86e1b69916df6fca6d30800b0071a33f285119fc0fa4cd95885fc1d7436c322ba2816be53c0163793592e364e358cfa,2023-10-28 06:10:00,Saturday,30,TRAFFIC SIGNAL,UNKNOWN,DUSK,OTHER OBJECT,UNKNOWN,INJURY AND / OR TOW DUE TO CRASH,"OVER $1,500",PHYSICAL CONDITION OF DRIVER,2,INCAPACITATING INJURY,1.0,0.0,1.0,6,7,10,41.86568628,-87.76566985,"['10/28/2023', '06:10:00', 'AM']",INCAPACITATING INJURY with Device
baaa72b3d34e1221f22ed933e59aba123289e896d4c3ca869f309652acd1fc79acb1b0b4e35f3ee1b471aaf252fab51b2c80c28a9678faf5e47b0d71aed52955,2023-10-28 02:40:00,Saturday,30,NO CONTROLS,CLEAR,"DARKNESS, LIGHTED ROAD",HEAD ON,DRY,INJURY AND / OR TOW DUE TO CRASH,"OVER $1,500",IMPROPER LANE USAGE,2,INCAPACITATING INJURY,3.0,0.0,1.0,2,7,10,41.70287676,-87.54634731,"['10/28/2023', '02:40:00', 'AM']",INCAPACITATING INJURY without Device
93ad9040068b02def79925fe9beffec7b4fba4cae07c581eb1a2b2f61240fabf1aa2b06aabe79705802379ff9b81cf9ab0478295777143e4e2e5187e187da891,2023-10-28 01:30:00,Saturday,30,NO CONTROLS,RAIN,DARKNESS,PEDALCYCLIST,WET,INJURY AND / OR TOW DUE TO CRASH,"$501 - $1,500",FAILING TO YIELD RIGHT-OF-WAY,2,INCAPACITATING INJURY,1.0,0.0,1.0,1,7,10,41.88002352,-87.64098858,"['10/28/2023', '01:30:00', 'AM']",INCAPACITATING INJURY without Device
03efcffa1df42f853207d4768c27adf452588f810af9056e0539f500b1cc7440227efa92857d7f8831f78a9c2dd5cf8d4cdad9c2909c55eca44a965402c77590,2023-10-27 22:30:00,Friday,30,NO CONTROLS,CLEAR,DARKNESS,PARKED MOTOR VEHICLE,WET,INJURY AND / OR TOW DUE TO CRASH,"OVER $1,500",UNABLE TO DETERMINE,2,INCAPACITATING INJURY,1.0,0.0,1.0,22,6,10,41.92594003,-87.76251187,"['10/27/2023', '10:30:00', 'PM']",INCAPACITATING INJURY without Device
31c3b6fad1dd879504bd3d635303ae05416c20d5380d00b0ddc551b48ef2e6f8661222f9a8606127d09fceb80f4ebd93380b84db7dfe0c148159000ce75639a4,2023-10-27 21:57:00,Friday,30,TRAFFIC SIGNAL,CLEAR,"DARKNESS, LIGHTED ROAD",TURNING,WET,INJURY AND / OR TOW DUE TO CRASH,"$501 - $1,500","OPERATING VEHICLE IN ERRATIC, RECKLESS, CARELESS, NEGLIGENT OR AGGRESSIVE MANNER",2,FATAL,3.0,1.0,0.0,21,6,10,41.79535582,-87.6839302,"['10/27/2023', '09:57:00', 'PM']",FATAL with Device
bad68e95966057fb65da9a3525b48ae36a18a8a37dbd83706d112a252242c16b4b0ffa96c49650d6e7f979c26efbc5538e7b756d004437ea38d9f715a05b81e5,2023-10-27 19:31:00,Friday,30,NO CONTROLS,CLOUDY/OVERCAST,DUSK,PEDALCYCLIST,WET,INJURY AND / OR TOW DUE TO CRASH,"$501 - $1,500",UNABLE TO DETERMINE,2,INCAPACITATING INJURY,1.0,0.0,1.0,19,6,10,41.96658295,-87.67897535,"['10/27/2023', '07:31:00', 'PM']",INCAPACITATING INJURY without Device
c7ce51162cf1a6619f374076596a69c4ac9db8b584f3fdddbad34798e64d73f61a3e368e8e9ee9e2468f4b48ce2dbfb0a62c4d4b4a9a4c74964120bc76e85b75,2023-10-27 19:25:00,Friday,25,NO CONTROLS,RAIN,DARKNESS,PEDESTRIAN,WET,INJURY AND / OR TOW DUE TO CRASH,"OVER $1,500",NOT APPLICABLE,2,INCAPACITATING INJURY,1.0,0.0,1.0,19,6,10,41.89561585,-87.71149859,"['10/27/2023', '07:25:00', 'PM']",INCAPACITATING INJURY without Device
236df968165496da3d608d03044b10f511d0135fee2ab8ca813ea82ba090ffe4b6356dd2b255d1de2b43d945e3ef817b047a35c8ca5b98e1cdf8947b5b761864,2023-10-27 18:27:00,Friday,30,NO CONTROLS,RAIN,"DARKNESS, LIGHTED ROAD",PEDESTRIAN,WET,INJURY AND / OR TOW DUE TO CRASH,"$501 - $1,500",UNABLE TO DETERMINE,2,INCAPACITATING INJURY,1.0,0.0,1.0,18,6,10,41.86707301,-87.69577115,"['10/27/2023', '06:27:00', 'PM']",INCAPACITATING INJURY without Device
b0336c52df5ccb08c90a4a04ec9f089ade4d021e220cd05a59f8807b0e5f23a53014d4e570e0bd43abd954133a5526d123181efa4790edc38fe77ddf38a3f12b,2023-10-27 17:49:00,Friday,35,NO CONTROLS,CLEAR,DUSK,SIDESWIPE SAME DIRECTION,DRY,INJURY AND / OR TOW DUE TO CRASH,"OVER $1,500",IMPROPER LANE USAGE,3,INCAPACITATING INJURY,2.0,0.0,1.0,17,6,10,41.99124796,-87.65527345,"['10/27/2023', '05:49:00', 'PM']",INCAPACITATING INJURY without Device