CRASH_RECORD_ID,CRASH_DATE,Weekday,POSTED_SPEED_LIMIT,TRAFFIC_CONTROL_DEVICE,WEATHER_CONDITION,LIGHTING_CONDITION,FIRST_CRASH_TYPE,ROADWAY_SURFACE_COND,CRASH_TYPE,DAMAGE,PRIM_CONTRIBUTORY_CAUSE,NUM_UNITS,MOST_SEVERE_INJURY,INJURIES_TOTAL,INJURIES_FATAL,INJURIES_INCAPACITATING,CRASH_HOUR,CRASH_DAY_OF_WEEK,CRASH_MONTH,LATITUDE,LONGITUDE,CRASH_TIME,CATEGORIES
7b0c32f285fb97effedac6a5a926dbb14b9b88f2bb08ad6ae9d5424d2a1de88e01070b41eb5f6e3f18364e5fcfc3057d74f1f255d3bed58ad59f85a10ccf3d19,2023-10-27 07:48:00,Friday,30,NO CONTROLS,CLEAR,DAYLIGHT,REAR END,DRY,INJURY AND / OR TOW DUE TO CRASH,"OVER $1,500",HAD BEEN DRINKING (USE WHEN ARREST IS NOT MADE),2,INCAPACITATING INJURY,3.0,0.0,2.0,7,6,10,41.86841762,-87.74469807,"['10/27/2023', '07:48:00', 'AM']",INCAPACITATING INJURY without Device
52961aac6bec74aa950396b7d95222e9f3d17f732f26674e65d240489a631e6c96f18a312603611a04799a770d7d33142cc007265eba1ec8b1c8bdc43df00dd7,2023-10-27 02:00:00,Friday,30,TRAFFIC SIGNAL,RAIN,"DARKNESS, LIGHTED ROAD",FIXED OBJECT,WET,INJURY AND / OR TOW DUE TO CRASH,"OVER $1,500",NOT APPLICABLE,1,FATAL,1.0,1.0,0.0,2,6,10,41.8575186,-87.68567867,"['10/27/2023', '02:00:00', 'AM']",FATAL with Device
69804d4cbd20f0b7a518b170235a441da413b9448e6b3dbbf98d5b174b756aec541efb6e83b8efed2f54084d8381310808879ab796f18f9dcdcc4174d987b9f9,2023-10-26 22:50:00,Thursday,30,NO CONTROLS,RAIN,"DARKNESS, LIGHTED ROAD",PEDESTRIAN,WET,INJURY AND / OR TOW DUE TO CRASH,"OVER $1,500",UNABLE TO DETERMINE,2,INCAPACITATING INJURY,1.0,0.0,1.0,22,5,10,41.86563932,-87.76915499,"['10/26/2023', '10:50:00', 'PM']",INCAPACITATING INJURY without Device
6051a438ced0ca84e734386e73aac4876a3c41044797f2688c2afbf48563f816dd0e748fba759354290bb55d61884fba2a6216da9da340d07a5498cb8b781a01,2023-10-26 19:28:00,Thursday,30,TRAFFIC SIGNAL,CLEAR,DARKNESS,REAR END,DRY,INJURY AND / OR TOW DUE TO CRASH,"OVER $1,500",UNABLE TO DETERMINE,3,INCAPACITATING INJURY,2.0,0.0,2.0,19,5,10,41.88247687,-87.75519503,"['10/26/2023', '07:28:00', 'PM']",INCAPACITATING INJURY with Device
676ea00ce540e35f5023021b82d7a672af81fc21713cdad62fb23d9657d6f9cf59fa9736c594f243252052a1029261d5fc453e2473e504845bb4c5cadd2c0209,2023-10-26 13:45:00,Thursday,10,NO CONTROLS,RAIN,DAYLIGHT,PARKED MOTOR VEHICLE,WET,INJURY AND / OR TOW DUE TO CRASH,"OVER $1,500",IMPROPER BACKING,3,INCAPACITATING INJURY,1.0,0.0,1.0,13,5,10,41.83977195,-87.64646751,"['10/26/2023', '01:45:00', 'PM']",INCAPACITATING INJURY without Device
00e7e1e9821c72d3e66bdd75e51bedc2b0ffc7fdc9145f2f469f40b17c04c41b30e769b25d86e8e4f19f0eae260fee3c41ed981eea3c06e36a072e2e8f25b906,2023-10-26 10:46:00,Thursday,30,NO CONTROLS,CLEAR,DAYLIGHT,REAR END,DRY,INJURY AND / OR TOW DUE TO CRASH,"OVER $1,500",FAILING TO REDUCE SPEED TO AVOID CRASH,2,INCAPACITATING INJURY,1.0,0.0,1.0,10,5,10,41.85247426,-87.67599779,"['10/26/2023', '10:46:00', 'AM']",INCAPACITATING INJURY without Device
e7459831a43c768b2bdbdf9b5c28c9cd5e348ecfa02a7b9366fe02c107b8e51586d30820cf9d22e3b6b47eccfd19f671338694bc1659ea0b268ad59887070d1c,2023-10-26 07:09:00,Thursday,30,STOP SIGN/FLASHER,CLOUDY/OVERCAST,DAYLIGHT,PEDESTRIAN,WET,INJURY AND / OR TOW DUE TO CRASH,$500 OR LESS,UNABLE TO DETERMINE,2,INCAPACITATING INJURY,1.0,0.0,1.0,7,5,10,42.01010819,-87.67242249,"['10/26/2023', '07:09:00', 'AM']",INCAPACITATING INJURY with Device
7db38f26501a12796307d83af1761a16d15cd2c501d2d20c6a0a8a24ab4b21288c98aa48210a5edf3fa33feee3583511a617d983beafacb8f1105296a58a9c9c,2023-10-25 21:30:00,Wednesday,30,NO CONTROLS,CLEAR,"DARKNESS, LIGHTED ROAD",FIXED OBJECT,DRY,INJURY AND / OR TOW DUE TO CRASH,"OVER $1,500",PHYSICAL CONDITION OF DRIVER,1,INCAPACITATING INJURY,1.0,0.0,1.0,21,4,10,41.9861942,-87.7771683,"['10/25/2023', '09:30:00', 'PM']",INCAPACITATING INJURY without Device
a80327caaf753d8bd2634be163f9f6c64e4cf39592403a2bcf0af21e826b25acaefdd4204221fa0c32b08a17b913c75c343f76d1271534db2610d0ab6e173e60,2023-10-25 15:50:00,Wednesday,30,NO CONTROLS,CLOUDY/OVERCAST,DAYLIGHT,PEDESTRIAN,DRY,INJURY AND / OR TOW DUE TO CRASH,"$501 - $1,500",RELATED TO BUS STOP,2,INCAPACITATING INJURY,1.0,0.0,1.0,15,4,10,41.87529489,-87.68639844,"['10/25/2023', '03:50:00', 'PM']",INCAPACITATING INJURY without Device
4a00f6150b2e32a8e4e8bd7f368ca86b94180d00ceec7a0137ef5c6c90891f68eea0cbca13faa8ac49a562fd9b09f9dd635bdb43c7c0c66aa8807f17c72e5487,2023-10-25 15:48:00,Wednesday,30,NO CONTROLS,CLEAR,DAYLIGHT,PEDALCYCLIST,DRY,INJURY AND / OR TOW DUE TO CRASH,"OVER $1,500",FAILING TO YIELD RIGHT-OF-WAY,2,INCAPACITATING INJURY,1.0,0.0,1.0,15,4,10,41.89785636,-87.65813964,"['10/25/2023', '03:48:00', 'PM']",INCAPACITATING INJURY without Device
d71a74f6d423a3c78f7308067f12652a5d3c57b93fee4f005b046e4f4b0f5bf867f5763060be776275c9ff244b98ca0eb453734e0f6535d2fd9a29050bcce32c,2023-10-25 13:30:00,Wednesday,30,TRAFFIC SIGNAL,UNKNOWN,DAYLIGHT,PEDESTRIAN,UNKNOWN,INJURY AND / OR TOW DUE TO CRASH,"OVER $1,500",UNABLE TO DETERMINE,2,INCAPACITATING INJURY,1.0,0.0,1.0,13,4,10,41.86716318,-87.63908255,"['10/25/2023', '01:30:00', 'PM']",INCAPACITATING INJURY with Device
79325995e6a2ad6cbb79111ccbd08cd191f903309b6a9c5e1a558a7f719963c2cff45f21425128cb14b39e0ee6cb5f82cfc68bc883d711794954f27d8de53df7,2023-10-25 08:37:00,Wednesday,30,TRAFFIC SIGNAL,RAIN,DAYLIGHT,TURNING,WET,INJURY AND / OR TOW DUE TO CRASH,"OVER $1,500",IMPROPER TURNING/NO SIGNAL,2,INCAPACITATING INJURY,1.0,0.0,1.0,8,4,10,41.82296363,-87.68438479,"['10/25/2023', '08:37:00', 'AM']",INCAPACITATING INJURY with Device
2cda15b95b6871bb18fe3d7eb5bcf65408501ae2fafe6ec3d02738dc6fd0bbd81fb6cf608d07220fc6e9cd97ef6c1b5ebfeab28eb657bda3097fe863823e64a0,2023-10-25 08:00:00,Wednesday,30,NO CONTROLS,RAIN,DAWN,PEDESTRIAN,WET,INJURY AND / OR TOW DUE TO CRASH,"$501 - $1,500",IMPROPER TURNING/NO SIGNAL,2,INCAPACITATING INJURY,1.0,0.0,1.0,8,4,10,41.87017969,-87.6793063,"['10/25/2023', '08:00:00', 'AM']",INCAPACITATING INJURY without Device
1be5fe7a169bc56e42eee7192be11e384fbf39b35631cc1e2f2583bcdddbc9162f7118f9b253b4953e5250eaeeea96f140dc7f1733421c75d0906a0400bc27c0,2023-10-25 02:23:00,Wednesday,30,TRAFFIC SIGNAL,RAIN,"DARKNESS, LIGHTED ROAD",ANGLE,WET,INJURY AND / OR TOW DUE TO CRASH,"$501 - $1,500",DISREGARDING TRAFFIC SIGNALS,2,INCAPACITATING INJURY,1.0,0.0,1.0,2,4,10,41.94325853,-87.67860138,"['10/25/2023', '02:23:00', 'AM']",INCAPACITATING INJURY with Device
fe3c7de7e3fd567d0beb29a3e0fbb09f762a1109844a346a566771db9f495c431d8354e836a48cefd3c48a0d5640f0febc74e62744e7043b7f7f80f1e33cd992,2023-10-24 23:10:00,Tuesday,30,NO CONTROLS,CLEAR,"DARKNESS, LIGHTED ROAD",TURNING,DRY,INJURY AND / OR TOW DUE TO CRASH,"OVER $1,500",UNABLE TO DETERMINE,2,INCAPACITATING INJURY,2.0,0.0,1.0,23,3,10,41.88029005,-87.75297792,"['10/24/2023', '11:10:00', 'PM']",INCAPACITATING INJURY without Device
b6d99862484938e35bb0226250faacff681421443f77d82483ca2a49ea5d978662940db3264b1aab134c77e700258b2afc87d347f4408ea30f4c65b09a9bfd48,2023-10-24 23:00:00,Tuesday,35,NO CONTROLS,CLEAR,"DARKNESS, LIGHTED ROAD",FIXED OBJECT,DRY,INJURY AND / OR TOW DUE TO CRASH,"OVER $1,500",NOT APPLICABLE,1,INCAPACITATING INJURY,1.0,0.0,1.0,23,3,10,41.88335532,-87.71566523,"['10/24/2023', '11:00:00', 'PM']",INCAPACITATING INJURY without Device
1e565d5f8077d073e2190dc754511eb4a08c4e9285c64d44aa3409206cf8bc34fe32da776c47441875e9f78e9d82eec79a4c0b8cb3bdf92e71975efb04cc7514,2023-10-24 22:56:00,Tuesday,30,TRAFFIC SIGNAL,RAIN,"DARKNESS, LIGHTED ROAD",ANGLE,WET,INJURY AND / OR TOW DUE TO CRASH,"OVER $1,500",DISREGARDING TRAFFIC SIGNALS,3,FATAL,2.0,1.0,0.0,22,3,10,41.87200214,-87.75491749,"['10/24/2023', '10:56:00', 'PM']",FATAL with Device
db64b1d874e5336b4a7d15dc8f38dd94575107e720804799e772e26247e46cfcbc893d2eb579ab19a34db16c36096349eb3ff9e52940928ad147ebbd3156167d,2023-10-24 22:50:00,Tuesday,30,NO CONTROLS,CLEAR,"DARKNESS, LIGHTED ROAD",TURNING,DRY,INJURY AND / OR TOW DUE TO CRASH,"OVER $1,500",IMPROPER TURNING/NO SIGNAL,2,INCAPACITATING INJURY,2.0,0.0,1.0,22,3,10,41.89615633,-87.66891473,"['10/24/2023', '10:50:00', 'PM']",INCAPACITATING INJURY without Device
089761b3afec372230542f199fa08808955e71dd56acc9fd38804e7162962f73e633787b18885e1a4d93b7d59d122c73bb75cbf30b7e4dca64fb7be7380a0fcf,2023-10-24 19:15:00,Tuesday,35,NO CONTROLS,CLEAR,"DARKNESS, LIGHTED ROAD",TURNING,DRY,INJURY AND / OR TOW DUE TO CRASH,"OVER $1,500",FAILING TO YIELD RIGHT-OF-WAY,2,INCAPACITATING INJURY,2.0,0.0,2.0,19,3,10,41.7542835,-87.69420327,"['10/24/2023', '07:15:00', 'PM']",INCAPACITATING INJURY without Device
57fe8deaff56f3c33967ab8f304eda88affd7f68c16b56645067d0dfe90a98c2a2999fd665a56568bf5253ef01d91bda7456dfcd7593be9e5fcdf0d23573ae38,2023-10-24 17:24:00,Tuesday,45,TRAFFIC SIGNAL,CLEAR,DAYLIGHT,PEDESTRIAN,DRY,INJURY AND / OR TOW DUE TO CRASH,"OVER $1,500",UNABLE TO DETERMINE,2,INCAPACITATING INJURY,1.0,0.0,1.0,17,3,10,41.87575626,-87.61751568,"['10/24/2023', '05:24:00', 'PM']",INCAPACITATING INJURY with Device
28ade16ad934beade1668eed5106a06b7d02e7dcbbc08181a85f3c3dcfb90225d67e45d825a9db37f34fa745f1a0249f7ed8376b10668e39f6134846c8bf6fdd,2023-10-23 21:53:00,Monday,30,TRAFFIC SIGNAL,CLEAR,"DARKNESS, LIGHTED ROAD",TURNING,DRY,INJURY AND / OR TOW DUE TO CRASH,"OVER $1,500",FAILING TO YIELD RIGHT-OF-WAY,2,INCAPACITATING INJURY,1.0,0.0,1.0,21,2,10,41.89989385,-87.66262876,"['10/23/2023', '09:53:00', 'PM']",INCAPACITATING INJURY with Device
8060171a59c6cd7a7506c65f3535c70f5e57f481ec265543f7a28f63cd0d7c5cfe578eb4d42555dd720eb40522ca6a3064fc3a9e3d233d7fa60ea0f4417e1c66,2023-10-23 19:54:00,Monday,30,NO CONTROLS,CLEAR,"DARKNESS, LIGHTED ROAD",PEDALCYCLIST,DRY,INJURY AND / OR TOW DUE TO CRASH,"$501 - $1,500",UNDER THE INFLUENCE OF ALCOHOL/DRUGS (USE WHEN ARREST IS EFFECTED),3,FATAL,1.0,1.0,0.0,19,2,10,41.97521097,-87.67923146,"['10/23/2023', '07:54:00', 'PM']",FATAL without Device
c60c29188c3c69e0fdbc52b0d928de7e21c164f8a25664651cf9d6d537b57e3c35cebed1ad72baf2fe4eb2c4128172206fd60deb081aaaa2f33023cdca77b07b,2023-10-23 19:31:00,Monday,30,TRAFFIC SIGNAL,CLEAR,"DARKNESS, LIGHTED ROAD",ANGLE,DRY,INJURY AND / OR TOW DUE TO CRASH,"OVER $1,500",UNABLE TO DETERMINE,2,INCAPACITATING INJURY,4.0,0.0,1.0,19,2,10,41.88536097,-87.72593411,"['10/23/2023', '07:31:00', 'PM']",INCAPACITATING INJURY with Device
d8facafee78191ab3a4a2d8e3d060a70d9c3b12831acf8147f5f5347dbce7c70a0343df4bca1512c024f44755dbf115cc217f664c90960daf74f46a4e5024f2b,2023-10-23 13:23:00,Monday,30,NO CONTROLS,CLEAR,DAYLIGHT,TURNING,DRY,INJURY AND / OR TOW DUE TO CRASH,"OVER $1,500",UNABLE TO DETERMINE,2,INCAPACITATING INJURY,1.0,0.0,1.0,13,2,10,41.76096182,-87.68329468,"['10/23/2023', '01:23:00', 'PM']",INCAPACITATING INJURY without Device
c24816233e352b7b001b512ee563576d5433b753aaf6c089630202567877a520bdd17a0981c6b17a3b318c00b222eb72e11cc26c29aa11159f8b2547c37188aa,2023-10-23 11:45:00,Monday,30,TRAFFIC SIGNAL,CLEAR,DAYLIGHT,PEDESTRIAN,DRY,INJURY AND / OR TOW DUE TO CRASH,"OVER $1,500",UNABLE TO DETERMINE,2,INCAPACITATING INJURY,1.0,0.0,1.0,11,2,10,41.76459874,-87.68298895,"['10/23/2023', '11:45:00', 'AM']",INCAPACITATING INJURY with Device
92768e64024802d01e98a93ed4600bdb5c3bd368ce4f151c727ad68aab73bcb4c0fcf0dee4232274c504df313dc2753ae7db841565bd7ef611a61bf18b5708e2,2023-10-23 10:08:00,Monday,30,STOP SIGN/FLASHER,CLEAR,DAYLIGHT,PEDALCYCLIST,DRY,INJURY AND / OR TOW DUE TO CRASH,"$501 - $1,500","OPERATING VEHICLE IN ERRATIC, RECKLESS, CARELESS, NEGLIGENT OR AGGRESSIVE MANNER",2,INCAPACITATING INJURY,1.0,0.0,1.0,10,2,10,41.94142763,-87.82046897,"['10/23/2023', '10:08:00', 'AM']",INCAPACITATING INJURY with Device
bc0305c259fbf66d36f5854b3e779fffbc9c26de7ee36f34219c4fcda1fd33c6db69a519fc7a761bfc7aa0c7166e70debfcc1fb57882b0e78f87495df866e2d3,2023-10-23 07:11:00,Monday,30,TRAFFIC SIGNAL,CLEAR,DAYLIGHT,ANGLE,DRY,INJURY AND / OR TOW DUE TO CRASH,"$501 - $1,500",UNABLE TO DETERMINE,2,INCAPACITATING INJURY,3.0,0.0,1.0,7,2,10,41.74350456,-87.6366628,"['10/23/2023', '07:11:00', 'AM']",INCAPACITATING INJURY with Device
8f02337ee398e6a75c23b21b1992ecaee32a8f5305442ec72e318d7ebfd6bc2fe9c68b6dea38c1d0b2c67bc94bf8b5502c3ae00e5cd3dafefa3a7fe60ce199d7,2023-10-22 19:12:00,Sunday,30,TRAFFIC SIGNAL,UNKNOWN,"DARKNESS, LIGHTED ROAD",PEDALCYCLIST,UNKNOWN,INJURY AND / OR TOW DUE TO CRASH,"OVER $1,500",DRIVING SKILLS/KNOWLEDGE/EXPERIENCE,2,INCAPACITATING INJURY,1.0,0.0,1.0,19,1,10,41.7730814,-87.61530988,"['10/22/2023', '07:12:00', 'PM']",INCAPACITATING INJURY with Device
ba4b955ff3f64c6c05bab19dfa2546ee2213772d9f99575656aa8eb029cd1b8a451384dab3a9830e4cf22b9af44662567308845a8216ebb3d31600d10e309233,2023-10-22 13:16:00,Sunday,30,NO CONTROLS,CLEAR,DAYLIGHT,PARKED MOTOR VEHICLE,DRY,INJURY AND / OR TOW DUE TO CRASH,"OVER $1,500","OPERATING VEHICLE IN ERRATIC, RECKLESS, CARELESS, NEGLIGENT OR AGGRESSIVE MANNER",2,INCAPACITATING INJURY,1.0,0.0,1.0,13,1,10,41.77821516,-87.63346443,"['10/22/2023', '01:16:00', 'PM']",INCAPACITATING INJURY without Device
53a66fc24c0d7c00df0e6d2dd18306b8d9f86090b0e5e2d3117f8e2ec5dc61deffd0751da646fe640e863da9f1d7e8336e6ad3936acaea079e74ddb3ac1357a1,2023-10-22 09:05:00,Sunday,30,TRAFFIC SIGNAL,CLEAR,DAYLIGHT,PEDESTRIAN,DRY,INJURY AND / OR TOW DUE TO CRASH,"OVER $1,500",TURNING RIGHT ON RED,2,INCAPACITATING INJURY,1.0,0.0,1.0,9,1,10,41.79097663,-87.62251742,"['10/22/2023', '09:05:00', 'AM']",INCAPACITATING INJURY with Device
5e64ab178f44248e8a35c919d7c986ed7f3e13606d9997014ddafa4be52f6c13db0aee796912413c80524419ae7a917c8a3877f64ce34a3be8e2c6a2070a0eee,2023-10-22 08:36:00,Sunday,30,STOP SIGN/FLASHER,CLEAR,DAYLIGHT,ANGLE,DRY,INJURY AND / OR TOW DUE TO CRASH,"OVER $1,500",DRIVING SKILLS/KNOWLEDGE/EXPERIENCE,2,INCAPACITATING INJURY,1.0,0.0,1.0,8,1,10,41.99724317,-87.81019949,"['10/22/2023', '08:36:00', 'AM']",INCAPACITATING INJURY with Device
f750cca260d8c816e1d510c0c9dd49d86aad568e40645c000a6408b12e8d2d6275fe79a51d3e3c65b5c9416c5188c8fbdb354863d7c22b38b41479cf3d1865a9,2023-10-22 01:54:00,Sunday,30,TRAFFIC SIGNAL,CLEAR,"DARKNESS, LIGHTED ROAD",TURNING,DRY,INJURY AND / OR TOW DUE TO CRASH,"OVER $1,500",DISREGARDING TRAFFIC SIGNALS,2,INCAPACITATING INJURY,2.0,0.0,1.0,1,1,10,41.78565296,-87.74119273,"['10/22/2023', '01:54:00', 'AM']",INCAPACITATING INJURY with Device
430fc45eeac7f5bac6f0612588c43e5bfd94daa737d7fac0ae9ea6adff15545c9909a628d38c5400dc0fc18536dd42461193bed1453257edecda610934058b2b,2023-10-21 23:41:00,Saturday,30,NO CONTROLS,CLOUDY/OVERCAST,"DARKNESS, LIGHTED ROAD",OTHER OBJECT,DRY,INJURY AND / OR TOW DUE TO CRASH,"OVER $1,500",UNABLE TO DETERMINE,2,INCAPACITATING INJURY,1.0,0.0,1.0,23,7,10,41.78031988,-87.61722656,"['10/21/2023', '11:41:00', 'PM']",INCAPACITATING INJURY without Device
b3b872bb0dcb6608c8c5ed7de4e177ae34a0368789763a3e5770c680d6c2f32d4149371182366c86a8e7f2ae3017cf340c6f8f98f74651c2e8a59ba28b6fed57,2023-10-21 20:28:00,Saturday,35,STOP SIGN/FLASHER,RAIN,"DARKNESS, LIGHTED ROAD",PEDESTRIAN,WET,INJURY AND / OR TOW DUE TO CRASH,"OVER $1,500",UNABLE TO DETERMINE,2,INCAPACITATING INJURY,1.0,0.0,1.0,20,7,10,41.8913051,-87.64757178,"['10/21/2023', '08:28:00', 'PM']",INCAPACITATING INJURY with Device
86471b2283c5d55439d947dd1f94f22e6389bb23e0a73e8ced0ea8bcca2339db1069eb903280fa65d306120fb3b6953cd23a1484fe9e56fd59e9c81859658868,2023-10-21 19:40:00,Saturday,30,NO CONTROLS,CLEAR,"DARKNESS, LIGHTED ROAD",PEDESTRIAN,WET,INJURY AND / OR TOW DUE TO CRASH,"$501 - $1,500",UNABLE TO DETERMINE,2,INCAPACITATING INJURY,1.0,0.0,1.0,19,7,10,41.93045225,-87.70990344,"['10/21/2023', '07:40:00', 'PM']",INCAPACITATING INJURY without Device
926c0819a626392dfed1a0390e54dcd5a73df67fc7e2cbb8eccc000be8c6709d9116dd80039b4a667ee6934707c88113b162205c4bf0cc041f66c208c2878db0,2023-10-21 19:30:00,Saturday,30,NO CONTROLS,RAIN,"DARKNESS, LIGHTED ROAD",PARKED MOTOR VEHICLE,WET,INJURY AND / OR TOW DUE TO CRASH,"OVER $1,500",UNABLE TO DETERMINE,3,INCAPACITATING INJURY,1.0,0.0,1.0,19,7,10,41.84801988,-87.73377901,"['10/21/2023', '07:30:00', 'PM']",INCAPACITATING INJURY without Device
5354f8f4d0504eef501383a5441f275dc1e519d16b27b0b32c548c2f46428dafbb23e44a25b186706bb555f63f2c0ccbe2fe6431f53de012f8b6a4c46b4b9610,2023-10-21 19:15:00,Saturday,25,STOP SIGN/FLASHER,RAIN,DARKNESS,ANGLE,WET,INJURY AND / OR TOW DUE TO CRASH,"OVER $1,500",UNABLE TO DETERMINE,2,INCAPACITATING INJURY,1.0,0.0,1.0,19,7,10,41.75397736,-87.65697338,"['10/21/2023', '07:15:00', 'PM']",INCAPACITATING INJURY with Device
a3a00638089df029a870dfc52dd178be7a4f9a7efa9c3b50361b0a988ab91294075ed8888d1b5d974b2a9c1412d0945fea3301f1e4e58f3d6e02202cb6841ac1,2023-10-21 19:00:00,Saturday,30,TRAFFIC SIGNAL,CLEAR,DUSK,ANGLE,DRY,INJURY AND / OR TOW DUE TO CRASH,"OVER $1,500",DISREGARDING TRAFFIC SIGNALS,2,INCAPACITATING INJURY,1.0,0.0,1.0,19,7,10,41.74404884,-87.59059504,"['10/21/2023', '07:00:00', 'PM']",INCAPACITATING INJURY with Device
8978104e48853876a1e5412711357c1ba6a3f9910856d2981dcf91bb23e769ecdd6716cf471236910c4c36c47c72bcd746ae99eb17c101a130cf8f0c514b1e72,2023-10-21 18:48:00,Saturday,30,TRAFFIC SIGNAL,UNKNOWN,UNKNOWN,PEDALCYCLIST,UNKNOWN,INJURY AND / OR TOW DUE TO CRASH,"OVER $1,500",UNABLE TO DETERMINE,2,INCAPACITATING INJURY,1.0,0.0,1.0,18,7,10,41.87309483,-87.74514387,"['10/21/2023', '06:48:00', 'PM']",INCAPACITATING INJURY with Device
511369fd51fe9139a13e2fc9b54585668d9b7412c736bd8718a012f0bdb25cebeeec6247908d93f09bacb6e1dac0c3d318a896366cb411cc85b47efab77f7634,2023-10-21 14:51:00,Saturday,20,YIELD,CLEAR,DAYLIGHT,TURNING,DRY,INJURY AND / OR TOW DUE TO CRASH,"OVER $1,500",FAILING TO YIELD RIGHT-OF-WAY,2,INCAPACITATING INJURY,1.0,0.0,1.0,14,7,10,41.92769034,-87.76943359,"['10/21/2023', '02:51:00', 'PM']",INCAPACITATING INJURY with Device
e5e04699f84474fe0b616063aaf745c8b378515c91ff3446f44686889c5f2f9f5a0eaa793afb330635e1756b4d12c3f7f308beff844743a039f622b8b02c8c35,2023-10-21 12:19:00,Saturday,30,NO CONTROLS,CLEAR,DAYLIGHT,PEDESTRIAN,DRY,INJURY AND / OR TOW DUE TO CRASH,$500 OR LESS,IMPROPER OVERTAKING/PASSING,2,INCAPACITATING INJURY,1.0,0.0,1.0,12,7,10,41.90881333,-87.72662782,"['10/21/2023', '12:19:00', 'PM']",INCAPACITATING INJURY without Device
0dc1f64941bcaf2f391fe0ec02bb3311ea73a2c296416692b6d8387f5b73f41a07422256ca8f71459d200e0c86aa25f5d0c352bfc7f5e01a0b8926b55c4ba4df,2023-10-21 04:22:00,Saturday,30,NO CONTROLS,CLEAR,"DARKNESS, LIGHTED ROAD",PARKED MOTOR VEHICLE,DRY,INJURY AND / OR TOW DUE TO CRASH,"OVER $1,500",UNABLE TO DETERMINE,4,INCAPACITATING INJURY,1.0,0.0,1.0,4,7,10,41.84422546,-87.63440626,"['10/21/2023', '04:22:00', 'AM']",INCAPACITATING INJURY without Device
ccc6c9b5ef141fc874a8b05a72d7946e3f5561f95e82fecee0efb24dd3290edc03028b6680ac2cb255f9ed6fda19fc7af02cbe87b5514d5ed4e8e658ccb6719d,2023-10-21 00:58:00,Saturday,30,TRAFFIC SIGNAL,CLEAR,"DARKNESS, LIGHTED ROAD",SIDESWIPE OPPOSITE DIRECTION,DRY,INJURY AND / OR TOW DUE TO CRASH,"OVER $1,500",IMPROPER LANE USAGE,2,INCAPACITATING INJURY,2.0,0.0,1.0,0,7,10,41.83212713,-87.69502146,"['10/21/2023', '12:58:00', 'AM']",INCAPACITATING INJURY with Device
1b0492b787570b2f21c478d10bb4bfe9c351a5af86218caf907983366d25a2ba83bf26cfd98fc3c5fa97ac817ba69944d26d495125281a2bc44b8a00d3f4f34e,2023-10-20 21:53:00,Friday,30,STOP SIGN/FLASHER,UNKNOWN,UNKNOWN,TURNING,UNKNOWN,INJURY AND / OR TOW DUE TO CRASH,"OVER $1,500",IMPROPER TURNING/NO SIGNAL,2,INCAPACITATING INJURY,2.0,0.0,1.0,21,6,10,41.75643461,-87.61842046,"['10/20/2023', '09:53:00', 'PM']",INCAPACITATING INJURY with Device
a623241ec43b66156dbd0b7d96f59b52e867feccd943bd9a2225f1d4be27dd806985a0d3d377b645a4977ef85aad80adcbb109a928cd0f8a923567ab330d3a91,2023-10-20 19:27:00,Friday,30,TRAFFIC SIGNAL,CLEAR,DUSK,TURNING,DRY,INJURY AND / OR TOW DUE TO CRASH,"OVER $1,500",UNABLE TO DETERMINE,2,FATAL,1.0,1.0,0.0,19,6,10,41.85046066,-87.671071,"['10/20/2023', '07:27:00', 'PM']",FATAL with Device
f529cc6753cdf408a8b0b4b78c1cfd5678b7d9d5972ae9a7389ea20bda9f6761a88535fdc09362ab88b9a7cf82684d5513c4ad6e564717b51672079915933ff1,2023-10-20 18:19:00,Friday,30,NO CONTROLS,CLEAR,"DARKNESS, LIGHTED ROAD",PEDALCYCLIST,DRY,INJURY AND / OR TOW DUE TO CRASH,"OVER $1,500",FAILING TO REDUCE SPEED TO AVOID CRASH,2,INCAPACITATING INJURY,1.0,0.0,1.0,18,6,10,41.94685123,-87.67114626,"['10/20/2023', '06:19:00', 'PM']",INCAPACITATING INJURY without Device
8c6d99eed7b5e9e0de4ff6e7a0908b9f76edb21ea5d9ea380d6331a097b5b54a09985fbe3a4ef73af370b51745cb78eb2269d7bf08f0c3ea4f4619af53c6b201,2023-10-20 17:40:00,Friday,30,TRAFFIC SIGNAL,CLEAR,DAYLIGHT,PEDESTRIAN,DRY,INJURY AND / OR TOW DUE TO CRASH,"OVER $1,500","VISION OBSCURED (SIGNS, TREE LIMBS, BUILDINGS, ETC.)",2,INCAPACITATING INJURY,2.0,0.0,1.0,17,6,10,41.89483421,-87.75522257,"['10/20/2023', '05:40:00', 'PM']",INCAPACITATING INJURY with Device
a793363b47237e24ef0030aedc80d56e8039933bcf9014fbc18aa1686298b0d13c4afcd6197d98972a970e8d4f7d30a57906441bf6f011342a07477998bac4ad,2023-10-20 16:30:00,Friday,30,STOP SIGN/FLASHER,CLEAR,DAYLIGHT,PEDESTRIAN,DRY,INJURY AND / OR TOW DUE TO CRASH,$500 OR LESS,DISTRACTION - FROM OUTSIDE VEHICLE,2,INCAPACITATING INJURY,1.0,0.0,1.0,16,6,10,41.96505975,-87.68408238,"['10/20/2023', '04:30:00', 'PM']",INCAPACITATING INJURY with Device