CRASH_RECORD_ID,CRASH_DATE,Weekday,POSTED_SPEED_LIMIT,TRAFFIC_CONTROL_DEVICE,WEATHER_CONDITION,LIGHTING_CONDITION,FIRST_CRASH_TYPE,ROADWAY_SURFACE_COND,CRASH_TYPE,DAMAGE,PRIM_CONTRIBUTORY_CAUSE,NUM_UNITS,MOST_SEVERE_INJURY,INJURIES_TOTAL,INJURIES_FATAL,INJURIES_INCAPACITATING,CRASH_HOUR,CRASH_DAY_OF_WEEK,CRASH_MONTH,LATITUDE,LONGITUDE,CRASH_TIME,CATEGORIES
9a57fb453e0c24e7ef380f2323286dbb8caf7b0977b50ae395e0f3266122448e0efe40cc7c8265f97fa265ccde35bb63b70bfba672d90c0d8a77205e6c8ab740,2023-10-20 16:20:00,Friday,30,NO CONTROLS,CLEAR,DAYLIGHT,PEDALCYCLIST,DRY,INJURY AND / OR TOW DUE TO CRASH,"$501 - $1,500",UNABLE TO DETERMINE,3,INCAPACITATING INJURY,1.0,0.0,1.0,16,6,10,41.86917024,-87.66538447,"['10/20/2023', '04:20:00', 'PM']",INCAPACITATING INJURY without Device
67b0028b4979e3c543684be2b812ab0c3e85f979bd91c0ca742377fd4f1d8c01c6472b4f98a9517461e2a814e05733f03aac73b3bf2abf56ba6d6cd75dae406a,2023-10-20 15:53:00,Friday,30,TRAFFIC SIGNAL,CLEAR,DAYLIGHT,PEDESTRIAN,DRY,INJURY AND / OR TOW DUE TO CRASH,"OVER $1,500",DISTRACTION - FROM INSIDE VEHICLE,2,INCAPACITATING INJURY,1.0,0.0,1.0,15,6,10,41.95342091,-87.73799691,"['10/20/2023', '03:53:00', 'PM']",INCAPACITATING INJURY with Device
afe2532f49be1920ca03bdb290e3367b520cd8aa6532ed7e1d265b7fbb8178c47b0e588798bc4b5041a6e5ee3d7d22ae4180c0e7517be49f030356d6c8af0573,2023-10-20 12:03:00,Friday,25,TRAFFIC SIGNAL,CLEAR,DAYLIGHT,TURNING,DRY,INJURY AND / OR TOW DUE TO CRASH,"OVER $1,500",IMPROPER TURNING/NO SIGNAL,2,INCAPACITATING INJURY,1.0,0.0,1.0,12,6,10,41.88325493,-87.67681517,"['10/20/2023', '12:03:00', 'PM']",INCAPACITATING INJURY with Device
49e3d02a138faa0eee9a9f56240567ec6ca09cf15a105271b45b374c6c268e6ddf8a8e36b6a200ee168364bfde6b0233e47b94ffad6af8095902f19d536d07b8,2023-10-19 18:45:00,Thursday,30,NO CONTROLS,RAIN,"DARKNESS, LIGHTED ROAD",PEDALCYCLIST,WET,INJURY AND / OR TOW DUE TO CRASH,$500 OR LESS,UNABLE TO DETERMINE,2,INCAPACITATING INJURY,1.0,0.0,1.0,18,5,10,41.69166843,-87.68104406,"['10/19/2023', '06:45:00', 'PM']",INCAPACITATING INJURY without Device
76daef38b001330c7896932a0bd9d009878ccb61086695de97d2571c3047fc643016b6278585c39b6b32cd33e5bc622d49423a234fb9a8ebbbf1308c54f4b29a,2023-10-19 16:11:00,Thursday,30,TRAFFIC SIGNAL,RAIN,DAYLIGHT,PEDESTRIAN,WET,INJURY AND / OR TOW DUE TO CRASH,$500 OR LESS,FAILING TO YIELD RIGHT-OF-WAY,2,INCAPACITATING INJURY,1.0,0.0,1.0,16,5,10,41.91628389,-87.80586288,"['10/19/2023', '04:11:00', 'PM']",INCAPACITATING INJURY with Device
b4809ffecdb645fdd48d1ac0530c0f7bcbdfc5815569b5b8becac7377aec5b989c30676c5037a6f63bef0f8d082ce769bdedfb3c420ae3a0c63843af5038c66f,2023-10-19 12:54:00,Thursday,30,NO CONTROLS,CLEAR,DAYLIGHT,TURNING,DRY,INJURY AND / OR TOW DUE TO CRASH,"OVER $1,500",UNABLE TO DETERMINE,2,INCAPACITATING INJURY,1.0,0.0,1.0,12,5,10,41.76624481,-87.5886009,"['10/19/2023', '12:54:00', 'PM']",INCAPACITATING INJURY without Device
b814057884743b95bc40acbf428b59ae754b20a7e7bdcc21b8d057c57d27e8b486851e3db7efb210a42f4250167da5fac6481cda344506bf8dc68488ad491d38,2023-10-19 12:00:00,Thursday,15,NO CONTROLS,CLOUDY/OVERCAST,DAYLIGHT,REAR TO REAR,WET,INJURY AND / OR TOW DUE TO CRASH,"OVER $1,500",UNABLE TO DETERMINE,3,INCAPACITATING INJURY,1.0,0.0,1.0,12,5,10,41.99013026,-87.67059205,"['10/19/2023', '12:00:00', 'PM']",INCAPACITATING INJURY without Device
b500a1696b3e419554d26e4cd030e8f2a25a7b12fab4c1397c2dfa08fac9add1f85a28de776968843af7747f6d164117fff06e8c3dfbd2fdaea71cafb8d7ab2c,2023-10-19 06:05:00,Thursday,30,NO CONTROLS,RAIN,"DARKNESS, LIGHTED ROAD",PEDESTRIAN,WET,INJURY AND / OR TOW DUE TO CRASH,"$501 - $1,500",UNABLE TO DETERMINE,2,INCAPACITATING INJURY,1.0,0.0,1.0,6,5,10,41.73658917,-87.60739696,"['10/19/2023', '06:05:00', 'AM']",INCAPACITATING INJURY without Device
700f51386ef4a950881f1c1839cd1716bf489e95bc3991c23eae2107b9d96c71c3d0d91536f6948e24baf666b0341bc0abe7ceaf611eaf25f5987185e6cabd19,2023-10-18 22:30:00,Wednesday,35,TRAFFIC SIGNAL,CLEAR,"DARKNESS, LIGHTED ROAD",REAR END,WET,INJURY AND / OR TOW DUE TO CRASH,"OVER $1,500",FOLLOWING TOO CLOSELY,2,FATAL,1.0,1.0,0.0,22,4,10,41.88563272,-87.62984438,"['10/18/2023', '10:30:00', 'PM']",FATAL with Device
c676332494925424a03e003deb52a55082fd52a29c8646615dbeac317951145a46c07c390a95996ac0c478a47916b53304bd5a65488394d651a826707857e61e,2023-10-18 13:36:00,Wednesday,30,NO CONTROLS,CLEAR,DAYLIGHT,PEDESTRIAN,DRY,INJURY AND / OR TOW DUE TO CRASH,$500 OR LESS,UNABLE TO DETERMINE,2,INCAPACITATING INJURY,1.0,0.0,1.0,13,4,10,41.83075559,-87.63865488,"['10/18/2023', '01:36:00', 'PM']",INCAPACITATING INJURY without Device
34a4d4c890dd135b609e308e677c4f646cfeb995a31eebe41e31d6d0c2f30d906748742fec184721d47956b65be41eaf5b1daececc62a77f33fc33502c999aa3,2023-10-18 09:40:00,Wednesday,10,NO CONTROLS,CLEAR,DAYLIGHT,PEDESTRIAN,DRY,INJURY AND / OR TOW DUE TO CRASH,"$501 - $1,500",DRIVING SKILLS/KNOWLEDGE/EXPERIENCE,2,INCAPACITATING INJURY,2.0,0.0,1.0,9,4,10,41.94488107,-87.71280509,"['10/18/2023', '09:40:00', 'AM']",INCAPACITATING INJURY without Device
556d1fb15ba4f523e6fad46cad14d64e7507cdf9315dca9708e3edcead91275bdaa102c8084fe4b67732665f8209fc6c860d66ec02e35408548e7c36b247b340,2023-10-18 08:55:00,Wednesday,30,PEDESTRIAN CROSSING SIGN,CLEAR,DAYLIGHT,PEDESTRIAN,DRY,INJURY AND / OR TOW DUE TO CRASH,"OVER $1,500",FAILING TO YIELD RIGHT-OF-WAY,2,INCAPACITATING INJURY,1.0,0.0,1.0,8,4,10,41.84662463,-87.64743061,"['10/18/2023', '08:55:00', 'AM']",INCAPACITATING INJURY with Device
29a5e29ac9f7ed23c340f863bd30b8f86fb44ff1b4690dda6c9c9fbfca329b411ffa1fbf44835015761755e86a1862f3a9e2ed19ff6177654a5248c69b47d3c9,2023-10-17 23:03:00,Tuesday,30,TRAFFIC SIGNAL,CLEAR,"DARKNESS, LIGHTED ROAD",ANGLE,DRY,INJURY AND / OR TOW DUE TO CRASH,"OVER $1,500",DISREGARDING TRAFFIC SIGNALS,2,INCAPACITATING INJURY,2.0,0.0,2.0,23,3,10,41.75967458,-87.64442024,"['10/17/2023', '11:03:00', 'PM']",INCAPACITATING INJURY with Device
ab6d3705884a8135b79ded7fc28d3a8f0c0451ecc30df593b10976669d1b76bc0d288d0be267d98df6947ba017554917a07d369b9fe575b2e37dfb8f4ac8265e,2023-10-17 18:10:00,Tuesday,30,NO CONTROLS,CLEAR,"DARKNESS, LIGHTED ROAD",PEDALCYCLIST,DRY,INJURY AND / OR TOW DUE TO CRASH,"$501 - $1,500",DRIVING ON WRONG SIDE/WRONG WAY,2,INCAPACITATING INJURY,1.0,0.0,1.0,18,3,10,41.89474269,-87.64133788,"['10/17/2023', '06:10:00', 'PM']",INCAPACITATING INJURY without Device
28b7f319f5d4fa25380e6f9f92f552b78daf373b578bff47fcc8da947217fcb2cb26baa15ec72f818bba5ca31623a5d574306c506e9f1bd5f724634b8afda763,2023-10-17 08:50:00,Tuesday,30,NO CONTROLS,CLEAR,DAYLIGHT,OTHER NONCOLLISION,DRY,INJURY AND / OR TOW DUE TO CRASH,$500 OR LESS,UNABLE TO DETERMINE,2,INCAPACITATING INJURY,1.0,0.0,1.0,8,3,10,42.01631432,-87.67509835,"['10/17/2023', '08:50:00', 'AM']",INCAPACITATING INJURY without Device
5808d8c8b104a3f40f8a43cdcaf7e0b372e43c9d7573897ca1e2f2b52d3550dfbd0ca913be13e994b58a0fb04373c3e788c0b9292739ba0bde42b26762d2482a,2023-10-17 08:45:00,Tuesday,30,STOP SIGN/FLASHER,CLEAR,DAYLIGHT,TURNING,DRY,INJURY AND / OR TOW DUE TO CRASH,"OVER $1,500",FAILING TO YIELD RIGHT-OF-WAY,2,INCAPACITATING INJURY,1.0,0.0,1.0,8,3,10,41.9908285,-87.67714244,"['10/17/2023', '08:45:00', 'AM']",INCAPACITATING INJURY with Device
d4c46a44aec694d8a7d4192e2fa8893e1fe7d5b1c8a2dbb7cde5839ba9c64e4bb63f9001f11267edb22a05ffcb533231b55d54670caecc371a1348e79f3e4256,2023-10-17 07:55:00,Tuesday,30,STOP SIGN/FLASHER,CLEAR,DAYLIGHT,PEDESTRIAN,DRY,INJURY AND / OR TOW DUE TO CRASH,$500 OR LESS,"VISION OBSCURED (SIGNS, TREE LIMBS, BUILDINGS, ETC.)",2,INCAPACITATING INJURY,1.0,0.0,1.0,7,3,10,41.95861656,-87.77710907,"['10/17/2023', '07:55:00', 'AM']",INCAPACITATING INJURY with Device
0668d840abbc9a0c197a55683ed2271b50ad3e40f5714ef8cd9c432694a3ff5d056b31d572d37df4e5e2d0de2404b99832d5bae83f2b49df48bfb5ad7cb01273,2023-10-17 05:25:00,Tuesday,40,NO CONTROLS,CLEAR,"DARKNESS, LIGHTED ROAD",PEDESTRIAN,DRY,INJURY AND / OR TOW DUE TO CRASH,"OVER $1,500",NOT APPLICABLE,2,FATAL,1.0,1.0,0.0,5,3,10,41.89851688,-87.61818311,"['10/17/2023', '05:25:00', 'AM']",FATAL without Device
b975c7a619d51ffd7da4d7b01200ecb39ef03ff1b03c8a9553e28b4b67b0797915e925641937c9e0509e69f7ab7d4abd2022b4e3d617588dc0cc75eacbdfb9ae,2023-10-16 13:45:00,Monday,30,NO CONTROLS,CLEAR,DAYLIGHT,PEDESTRIAN,DRY,INJURY AND / OR TOW DUE TO CRASH,$500 OR LESS,UNABLE TO DETERMINE,2,INCAPACITATING INJURY,1.0,0.0,1.0,13,2,10,41.92916697,-87.75402158,"['10/16/2023', '01:45:00', 'PM']",INCAPACITATING INJURY without Device
e384b05e8521940effdd9fd023692d9a6f072121c48d119e1569edb855480c4d883adbf4a31b15793a97671b028c309753a94049f7a55db671684306f6557b8b,2023-10-15 23:46:00,Sunday,25,NO CONTROLS,CLEAR,"DARKNESS, LIGHTED ROAD",PARKED MOTOR VEHICLE,UNKNOWN,INJURY AND / OR TOW DUE TO CRASH,"OVER $1,500",PHYSICAL CONDITION OF DRIVER,4,INCAPACITATING INJURY,1.0,0.0,1.0,23,1,10,41.74974554,-87.64871797,"['10/15/2023', '11:46:00', 'PM']",INCAPACITATING INJURY without Device
092b7c94c842b916f3e9204c69aa28ced779dc365d62010fa132a9404263b3232605fe9fe81cca7cba84ba2b51720d3ee4923519949800792c79e9f5420c7398,2023-10-15 19:10:00,Sunday,30,STOP SIGN/FLASHER,CLOUDY/OVERCAST,"DARKNESS, LIGHTED ROAD",PEDALCYCLIST,DRY,INJURY AND / OR TOW DUE TO CRASH,"OVER $1,500",DISREGARDING STOP SIGN,2,INCAPACITATING INJURY,1.0,0.0,1.0,19,1,10,41.79027526,-87.79042916,"['10/15/2023', '07:10:00', 'PM']",INCAPACITATING INJURY with Device
4c72485c471b3f8b68811a636950923354f897a52300a00173fa656c1281c328c8c92bfefe0c9604b635fb2d38464a3cee3d43e179df7fb2d150d5ccb38b6ceb,2023-10-15 01:12:00,Sunday,25,STOP SIGN/FLASHER,CLEAR,"DARKNESS, LIGHTED ROAD",REAR END,DRY,INJURY AND / OR TOW DUE TO CRASH,"OVER $1,500",UNABLE TO DETERMINE,2,INCAPACITATING INJURY,1.0,0.0,1.0,1,1,10,41.7279269,-87.58490486,"['10/15/2023', '01:12:00', 'AM']",INCAPACITATING INJURY with Device
ad4b17096a4236c91cbc8760ebfc8f10d9f443b71fd8fadebf3145c7b116fe5448b974cd1c6c129ff77119a54a46fc60716fe0e7c3388f725e4d8f0bc46f7b48,2023-10-14 14:00:00,Saturday,30,STOP SIGN/FLASHER,RAIN,DAYLIGHT,ANGLE,WET,INJURY AND / OR TOW DUE TO CRASH,"OVER $1,500",FAILING TO YIELD RIGHT-OF-WAY,2,INCAPACITATING INJURY,1.0,0.0,1.0,14,7,10,41.73751858,-87.66325375,"['10/14/2023', '02:00:00', 'PM']",INCAPACITATING INJURY with Device
a317794760604be7fddcab6b0cf4b5b4a87628520527c94c08d65907815aedaa8205b5c0cd646f12c75caad7db1344dc85b61d6da5d01d4d5a1607c71a7fc3ce,2023-10-14 13:00:00,Saturday,35,TRAFFIC SIGNAL,CLEAR,DAYLIGHT,ANGLE,DRY,INJURY AND / OR TOW DUE TO CRASH,"OVER $1,500",FAILING TO YIELD RIGHT-OF-WAY,2,INCAPACITATING INJURY,1.0,0.0,1.0,13,7,10,41.75571944,-87.66371778,"['10/14/2023', '01:00:00', 'PM']",INCAPACITATING INJURY with Device
33dc1291284275390fc0c17f74a92508f75c9d32f0f6defd4a6d1753afd8be10db5fe0392984aca46115ea59ee6eb1ce53acc720a617def21b86cd8b3d1ca4d9,2023-10-14 11:10:00,Saturday,30,STOP SIGN/FLASHER,RAIN,DAYLIGHT,PEDESTRIAN,WET,INJURY AND / OR TOW DUE TO CRASH,"OVER $1,500",IMPROPER TURNING/NO SIGNAL,2,INCAPACITATING INJURY,1.0,0.0,1.0,11,7,10,41.94512704,-87.80927161,"['10/14/2023', '11:10:00', 'AM']",INCAPACITATING INJURY with Device
a2c87c950bb30c1329ea700143a6d0ec45d88c580843a559459c90a424c8942f9f73d5ee30c7c03e6d181e238cfcb9b5f8e6e0d4ba5733953a2ceff59f5ce102,2023-10-14 01:50:00,Saturday,30,TRAFFIC SIGNAL,RAIN,"DARKNESS, LIGHTED ROAD",PEDESTRIAN,WET,INJURY AND / OR TOW DUE TO CRASH,"OVER $1,500",UNABLE TO DETERMINE,2,INCAPACITATING INJURY,1.0,0.0,1.0,1,7,10,41.71412565,-87.64285255,"['10/14/2023', '01:50:00', 'AM']",INCAPACITATING INJURY with Device
e20a3690f673b0570d51adb30605b61aa2981ec69dbd381f8b35aa5724e5c190c42b0e9e08d3c319887e0e7dcaff2051b4795d5301adadcf17147263da19bb72,2023-10-13 18:24:00,Friday,30,STOP SIGN/FLASHER,RAIN,"DARKNESS, LIGHTED ROAD",PEDALCYCLIST,WET,INJURY AND / OR TOW DUE TO CRASH,$500 OR LESS,FAILING TO REDUCE SPEED TO AVOID CRASH,2,INCAPACITATING INJURY,1.0,0.0,1.0,18,6,10,42.01463791,-87.67792697,"['10/13/2023', '06:24:00', 'PM']",INCAPACITATING INJURY with Device
8cbca51c2d7153bdd603c5b489fda230074f4556243578ca066519f8c8a920b1c068c5b779a8caeb2ba3239486e9f384be8f3912ca4840af440b361db22f9b4d,2023-10-13 12:30:00,Friday,30,TRAFFIC SIGNAL,RAIN,DAYLIGHT,REAR END,WET,INJURY AND / OR TOW DUE TO CRASH,"OVER $1,500",UNABLE TO DETERMINE,2,INCAPACITATING INJURY,3.0,0.0,1.0,12,6,10,41.82362966,-87.62657307,"['10/13/2023', '12:30:00', 'PM']",INCAPACITATING INJURY with Device
8895041349f7bc0a6b1d1936cf3751d634e9ae0182a0f5be89a3eed2ce493b78713c35e3ed4cf8d22dbaa854a58df7b51c193652c448513b0d3f92e96b4a64a1,2023-10-13 07:38:00,Friday,25,NO CONTROLS,CLEAR,DAYLIGHT,OTHER OBJECT,DRY,INJURY AND / OR TOW DUE TO CRASH,"OVER $1,500",DRIVING SKILLS/KNOWLEDGE/EXPERIENCE,2,INCAPACITATING INJURY,1.0,0.0,1.0,7,6,10,41.93979127,-87.69769038,"['10/13/2023', '07:38:00', 'AM']",INCAPACITATING INJURY without Device
b87af9f18df54a2e73d7b7fb7682392cda9d2a112bdbfda17045719f98dc7c368f828cbe3bc899018a4c2c7d6483875f8ecc8dae6eba5e0af0d51ca0b02d90e1,2023-10-13 00:23:00,Friday,35,NO CONTROLS,CLEAR,"DARKNESS, LIGHTED ROAD",FIXED OBJECT,DRY,INJURY AND / OR TOW DUE TO CRASH,"OVER $1,500",UNABLE TO DETERMINE,1,INCAPACITATING INJURY,2.0,0.0,1.0,0,6,10,41.83811415,-87.70499447,"['10/13/2023', '12:23:00', 'AM']",INCAPACITATING INJURY without Device
c02f80da185f7af13ca266ec6a82e43f8ccaac04e5d6c1a41d4551488e0cf34e1195fb8e6b65bb99aa6d0a9f205d8ae9d9d1aef098b9f7b7d0708e2a4642315a,2023-10-12 18:38:00,Thursday,30,TRAFFIC SIGNAL,CLEAR,"DARKNESS, LIGHTED ROAD",REAR END,DRY,INJURY AND / OR TOW DUE TO CRASH,"OVER $1,500",FOLLOWING TOO CLOSELY,2,INCAPACITATING INJURY,2.0,0.0,2.0,18,5,10,41.74298811,-87.67311158,"['10/12/2023', '06:38:00', 'PM']",INCAPACITATING INJURY with Device
d3e6a92d70b43f13bd48f7efb4b999cd59d747a67cfc5095e8e2f6a074579bcb22a2fb94be8f6acc5a57a33ed6643937e134692fde5c83bf5fc9dc95dc07fd79,2023-10-12 11:17:00,Thursday,30,TRAFFIC SIGNAL,RAIN,DAYLIGHT,PEDESTRIAN,WET,INJURY AND / OR TOW DUE TO CRASH,$500 OR LESS,"VISION OBSCURED (SIGNS, TREE LIMBS, BUILDINGS, ETC.)",2,INCAPACITATING INJURY,1.0,0.0,1.0,11,5,10,41.96798422,-87.76068093,"['10/12/2023', '11:17:00', 'AM']",INCAPACITATING INJURY with Device
522f3a0e48a8c4606c25131f64832d058a5339996886bb577f2196d2a68f940ca1326f7bf9e564dd74b21a86cdd2a527b5eaec2e796bbb9ad75cead44244360a,2023-10-12 10:10:00,Thursday,30,NO CONTROLS,RAIN,DAYLIGHT,OTHER OBJECT,WET,INJURY AND / OR TOW DUE TO CRASH,"OVER $1,500",PHYSICAL CONDITION OF DRIVER,1,INCAPACITATING INJURY,1.0,0.0,1.0,10,5,10,41.83204761,-87.68522164,"['10/12/2023', '10:10:00', 'AM']",INCAPACITATING INJURY without Device
f3a58c657a97845b07f5ec8ef466054f28fa60e0368d50ac6cf066abff34f802fbeacf557df7be8e3bf8099c57575a331558d145a76961d16f5a947d62db0954,2023-10-11 09:10:00,Wednesday,30,STOP SIGN/FLASHER,CLEAR,DAYLIGHT,PEDESTRIAN,DRY,INJURY AND / OR TOW DUE TO CRASH,$500 OR LESS,FAILING TO YIELD RIGHT-OF-WAY,2,INCAPACITATING INJURY,1.0,0.0,1.0,9,4,10,41.8682753,-87.71072482,"['10/11/2023', '09:10:00', 'AM']",INCAPACITATING INJURY with Device
ab4fa2dbb27c8cbd6bdaca2836074aae7e726b41a44483d3fd4da45d6ef7db2a9470b633d7d1de91663f0946e8cb4707a7b8c72ad907ac3b41fb5a5b353b67f8,2023-10-11 06:57:00,Wednesday,30,TRAFFIC SIGNAL,CLEAR,DAYLIGHT,PEDESTRIAN,DRY,INJURY AND / OR TOW DUE TO CRASH,"OVER $1,500","VISION OBSCURED (SIGNS, TREE LIMBS, BUILDINGS, ETC.)",3,INCAPACITATING INJURY,1.0,0.0,1.0,6,4,10,41.84460675,-87.70518908,"['10/11/2023', '06:57:00', 'AM']",INCAPACITATING INJURY with Device
9cda6fa24a4946a58bc22d1e335c13a1928d559c1f8906b84bb0e353e8cddd138434293be73ff3ee892b9ba569c5f293bdad0e887d15f6da6a71d06af7b26c24,2023-10-10 19:20:00,Tuesday,30,NO CONTROLS,UNKNOWN,UNKNOWN,PEDALCYCLIST,UNKNOWN,INJURY AND / OR TOW DUE TO CRASH,"$501 - $1,500",FAILING TO YIELD RIGHT-OF-WAY,2,INCAPACITATING INJURY,1.0,0.0,1.0,19,3,10,41.96166714,-87.64976057,"['10/10/2023', '07:20:00', 'PM']",INCAPACITATING INJURY without Device
d54909c9b2dadaf224d2212a4f14ff08a552a1340431511889e1115a37713b8ea0b0be60681fa3c861308eb25de33c66dbbd0ebe46479b778b17466c60e7d4e6,2023-10-10 18:55:00,Tuesday,30,NO CONTROLS,CLEAR,DAYLIGHT,REAR TO FRONT,DRY,INJURY AND / OR TOW DUE TO CRASH,"OVER $1,500",EQUIPMENT - VEHICLE CONDITION,3,INCAPACITATING INJURY,1.0,0.0,1.0,18,3,10,41.9468464,-87.68777986,"['10/10/2023', '06:55:00', 'PM']",INCAPACITATING INJURY without Device
26ec797a395b801186c58d574695d459b0a091e5ff873b42456759973982854ee0623428dd02c2a543b974e70080763a77ecc800e9f36626f93aba3833c9c0ec,2023-10-10 18:27:00,Tuesday,30,TRAFFIC SIGNAL,CLEAR,DUSK,PEDESTRIAN,DRY,INJURY AND / OR TOW DUE TO CRASH,"OVER $1,500",IMPROPER TURNING/NO SIGNAL,2,INCAPACITATING INJURY,1.0,0.0,1.0,18,3,10,41.89340183,-87.62683169,"['10/10/2023', '06:27:00', 'PM']",INCAPACITATING INJURY with Device
889bfb76388ec4886276124302d13881ac4988c29aa35cc1e98de151e3d6a4085694247ff05d62c71a52b0791299972bb78e567fbc8f176746f70550d8ec6edc,2023-10-10 17:29:00,Tuesday,30,STOP SIGN/FLASHER,CLEAR,DAYLIGHT,ANGLE,DRY,INJURY AND / OR TOW DUE TO CRASH,"OVER $1,500",FAILING TO REDUCE SPEED TO AVOID CRASH,3,INCAPACITATING INJURY,3.0,0.0,1.0,17,3,10,41.78914772,-87.62247236,"['10/10/2023', '05:29:00', 'PM']",INCAPACITATING INJURY with Device
36bbd1019f04d6b022a4610b27e949e623405e7b86079cfcccbd6f3810b62885f88399041f3cb7589bcd13d55134919ffeba532ce837ed13d8917e562cec40a1,2023-10-10 10:37:00,Tuesday,35,NO CONTROLS,CLEAR,DAYLIGHT,TURNING,DRY,INJURY AND / OR TOW DUE TO CRASH,"OVER $1,500",IMPROPER TURNING/NO SIGNAL,2,INCAPACITATING INJURY,1.0,0.0,1.0,10,3,10,41.81218144,-87.70758554,"['10/10/2023', '10:37:00', 'AM']",INCAPACITATING INJURY without Device
2b161386c34789d037cb8edebcdeb59353551d63d944058a75a37c14579e3f152667ec6231c0150175f019f7a8456e0d1286527fad3628c64640e1c79fead951,2023-10-09 10:30:00,Monday,30,TRAFFIC SIGNAL,CLEAR,DAYLIGHT,PEDALCYCLIST,DRY,INJURY AND / OR TOW DUE TO CRASH,"OVER $1,500",UNABLE TO DETERMINE,2,INCAPACITATING INJURY,1.0,0.0,1.0,10,2,10,41.85774877,-87.66628522,"['10/09/2023', '10:30:00', 'AM']",INCAPACITATING INJURY with Device
11667c49d055e57cb2f54c764121f5ed3b49862d8a9a8f1846ffc3723c28f1e47ff5a0883b91c38d5d2d7d2bc1821680fd889b2bd96e15c6fa026e3ba77c7f4d,2023-10-08 23:46:00,Sunday,30,TRAFFIC SIGNAL,CLEAR,"DARKNESS, LIGHTED ROAD",REAR END,DRY,INJURY AND / OR TOW DUE TO CRASH,"OVER $1,500",FAILING TO REDUCE SPEED TO AVOID CRASH,3,INCAPACITATING INJURY,2.0,0.0,2.0,23,1,10,41.86258623,-87.64693222,"['10/08/2023', '11:46:00', 'PM']",INCAPACITATING INJURY with Device
8e4a529705e385c8cf71cb7d2d00c8920af3d25a05ea9cc2916f72db25cecb1f4b588447d5d4abcfbecf27c91ba782cc0a56128c720911e5c89a23c7c09c78dd,2023-10-08 19:58:00,Sunday,30,NO CONTROLS,CLEAR,"DARKNESS, LIGHTED ROAD",PEDESTRIAN,DRY,INJURY AND / OR TOW DUE TO CRASH,"OVER $1,500","VISION OBSCURED (SIGNS, TREE LIMBS, BUILDINGS, ETC.)",2,INCAPACITATING INJURY,1.0,0.0,1.0,19,1,10,41.75224876,-87.66622657,"['10/08/2023', '07:58:00', 'PM']",INCAPACITATING INJURY without Device
c63057c81d97b34dfdcf35a3faa7dd0a794425e301dd90a698e9a046c4cb74301482dab89a5dc1174e8103ca0658a41cef464757a5325733aefa35aa7e94c22d,2023-10-08 17:00:00,Sunday,30,NO CONTROLS,CLEAR,DAYLIGHT,OTHER NONCOLLISION,DRY,INJURY AND / OR TOW DUE TO CRASH,"OVER $1,500",EQUIPMENT - VEHICLE CONDITION,1,INCAPACITATING INJURY,1.0,0.0,1.0,17,1,10,41.92485359,-87.68308102,"['10/08/2023', '05:00:00', 'PM']",INCAPACITATING INJURY without Device
3057583f745cf58d0d9fb188d407874ce9108223091d96432ae6ebfa3195395b345de04e78b541e9ccf85a57085d9a9c8eff436d8a38c9c87109fb30237d0b37,2023-10-08 13:46:00,Sunday,30,YIELD,CLEAR,DAYLIGHT,PEDESTRIAN,UNKNOWN,INJURY AND / OR TOW DUE TO CRASH,"OVER $1,500",FAILING TO YIELD RIGHT-OF-WAY,2,INCAPACITATING INJURY,1.0,0.0,1.0,13,1,10,41.87961696,-87.62449996,"['10/08/2023', '01:46:00', 'PM']",INCAPACITATING INJURY with Device
cd7f406ec023faaf4ffaddb955cde2fa34731a258db25748d4e7d7cb6ce9d8c013c8bb72d64d0ce5eaa23536fd313f3edf7153678c76a8c4fa3ba1390474b44e,2023-10-08 06:35:00,Sunday,30,YIELD,CLEAR,"DARKNESS, LIGHTED ROAD",PEDESTRIAN,DRY,INJURY AND / OR TOW DUE TO CRASH,"OVER $1,500",UNABLE TO DETERMINE,2,FATAL,1.0,1.0,0.0,6,1,10,41.93133484,-87.76995473,"['10/08/2023', '06:35:00', 'AM']",FATAL with Device
f0663c6d9bbc13fe0c199a3c899623e071b2fbadba8f17c94e14f48e01dde85bf6e6404c1f49f70c8c3112f71299e6081ea74c1d7eb68a68e8c081912cd99b18,2023-10-08 04:46:00,Sunday,30,TRAFFIC SIGNAL,CLEAR,"DARKNESS, LIGHTED ROAD",PEDESTRIAN,DRY,INJURY AND / OR TOW DUE TO CRASH,"OVER $1,500",DISREGARDING TRAFFIC SIGNALS,2,INCAPACITATING INJURY,1.0,0.0,1.0,4,1,10,41.77814401,-87.76263393,"['10/08/2023', '04:46:00', 'AM']",INCAPACITATING INJURY with Device
71b1dc2d32a52d56cd13c4b807363e8a966548480932e7414a5231fac97e1302dded92f13f62c7c77f4763e81f13bf386cb80735fedfbd18f059e135b9912086,2023-10-08 03:36:00,Sunday,30,TRAFFIC SIGNAL,CLEAR,"DARKNESS, LIGHTED ROAD",ANGLE,DRY,INJURY AND / OR TOW DUE TO CRASH,"OVER $1,500",DISREGARDING TRAFFIC SIGNALS,2,INCAPACITATING INJURY,2.0,0.0,1.0,3,1,10,41.92348975,-87.79517498,"['10/08/2023', '03:36:00', 'AM']",INCAPACITATING INJURY with Device