CRASH_RECORD_ID,CRASH_DATE,Weekday,POSTED_SPEED_LIMIT,TRAFFIC_CONTROL_DEVICE,WEATHER_CONDITION,LIGHTING_CONDITION,FIRST_CRASH_TYPE,ROADWAY_SURFACE_COND,CRASH_TYPE,DAMAGE,PRIM_CONTRIBUTORY_CAUSE,NUM_UNITS,MOST_SEVERE_INJURY,INJURIES_TOTAL,INJURIES_FATAL,INJURIES_INCAPACITATING,CRASH_HOUR,CRASH_DAY_OF_WEEK,CRASH_MONTH,LATITUDE,LONGITUDE,CRASH_TIME,CATEGORIES
cc71ab2a309e8aaaa94d4d51822ee023de6a835446a007e5dace0b02dfc8e0b0f205623d575a4273398996a04d5026df2d29cfd214b414da5f1a3e404ad96e7f,2023-10-08 02:30:00,Sunday,30,STOP SIGN/FLASHER,CLEAR,"DARKNESS, LIGHTED ROAD",ANGLE,DRY,INJURY AND / OR TOW DUE TO CRASH,"OVER $1,500",FAILING TO YIELD RIGHT-OF-WAY,2,INCAPACITATING INJURY,1.0,0.0,1.0,2,1,10,41.78869813,-87.65245099,"['10/08/2023', '02:30:00', 'AM']",INCAPACITATING INJURY with Device
2fa0bd8165b2dbc1241e813677801a019c320dc544c70de18adac4c814a2c7390298b135cf4d92b24de17f70f55b792d4b369ab71135513bbcd589fd15fe7c4f,2023-10-07 20:58:00,Saturday,35,NO CONTROLS,CLEAR,"DARKNESS, LIGHTED ROAD",PEDALCYCLIST,DRY,INJURY AND / OR TOW DUE TO CRASH,"OVER $1,500","OPERATING VEHICLE IN ERRATIC, RECKLESS, CARELESS, NEGLIGENT OR AGGRESSIVE MANNER",2,INCAPACITATING INJURY,1.0,0.0,1.0,20,7,10,41.8866038,-87.7436834,"['10/07/2023', '08:58:00', 'PM']",INCAPACITATING INJURY without Device
818ae4daaff168077014cf095adabe98e011a76e08ba21c9a6377192b93d6b7ff495fa0cffac1584f19c3746930f440a6c8883d63180462c6df70f9bcc3c120e,2023-10-07 15:36:00,Saturday,30,STOP SIGN/FLASHER,RAIN,DAYLIGHT,ANGLE,WET,INJURY AND / OR TOW DUE TO CRASH,"OVER $1,500",FAILING TO YIELD RIGHT-OF-WAY,2,INCAPACITATING INJURY,1.0,0.0,1.0,15,7,10,41.71371381,-87.67230515,"['10/07/2023', '03:36:00', 'PM']",INCAPACITATING INJURY with Device
78cdf6c0d65d8fa938a4231f074db805f1cd19cd0d8a897a40d5223aa780c602e0718a70cd3aa09eb7b89202fa114b320aa0a2607ace9fa273c8150d4095f4f5,2023-10-07 15:30:00,Saturday,25,NO CONTROLS,CLEAR,DAYLIGHT,HEAD ON,DRY,INJURY AND / OR TOW DUE TO CRASH,"OVER $1,500",FAILING TO REDUCE SPEED TO AVOID CRASH,2,INCAPACITATING INJURY,7.0,0.0,4.0,15,7,10,41.79638081,-87.62589223,"['10/07/2023', '03:30:00', 'PM']",INCAPACITATING INJURY without Device
4ea4f08cb691caa89257f2dc979cc9d6f0b758a47ffdadff4161e11c2e8d21b2c34c6d900f2a020f710ed84301bedd8a353dca72ef03bb15d6cd382f02aba59d,2023-10-07 13:13:00,Saturday,20,NO CONTROLS,CLEAR,DAYLIGHT,PARKED MOTOR VEHICLE,DRY,INJURY AND / OR TOW DUE TO CRASH,"OVER $1,500",DRIVING SKILLS/KNOWLEDGE/EXPERIENCE,5,INCAPACITATING INJURY,1.0,0.0,1.0,13,7,10,41.87772021,-87.65469,"['10/07/2023', '01:13:00', 'PM']",INCAPACITATING INJURY without Device
16553b547a108916ba4fce11f7539acde84c9ecc841e0c318a7ce70819c81c607361835047311f1bb038c4c4820a3b873bb8bc4f7dc5433da013484e245b44aa,2023-10-07 12:40:00,Saturday,30,TRAFFIC SIGNAL,CLEAR,DAYLIGHT,PEDESTRIAN,DRY,INJURY AND / OR TOW DUE TO CRASH,"OVER $1,500",DRIVING SKILLS/KNOWLEDGE/EXPERIENCE,2,INCAPACITATING INJURY,1.0,0.0,1.0,12,7,10,41.95375843,-87.72755892,"['10/07/2023', '12:40:00', 'PM']",INCAPACITATING INJURY with Device
78db6f704f024f679967af61c3d80a730f0a1d05231475f2aff8b9ffb0837c403bccebb36792b30714ab1c493719a78829eb2895953bd009f1458f9542e0d437,2023-10-07 12:20:00,Saturday,30,TRAFFIC SIGNAL,CLEAR,DAYLIGHT,PEDESTRIAN,DRY,INJURY AND / OR TOW DUE TO CRASH,$500 OR LESS,UNABLE TO DETERMINE,2,INCAPACITATING INJURY,1.0,0.0,1.0,12,7,10,41.75054956,-87.64418837,"['10/07/2023', '12:20:00', 'PM']",INCAPACITATING INJURY with Device
aebf481cf75220dec6ce65aec98caf8360137de560a7faaddf6caa057375114166731f4d6ee0f52ccbf28e5072a84eb40683b669d66466ace806e513ae0d15af,2023-10-07 10:00:00,Saturday,20,NO CONTROLS,CLEAR,DAYLIGHT,ANGLE,DRY,INJURY AND / OR TOW DUE TO CRASH,"OVER $1,500",FAILING TO YIELD RIGHT-OF-WAY,2,INCAPACITATING INJURY,1.0,0.0,1.0,10,7,10,41.73596419,-87.6653544,"['10/07/2023', '10:00:00', 'AM']",INCAPACITATING INJURY without Device
9c99f4deff40ba27965a14f750dd4c8ca7c9c1ff6bb4d8e4fd9de8e9f3a8ae439b9f07099cc97d33dd578fbd68b51d8c617c904a815aa91b52532ca7e5eb8e26,2023-10-06 20:06:00,Friday,30,TRAFFIC SIGNAL,CLEAR,"DARKNESS, LIGHTED ROAD",PEDESTRIAN,DRY,INJURY AND / OR TOW DUE TO CRASH,"OVER $1,500",UNABLE TO DETERMINE,2,FATAL,1.0,1.0,0.0,20,6,10,41.85207592,-87.67525922,"['10/06/2023', '08:06:00', 'PM']",FATAL with Device
b454f69bbe5a26f97132cc5bea9be50274943a4888efb78042ab7edf6056c5b9aad9e451052a52166d23396f0a96c62ebbe09ba2ec0d34adddda72e7a13c17f6,2023-10-06 16:00:00,Friday,30,NO CONTROLS,CLEAR,DAYLIGHT,PARKED MOTOR VEHICLE,DRY,INJURY AND / OR TOW DUE TO CRASH,"OVER $1,500",UNABLE TO DETERMINE,2,INCAPACITATING INJURY,2.0,0.0,1.0,16,6,10,41.89613829,-87.75548473,"['10/06/2023', '04:00:00', 'PM']",INCAPACITATING INJURY without Device
9407da78120ec6b6b914d01ddc7b4e66ef7ea6e782a618c071e57129937922b1f3c5d8ca5b68137ad947302bf63e4a6caa2bc966fc94ef1368632cc3794f1532,2023-10-06 15:25:00,Friday,30,STOP SIGN/FLASHER,CLEAR,DAYLIGHT,ANGLE,WET,INJURY AND / OR TOW DUE TO CRASH,"OVER $1,500",FAILING TO YIELD RIGHT-OF-WAY,3,INCAPACITATING INJURY,1.0,0.0,1.0,15,6,10,41.86155942,-87.66637053,"['10/06/2023', '03:25:00', 'PM']",INCAPACITATING INJURY with Device
b8f2c195c358ea08d6d9c44f34ef235e0508313849ab17453082cb40e7b9e4a39836dc4d8521af7d3d00ac511820fb7a7763c411862e3b2035922b1a5940a500,2023-10-06 11:48:00,Friday,40,NO CONTROLS,CLEAR,"DARKNESS, LIGHTED ROAD",HEAD ON,DRY,INJURY AND / OR TOW DUE TO CRASH,"OVER $1,500",UNDER THE INFLUENCE OF ALCOHOL/DRUGS (USE WHEN ARREST IS EFFECTED),2,FATAL,3.0,1.0,0.0,11,6,10,41.84206837,-87.60962808,"['10/06/2023', '11:48:00', 'AM']",FATAL without Device
d38dc5dba4846a32a23e6efce393dc6002ad5277729772684153c3a6b0caf9efad2ebb74206a41e70405712fbef3dcbee81c0c17bf834a1996161aeecdeff95c,2023-10-06 08:40:00,Friday,30,TRAFFIC SIGNAL,CLEAR,DAYLIGHT,REAR TO SIDE,DRY,INJURY AND / OR TOW DUE TO CRASH,"OVER $1,500",DISREGARDING TRAFFIC SIGNALS,2,INCAPACITATING INJURY,1.0,0.0,1.0,8,6,10,41.93808244,-87.81300015,"['10/06/2023', '08:40:00', 'AM']",INCAPACITATING INJURY with Device
324bcc6fbd3abf8909cc3ebbf4e3ba15417914df94b961e6f2d9e575e372a4ae46090093c3431ce6e2251dee104ee3a78166d37211c83fd2338e224acaf33d69,2023-10-05 19:50:00,Thursday,30,NO CONTROLS,CLEAR,"DARKNESS, LIGHTED ROAD",REAR END,DRY,INJURY AND / OR TOW DUE TO CRASH,"OVER $1,500",FAILING TO REDUCE SPEED TO AVOID CRASH,2,INCAPACITATING INJURY,2.0,0.0,1.0,19,5,10,41.91725536,-87.70990111,"['10/05/2023', '07:50:00', 'PM']",INCAPACITATING INJURY without Device
1a1799680b4105c3a8393de195d763034d07657c06f300ec5f098379eab6bfc05da20d547c791c876027a858cb69626bbe9d43a9d8d7477455b3ae7d2b38a92c,2023-10-05 18:20:00,Thursday,30,NO CONTROLS,CLEAR,DAYLIGHT,TURNING,UNKNOWN,INJURY AND / OR TOW DUE TO CRASH,"$501 - $1,500",IMPROPER TURNING/NO SIGNAL,2,INCAPACITATING INJURY,1.0,0.0,1.0,18,5,10,41.96582747,-87.66670356,"['10/05/2023', '06:20:00', 'PM']",INCAPACITATING INJURY without Device
25797fa6a6ac93e30fdbddab0e01036efd2c6819cf474129c07ecef4710833aa1fc4bcc5ed0ff05f3b54e4b3bf8207bf63890c8599d4b8b7cbb6ba0f86a18778,2023-10-05 15:06:00,Thursday,30,NO CONTROLS,CLEAR,DAYLIGHT,PEDALCYCLIST,UNKNOWN,INJURY AND / OR TOW DUE TO CRASH,"OVER $1,500",UNABLE TO DETERMINE,2,INCAPACITATING INJURY,1.0,0.0,1.0,15,5,10,42.02266027,-87.67664724,"['10/05/2023', '03:06:00', 'PM']",INCAPACITATING INJURY without Device
5519d214cde37f18220a009e5a3a024aa73aaa2f71c628d0e41ad72e06461cbc2c46091b067744345a72782b4b7d8e1c32fde0e7e43d362e8a23110d5f762a4c,2023-10-05 12:40:00,Thursday,30,STOP SIGN/FLASHER,CLEAR,DAYLIGHT,REAR TO FRONT,DRY,INJURY AND / OR TOW DUE TO CRASH,"$501 - $1,500",IMPROPER BACKING,2,INCAPACITATING INJURY,1.0,0.0,1.0,12,5,10,41.85236647,-87.65639151,"['10/05/2023', '12:40:00', 'PM']",INCAPACITATING INJURY with Device
e6fcff728c9fd11bd268eda2c96e5785383e8b3b6d1439ab1ff5276b0c031e7271cf992df021c4b8ed27122dc17521d14070984e5c2583e963193431c6bd37d3,2023-10-05 06:55:00,Thursday,30,NO CONTROLS,RAIN,DAWN,ANGLE,WET,INJURY AND / OR TOW DUE TO CRASH,"OVER $1,500",FAILING TO YIELD RIGHT-OF-WAY,2,INCAPACITATING INJURY,1.0,0.0,1.0,6,5,10,41.79741762,-87.68371119,"['10/05/2023', '06:55:00', 'AM']",INCAPACITATING INJURY without Device
1e5d22b2c42ea44092016668d7756d8bb4865726e549f8fb6b4382d59ada1528093f8753c0bb313bb067a684c264dc9656537ade8bcf6eb91e71b43b47ab5b0f,2023-10-05 05:11:00,Thursday,30,TRAFFIC SIGNAL,RAIN,"DARKNESS, LIGHTED ROAD",TURNING,WET,INJURY AND / OR TOW DUE TO CRASH,$500 OR LESS,UNABLE TO DETERMINE,3,FATAL,1.0,1.0,0.0,5,5,10,41.78953063,-87.72320717,"['10/05/2023', '05:11:00', 'AM']",FATAL with Device
683077f98c219cfdce3f09fdb5da9ed34891223a79f870d95980463823a0f91df6ca8798135037c41a4aff97190707dac5531c3ba1fae212c9629e04ef8d39e4,2023-10-04 19:30:00,Wednesday,25,STOP SIGN/FLASHER,CLEAR,"DARKNESS, LIGHTED ROAD",PEDALCYCLIST,DRY,INJURY AND / OR TOW DUE TO CRASH,$500 OR LESS,UNABLE TO DETERMINE,2,INCAPACITATING INJURY,1.0,0.0,1.0,19,4,10,41.94766102,-87.76169375,"['10/04/2023', '07:30:00', 'PM']",INCAPACITATING INJURY with Device
7b3406b76de901cf5540f4cbfb8390c76b072849414eb742dd74b8e0eb25975db230517dfd826aef8cdc0dbd511b6640685222cff159257918128bb304a50fee,2023-10-04 19:14:00,Wednesday,35,TRAFFIC SIGNAL,CLEAR,DAYLIGHT,ANGLE,DRY,INJURY AND / OR TOW DUE TO CRASH,"OVER $1,500",UNABLE TO DETERMINE,4,INCAPACITATING INJURY,2.0,0.0,1.0,19,4,10,41.82553873,-87.61704486,"['10/04/2023', '07:14:00', 'PM']",INCAPACITATING INJURY with Device
8d23aa905c70fe73678a76ce29694f0e49111728452eaceb2e518b22565be39ba36c064ec814e4d76c0add04b837cbc3ed4a9f8aa6e39f02aa89128d4f5ec40c,2023-10-04 16:10:00,Wednesday,30,NO CONTROLS,CLEAR,DAYLIGHT,PEDALCYCLIST,DRY,INJURY AND / OR TOW DUE TO CRASH,$500 OR LESS,UNABLE TO DETERMINE,2,INCAPACITATING INJURY,1.0,0.0,1.0,16,4,10,41.94550193,-87.66412226,"['10/04/2023', '04:10:00', 'PM']",INCAPACITATING INJURY without Device
b7dc62e93767f1c1f24b1d6a863f8ba300fb7c1e109f4833f1504a21e6c5ddb621ee04ac30a596ff48e19759185f066b3cd7883c282ef77c2b6dbccf1eb4dd9e,2023-10-04 15:21:00,Wednesday,30,NO CONTROLS,CLEAR,DAYLIGHT,PEDALCYCLIST,DRY,INJURY AND / OR TOW DUE TO CRASH,"OVER $1,500",IMPROPER OVERTAKING/PASSING,2,INCAPACITATING INJURY,1.0,0.0,1.0,15,4,10,41.80043077,-87.58725691,"['10/04/2023', '03:21:00', 'PM']",INCAPACITATING INJURY without Device
fcf58dd9a7d7fd859a7d8f7e1a792c62b37f220a0f92cb399218172683c869ef7dc15d51f71cfe06f71646214de3e04aef9b3db2729b1e608c13f1e7865b239b,2023-10-04 14:04:00,Wednesday,30,NO CONTROLS,CLOUDY/OVERCAST,DAYLIGHT,REAR END,DRY,INJURY AND / OR TOW DUE TO CRASH,"$501 - $1,500",FOLLOWING TOO CLOSELY,2,INCAPACITATING INJURY,1.0,0.0,1.0,14,4,10,41.80253209,-87.59178796,"['10/04/2023', '02:04:00', 'PM']",INCAPACITATING INJURY without Device
3a5db2a9970b8f30b5325880e41442dc1cc268005abefc8a469669e076954bfcd9d5095306d6dcfa93dc5a497ee963b41405561547ae8595748c074cbb58dabe,2023-10-04 12:20:00,Wednesday,35,NO CONTROLS,CLEAR,DAYLIGHT,SIDESWIPE SAME DIRECTION,DRY,INJURY AND / OR TOW DUE TO CRASH,"OVER $1,500",UNABLE TO DETERMINE,2,INCAPACITATING INJURY,3.0,0.0,1.0,12,4,10,41.89244079,-87.74557395,"['10/04/2023', '12:20:00', 'PM']",INCAPACITATING INJURY without Device
18ce5589dc63b23c7b91a55b91be126ab2ecc9fa115405f7e34417a4de216722b9f84c6d9e9729b2f1c89c256b2b4b335f7f0f5cf2944fa95ff3d59b08a88a59,2023-10-04 08:54:00,Wednesday,30,NO CONTROLS,CLEAR,DAYLIGHT,PARKED MOTOR VEHICLE,DRY,INJURY AND / OR TOW DUE TO CRASH,"OVER $1,500",IMPROPER LANE USAGE,2,INCAPACITATING INJURY,1.0,0.0,1.0,8,4,10,41.72867428,-87.64355805,"['10/04/2023', '08:54:00', 'AM']",INCAPACITATING INJURY without Device
182e08021288201ca89a42c8ef545bc6c47e5a5426d47f7d6a9855747f939afb3e283233c96c783fbd087580b7e2a457e150dd1ffd53fb2eaa7e5a2e31e3bbed,2023-10-04 08:34:00,Wednesday,30,TRAFFIC SIGNAL,CLEAR,DAYLIGHT,PEDESTRIAN,DRY,INJURY AND / OR TOW DUE TO CRASH,$500 OR LESS,NOT APPLICABLE,2,FATAL,1.0,1.0,0.0,8,4,10,41.8743399,-87.73536536,"['10/04/2023', '08:34:00', 'AM']",FATAL with Device
ebb9eaf253512f02933899e550e0b74cd22519a60e72385ef31d29fa82510203178280be6e6b885d1e4acbde92697d142b91a68c4916c19f1e7762f513aeaa9b,2023-10-03 20:31:00,Tuesday,30,TRAFFIC SIGNAL,CLEAR,DARKNESS,PEDALCYCLIST,DRY,INJURY AND / OR TOW DUE TO CRASH,"OVER $1,500",UNABLE TO DETERMINE,2,INCAPACITATING INJURY,1.0,0.0,1.0,20,3,10,41.73576865,-87.65834927,"['10/03/2023', '08:31:00', 'PM']",INCAPACITATING INJURY with Device
70ed6a1d097197e6ddf044dd9d944449505696d35906ce393166c5c2caf8730e8ed1f76d12405d65db9bae8c4a5f89e3a70a38d6c89c0c472e21ace162f8c141,2023-10-03 17:11:00,Tuesday,35,NO CONTROLS,CLEAR,DAYLIGHT,PEDESTRIAN,DRY,INJURY AND / OR TOW DUE TO CRASH,$500 OR LESS,FAILING TO YIELD RIGHT-OF-WAY,2,INCAPACITATING INJURY,1.0,0.0,1.0,17,3,10,41.82509733,-87.60380392,"['10/03/2023', '05:11:00', 'PM']",INCAPACITATING INJURY without Device
7f4e6b18e8f0f1d5f61f36ae6eb318d0de2129fc457ca4072e48d1014c1adb4aae0daa5f19e288be699df7b91e50ff61796287ca2b69359657598d63555aec7f,2023-10-03 15:49:00,Tuesday,30,TRAFFIC SIGNAL,CLEAR,DAYLIGHT,PEDESTRIAN,DRY,INJURY AND / OR TOW DUE TO CRASH,"$501 - $1,500",UNABLE TO DETERMINE,2,INCAPACITATING INJURY,1.0,0.0,1.0,15,3,10,41.80841675,-87.67483107,"['10/03/2023', '03:49:00', 'PM']",INCAPACITATING INJURY with Device
ecef6a88765092a79567cbafa789ed795678bacea53091d144007d400d5f12d4fa615bed8e04370940136c5a69f2afb5e31306e18a0a74e3b4c17ba5a79e46b4,2023-10-03 13:50:00,Tuesday,35,YIELD,CLEAR,DAYLIGHT,TURNING,DRY,INJURY AND / OR TOW DUE TO CRASH,"OVER $1,500",FAILING TO YIELD RIGHT-OF-WAY,2,INCAPACITATING INJURY,2.0,0.0,2.0,13,3,10,41.82737019,-87.62331266,"['10/03/2023', '01:50:00', 'PM']",INCAPACITATING INJURY with Device
7e06954bafeeee5752f2e39bf8ac1f06ecd30258ce5a96c5d11a281ba3250bced5a76494a07aabefcf4660ad583201f00f708779dc178e99bf11644634269eef,2023-10-03 08:56:00,Tuesday,15,NO CONTROLS,CLEAR,DAYLIGHT,PEDESTRIAN,DRY,INJURY AND / OR TOW DUE TO CRASH,$500 OR LESS,UNABLE TO DETERMINE,2,FATAL,1.0,1.0,0.0,8,3,10,41.71973554,-87.64331421,"['10/03/2023', '08:56:00', 'AM']",FATAL without Device
b29d26fece131b070dbf8095cc685d6f1127a39dc1f64b24c2d4f7f767de78717dbb7c48d21de06b36596a332c78b6f0eb803fc1b0657f4772f68bee2239576c,2023-10-03 08:20:00,Tuesday,25,NO CONTROLS,CLEAR,DAYLIGHT,PARKED MOTOR VEHICLE,DRY,INJURY AND / OR TOW DUE TO CRASH,"OVER $1,500",FAILING TO REDUCE SPEED TO AVOID CRASH,2,INCAPACITATING INJURY,1.0,0.0,1.0,8,3,10,41.76705163,-87.69079115,"['10/03/2023', '08:20:00', 'AM']",INCAPACITATING INJURY without Device
02f162239496a70e96fac3b53336c822aaaab6342b7fc961c729cb9a7d7ff831c5addb1100d5b89d962d4413665c9b0cfc50f7074cfbfeef5617914386b26a90,2023-10-02 16:30:00,Monday,30,NO CONTROLS,CLEAR,DAYLIGHT,OTHER OBJECT,DRY,INJURY AND / OR TOW DUE TO CRASH,"OVER $1,500",UNABLE TO DETERMINE,2,INCAPACITATING INJURY,1.0,0.0,1.0,16,2,10,41.95580861,-87.67865805,"['10/02/2023', '04:30:00', 'PM']",INCAPACITATING INJURY without Device
24b1b71dd0908aa51ced9cf90f6b83eb021f569cd6673acf9af290518cce1c3735612e163f52173669e987a2a6866b3314d933f7ab499466725d2c1e2b5d416a,2023-10-02 15:32:00,Monday,30,NO CONTROLS,CLEAR,DAYLIGHT,TURNING,DRY,INJURY AND / OR TOW DUE TO CRASH,"OVER $1,500",IMPROPER OVERTAKING/PASSING,2,INCAPACITATING INJURY,1.0,0.0,1.0,15,2,10,41.69718491,-87.53654983,"['10/02/2023', '03:32:00', 'PM']",INCAPACITATING INJURY without Device
69bf9a3af5a690fe82992faccf1350f69ba448cbb215c90f108435674c346ed701d19e47a8e1e3c426b2519cf657680757eea96f2feff063ef0b9effc4f2452e,2023-10-02 08:30:00,Monday,35,TRAFFIC SIGNAL,CLEAR,DAYLIGHT,PEDESTRIAN,DRY,INJURY AND / OR TOW DUE TO CRASH,$500 OR LESS,UNABLE TO DETERMINE,2,INCAPACITATING INJURY,1.0,0.0,1.0,8,2,10,41.76602778,-87.57644312,"['10/02/2023', '08:30:00', 'AM']",INCAPACITATING INJURY with Device
fc2e00d5fa2d57539d3daafc5d99b884c8f98f096b1f5a9cbd1f43b9e248ba5fe17831764eaf69f72cc19e0bcf2c26331d1aa5f11ed8356f6e9ad735eb37795c,2023-10-02 07:18:00,Monday,30,NO CONTROLS,CLEAR,DAYLIGHT,FIXED OBJECT,DRY,INJURY AND / OR TOW DUE TO CRASH,"OVER $1,500",UNABLE TO DETERMINE,1,INCAPACITATING INJURY,2.0,0.0,1.0,7,2,10,41.78852386,-87.664587,"['10/02/2023', '07:18:00', 'AM']",INCAPACITATING INJURY without Device
39bae1f3a971e3298c87b8d59dc70ec96ab378493b6c5b0f9db6034f85a98271f6c35fa1446d7d07fdcc9875a5d8383c46a33e444e24067dc94a04b933910e56,2023-10-02 06:59:00,Monday,30,TRAFFIC SIGNAL,CLEAR,DAYLIGHT,TURNING,DRY,INJURY AND / OR TOW DUE TO CRASH,"OVER $1,500",DISREGARDING TRAFFIC SIGNALS,3,INCAPACITATING INJURY,2.0,0.0,1.0,6,2,10,41.8764777,-87.77438183,"['10/02/2023', '06:59:00', 'AM']",INCAPACITATING INJURY with Device
1556272d14cdb4974ca0111792a6239a1de15573ca74bd332cd3a7c81fefe53cfe53705e7349f7e04024fe86f28054e6f6989c92599a7a821ee540ee49bfef24,2023-10-01 19:05:00,Sunday,30,TRAFFIC SIGNAL,CLEAR,DAYLIGHT,PEDESTRIAN,DRY,INJURY AND / OR TOW DUE TO CRASH,"OVER $1,500",FAILING TO YIELD RIGHT-OF-WAY,2,INCAPACITATING INJURY,1.0,0.0,1.0,19,1,10,41.98634263,-87.83710395,"['10/01/2023', '07:05:00', 'PM']",INCAPACITATING INJURY with Device
8773534467599f6f5a759ba2d90017c29931bbb5f666a4ef43a064e2d4ab5af2fec725341a014299094ad77658e74e37d5ddeb58803d5aae4174a7833450dc7f,2023-10-01 17:56:00,Sunday,30,NO CONTROLS,CLEAR,DAYLIGHT,SIDESWIPE SAME DIRECTION,DRY,INJURY AND / OR TOW DUE TO CRASH,"OVER $1,500",IMPROPER OVERTAKING/PASSING,2,INCAPACITATING INJURY,1.0,0.0,1.0,17,1,10,41.88652043,-87.62967034,"['10/01/2023', '05:56:00', 'PM']",INCAPACITATING INJURY without Device
2c30480cb14058b2e85732a4e1c4853f5dc69b73943648d32de21c4ff7fcda4aa395aaa7afd06f4da48a8f3c267bea190f896b49aef2196e2a0e95deeb25f9d7,2023-10-01 07:26:00,Sunday,30,TRAFFIC SIGNAL,CLEAR,DAYLIGHT,FIXED OBJECT,DRY,INJURY AND / OR TOW DUE TO CRASH,"OVER $1,500",PHYSICAL CONDITION OF DRIVER,1,INCAPACITATING INJURY,2.0,0.0,1.0,7,1,10,41.66042281,-87.58639179,"['10/01/2023', '07:26:00', 'AM']",INCAPACITATING INJURY with Device
388893d7f1a7b102916873d93aab969b2db7bfdf07b39a8b64c269641da6921840bac6fabb588eaf6e3e5b9ec825a7750cb64fb0f66a5b3a6fe4ffb17bbc4353,2023-10-01 03:48:00,Sunday,35,TRAFFIC SIGNAL,CLEAR,"DARKNESS, LIGHTED ROAD",FIXED OBJECT,DRY,INJURY AND / OR TOW DUE TO CRASH,"OVER $1,500",UNABLE TO DETERMINE,1,FATAL,2.0,1.0,1.0,3,1,10,41.90915135,-87.77499344,"['10/01/2023', '03:48:00', 'AM']",FATAL with Device
70f83e196964c5da594edaf33d1f4909e45d82d058d0c08746207507498c02157346d83888f4bd54ae384102483a1d384bead0355465b8a586abde3b0045d8cf,2023-10-01 02:20:00,Sunday,30,TRAFFIC SIGNAL,CLEAR,"DARKNESS, LIGHTED ROAD",PEDESTRIAN,DRY,INJURY AND / OR TOW DUE TO CRASH,"OVER $1,500",DISREGARDING TRAFFIC SIGNALS,2,FATAL,1.0,1.0,0.0,2,1,10,41.92437507,-87.72670493,"['10/01/2023', '02:20:00', 'AM']",FATAL with Device
a2c0117627973b38bcf7211fd6d02aedce780a27d2a2fb6fa00324835cc176dd6bdfb0c6340efcc4d163f1cb9b0f0a3292a749f37df45f7bef86f377176f5173,2023-10-01 02:12:00,Sunday,20,NO CONTROLS,CLEAR,DUSK,PEDESTRIAN,DRY,INJURY AND / OR TOW DUE TO CRASH,"OVER $1,500",FAILING TO REDUCE SPEED TO AVOID CRASH,3,INCAPACITATING INJURY,1.0,0.0,1.0,2,1,10,41.94987958,-87.65884298,"['10/01/2023', '02:12:00', 'AM']",INCAPACITATING INJURY without Device
12ab0331abd7af5f19bc7efbad3a13d62152dfd40838323c36a4f0e5360b82c900fec962e2116ffa218b24744985c44f2e7b22632e5e2c5456daafc35359ac69,2023-10-01 01:54:00,Sunday,5,NO CONTROLS,CLEAR,"DARKNESS, LIGHTED ROAD",PEDESTRIAN,DRY,INJURY AND / OR TOW DUE TO CRASH,"OVER $1,500","OPERATING VEHICLE IN ERRATIC, RECKLESS, CARELESS, NEGLIGENT OR AGGRESSIVE MANNER",2,INCAPACITATING INJURY,1.0,0.0,1.0,1,1,10,41.80246886,-87.74286544,"['10/01/2023', '01:54:00', 'AM']",INCAPACITATING INJURY without Device
955b2dea6d85d5b96640a840a00286deda089a5abf491ed8c6d49c33ad2622f6d59c12450929640523443a7c593aca0d2d7ddaa07b1856588c15a3209327f1de,2023-09-30 18:36:00,Saturday,30,TRAFFIC SIGNAL,CLEAR,DAYLIGHT,PEDESTRIAN,DRY,INJURY AND / OR TOW DUE TO CRASH,"OVER $1,500",FAILING TO YIELD RIGHT-OF-WAY,2,INCAPACITATING INJURY,1.0,0.0,1.0,18,7,9,41.88791004,-87.62080356,"['09/30/2023', '06:36:00', 'PM']",INCAPACITATING INJURY with Device
17fd39872abae4e5620a7a799c4e99c917ea6cbcae277928cb2ea3d99b33a39882edaab9edf3a5093b5285b4e9d99ef73a1a060208209c77fa3d0b1e946abf32,2023-09-30 13:58:00,Saturday,30,STOP SIGN/FLASHER,CLEAR,DAYLIGHT,PEDESTRIAN,DRY,INJURY AND / OR TOW DUE TO CRASH,$500 OR LESS,UNABLE TO DETERMINE,2,INCAPACITATING INJURY,1.0,0.0,1.0,13,7,9,41.80580908,-87.60435762,"['09/30/2023', '01:58:00', 'PM']",INCAPACITATING INJURY with Device
da4f9e0f927deac7e1a57e83eec1629ff4b9615675ca8233b1dd34eb64f84f44f0c70d3b95521d2780d2e1fc10f068c4f4515bdcafb7a13b7579030bc7fac4af,2023-09-30 12:24:00,Saturday,30,NO CONTROLS,CLEAR,DAYLIGHT,PEDALCYCLIST,DRY,INJURY AND / OR TOW DUE TO CRASH,$500 OR LESS,DISTRACTION - FROM INSIDE VEHICLE,3,INCAPACITATING INJURY,1.0,0.0,1.0,12,7,9,41.97581811,-87.71200236,"['09/30/2023', '12:24:00', 'PM']",INCAPACITATING INJURY without Device
58379cb8e6b0509a1b2fd66f54c747a1f997d45ba48d23fd011bf2d0571eb276de8be11405998d8c9104012bfa9a37ae496d3dc1ed77984bd8708b73f715e600,2023-09-30 06:30:00,Saturday,30,STOP SIGN/FLASHER,CLEAR,DAYLIGHT,TURNING,DRY,INJURY AND / OR TOW DUE TO CRASH,"OVER $1,500",IMPROPER TURNING/NO SIGNAL,2,INCAPACITATING INJURY,2.0,0.0,1.0,6,7,9,41.81394934,-87.70424588,"['09/30/2023', '06:30:00', 'AM']",INCAPACITATING INJURY with Device