CRASH_RECORD_ID,CRASH_DATE,Weekday,POSTED_SPEED_LIMIT,TRAFFIC_CONTROL_DEVICE,WEATHER_CONDITION,LIGHTING_CONDITION,FIRST_CRASH_TYPE,ROADWAY_SURFACE_COND,CRASH_TYPE,DAMAGE,PRIM_CONTRIBUTORY_CAUSE,NUM_UNITS,MOST_SEVERE_INJURY,INJURIES_TOTAL,INJURIES_FATAL,INJURIES_INCAPACITATING,CRASH_HOUR,CRASH_DAY_OF_WEEK,CRASH_MONTH,LATITUDE,LONGITUDE,CRASH_TIME,CATEGORIES
c9f409da69fd8d409be226b73cef243c63fa019d1c583ce2230f1d36ab0a0ef7dad637bd84d8faf951e8bc64b96a9bc80e07651bd701762e152067e5241b2e71,2023-09-29 19:00:00,Friday,30,NO CONTROLS,CLEAR,"DARKNESS, LIGHTED ROAD",PEDALCYCLIST,DRY,INJURY AND / OR TOW DUE TO CRASH,"OVER $1,500",FAILING TO YIELD RIGHT-OF-WAY,3,INCAPACITATING INJURY,1.0,0.0,1.0,19,6,9,41.94237961,-87.66858968,"['09/29/2023', '07:00:00', 'PM']",INCAPACITATING INJURY without Device
3e483a03dd1ad4449b6efe5f88db1e4b7517cb2c6d9c4d17224b861dc5dfcc897d26f2cff820b29f7dfd45128dca116d61324ba7e32c3066fbab9aa98482c4b4,2023-09-29 17:30:00,Friday,30,TRAFFIC SIGNAL,CLEAR,DAYLIGHT,REAR END,UNKNOWN,INJURY AND / OR TOW DUE TO CRASH,$500 OR LESS,FOLLOWING TOO CLOSELY,2,INCAPACITATING INJURY,1.0,0.0,1.0,17,6,9,41.93285982,-87.64473246,"['09/29/2023', '05:30:00', 'PM']",INCAPACITATING INJURY with Device
c74c076d50f249e6639eb717993bb5c651a705d8bba3d399ea69d46d41f3b9000d4622013551a007e3493a0dfb6b4d525644c0a218273ea9bc4e372ae21f1912,2023-09-29 17:16:00,Friday,30,TRAFFIC SIGNAL,CLEAR,DAYLIGHT,ANGLE,DRY,INJURY AND / OR TOW DUE TO CRASH,"OVER $1,500",UNABLE TO DETERMINE,3,INCAPACITATING INJURY,1.0,0.0,1.0,17,6,9,41.79638372,-87.58720082,"['09/29/2023', '05:16:00', 'PM']",INCAPACITATING INJURY with Device
a6644b992c7d17636bf43d9f086844242292ac7803daedad035530b5f669aae08d5b837e0ac4396572618b6b0125eea80d2a36bb92a16c2e26b118182b1851a2,2023-09-29 16:38:00,Friday,25,NO CONTROLS,CLEAR,DAYLIGHT,PEDESTRIAN,DRY,INJURY AND / OR TOW DUE TO CRASH,$500 OR LESS,FAILING TO REDUCE SPEED TO AVOID CRASH,2,INCAPACITATING INJURY,1.0,0.0,1.0,16,6,9,41.75041216,-87.70469616,"['09/29/2023', '04:38:00', 'PM']",INCAPACITATING INJURY without Device
1bc46e116b5af5e35c62ce37e553ad426c2638e952c1fde77a9d53745b6895991d22668face3627a433c77a5012dfaa5b5ee29313cae7a56943686dc675fb95c,2023-09-29 15:07:00,Friday,30,NO CONTROLS,CLEAR,DAYLIGHT,PEDALCYCLIST,DRY,INJURY AND / OR TOW DUE TO CRASH,"OVER $1,500",FAILING TO YIELD RIGHT-OF-WAY,2,INCAPACITATING INJURY,1.0,0.0,1.0,15,6,9,41.70282753,-87.53205183,"['09/29/2023', '03:07:00', 'PM']",INCAPACITATING INJURY without Device
926ad1d8df8f4bc3b573729d15eb25a8fd6dc387b08c28968d7526239831124176728140b0b028f989c57f145079c92c5e204746f59309715497d417573e90a8,2023-09-29 08:30:00,Friday,35,STOP SIGN/FLASHER,CLEAR,DAYLIGHT,PEDALCYCLIST,DRY,INJURY AND / OR TOW DUE TO CRASH,"OVER $1,500",UNABLE TO DETERMINE,2,INCAPACITATING INJURY,1.0,0.0,1.0,8,6,9,41.89371351,-87.65640532,"['09/29/2023', '08:30:00', 'AM']",INCAPACITATING INJURY with Device
5cf3bc3951cac7e5f85fdc70b6d3268a569e073d98828c2386932d2bc73f8cde9d46412ef9e60aada1ecf39acc3460637b811e7d6323b608c38ff50cb3648315,2023-09-29 07:58:00,Friday,30,NO CONTROLS,CLEAR,DAYLIGHT,PEDESTRIAN,DRY,INJURY AND / OR TOW DUE TO CRASH,"OVER $1,500",WEATHER,2,INCAPACITATING INJURY,1.0,0.0,1.0,7,6,9,41.96817204,-87.72432156,"['09/29/2023', '07:58:00', 'AM']",INCAPACITATING INJURY without Device
bb43d460f1e5ac01f79c32a682656c7fdce089e1ebb9f19130b6ebaa996fbed3e841bf55eabfeb66a9dd957593a7fbea672911c85cf5cfc421665fc09722b2e0,2023-09-29 06:25:00,Friday,30,NO CONTROLS,FOG/SMOKE/HAZE,DAWN,ANGLE,DRY,INJURY AND / OR TOW DUE TO CRASH,"OVER $1,500",UNABLE TO DETERMINE,2,INCAPACITATING INJURY,2.0,0.0,1.0,6,6,9,41.77854113,-87.73021959,"['09/29/2023', '06:25:00', 'AM']",INCAPACITATING INJURY without Device
cdd03a99f9debdbe8cf258911bff0252613a9aa6dfbc5cb0f90cb97ea3019c033811ca5e1f1614e88d85599ef4af3cd0d6e85eac737b742cc5182349e67d1dad,2023-09-28 16:57:00,Thursday,30,NO CONTROLS,CLEAR,DAYLIGHT,FIXED OBJECT,DRY,INJURY AND / OR TOW DUE TO CRASH,"OVER $1,500",NOT APPLICABLE,1,INCAPACITATING INJURY,1.0,0.0,1.0,16,5,9,41.68459797,-87.68474669,"['09/28/2023', '04:57:00', 'PM']",INCAPACITATING INJURY without Device
1b16470081ac3ae616e22eb92cc2fa5c1e6d9b05f485dbb91cb76161ad68c9aee1597cec248d02b3fd897345c51e3e411e4f0043c07c29bf096b4732ccbfabf2,2023-09-28 12:04:00,Thursday,30,NO CONTROLS,CLEAR,DAYLIGHT,PEDESTRIAN,DRY,INJURY AND / OR TOW DUE TO CRASH,$500 OR LESS,UNABLE TO DETERMINE,2,INCAPACITATING INJURY,1.0,0.0,1.0,12,5,9,41.76254756,-87.58351742,"['09/28/2023', '12:04:00', 'PM']",INCAPACITATING INJURY without Device
d55a99bdf16de7824d08becefeaae58ad7b650a9e2e8b9277a4ef75a090c81334628ea06065744d2a092279132c26e8f742816e28c2cf7dd3d37467f636226d2,2023-09-28 08:34:00,Thursday,35,NO CONTROLS,CLEAR,DAYLIGHT,TURNING,DRY,INJURY AND / OR TOW DUE TO CRASH,"$501 - $1,500",UNABLE TO DETERMINE,2,INCAPACITATING INJURY,1.0,0.0,1.0,8,5,9,42.01199858,-87.70770275,"['09/28/2023', '08:34:00', 'AM']",INCAPACITATING INJURY without Device
4f354ebe20975f314562b38cbc141c29250087d97ba680c28259644740aed12e4e3180fdb196582d7e3748c100ebd2cf60faec703b9c4bcf28e30cde4dbff212,2023-09-28 06:45:00,Thursday,30,TRAFFIC SIGNAL,OTHER,UNKNOWN,REAR END,WET,INJURY AND / OR TOW DUE TO CRASH,"OVER $1,500",FOLLOWING TOO CLOSELY,2,INCAPACITATING INJURY,2.0,0.0,2.0,6,5,9,41.88193707,-87.62774681,"['09/28/2023', '06:45:00', 'AM']",INCAPACITATING INJURY with Device
d9eaaf7b8fbd0936c1d2c17896a8762ba610c1ea0902e74880ddd05c2760a6bd609aa1ed786d921a9322d25c5505f98599dfad9bfcfd1ccb9fa1083915f391c1,2023-09-27 20:00:00,Wednesday,30,TRAFFIC SIGNAL,CLEAR,"DARKNESS, LIGHTED ROAD",PARKED MOTOR VEHICLE,UNKNOWN,INJURY AND / OR TOW DUE TO CRASH,"OVER $1,500",FAILING TO REDUCE SPEED TO AVOID CRASH,2,INCAPACITATING INJURY,1.0,0.0,1.0,20,4,9,41.99792923,-87.68461661,"['09/27/2023', '08:00:00', 'PM']",INCAPACITATING INJURY with Device
19eb18f453635379aabdae0ed91b1b474593884af216ad76d41f15207f77099ced15d21306d795913140589f79a2179d5f3e0208b594297459e7445b9283b8fd,2023-09-27 19:05:00,Wednesday,30,NO CONTROLS,CLEAR,"DARKNESS, LIGHTED ROAD",FIXED OBJECT,DRY,INJURY AND / OR TOW DUE TO CRASH,"OVER $1,500",UNABLE TO DETERMINE,1,INCAPACITATING INJURY,1.0,0.0,1.0,19,4,9,41.99373481,-87.71258418,"['09/27/2023', '07:05:00', 'PM']",INCAPACITATING INJURY without Device
2bb4577d86616f5de86c7d7c9081c1e0e584d720b9e59a2dcb04ec7930f36f32207836d83fa40b1084d77fa823de65dcef8e36007263003b727aec5731a99845,2023-09-27 08:40:00,Wednesday,30,STOP SIGN/FLASHER,RAIN,DAYLIGHT,ANGLE,WET,INJURY AND / OR TOW DUE TO CRASH,"OVER $1,500",UNABLE TO DETERMINE,2,INCAPACITATING INJURY,2.0,0.0,1.0,8,4,9,41.889673,-87.67701892,"['09/27/2023', '08:40:00', 'AM']",INCAPACITATING INJURY with Device
b1bced0d051cac3ea248ac5862ca15d1a0902bd01eac4f1336ac84ee7bbbbe0547ac1b89e5def7f988ce8e9fcc67d366542c7ad9e085cb25195a6c06b3bc02ec,2023-09-26 18:23:00,Tuesday,30,TRAFFIC SIGNAL,CLEAR,"DARKNESS, LIGHTED ROAD",SIDESWIPE SAME DIRECTION,DRY,INJURY AND / OR TOW DUE TO CRASH,"OVER $1,500",IMPROPER LANE USAGE,2,INCAPACITATING INJURY,1.0,0.0,1.0,18,3,9,41.88437214,-87.64258525,"['09/26/2023', '06:23:00', 'PM']",INCAPACITATING INJURY with Device
7335fa6d150b2aa8c72328ca69d25ef249b200f889a604bb1c4b3412e59200de26425a79ba980406c9333d571b6d73dc733d8cfec4685905f4f5d9be8e3f8214,2023-09-26 16:59:00,Tuesday,30,STOP SIGN/FLASHER,CLEAR,DAYLIGHT,PEDALCYCLIST,DRY,INJURY AND / OR TOW DUE TO CRASH,"OVER $1,500",FAILING TO REDUCE SPEED TO AVOID CRASH,4,INCAPACITATING INJURY,3.0,0.0,1.0,16,3,9,41.98013486,-87.65663236,"['09/26/2023', '04:59:00', 'PM']",INCAPACITATING INJURY with Device
a20122845a257336c8cd4bdd27e5dae948358bb1ee36296734d6cddd1fce1f5e23fe5e501c6f964eee77b16ed25b6985eed872c7795816a9207fc495b7364378,2023-09-26 13:45:00,Tuesday,30,NO CONTROLS,CLEAR,DAYLIGHT,PEDALCYCLIST,DRY,INJURY AND / OR TOW DUE TO CRASH,$500 OR LESS,FAILING TO YIELD RIGHT-OF-WAY,2,INCAPACITATING INJURY,1.0,0.0,1.0,13,3,9,41.8912019,-87.64785263,"['09/26/2023', '01:45:00', 'PM']",INCAPACITATING INJURY without Device
8749d41833766665812ddfe897d687652f5e28ad7dabd2cc7ab0e87662e0735a5b872d976531d14d76caae66b89d6c1f849fe4de165df317b9d8991bcbb4bfdc,2023-09-26 07:14:00,Tuesday,30,TRAFFIC SIGNAL,RAIN,DAYLIGHT,ANGLE,WET,INJURY AND / OR TOW DUE TO CRASH,"$501 - $1,500",IMPROPER LANE USAGE,2,INCAPACITATING INJURY,2.0,0.0,1.0,7,3,9,41.8930478,-87.63647651,"['09/26/2023', '07:14:00', 'AM']",INCAPACITATING INJURY with Device
0361dedcbe63edae56485029fcba1f424b51d8cab971032862fb985c4f155bbde838b1986eb03ad840a77072fe9c618c6f95f45a3882b4e311655272afb49f5a,2023-09-25 17:08:00,Monday,30,TRAFFIC SIGNAL,CLEAR,DAYLIGHT,ANGLE,DRY,INJURY AND / OR TOW DUE TO CRASH,"OVER $1,500",FAILING TO YIELD RIGHT-OF-WAY,2,INCAPACITATING INJURY,2.0,0.0,1.0,17,2,9,41.82325676,-87.66570861,"['09/25/2023', '05:08:00', 'PM']",INCAPACITATING INJURY with Device
95be1c50b1b3625239e75bbefa7635c4b25dd4a7e4feadcf36e02e0a4d3e489660ffe26e56d67e55dd8ded3651b3e5c58fbfb51fbf7aafcca7e74d5f21f3dd6b,2023-09-25 15:16:00,Monday,30,STOP SIGN/FLASHER,CLEAR,DAYLIGHT,TURNING,DRY,INJURY AND / OR TOW DUE TO CRASH,"OVER $1,500",FAILING TO YIELD RIGHT-OF-WAY,2,INCAPACITATING INJURY,1.0,0.0,1.0,15,2,9,41.82738642,-87.69459472,"['09/25/2023', '03:16:00', 'PM']",INCAPACITATING INJURY with Device
229209d8bf5956c3f1b6606cdc9f3bec2c49e8aebbfac95e8dd8b6705ba6e25a6b87fc568de4c90dec4a9a107934b845da4bc2c9a3e929e5cad3e579fc7f587c,2023-09-25 14:11:00,Monday,25,NO CONTROLS,CLEAR,DAYLIGHT,PEDALCYCLIST,DRY,INJURY AND / OR TOW DUE TO CRASH,$500 OR LESS,DISTRACTION - FROM INSIDE VEHICLE,2,INCAPACITATING INJURY,1.0,0.0,1.0,14,2,9,41.94339597,-87.67134457,"['09/25/2023', '02:11:00', 'PM']",INCAPACITATING INJURY without Device
65fa2031975cecb256c04e4ebdce627d3f0d76a2e817385362a38b860dd365ad9b3a17023676ac548ba9fcd688e80082ce1b3689b26a966afb4a022d550f36ef,2023-09-25 13:30:00,Monday,30,NO CONTROLS,RAIN,DAYLIGHT,PEDALCYCLIST,WET,INJURY AND / OR TOW DUE TO CRASH,"OVER $1,500",FAILING TO YIELD RIGHT-OF-WAY,2,INCAPACITATING INJURY,1.0,0.0,1.0,13,2,9,41.92070429,-87.66292326,"['09/25/2023', '01:30:00', 'PM']",INCAPACITATING INJURY without Device
18b2856cd4d4924327cf5420ef70d0cc2dd2d1d4658beafd69ca1e8564d06218f920b4bdd7b172793f2906fad61ab33b021cb9fce693dcf24c029cb51e06e641,2023-09-25 11:35:00,Monday,30,TRAFFIC SIGNAL,CLEAR,DAYLIGHT,TURNING,DRY,INJURY AND / OR TOW DUE TO CRASH,"OVER $1,500",UNABLE TO DETERMINE,4,INCAPACITATING INJURY,1.0,0.0,1.0,11,2,9,41.73544437,-87.68236494,"['09/25/2023', '11:35:00', 'AM']",INCAPACITATING INJURY with Device
12ba85ea3c40560204d0c9e3dca43d49bf83dd81e6fb213638c07d8bcbf39a57d4c1e0a4c39e1b3da237c6a2e48e280cbcae11027231335a737a701614c4784d,2023-09-25 10:20:00,Monday,30,NO CONTROLS,CLEAR,DAYLIGHT,PARKED MOTOR VEHICLE,DRY,INJURY AND / OR TOW DUE TO CRASH,"OVER $1,500",PHYSICAL CONDITION OF DRIVER,2,INCAPACITATING INJURY,1.0,0.0,1.0,10,2,9,41.82730519,-87.62182515,"['09/25/2023', '10:20:00', 'AM']",INCAPACITATING INJURY without Device
bd25d9a6a2597ff60f7bfd142ec56cd528365b3e6a9f126378603c2f0bccd6c70c32b01465e89fac340e0c23031aff09d1abc9641a02874ebd7e9cccc68472fd,2023-09-25 07:20:00,Monday,30,STOP SIGN/FLASHER,RAIN,DAYLIGHT,PEDESTRIAN,WET,INJURY AND / OR TOW DUE TO CRASH,"OVER $1,500",DISREGARDING TRAFFIC SIGNALS,2,INCAPACITATING INJURY,1.0,0.0,1.0,7,2,9,41.76472702,-87.68820147,"['09/25/2023', '07:20:00', 'AM']",INCAPACITATING INJURY with Device
0ad84f9bf65506d1a071a2f98dad223b9dc34599d174dbf6c3dbb8532154bf354b147efb82e0af324e6958e68d4f6b1f24f7735db0f486a09015a266ccd2606b,2023-09-25 01:47:00,Monday,30,TRAFFIC SIGNAL,CLEAR,"DARKNESS, LIGHTED ROAD",ANGLE,DRY,INJURY AND / OR TOW DUE TO CRASH,"OVER $1,500",DISREGARDING TRAFFIC SIGNALS,2,INCAPACITATING INJURY,2.0,0.0,1.0,1,2,9,42.01935037,-87.67613937,"['09/25/2023', '01:47:00', 'AM']",INCAPACITATING INJURY with Device
53a459de93f95f2a41a87aa82cb75e5beb1a4ad0d1e2aea2c5613ee6e81f0199bc31d812465b530dda8e951baa8bea40b913bd8f0f9a7b828a5a1a5cd8d8a6fb,2023-09-24 22:30:00,Sunday,25,TRAFFIC SIGNAL,CLEAR,DARKNESS,PARKED MOTOR VEHICLE,DRY,INJURY AND / OR TOW DUE TO CRASH,"OVER $1,500",UNDER THE INFLUENCE OF ALCOHOL/DRUGS (USE WHEN ARREST IS EFFECTED),2,INCAPACITATING INJURY,1.0,0.0,1.0,22,1,9,41.72532676,-87.68205465,"['09/24/2023', '10:30:00', 'PM']",INCAPACITATING INJURY with Device
338d5e4cc93c633e593059974db0a6524d81a9fc2eeead7c86bfc612863bbb65d63fdd7800e7f953c163440faa98e69be0722df56af0891fa48d5ae3dd79fd9e,2023-09-24 22:20:00,Sunday,30,FLASHING CONTROL SIGNAL,CLEAR,"DARKNESS, LIGHTED ROAD",PEDESTRIAN,DRY,INJURY AND / OR TOW DUE TO CRASH,"$501 - $1,500",UNABLE TO DETERMINE,2,INCAPACITATING INJURY,1.0,0.0,1.0,22,1,9,41.79123326,-87.60629821,"['09/24/2023', '10:20:00', 'PM']",INCAPACITATING INJURY with Device
05f26a0cfc414f4ee53c5937629f5b07c6ad552bb5869d76a95e7123590305756e3a7266a855f17a368e643ae3da23dfd42192ccce50fe52764d4d593f7ff73a,2023-09-24 21:41:00,Sunday,30,TRAFFIC SIGNAL,CLEAR,"DARKNESS, LIGHTED ROAD",REAR END,DRY,INJURY AND / OR TOW DUE TO CRASH,"OVER $1,500",FOLLOWING TOO CLOSELY,2,INCAPACITATING INJURY,1.0,0.0,1.0,21,1,9,41.89507884,-87.61584666,"['09/24/2023', '09:41:00', 'PM']",INCAPACITATING INJURY with Device
54c2c176df7b83c3e58437be9634e62b5c67c3060db02735900445690bb9167c40ce9c34eae03891368560564012f3b0c3a78b75696f6bc14932ac3b862d3457,2023-09-24 09:00:00,Sunday,30,NO CONTROLS,CLEAR,DAYLIGHT,SIDESWIPE SAME DIRECTION,DRY,INJURY AND / OR TOW DUE TO CRASH,"$501 - $1,500",IMPROPER LANE USAGE,2,INCAPACITATING INJURY,1.0,0.0,1.0,9,1,9,41.83098386,-87.6182597,"['09/24/2023', '09:00:00', 'AM']",INCAPACITATING INJURY without Device
49dd2e1278d9038fe0b9a86db01df19129af8c578cffec989d6c4c82e1cc5b4ccfed25cf2867db314665f03526c16ec02835c1bb02d0a8ae081238083cdd6244,2023-09-24 03:25:00,Sunday,35,NO CONTROLS,CLEAR,DARKNESS,PEDESTRIAN,DRY,INJURY AND / OR TOW DUE TO CRASH,"OVER $1,500","OPERATING VEHICLE IN ERRATIC, RECKLESS, CARELESS, NEGLIGENT OR AGGRESSIVE MANNER",2,INCAPACITATING INJURY,1.0,0.0,1.0,3,1,9,41.80203995,-87.74294009,"['09/24/2023', '03:25:00', 'AM']",INCAPACITATING INJURY without Device
0bbc61e9ceb775f887277900ef42443e19db429a8cf2b769eee0184d0710978f40343e002eb7eb3c0e9638e897aa3eea24bca441aa7c6bfc564f9f90d7a4f15b,2023-09-24 02:15:00,Sunday,30,TRAFFIC SIGNAL,CLEAR,"DARKNESS, LIGHTED ROAD",PEDALCYCLIST,DRY,INJURY AND / OR TOW DUE TO CRASH,$500 OR LESS,IMPROPER TURNING/NO SIGNAL,2,INCAPACITATING INJURY,1.0,0.0,1.0,2,1,9,41.92495702,-87.67459152,"['09/24/2023', '02:15:00', 'AM']",INCAPACITATING INJURY with Device
3bfe7e3b489cc701a52c21744f8e4109cdf4ae4df7f8d1d968c3ab7ac6d76cdf2d1fe8592f534ac6ea1f39131cfcf5c43870a8038c8004def8e4f64ab45f199c,2023-09-24 02:08:00,Sunday,30,TRAFFIC SIGNAL,CLEAR,"DARKNESS, LIGHTED ROAD",PEDESTRIAN,DRY,INJURY AND / OR TOW DUE TO CRASH,"OVER $1,500",UNABLE TO DETERMINE,2,INCAPACITATING INJURY,1.0,0.0,1.0,2,1,9,41.7573942,-87.60550888,"['09/24/2023', '02:08:00', 'AM']",INCAPACITATING INJURY with Device
302c9bdd572f70fd269f2a67f1911157bb9c5233dfd98a410c21c240ae8d5790e4fbcecd4007bc4c724c19cbfc459e476dc61cdb0c7fa873842d47e4a605f88e,2023-09-23 22:58:00,Saturday,30,TRAFFIC SIGNAL,CLEAR,"DARKNESS, LIGHTED ROAD",PEDALCYCLIST,DRY,INJURY AND / OR TOW DUE TO CRASH,"OVER $1,500",DRIVING ON WRONG SIDE/WRONG WAY,2,INCAPACITATING INJURY,1.0,0.0,1.0,22,7,9,41.91060161,-87.67712004,"['09/23/2023', '10:58:00', 'PM']",INCAPACITATING INJURY with Device
c4f27aef74d18ae61aae24b22dba94f0cdf405aa91279ccae2fda423a9f70bc8c1fce1efd65cd93b0e60d50c95ba0824169cdb5b697ef1c9fc57d7be88d3339f,2023-09-23 21:51:00,Saturday,30,TRAFFIC SIGNAL,CLEAR,"DARKNESS, LIGHTED ROAD",TURNING,DRY,INJURY AND / OR TOW DUE TO CRASH,"OVER $1,500",IMPROPER TURNING/NO SIGNAL,2,INCAPACITATING INJURY,1.0,0.0,1.0,21,7,9,41.88273619,-87.70137556,"['09/23/2023', '09:51:00', 'PM']",INCAPACITATING INJURY with Device
d34e27e1ad42177632ead60fa0f3e6f2a3c3aca1da43a000074ffb2ceadc873be58d3f43758b8f04a02ff6da19ccf9977b8c25fc8c4f64625fbe37333f57b5f6,2023-09-23 13:17:00,Saturday,40,NO CONTROLS,CLEAR,DAYLIGHT,TURNING,DRY,INJURY AND / OR TOW DUE TO CRASH,"OVER $1,500",FAILING TO YIELD RIGHT-OF-WAY,3,INCAPACITATING INJURY,1.0,0.0,1.0,13,7,9,41.99168792,-87.88338231,"['09/23/2023', '01:17:00', 'PM']",INCAPACITATING INJURY without Device
829b782fdcac6e9e6897c1d85fa9d6020e17993eee378d90a20c623211b1e44c3893f812d4260e83dfb179bc14ba768e23c1cf7f69445a692b41ecf392b18f95,2023-09-23 08:00:00,Saturday,15,NO CONTROLS,CLEAR,DAYLIGHT,REAR END,DRY,INJURY AND / OR TOW DUE TO CRASH,"$501 - $1,500",UNABLE TO DETERMINE,2,INCAPACITATING INJURY,1.0,0.0,1.0,8,7,9,41.69631368,-87.59663224,"['09/23/2023', '08:00:00', 'AM']",INCAPACITATING INJURY without Device
52e823506b29570017a8e9f682e326073f3af574904e21645d5cd5493aab12147be459a73a01f257ca99917c6f5f5af3593e4f4272210251167b51c7c301b861,2023-09-22 23:35:00,Friday,30,NO CONTROLS,CLEAR,DARKNESS,PEDESTRIAN,DRY,INJURY AND / OR TOW DUE TO CRASH,"$501 - $1,500",IMPROPER TURNING/NO SIGNAL,3,INCAPACITATING INJURY,2.0,0.0,2.0,23,6,9,41.86461874,-87.71551764,"['09/22/2023', '11:35:00', 'PM']",INCAPACITATING INJURY without Device
9cc6599e7e1a886a27274c848399a532f0466184b8e0f330ca9f9328a3bc918f5b39cd3e634eddf8e17d7ac437d0e2bcd11f261accb70ec0e28aae14699a1c06,2023-09-22 23:30:00,Friday,30,NO CONTROLS,CLEAR,"DARKNESS, LIGHTED ROAD",PARKED MOTOR VEHICLE,UNKNOWN,INJURY AND / OR TOW DUE TO CRASH,"OVER $1,500",UNABLE TO DETERMINE,4,INCAPACITATING INJURY,3.0,0.0,1.0,23,6,9,41.76444625,-87.69203167,"['09/22/2023', '11:30:00', 'PM']",INCAPACITATING INJURY without Device
e9e609b8a866faf161ba6a76bce9bdbe56c7a2176e14ef5d9cc7cb4c0c2988e53806747c3d737c3492b57db5786a21a128e5bb1b5c3ad646adb79cc31684bcd8,2023-09-22 20:44:00,Friday,30,NO CONTROLS,CLEAR,"DARKNESS, LIGHTED ROAD",FIXED OBJECT,DRY,INJURY AND / OR TOW DUE TO CRASH,"$501 - $1,500",ROAD CONSTRUCTION/MAINTENANCE,1,INCAPACITATING INJURY,1.0,0.0,1.0,20,6,9,41.99389168,-87.68961039,"['09/22/2023', '08:44:00', 'PM']",INCAPACITATING INJURY without Device
763e3b6bb367b6a9a52beff1b3be86480d8167483706cac60569b1824fb66b939b6cf8d9970294fcb66bc62060f7028c21535d9b3cdbc5482405cdab98fcd5f0,2023-09-22 16:40:00,Friday,30,NO CONTROLS,CLEAR,DAYLIGHT,FIXED OBJECT,DRY,INJURY AND / OR TOW DUE TO CRASH,"OVER $1,500",IMPROPER OVERTAKING/PASSING,1,INCAPACITATING INJURY,1.0,0.0,1.0,16,6,9,41.75586587,-87.67071686,"['09/22/2023', '04:40:00', 'PM']",INCAPACITATING INJURY without Device
67b18808e8d732015cdc7a909ce6df53187334a8606de9878d20f2ea8c1db2691266403cdb854c296f03895f9b46870f685e691b10942d889ffaeccb21ba00a9,2023-09-22 01:41:00,Friday,30,TRAFFIC SIGNAL,UNKNOWN,"DARKNESS, LIGHTED ROAD",REAR END,DRY,INJURY AND / OR TOW DUE TO CRASH,"OVER $1,500",FOLLOWING TOO CLOSELY,2,INCAPACITATING INJURY,3.0,0.0,1.0,1,6,9,41.7726155,-87.62506407,"['09/22/2023', '01:41:00', 'AM']",INCAPACITATING INJURY with Device
c5cfbd2c809740e764e5f8da60ea678a887bc08c18db846c09b4e6ea642bbbb2cb725c0d092406e5632e109d9731dcec50b28c1657ae78780664e3fc406ed276,2023-09-21 16:09:00,Thursday,30,STOP SIGN/FLASHER,CLEAR,DAWN,ANGLE,DRY,INJURY AND / OR TOW DUE TO CRASH,"OVER $1,500",DISREGARDING STOP SIGN,2,INCAPACITATING INJURY,1.0,0.0,1.0,16,5,9,41.7281876,-87.54695984,"['09/21/2023', '04:09:00', 'PM']",INCAPACITATING INJURY with Device
d6d26424a45c79e5035e11dee6d54c6784ef2bbfa44552e470b5812946beae9425573eaa7635c118bfabb749bc8ea8540ea8d41936dcc244c4a613a96de7353c,2023-09-21 16:03:00,Thursday,30,NO CONTROLS,RAIN,DUSK,REAR END,WET,INJURY AND / OR TOW DUE TO CRASH,$500 OR LESS,FOLLOWING TOO CLOSELY,2,INCAPACITATING INJURY,1.0,0.0,1.0,16,5,9,41.88411127,-87.63257639,"['09/21/2023', '04:03:00', 'PM']",INCAPACITATING INJURY without Device
2408b6eb1fe9ebce6f8991d27603d93d69c730bc7a36e78ef045089c03e9e43c6ae9fc98c5110b883829527757cddadb1b8f78be048304c9be6bb95d45d9a7d3,2023-09-21 13:47:00,Thursday,30,NO CONTROLS,RAIN,DAYLIGHT,PEDESTRIAN,WET,INJURY AND / OR TOW DUE TO CRASH,$500 OR LESS,FAILING TO REDUCE SPEED TO AVOID CRASH,2,INCAPACITATING INJURY,1.0,0.0,1.0,13,5,9,41.85135915,-87.63183391,"['09/21/2023', '01:47:00', 'PM']",INCAPACITATING INJURY without Device
b17d8fe82962ca0da8b9a49a232cec4c5a49ec3cf02198d711ff45fd8102c23aed61f5cb62ad91502c9a4c0631cb4798755eb213d8bbda502ae819117037cdfe,2023-09-21 10:07:00,Thursday,30,NO CONTROLS,CLEAR,DAYLIGHT,FIXED OBJECT,DRY,INJURY AND / OR TOW DUE TO CRASH,"OVER $1,500",PHYSICAL CONDITION OF DRIVER,1,INCAPACITATING INJURY,1.0,0.0,1.0,10,5,9,41.8665317,-87.70438453,"['09/21/2023', '10:07:00', 'AM']",INCAPACITATING INJURY without Device
877fb68e5a0691d75f11401fd172bf2dbcfa9c5ba169335a2720778daa8417dd40893c643424ee3c0a28e78ae8ba1c4d6e37e7ec89a3f1760cb455eaae5103bf,2023-09-21 09:20:00,Thursday,35,TRAFFIC SIGNAL,CLEAR,DAYLIGHT,PEDALCYCLIST,DRY,INJURY AND / OR TOW DUE TO CRASH,$500 OR LESS,FAILING TO YIELD RIGHT-OF-WAY,2,INCAPACITATING INJURY,1.0,0.0,1.0,9,5,9,41.69246536,-87.6424409,"['09/21/2023', '09:20:00', 'AM']",INCAPACITATING INJURY with Device