CRASH_RECORD_ID,CRASH_DATE,Weekday,POSTED_SPEED_LIMIT,TRAFFIC_CONTROL_DEVICE,WEATHER_CONDITION,LIGHTING_CONDITION,FIRST_CRASH_TYPE,ROADWAY_SURFACE_COND,CRASH_TYPE,DAMAGE,PRIM_CONTRIBUTORY_CAUSE,NUM_UNITS,MOST_SEVERE_INJURY,INJURIES_TOTAL,INJURIES_FATAL,INJURIES_INCAPACITATING,CRASH_HOUR,CRASH_DAY_OF_WEEK,CRASH_MONTH,LATITUDE,LONGITUDE,CRASH_TIME,CATEGORIES
906eb31730c0316899fe3155561ae9929e08dcfe2abad7184b4532d1f25200e721fc2b00f94961e5c2dfc7019882e3de6b3a0da7af97891fbd7e209c2cb5b6fb,2023-09-21 08:20:00,Thursday,30,NO CONTROLS,CLOUDY/OVERCAST,DAYLIGHT,ANGLE,DRY,INJURY AND / OR TOW DUE TO CRASH,"OVER $1,500",DRIVING ON WRONG SIDE/WRONG WAY,2,INCAPACITATING INJURY,2.0,0.0,1.0,8,5,9,41.96557412,-87.65252191,"['09/21/2023', '08:20:00', 'AM']",INCAPACITATING INJURY without Device
91641fe7fe673fcac0c3e5529206b2a1d3bdb42c410fb3b95e384fc9c82d217d699b65e97d880139cdeba5cd6cf978a4535f91409b53b97eadeb965dc3d92df1,2023-09-20 23:08:00,Wednesday,30,TRAFFIC SIGNAL,CLEAR,"DARKNESS, LIGHTED ROAD",PEDESTRIAN,DRY,INJURY AND / OR TOW DUE TO CRASH,$500 OR LESS,FAILING TO YIELD RIGHT-OF-WAY,2,INCAPACITATING INJURY,1.0,0.0,1.0,23,4,9,41.85298708,-87.63002661,"['09/20/2023', '11:08:00', 'PM']",INCAPACITATING INJURY with Device
91a2935779bee31b1a2fbe62fce73e3b031dd3722f37c1c374bd5bdf13cc7f6515bc0790a17f260c82d2b45f6085f7f7353c7a0f66204d60b05237e53325d56b,2023-09-20 21:44:00,Wednesday,35,TRAFFIC SIGNAL,CLEAR,"DARKNESS, LIGHTED ROAD",PEDESTRIAN,DRY,INJURY AND / OR TOW DUE TO CRASH,$500 OR LESS,UNABLE TO DETERMINE,2,INCAPACITATING INJURY,1.0,0.0,1.0,21,4,9,41.75119434,-87.60536733,"['09/20/2023', '09:44:00', 'PM']",INCAPACITATING INJURY with Device
3c109024cfc62adcf3934a43d9ab8d8a24770ad89b077fe9b7c907a0b78051bdd10bae687b0f268c5d23a734c38e5b29f77f6473aefe2f5fc738682899bd1d54,2023-09-20 21:00:00,Wednesday,35,TRAFFIC SIGNAL,CLEAR,"DARKNESS, LIGHTED ROAD",SIDESWIPE OPPOSITE DIRECTION,DRY,INJURY AND / OR TOW DUE TO CRASH,"OVER $1,500",DISREGARDING TRAFFIC SIGNALS,2,INCAPACITATING INJURY,2.0,0.0,1.0,21,4,9,41.79462283,-87.63306376,"['09/20/2023', '09:00:00', 'PM']",INCAPACITATING INJURY with Device
2d0ba54edbf10b95a656a2351fa5b7597eae0e3c66c5353d613ebd69a3f9413f5f4db81d69946476de79d3b0c9ed7089e3743d3ab4b2bdb17466dd54660493ac,2023-09-20 18:00:00,Wednesday,30,TRAFFIC SIGNAL,CLEAR,DAYLIGHT,PEDALCYCLIST,DRY,INJURY AND / OR TOW DUE TO CRASH,"OVER $1,500",IMPROPER TURNING/NO SIGNAL,3,INCAPACITATING INJURY,1.0,0.0,1.0,18,4,9,41.93775568,-87.64905009,"['09/20/2023', '06:00:00', 'PM']",INCAPACITATING INJURY with Device
dbf94ec85a4f8a27ceb4bcb73fd4f681e5c654b47c9c192e46748533627739435c0a1327cf7e1b799b6164dcd1b50fadfe947c5450c5eb90a1de03a39647fe7b,2023-09-20 15:30:00,Wednesday,35,NO CONTROLS,CLEAR,DAYLIGHT,REAR END,DRY,INJURY AND / OR TOW DUE TO CRASH,"OVER $1,500",UNABLE TO DETERMINE,3,INCAPACITATING INJURY,1.0,0.0,1.0,15,4,9,41.66191456,-87.64231069,"['09/20/2023', '03:30:00', 'PM']",INCAPACITATING INJURY without Device
357362a982fea0544fe00be1644693a2e6ae836add724f8f85090fbd344eaa223f3f5e5fab352bfe664bb2bcb83b235a1f766fa86f077c8d2f5a0cc179d9124f,2023-09-20 10:30:00,Wednesday,30,NO CONTROLS,CLEAR,DAYLIGHT,HEAD ON,DRY,INJURY AND / OR TOW DUE TO CRASH,"OVER $1,500",UNABLE TO DETERMINE,4,INCAPACITATING INJURY,2.0,0.0,1.0,10,4,9,41.8562816,-87.63874064,"['09/20/2023', '10:30:00', 'AM']",INCAPACITATING INJURY without Device
f41f1be7915dbf9ce960cd0bd75f1c2e862fc9366fd250f860aefe4564c1a290e2ab04382410525095bef5cde15771db190334b160dcaa04fc60917bc0a6b17f,2023-09-20 07:00:00,Wednesday,30,STOP SIGN/FLASHER,CLEAR,DAYLIGHT,TURNING,DRY,INJURY AND / OR TOW DUE TO CRASH,"OVER $1,500",DISREGARDING STOP SIGN,2,INCAPACITATING INJURY,2.0,0.0,2.0,7,4,9,41.74798506,-87.5675387,"['09/20/2023', '07:00:00', 'AM']",INCAPACITATING INJURY with Device
6500fe3e6becbfc37252fc10af9525e96399a58258e81d0a0bfc1bf60bbc8c7a0817ad0f6a61676c1d277ff2f53329ea5740cf8ed643671688d8bd7010c92e8a,2023-09-19 15:37:00,Tuesday,15,NO CONTROLS,RAIN,DAYLIGHT,FIXED OBJECT,WET,INJURY AND / OR TOW DUE TO CRASH,"OVER $1,500",UNABLE TO DETERMINE,1,INCAPACITATING INJURY,1.0,0.0,1.0,15,3,9,41.69071015,-87.61902304,"['09/19/2023', '03:37:00', 'PM']",INCAPACITATING INJURY without Device
739e700686615f9ccb4a8ad6d4687c471143964fc526ba750474ebfad85abc7c72351df2f6881d23241a7322d5606a510e55f1471c5faa2eb15b08f1ab2ba8ed,2023-09-19 15:34:00,Tuesday,30,STOP SIGN/FLASHER,RAIN,DAYLIGHT,ANGLE,DRY,INJURY AND / OR TOW DUE TO CRASH,"OVER $1,500",FAILING TO YIELD RIGHT-OF-WAY,2,INCAPACITATING INJURY,1.0,0.0,1.0,15,3,9,42.01148655,-87.67430118,"['09/19/2023', '03:34:00', 'PM']",INCAPACITATING INJURY with Device
4afd0cd3829f0ca83e170ddc8650c4b8555b2354905b29325594f23c15d51d535ae24cb13f75e36595a830c5b2b8a4c6a069a44f7443fda4149abe2328474c5a,2023-09-19 13:16:00,Tuesday,15,NO CONTROLS,RAIN,DAYLIGHT,PEDESTRIAN,WET,INJURY AND / OR TOW DUE TO CRASH,"OVER $1,500",WEATHER,2,INCAPACITATING INJURY,1.0,0.0,1.0,13,3,9,41.76581642,-87.57614548,"['09/19/2023', '01:16:00', 'PM']",INCAPACITATING INJURY without Device
e5a244c7acfe58545b5d4aa1d4f762d5f837dd34f7dd5afdb4eaa5dc23cacb821bbb422b0062d0880afe8e18e3d24b575c88e2409fa94aaa92a7556343e9288e,2023-09-19 04:23:00,Tuesday,25,NO CONTROLS,CLEAR,"DARKNESS, LIGHTED ROAD",HEAD ON,DRY,INJURY AND / OR TOW DUE TO CRASH,"OVER $1,500",DRIVING ON WRONG SIDE/WRONG WAY,2,INCAPACITATING INJURY,3.0,0.0,1.0,4,3,9,41.99781895,-87.69116748,"['09/19/2023', '04:23:00', 'AM']",INCAPACITATING INJURY without Device
2c0301e65b273ecae991f4206276931ebddfff8a7c49abc73f819233ef3252ecd0a690c16d3d4c2824d17f51897503ca2408c1f5a3fbde6c594818f640932ce9,2023-09-19 00:45:00,Tuesday,30,TRAFFIC SIGNAL,CLEAR,"DARKNESS, LIGHTED ROAD",ANGLE,DRY,INJURY AND / OR TOW DUE TO CRASH,"OVER $1,500",FAILING TO REDUCE SPEED TO AVOID CRASH,2,INCAPACITATING INJURY,3.0,0.0,2.0,0,3,9,41.96065054,-87.76244117,"['09/19/2023', '12:45:00', 'AM']",INCAPACITATING INJURY with Device
62331ed4583e0709a46a975056eb9d1fa2cdca6fde4832050bb2bb46cf0b8db9b92ef8aed7bda1d26589e57fcca30d2d316704d2f3dcbe79df5d4d657bef1874,2023-09-19 00:39:00,Tuesday,45,NO CONTROLS,CLEAR,"DARKNESS, LIGHTED ROAD",HEAD ON,DRY,INJURY AND / OR TOW DUE TO CRASH,"OVER $1,500",DRIVING ON WRONG SIDE/WRONG WAY,2,INCAPACITATING INJURY,3.0,0.0,3.0,0,3,9,41.83914555,-87.60842991,"['09/19/2023', '12:39:00', 'AM']",INCAPACITATING INJURY without Device
97331ce9110c0465f0b1e83b50cafb924c49a5c3966c4db4a53878defea872f9cf11854f52ef593e077b19b1054695f37fb67112cc0a89a7c965c6e1c829127a,2023-09-18 17:20:00,Monday,30,TRAFFIC SIGNAL,CLEAR,DAYLIGHT,REAR END,DRY,INJURY AND / OR TOW DUE TO CRASH,"OVER $1,500",FOLLOWING TOO CLOSELY,2,INCAPACITATING INJURY,1.0,0.0,1.0,17,2,9,41.8489029,-87.70531413,"['09/18/2023', '05:20:00', 'PM']",INCAPACITATING INJURY with Device
88739ebd48f9ad8b2f2029230553524170af09f065319a90ad66415424550b43db547ae0bba25df028a982d69ad5adeb6da04ea9a501343883fb25a0a043156e,2023-09-18 14:34:00,Monday,35,NO CONTROLS,CLEAR,DAYLIGHT,TURNING,DRY,INJURY AND / OR TOW DUE TO CRASH,"OVER $1,500",FAILING TO YIELD RIGHT-OF-WAY,3,INCAPACITATING INJURY,1.0,0.0,1.0,14,2,9,41.90542878,-87.65946302,"['09/18/2023', '02:34:00', 'PM']",INCAPACITATING INJURY without Device
bdd14b5395325888078488f8be811116fde08daeda8cb1fb676eae419d79b4e82dbc9aa82e329e0e3d751280819e151717aceb82f18cc489a75f8ed650f7b2de,2023-09-18 13:30:00,Monday,30,NO CONTROLS,CLEAR,DAYLIGHT,REAR TO FRONT,DRY,INJURY AND / OR TOW DUE TO CRASH,"OVER $1,500",FAILING TO REDUCE SPEED TO AVOID CRASH,3,INCAPACITATING INJURY,1.0,0.0,1.0,13,2,9,41.96636279,-87.85119321,"['09/18/2023', '01:30:00', 'PM']",INCAPACITATING INJURY without Device
7b5b7b8dcc71cac94fc783853ec51a6ceb918cb3887b4d39efec0cd59812881865511ce6d91bfb5c1d02ef66fd59d5261c6aba3513613d8a91530b9770121093,2023-09-18 12:20:00,Monday,20,STOP SIGN/FLASHER,CLEAR,DAYLIGHT,PEDESTRIAN,UNKNOWN,INJURY AND / OR TOW DUE TO CRASH,"$501 - $1,500",UNABLE TO DETERMINE,2,INCAPACITATING INJURY,1.0,0.0,1.0,12,2,9,41.81348404,-87.70433311,"['09/18/2023', '12:20:00', 'PM']",INCAPACITATING INJURY with Device
11c37e642aa3190160af98dc4ac2142a9ed69b62b14d6a9bb1fb8c11e054fe21845b2636dc71e9e17a10b43583d47fd124a2e53e55f2e7fdeab3260bf8570df5,2023-09-18 11:30:00,Monday,30,TRAFFIC SIGNAL,CLEAR,DAYLIGHT,SIDESWIPE OPPOSITE DIRECTION,DRY,INJURY AND / OR TOW DUE TO CRASH,"OVER $1,500",UNABLE TO DETERMINE,2,INCAPACITATING INJURY,1.0,0.0,1.0,11,2,9,41.99379191,-87.78751079,"['09/18/2023', '11:30:00', 'AM']",INCAPACITATING INJURY with Device
d2059eb627ba315f49e01b37250d3f1b5114d41e75dfd194ea54c69533fdeef8c36ca607d510d82dc0037618fd4976c0dc74778acd32388d697ddc3b8c4d829e,2023-09-18 10:30:00,Monday,30,NO CONTROLS,CLEAR,DAYLIGHT,TURNING,DRY,INJURY AND / OR TOW DUE TO CRASH,"OVER $1,500",UNABLE TO DETERMINE,2,INCAPACITATING INJURY,1.0,0.0,1.0,10,2,9,41.82074117,-87.70461555,"['09/18/2023', '10:30:00', 'AM']",INCAPACITATING INJURY without Device
234e03df16bc373b41b77e98320c7e282e29057f4fd6860ce049eb07a903df98d30a91f5799cffad44ab3f97809c4576860fd443139ca73f4f5389392218fbcd,2023-09-18 07:26:00,Monday,30,TRAFFIC SIGNAL,CLEAR,DAYLIGHT,TURNING,DRY,INJURY AND / OR TOW DUE TO CRASH,"OVER $1,500","OPERATING VEHICLE IN ERRATIC, RECKLESS, CARELESS, NEGLIGENT OR AGGRESSIVE MANNER",3,FATAL,2.0,1.0,0.0,7,2,9,41.99033326,-87.69934036,"['09/18/2023', '07:26:00', 'AM']",FATAL with Device
e4301f028566c56d636488d5f89c6862069ffcfda6182bf6ea648d0d373232e0b13466227991c866a0a99032ed43c8465fb48c6bf59d5485e0485ce7437f8853,2023-09-18 06:41:00,Monday,30,TRAFFIC SIGNAL,CLEAR,DAYLIGHT,PEDALCYCLIST,DRY,INJURY AND / OR TOW DUE TO CRASH,"$501 - $1,500",DRIVING ON WRONG SIDE/WRONG WAY,2,INCAPACITATING INJURY,1.0,0.0,1.0,6,2,9,41.8309351,-87.62997531,"['09/18/2023', '06:41:00', 'AM']",INCAPACITATING INJURY with Device
9d9fedc3ecb0d674bbe68e00880922d4430ffb83711567b22d2c1838ea7a80ea8248a6ef4de93caafcd5a6954b9e07183ae148bcec8799ff1f3376a7de8fefc9,2023-09-17 23:34:00,Sunday,40,NO CONTROLS,CLEAR,"DARKNESS, LIGHTED ROAD",FIXED OBJECT,DRY,INJURY AND / OR TOW DUE TO CRASH,$500 OR LESS,FAILING TO REDUCE SPEED TO AVOID CRASH,2,FATAL,1.0,1.0,0.0,23,1,9,41.95041254,-87.64437121,"['09/17/2023', '11:34:00', 'PM']",FATAL without Device
cdcd26db7ea768eac751061c4d5c2cca5561a3ba0cfb412e157412f99ce8991945fd406e56ef0d7499fa83521fe70fa8e81552c7520108e3fde6f89f5d2fa0a9,2023-09-17 21:57:00,Sunday,45,TRAFFIC SIGNAL,CLEAR,"DARKNESS, LIGHTED ROAD",SIDESWIPE SAME DIRECTION,DRY,INJURY AND / OR TOW DUE TO CRASH,"OVER $1,500",UNABLE TO DETERMINE,4,INCAPACITATING INJURY,2.0,0.0,1.0,21,1,9,41.89683927,-87.6168843,"['09/17/2023', '09:57:00', 'PM']",INCAPACITATING INJURY with Device
f9c5c9246ce0835221441196ce9fa0005eebfe7e22d1f461b6f254f8068dc2e6f4cebf702f95e8059ae88f45863eab161264f10c4c1369fa7de480f3a449049c,2023-09-17 21:51:00,Sunday,35,TRAFFIC SIGNAL,CLEAR,"DARKNESS, LIGHTED ROAD",TURNING,DRY,INJURY AND / OR TOW DUE TO CRASH,"OVER $1,500",UNABLE TO DETERMINE,2,INCAPACITATING INJURY,3.0,0.0,3.0,21,1,9,41.74994623,-87.70376534,"['09/17/2023', '09:51:00', 'PM']",INCAPACITATING INJURY with Device
2e93a8fb6b6cc535a61718b89e78e094bff7d0fcf1dce61c4fd06935e43ed62c62ae5ddd35b11c05c7d22e26d639db1b7d3465022901a7e0dcebe620c868058f,2023-09-17 17:00:00,Sunday,30,NO CONTROLS,CLEAR,DAYLIGHT,REAR END,DRY,INJURY AND / OR TOW DUE TO CRASH,"OVER $1,500",FOLLOWING TOO CLOSELY,2,INCAPACITATING INJURY,1.0,0.0,1.0,17,1,9,41.76980409,-87.67108565,"['09/17/2023', '05:00:00', 'PM']",INCAPACITATING INJURY without Device
84385e0f2184f8d165eaa1b54c877db79856bdf547a0dccf7be33558a331dcc7cc563902b63c648ba595e0d833562c305944e18b1c591d0db96ae2e4a9c37ce0,2023-09-17 02:05:00,Sunday,20,NO CONTROLS,CLEAR,"DARKNESS, LIGHTED ROAD",OTHER OBJECT,DRY,INJURY AND / OR TOW DUE TO CRASH,"OVER $1,500",UNABLE TO DETERMINE,1,FATAL,2.0,1.0,0.0,2,1,9,41.88880845,-87.65947968,"['09/17/2023', '02:05:00', 'AM']",FATAL without Device
d6090a24c51ed52bb855f51b3d3dd103924e31db11e2ed836c17ee458778dd797f8c63eafffd24b3dd50948233b3ab8bba9fce05399e768c0533d2f84dd63e4e,2023-09-16 22:30:00,Saturday,30,TRAFFIC SIGNAL,CLEAR,"DARKNESS, LIGHTED ROAD",FIXED OBJECT,DRY,INJURY AND / OR TOW DUE TO CRASH,"OVER $1,500",UNABLE TO DETERMINE,1,INCAPACITATING INJURY,2.0,0.0,1.0,22,7,9,41.79142028,-87.58014777,"['09/16/2023', '10:30:00', 'PM']",INCAPACITATING INJURY with Device
eb743956f2232a205779ca05a43a9cc1864b50a2e86c8578bd7ab88e8a6a75e58f447e52c3c9e3be490f9d94b142cb713c19a092bc9aaed726f22f82febff727,2023-09-16 19:17:00,Saturday,30,TRAFFIC SIGNAL,CLEAR,"DARKNESS, LIGHTED ROAD",PEDESTRIAN,DRY,INJURY AND / OR TOW DUE TO CRASH,"OVER $1,500",FAILING TO YIELD RIGHT-OF-WAY,2,INCAPACITATING INJURY,1.0,0.0,1.0,19,7,9,41.84197651,-87.61772003,"['09/16/2023', '07:17:00', 'PM']",INCAPACITATING INJURY with Device
c1bcf723b44e296d2cb4730fb04fd62a6ad3387eea5acd937833916a5d989af77d58a52807fba31a8587baa13bae9c0221e06b5cfb5ab983af503df171ac339e,2023-09-16 13:25:00,Saturday,30,TRAFFIC SIGNAL,CLOUDY/OVERCAST,DAYLIGHT,ANGLE,DRY,INJURY AND / OR TOW DUE TO CRASH,"OVER $1,500",DISREGARDING TRAFFIC SIGNALS,2,INCAPACITATING INJURY,2.0,0.0,1.0,13,7,9,41.88292071,-87.68388729,"['09/16/2023', '01:25:00', 'PM']",INCAPACITATING INJURY with Device
7aa777265a9415a094b2cfee68f8e97ed5562232406b0f06ac1869efc5d6bb8a9b192393a518251f589217a870bb505ea1d724698fca772fd2c95cf7eaea4d64,2023-09-16 09:43:00,Saturday,30,STOP SIGN/FLASHER,CLEAR,DAYLIGHT,ANGLE,DRY,INJURY AND / OR TOW DUE TO CRASH,"OVER $1,500",DISTRACTION - FROM OUTSIDE VEHICLE,2,INCAPACITATING INJURY,1.0,0.0,1.0,9,7,9,41.75822839,-87.62007146,"['09/16/2023', '09:43:00', 'AM']",INCAPACITATING INJURY with Device
7078e5ff9521f71e46551de3f27effc614b01811a3820dba4528a0814122b534fd47e13fc7ed26fdbedee298f5cf07836951d4273ef1a029f1814a03350c88dd,2023-09-16 01:40:00,Saturday,30,TRAFFIC SIGNAL,CLEAR,"DARKNESS, LIGHTED ROAD",OTHER OBJECT,DRY,INJURY AND / OR TOW DUE TO CRASH,"OVER $1,500",FAILING TO REDUCE SPEED TO AVOID CRASH,1,INCAPACITATING INJURY,1.0,0.0,1.0,1,7,9,41.93396779,-87.69752474,"['09/16/2023', '01:40:00', 'AM']",INCAPACITATING INJURY with Device
3c0810a19344f5af784a11323dce2663c5a544cb915c348c264aeddd0602abdea7cd810f346ff41ef410a47bd19c2f9ef59a0ee8e4ae12c296ee9f4db2c04d87,2023-09-15 23:33:00,Friday,25,NO CONTROLS,CLEAR,"DARKNESS, LIGHTED ROAD",FIXED OBJECT,DRY,INJURY AND / OR TOW DUE TO CRASH,"OVER $1,500",DISREGARDING STOP SIGN,1,INCAPACITATING INJURY,1.0,0.0,1.0,23,6,9,41.65785154,-87.54002733,"['09/15/2023', '11:33:00', 'PM']",INCAPACITATING INJURY without Device
cde1ef589e296988f34a4b5c8ec2e39423ca33b15544efb242bca7c902e5700e371c3bb7d82e8e70208b99e027413b4fb7358ff8f078fe87c8665fdff8e23f07,2023-09-15 21:21:00,Friday,30,TRAFFIC SIGNAL,CLEAR,"DARKNESS, LIGHTED ROAD",PEDESTRIAN,DRY,INJURY AND / OR TOW DUE TO CRASH,"OVER $1,500",IMPROPER OVERTAKING/PASSING,2,INCAPACITATING INJURY,2.0,0.0,2.0,21,6,9,41.94340222,-87.64068544,"['09/15/2023', '09:21:00', 'PM']",INCAPACITATING INJURY with Device
c738937b116b366738ed650b87233829efe8fe78689733f6f4090848e1263ecfed79267a6a5697344f522592cfaabd2b0ef9d178dd742793dc7b479245607a22,2023-09-15 18:00:00,Friday,30,NO CONTROLS,CLEAR,DAYLIGHT,SIDESWIPE SAME DIRECTION,DRY,INJURY AND / OR TOW DUE TO CRASH,"OVER $1,500",IMPROPER OVERTAKING/PASSING,2,INCAPACITATING INJURY,1.0,0.0,1.0,18,6,9,41.88703718,-87.63432203,"['09/15/2023', '06:00:00', 'PM']",INCAPACITATING INJURY without Device
1d0efd1f6d2d0d59858cf433cd5897dcc00df2983228d4cb629f604e6bfbc3078a25a0c6f4adf9f8c127210f6d0306241b199f61786511906a2ae7b09f35d5ae,2023-09-15 16:45:00,Friday,35,NO CONTROLS,CLEAR,DAYLIGHT,PEDALCYCLIST,DRY,INJURY AND / OR TOW DUE TO CRASH,"$501 - $1,500",UNABLE TO DETERMINE,2,INCAPACITATING INJURY,1.0,0.0,1.0,16,6,9,41.94805801,-87.71115546,"['09/15/2023', '04:45:00', 'PM']",INCAPACITATING INJURY without Device
5288fab197c5ad5853da13fc48f2dfc8d35f4c159b431e336bd1001c4559b40b1e124b80b37d3305119a4ca4899cfcfbb83f6e5732a83b0ddae9241e36ba8484,2023-09-15 08:30:00,Friday,30,NO CONTROLS,CLEAR,DAYLIGHT,HEAD ON,DRY,INJURY AND / OR TOW DUE TO CRASH,"OVER $1,500",PHYSICAL CONDITION OF DRIVER,2,INCAPACITATING INJURY,1.0,0.0,1.0,8,6,9,41.92145905,-87.71704702,"['09/15/2023', '08:30:00', 'AM']",INCAPACITATING INJURY without Device
3d278a2c3719750f5c39207fc9d359544fa7fcb33d9b2467b452f62106d5c1a420a1436657f43861a415d76d58ac5c108993ddb7cd79bbc5103d1d0a48b7ec7d,2023-09-15 01:44:00,Friday,20,NO CONTROLS,CLEAR,"DARKNESS, LIGHTED ROAD",FIXED OBJECT,DRY,INJURY AND / OR TOW DUE TO CRASH,"OVER $1,500",UNABLE TO DETERMINE,1,INCAPACITATING INJURY,2.0,0.0,1.0,1,6,9,41.71512675,-87.63302644,"['09/15/2023', '01:44:00', 'AM']",INCAPACITATING INJURY without Device
7d98b7472debb3fdc7bbd45b27405cab10828feaa1a05ce09235b6f45b3a8eca6d4b487d73d91c144faf91b392359e8ccbb8f37f7fdb611b63bed4bc3fac5668,2023-09-14 17:00:00,Thursday,30,NO CONTROLS,CLEAR,DAYLIGHT,PEDALCYCLIST,DRY,INJURY AND / OR TOW DUE TO CRASH,"OVER $1,500",FAILING TO YIELD RIGHT-OF-WAY,2,INCAPACITATING INJURY,1.0,0.0,1.0,17,5,9,41.87424392,-87.64381145,"['09/14/2023', '05:00:00', 'PM']",INCAPACITATING INJURY without Device
fc526bdcc5b0a07204521942a3840d2229103946545493787abd5bafb470e1243ff4cefa171dc766e9d82c5c3d462fd5cef4a58e1fcc31d4a76d3c081054f3f3,2023-09-14 16:30:00,Thursday,30,NO CONTROLS,CLEAR,DAYLIGHT,HEAD ON,DRY,INJURY AND / OR TOW DUE TO CRASH,"OVER $1,500",DRIVING ON WRONG SIDE/WRONG WAY,2,INCAPACITATING INJURY,1.0,0.0,1.0,16,5,9,41.75696116,-87.59668895,"['09/14/2023', '04:30:00', 'PM']",INCAPACITATING INJURY without Device
6bf9c59f3dc7e661a7ab82a8894edfd0a0a7557cb3cd0c619e9e67470ffc159c61e75727816cca1e4ec5f3b8abf90ad9b0c1a9729b1d9a940c0d1a2d2d5f33e4,2023-09-14 10:06:00,Thursday,30,TRAFFIC SIGNAL,CLEAR,DAYLIGHT,SIDESWIPE SAME DIRECTION,DRY,INJURY AND / OR TOW DUE TO CRASH,"OVER $1,500",UNABLE TO DETERMINE,2,INCAPACITATING INJURY,2.0,0.0,1.0,10,5,9,41.96140185,-87.68883262,"['09/14/2023', '10:06:00', 'AM']",INCAPACITATING INJURY with Device
b426cfbfc092b308604071829bb39dcbee831b101031d99c34c0a487d075b271345524caba7f58a89e27e5f5c781b91edf0b716d027e4391f0ac879e83f61eda,2023-09-14 09:26:00,Thursday,30,NO CONTROLS,CLEAR,DAYLIGHT,FIXED OBJECT,DRY,INJURY AND / OR TOW DUE TO CRASH,"OVER $1,500",PHYSICAL CONDITION OF DRIVER,1,INCAPACITATING INJURY,1.0,0.0,1.0,9,5,9,41.87749314,-87.68180806,"['09/14/2023', '09:26:00', 'AM']",INCAPACITATING INJURY without Device
67b4e97836898b68c6bdf32f6fd34a2f05f4f341f494de2a643d5ee3414d13a78a3e62ebf2d13f110484b7657d2c11ada5a44ea1be12cd073fc1eef1d169243f,2023-09-14 03:41:00,Thursday,35,TRAFFIC SIGNAL,CLEAR,"DARKNESS, LIGHTED ROAD",ANGLE,DRY,INJURY AND / OR TOW DUE TO CRASH,"OVER $1,500",IMPROPER TURNING/NO SIGNAL,2,INCAPACITATING INJURY,2.0,0.0,1.0,3,5,9,41.87941032,-87.63714067,"['09/14/2023', '03:41:00', 'AM']",INCAPACITATING INJURY with Device
79585421801d36124670e83cc856a8e2139e0655c36fb4d7403b37076c2b195b65128990c2cfbbe4449573dcd9dfc941e30cc5b9c78e2c412806b9531775e09d,2023-09-13 17:52:00,Wednesday,35,TRAFFIC SIGNAL,CLEAR,DAYLIGHT,TURNING,DRY,INJURY AND / OR TOW DUE TO CRASH,"OVER $1,500",IMPROPER TURNING/NO SIGNAL,2,INCAPACITATING INJURY,1.0,0.0,1.0,17,4,9,41.75176573,-87.58616257,"['09/13/2023', '05:52:00', 'PM']",INCAPACITATING INJURY with Device
287b75d48512c9f2b3b4beedc920cdd73b1bbadf31c096e10371cd2dcf5c10591a03eb854cc6306615e1046358a5b248611c493fe0182f4ecadc2083b6d240cc,2023-09-13 14:43:00,Wednesday,30,TRAFFIC SIGNAL,CLEAR,DAYLIGHT,FIXED OBJECT,DRY,INJURY AND / OR TOW DUE TO CRASH,"OVER $1,500",UNABLE TO DETERMINE,1,INCAPACITATING INJURY,1.0,0.0,1.0,14,4,9,41.93164684,-87.72930493,"['09/13/2023', '02:43:00', 'PM']",INCAPACITATING INJURY with Device
e1d29fd5df0553a8614433d497ddaea2ac512bc0e952fd8893aa71e708cf5372f001ede3e23f1809ef65459be75a846373d239db3fe01d2015c6ffbc7799f2ec,2023-09-13 09:25:00,Wednesday,30,TRAFFIC SIGNAL,CLEAR,DAYLIGHT,PEDALCYCLIST,DRY,INJURY AND / OR TOW DUE TO CRASH,"OVER $1,500",UNABLE TO DETERMINE,2,INCAPACITATING INJURY,1.0,0.0,1.0,9,4,9,41.98755868,-87.84529632,"['09/13/2023', '09:25:00', 'AM']",INCAPACITATING INJURY with Device
42900864e6f2eead5c5fff9dbbb65dab4c856abeeeeb0b2aaa4d85b99dc5c01da35800be081f352af1e027d52c26aa1863fcc7ddd2f7732c2f44a880f3a69355,2023-09-12 18:15:00,Tuesday,35,NO CONTROLS,CLEAR,DAYLIGHT,FIXED OBJECT,DRY,INJURY AND / OR TOW DUE TO CRASH,"OVER $1,500",UNABLE TO DETERMINE,1,INCAPACITATING INJURY,3.0,0.0,2.0,18,3,9,41.72922781,-87.54180759,"['09/12/2023', '06:15:00', 'PM']",INCAPACITATING INJURY without Device
1a4fb465aa3fc89c88cf51e8666ac293429b9b909015c44598fca088494494c58056c97a572a691d5f079a351148940129fe897a4ead450189869169046d83a6,2023-09-12 17:50:00,Tuesday,30,NO CONTROLS,CLEAR,DAYLIGHT,TURNING,DRY,INJURY AND / OR TOW DUE TO CRASH,"OVER $1,500",IMPROPER TURNING/NO SIGNAL,2,INCAPACITATING INJURY,1.0,0.0,1.0,17,3,9,41.83144837,-87.67615052,"['09/12/2023', '05:50:00', 'PM']",INCAPACITATING INJURY without Device