CRASH_RECORD_ID,CRASH_DATE,Weekday,POSTED_SPEED_LIMIT,TRAFFIC_CONTROL_DEVICE,WEATHER_CONDITION,LIGHTING_CONDITION,FIRST_CRASH_TYPE,ROADWAY_SURFACE_COND,CRASH_TYPE,DAMAGE,PRIM_CONTRIBUTORY_CAUSE,NUM_UNITS,MOST_SEVERE_INJURY,INJURIES_TOTAL,INJURIES_FATAL,INJURIES_INCAPACITATING,CRASH_HOUR,CRASH_DAY_OF_WEEK,CRASH_MONTH,LATITUDE,LONGITUDE,CRASH_TIME,CATEGORIES
53911b6b13090a19269881c44e3f919c8296dae57b26fcdd76f432bb4f7ee9e4540a5669831fd8ddef94edfbb815bcf129ee3f0075965f3d35634b4f45a9c068,2023-08-28 00:16:00,Monday,30,NO CONTROLS,CLEAR,"DARKNESS, LIGHTED ROAD",FIXED OBJECT,DRY,INJURY AND / OR TOW DUE TO CRASH,"OVER $1,500",PHYSICAL CONDITION OF DRIVER,1,FATAL,1.0,1.0,0.0,0,2,8,41.72223072,-87.58484723,"['08/28/2023', '12:16:00', 'AM']",FATAL without Device
6e805aa1d958203f59e9964ce7c87ca566ec6cf3441e1cdc1715d5f5152d2b4c60bdce6546495dd3b1f69dfab96bae5fcffab420f6424646e3d66a1e3af3f32b,2023-08-27 16:20:00,Sunday,35,TRAFFIC SIGNAL,CLEAR,DAYLIGHT,PEDALCYCLIST,DRY,INJURY AND / OR TOW DUE TO CRASH,"OVER $1,500",UNABLE TO DETERMINE,2,INCAPACITATING INJURY,1.0,0.0,1.0,16,1,8,41.83480798,-87.64634873,"['08/27/2023', '04:20:00', 'PM']",INCAPACITATING INJURY with Device
df1c31caae3ac10bc4884ca4a2f1ebe1a01db5ac22b26b6d52eff6531d40bad683bc329e56dafbfc3eac1cf43f3e1739f028fe936148c5e9843ef27f8fabaea0,2023-08-27 04:03:00,Sunday,30,NO CONTROLS,CLEAR,"DARKNESS, LIGHTED ROAD",REAR END,DRY,INJURY AND / OR TOW DUE TO CRASH,"OVER $1,500",UNABLE TO DETERMINE,5,INCAPACITATING INJURY,3.0,0.0,1.0,4,1,8,41.8896015,-87.75281146,"['08/27/2023', '04:03:00', 'AM']",INCAPACITATING INJURY without Device
5b352a5e561c7aa33af28197545fb9662295c2d0230f33dcc936f557a34da7cc8ce6be136017f8d250a328dac3514dff1052576e586f04f26a468f28a4c57e4f,2023-08-27 02:35:00,Sunday,25,NO CONTROLS,CLEAR,"DARKNESS, LIGHTED ROAD",PARKED MOTOR VEHICLE,DRY,INJURY AND / OR TOW DUE TO CRASH,"OVER $1,500",UNDER THE INFLUENCE OF ALCOHOL/DRUGS (USE WHEN ARREST IS EFFECTED),2,INCAPACITATING INJURY,1.0,0.0,1.0,2,1,8,41.94611836,-87.65900181,"['08/27/2023', '02:35:00', 'AM']",INCAPACITATING INJURY without Device
227e502d9bf85244b4d7166178b675aa79815ac1bde4e6d7e2732519096c60c5be31986ac18c34483ac87bb5106b3286c3b8757ee512b60965318fe3578e4f5f,2023-08-27 02:07:00,Sunday,35,NO CONTROLS,CLEAR,"DARKNESS, LIGHTED ROAD",FIXED OBJECT,DRY,INJURY AND / OR TOW DUE TO CRASH,"OVER $1,500",UNABLE TO DETERMINE,1,INCAPACITATING INJURY,1.0,0.0,1.0,2,1,8,41.65915916,-87.61829439,"['08/27/2023', '02:07:00', 'AM']",INCAPACITATING INJURY without Device
b360b537d6e9f49ffc2685bf29fcbb117b0cf98c8cdc1eb570808bfa24cdd96443ce4c0aa05c5a0ec8c6b4161b2f504211b547b284055e6a0f4e7988bc72a4cb,2023-08-27 01:05:00,Sunday,30,TRAFFIC SIGNAL,CLEAR,"DARKNESS, LIGHTED ROAD",TURNING,DRY,INJURY AND / OR TOW DUE TO CRASH,"OVER $1,500",IMPROPER OVERTAKING/PASSING,2,INCAPACITATING INJURY,2.0,0.0,1.0,1,1,8,41.77528969,-87.57522361,"['08/27/2023', '01:05:00', 'AM']",INCAPACITATING INJURY with Device
d07e1b3fc6f3573c5f0f9130a1765bc4c45166e18beb1c4854666ab4e9b71de9c0d482ae195ed50c10aa2817f9533f81a1fdc540552482d946b6eb1512eb1982,2023-08-26 22:25:00,Saturday,30,NO CONTROLS,CLEAR,"DARKNESS, LIGHTED ROAD",TURNING,DRY,INJURY AND / OR TOW DUE TO CRASH,"$501 - $1,500",FAILING TO YIELD RIGHT-OF-WAY,2,INCAPACITATING INJURY,1.0,0.0,1.0,22,7,8,41.93705153,-87.74667024,"['08/26/2023', '10:25:00', 'PM']",INCAPACITATING INJURY without Device
b1335fe0ed8564b97d960f61d7dc21aa1f6426e2f0238dff33de8f2c6de84bceffd42d947e9f724126d7ac380b3f1cb41bfae47b93fa1e077100afe8022eaaaf,2023-08-26 18:15:00,Saturday,30,TRAFFIC SIGNAL,UNKNOWN,UNKNOWN,PEDALCYCLIST,UNKNOWN,INJURY AND / OR TOW DUE TO CRASH,"OVER $1,500",FAILING TO YIELD RIGHT-OF-WAY,2,INCAPACITATING INJURY,1.0,0.0,1.0,18,7,8,41.80072726,-87.70391022,"['08/26/2023', '06:15:00', 'PM']",INCAPACITATING INJURY with Device
87522eb9f8acb47cf0b05a79d164346c2322c7ab47031ca03938dd9b643573a5912d896f1a7f9ea1e16f7318b8287ff062f3cc6d799ca91d0b1abbdf0d5337c6,2023-08-26 18:08:00,Saturday,20,NO CONTROLS,CLEAR,DAYLIGHT,PEDESTRIAN,UNKNOWN,INJURY AND / OR TOW DUE TO CRASH,"OVER $1,500",FAILING TO REDUCE SPEED TO AVOID CRASH,2,INCAPACITATING INJURY,1.0,0.0,1.0,18,7,8,41.80123317,-87.73211205,"['08/26/2023', '06:08:00', 'PM']",INCAPACITATING INJURY without Device
deaa3986d08d122075e983d02b170d45dd1e2720b5347505c0c2cbc259025008de32242c7559dafa719b2497fc7a7dde2b9a920b918eeefbba14bb17f5dee3bf,2023-08-26 16:22:00,Saturday,30,TRAFFIC SIGNAL,CLEAR,DAYLIGHT,TURNING,DRY,INJURY AND / OR TOW DUE TO CRASH,"OVER $1,500",FAILING TO YIELD RIGHT-OF-WAY,2,INCAPACITATING INJURY,1.0,0.0,1.0,16,7,8,41.78665418,-87.66453916,"['08/26/2023', '04:22:00', 'PM']",INCAPACITATING INJURY with Device
076e125ac555de5d8fab26c4317c7de65172c6fcc38591dacb45d820445a3fb29e66e8903a5ca3b5d5599ffe6131b068f263407b97c6fb5c220e08353309bfc3,2023-08-26 05:09:00,Saturday,30,TRAFFIC SIGNAL,CLEAR,"DARKNESS, LIGHTED ROAD",TURNING,DRY,INJURY AND / OR TOW DUE TO CRASH,"OVER $1,500",FAILING TO REDUCE SPEED TO AVOID CRASH,2,INCAPACITATING INJURY,3.0,0.0,1.0,5,7,8,41.90965449,-87.73568856,"['08/26/2023', '05:09:00', 'AM']",INCAPACITATING INJURY with Device
e87904921b1babc027ca43e990cb62d3b6b5cfe156244dc50a35cd9ee114cc0bd90234e469e34023d6e49ece0047be3df794e2c245f09bdbdffece0f8c4ad2ac,2023-08-26 02:05:00,Saturday,30,NO CONTROLS,CLEAR,"DARKNESS, LIGHTED ROAD",PARKED MOTOR VEHICLE,DRY,INJURY AND / OR TOW DUE TO CRASH,"OVER $1,500",NOT APPLICABLE,2,INCAPACITATING INJURY,1.0,0.0,1.0,2,7,8,41.76168152,-87.70288248,"['08/26/2023', '02:05:00', 'AM']",INCAPACITATING INJURY without Device
5c869bf7f025ae166bf7dfe5a66aaab5a5512bab049ed9bdd12e2f6303ec7c9707b4e345a3fc3588a51e7998c039dcb099154bf031303377052d594bf0e1e37f,2023-08-25 21:14:00,Friday,30,TRAFFIC SIGNAL,CLEAR,DARKNESS,FIXED OBJECT,DRY,INJURY AND / OR TOW DUE TO CRASH,"OVER $1,500",ROAD CONSTRUCTION/MAINTENANCE,1,INCAPACITATING INJURY,1.0,0.0,1.0,21,6,8,41.88436605,-87.61732488,"['08/25/2023', '09:14:00', 'PM']",INCAPACITATING INJURY with Device
c7225b9666f7064810f6c6304aacdb2dd4ef452e83637e9f439a067d4ab8217b4c8a0714156f34abc2994c75c87b4438a0914cf1adf2f4b21138b99181bffe38,2023-08-25 19:10:00,Friday,30,NO CONTROLS,CLEAR,DAYLIGHT,HEAD ON,DRY,INJURY AND / OR TOW DUE TO CRASH,"OVER $1,500",UNDER THE INFLUENCE OF ALCOHOL/DRUGS (USE WHEN ARREST IS EFFECTED),7,INCAPACITATING INJURY,2.0,0.0,2.0,19,6,8,41.96899849,-87.71352822,"['08/25/2023', '07:10:00', 'PM']",INCAPACITATING INJURY without Device
e7e33edcada88183f0d353bcdafdd48f7e2b6396063f30c6b670e667a4adb93444995e6cfa043a485eb631012136d54d6731d1789e74fd7be0901d629a4372c8,2023-08-25 18:37:00,Friday,30,NO CONTROLS,CLEAR,DAYLIGHT,PEDESTRIAN,DRY,INJURY AND / OR TOW DUE TO CRASH,$500 OR LESS,UNABLE TO DETERMINE,2,INCAPACITATING INJURY,1.0,0.0,1.0,18,6,8,41.78724155,-87.6387639,"['08/25/2023', '06:37:00', 'PM']",INCAPACITATING INJURY without Device
225e1a15dd9517ecf81aa42e16fb5b7ab105198f71fd0aa27bcde6796d163646f04e69e3916dfeb613063e306bbad1133651e37f87ac8264c7887c4967d1b467,2023-08-25 15:28:00,Friday,30,STOP SIGN/FLASHER,CLEAR,DAYLIGHT,TURNING,DRY,INJURY AND / OR TOW DUE TO CRASH,"OVER $1,500",FAILING TO YIELD RIGHT-OF-WAY,2,INCAPACITATING INJURY,2.0,0.0,1.0,15,6,8,41.90243492,-87.74854487,"['08/25/2023', '03:28:00', 'PM']",INCAPACITATING INJURY with Device
6ea0996d47ced506f56afb779233f641696604f0388ce3c838c160f1294b348736b82f3673c366a485c6330666795d375d9c5c270edce4285afb7e4fc4faa17d,2023-08-25 14:38:00,Friday,30,TRAFFIC SIGNAL,CLEAR,DAYLIGHT,TURNING,DRY,INJURY AND / OR TOW DUE TO CRASH,"OVER $1,500",UNABLE TO DETERMINE,2,INCAPACITATING INJURY,2.0,0.0,1.0,14,6,8,41.89892718,-87.72633786,"['08/25/2023', '02:38:00', 'PM']",INCAPACITATING INJURY with Device
cddadd87954277d406cce88c3950d3244ec0182334e5388fc9b6e13aae10d67520f5ba586d79abd8a56da3959337a1f88dbd58dd387f0e8bfaf3c7cb421c1178,2023-08-24 23:31:00,Thursday,25,NO CONTROLS,CLEAR,"DARKNESS, LIGHTED ROAD",PEDESTRIAN,DRY,INJURY AND / OR TOW DUE TO CRASH,"OVER $1,500",UNABLE TO DETERMINE,2,INCAPACITATING INJURY,2.0,0.0,1.0,23,5,8,41.93183264,-87.7145511,"['08/24/2023', '11:31:00', 'PM']",INCAPACITATING INJURY without Device
c566d9c9914aaa1eadd18da8afcf4ad64ae2daa889dec3d89a31e2c724a0ab8f9c1ee01afc3b6352bc7a722e62fad269d31e62e6d9997e2b4bbf1be0547cae05,2023-08-24 18:02:00,Thursday,30,TRAFFIC SIGNAL,CLEAR,DAYLIGHT,TURNING,DRY,INJURY AND / OR TOW DUE TO CRASH,"OVER $1,500",DISREGARDING TRAFFIC SIGNALS,2,INCAPACITATING INJURY,2.0,0.0,2.0,18,5,8,41.67734419,-87.68055414,"['08/24/2023', '06:02:00', 'PM']",INCAPACITATING INJURY with Device
34335e88fff3a3a058d3363177a4df7e92368e930b491444435c9c2307b6887aa76aa33e014745cfe3081ea1723fb32b80502a922fb006ad549c12f09676327b,2023-08-24 16:23:00,Thursday,30,NO CONTROLS,CLEAR,DAYLIGHT,PEDALCYCLIST,DRY,INJURY AND / OR TOW DUE TO CRASH,"$501 - $1,500","VISION OBSCURED (SIGNS, TREE LIMBS, BUILDINGS, ETC.)",2,INCAPACITATING INJURY,1.0,0.0,1.0,16,5,8,41.93862257,-87.72285747,"['08/24/2023', '04:23:00', 'PM']",INCAPACITATING INJURY without Device
def0e20fce79f4804e6d38dca12455bb74790e386eadcf35b3d629da1120226d2ae2ed0d3d3f38b20e5c06f2c720674e707338d46a4e2aa84eccdef486669d8f,2023-08-24 15:18:00,Thursday,30,TRAFFIC SIGNAL,CLEAR,DAYLIGHT,FIXED OBJECT,DRY,INJURY AND / OR TOW DUE TO CRASH,"OVER $1,500",PHYSICAL CONDITION OF DRIVER,1,INCAPACITATING INJURY,1.0,0.0,1.0,15,5,8,41.98970689,-87.80702212,"['08/24/2023', '03:18:00', 'PM']",INCAPACITATING INJURY with Device
51d445a51b1f7182167706163764e3ff72356b9772e886e79b28020d78bec6f098059d0a9cabf2020bad38973bc60130f03347284175809abf420bf756e35d09,2023-08-24 12:00:00,Thursday,30,NO CONTROLS,CLEAR,DAYLIGHT,REAR END,DRY,INJURY AND / OR TOW DUE TO CRASH,"OVER $1,500",FAILING TO REDUCE SPEED TO AVOID CRASH,2,INCAPACITATING INJURY,1.0,0.0,1.0,12,5,8,41.93865914,-87.76855864,"['08/24/2023', '12:00:00', 'PM']",INCAPACITATING INJURY without Device
788be77bc1fa9524138cf891a655e2c24c1677aca580fc207b626f7e86c9f6c13b727541c07b1626b40710218ebdc1a77958432e52c7e817219dbadefa0629bd,2023-08-24 08:45:00,Thursday,40,NO CONTROLS,CLEAR,DAYLIGHT,SIDESWIPE SAME DIRECTION,DRY,INJURY AND / OR TOW DUE TO CRASH,"OVER $1,500",FAILING TO YIELD RIGHT-OF-WAY,4,INCAPACITATING INJURY,2.0,0.0,2.0,8,5,8,41.85798635,-87.61631898,"['08/24/2023', '08:45:00', 'AM']",INCAPACITATING INJURY without Device
05590c224fede21a2b19c55a3d27234fe886614871f45fab63810e668b746d1f8970840edaaa7593da2a1029d27077afe248a3652fef8c61779ea179bb2ab3fc,2023-08-23 23:45:00,Wednesday,30,NO CONTROLS,CLEAR,"DARKNESS, LIGHTED ROAD",PARKED MOTOR VEHICLE,DRY,INJURY AND / OR TOW DUE TO CRASH,"OVER $1,500",DRIVING SKILLS/KNOWLEDGE/EXPERIENCE,2,INCAPACITATING INJURY,2.0,0.0,1.0,23,4,8,41.6814612,-87.66940435,"['08/23/2023', '11:45:00', 'PM']",INCAPACITATING INJURY without Device
61c23e866cad651edb8f54fdb9eaab711b5cdcfe93b11b32d63ef11c6ba1509a6e21d77fe30c2639aa8701189f4a4852bef482509f4610764f11dcf9642707f1,2023-08-23 18:07:00,Wednesday,30,NO CONTROLS,CLEAR,DAYLIGHT,PEDESTRIAN,DRY,INJURY AND / OR TOW DUE TO CRASH,$500 OR LESS,UNABLE TO DETERMINE,2,INCAPACITATING INJURY,1.0,0.0,1.0,18,4,8,41.84626772,-87.719976,"['08/23/2023', '06:07:00', 'PM']",INCAPACITATING INJURY without Device
822f4422ef899f64e89b9657eeae5b64d3d39913b0a6f67ad7ec962da3762035cce016b5b1652fbf44dc14d92eba88b4597136eee015fc305d2d1275f4135890,2023-08-23 17:33:00,Wednesday,30,STOP SIGN/FLASHER,CLEAR,DAYLIGHT,PEDESTRIAN,DRY,INJURY AND / OR TOW DUE TO CRASH,"OVER $1,500",FAILING TO YIELD RIGHT-OF-WAY,2,FATAL,2.0,1.0,0.0,17,4,8,41.85224519,-87.67841789,"['08/23/2023', '05:33:00', 'PM']",FATAL with Device
7f1acdd923a6848d369883e1a40cc8c7311a09cba4ec43d1cf3ba5c0d671c3da36b3486bcc9d9a50b3682390c0c3fca359dcec8dae91f135ec09da610f2d6b57,2023-08-23 17:04:00,Wednesday,30,TRAFFIC SIGNAL,CLEAR,DAYLIGHT,REAR END,DRY,INJURY AND / OR TOW DUE TO CRASH,$500 OR LESS,FOLLOWING TOO CLOSELY,2,INCAPACITATING INJURY,1.0,0.0,1.0,17,4,8,41.96863531,-87.68000567,"['08/23/2023', '05:04:00', 'PM']",INCAPACITATING INJURY with Device
ccb89b361b0d63a4bca4162cf751171d90ddc7add57add1eb560663a99524e9c9d665acbc4d92065811f5fa45688d71c7053981d222ff696d347b4da9a3c9d3d,2023-08-23 15:45:00,Wednesday,40,NO CONTROLS,CLEAR,DAYLIGHT,FIXED OBJECT,DRY,INJURY AND / OR TOW DUE TO CRASH,"OVER $1,500",ANIMAL,1,INCAPACITATING INJURY,1.0,0.0,1.0,15,4,8,41.95092255,-87.89809625,"['08/23/2023', '03:45:00', 'PM']",INCAPACITATING INJURY without Device
09a8a44541938f5c796ca5e3ca417499f47804edb476a303559ea6e4dbb7bebbfd255bb180a13bf9c9be1fabde5918eb2b4a7f09d377fb186e9bc0737c36179c,2023-08-23 08:30:00,Wednesday,30,NO CONTROLS,CLEAR,DAYLIGHT,PARKED MOTOR VEHICLE,DRY,INJURY AND / OR TOW DUE TO CRASH,"OVER $1,500",UNABLE TO DETERMINE,2,FATAL,1.0,1.0,0.0,8,4,8,41.79901746,-87.66000626,"['08/23/2023', '08:30:00', 'AM']",FATAL without Device
b7a860faa599a0f2a057ee6ad5aedfe538800aa7a7a2089e572bdb6da7d75c6c491f8b75d17729ddce7d45b9b6f0e005b01d1bdc955f15201abc90a5141ad6c2,2023-08-23 07:43:00,Wednesday,30,TRAFFIC SIGNAL,CLEAR,DAYLIGHT,REAR END,DRY,INJURY AND / OR TOW DUE TO CRASH,"OVER $1,500",PHYSICAL CONDITION OF DRIVER,2,INCAPACITATING INJURY,1.0,0.0,1.0,7,4,8,41.7493171,-87.72760003,"['08/23/2023', '07:43:00', 'AM']",INCAPACITATING INJURY with Device
599c6281420413e3fa0fa844cdedd8ac3b9bc11b703d0d6652a70c30de7e34464e1e2f3ea9d57d6aea247c111d4725b312afdf8f251bf93a96cb55660996fa96,2023-08-23 00:23:00,Wednesday,30,TRAFFIC SIGNAL,CLEAR,"DARKNESS, LIGHTED ROAD",REAR END,DRY,INJURY AND / OR TOW DUE TO CRASH,"OVER $1,500",NOT APPLICABLE,2,INCAPACITATING INJURY,1.0,0.0,1.0,0,4,8,41.89482231,-87.75574686,"['08/23/2023', '12:23:00', 'AM']",INCAPACITATING INJURY with Device
a729e89c1b9a72e766eeef17b953eafe8c67167730a194b47cf3aacb7577b7a00e2e19467507be80eca4cbd0c639ba498e129577bb03353a615e4581a23fceb4,2023-08-22 19:45:00,Tuesday,20,NO CONTROLS,CLEAR,"DARKNESS, LIGHTED ROAD",PARKED MOTOR VEHICLE,DRY,INJURY AND / OR TOW DUE TO CRASH,"OVER $1,500",UNABLE TO DETERMINE,2,INCAPACITATING INJURY,1.0,0.0,1.0,19,3,8,41.76168639,-87.70776742,"['08/22/2023', '07:45:00', 'PM']",INCAPACITATING INJURY without Device
03ebeb466b90b4e5a209b13c4f1650783729425027bacf27e6eb851765c901b8c679f5e2402d57eb3b3388399b345618ed6a168d3d4d1e70d9fe93c7b9e4e191,2023-08-22 18:27:00,Tuesday,30,NO CONTROLS,CLEAR,DAYLIGHT,TURNING,DRY,INJURY AND / OR TOW DUE TO CRASH,"OVER $1,500",FAILING TO YIELD RIGHT-OF-WAY,2,INCAPACITATING INJURY,1.0,0.0,1.0,18,3,8,41.7802223,-87.62028639,"['08/22/2023', '06:27:00', 'PM']",INCAPACITATING INJURY without Device
1e8c47215a867d88b1d3b12963010a45fbcb7648fe315246864f146de34de335f5ef5d39b9ac066cd029c2c86844b09b0ef051900a1bdd3ff02cc2d62c524a8b,2023-08-22 16:25:00,Tuesday,30,NO CONTROLS,CLEAR,DAYLIGHT,OTHER NONCOLLISION,DRY,INJURY AND / OR TOW DUE TO CRASH,"OVER $1,500",IMPROPER LANE USAGE,2,INCAPACITATING INJURY,1.0,0.0,1.0,16,3,8,41.87759028,-87.66238261,"['08/22/2023', '04:25:00', 'PM']",INCAPACITATING INJURY without Device
96e4a6ac1d235b34458217349c4c0a74fd7b2d952d707dfe3e5ba7d63cffef26cb007c44d05ae21e8fed5a315c427de0388f451a701a0a9cc4d2d9c5edd1362f,2023-08-22 16:18:00,Tuesday,30,NO CONTROLS,CLEAR,DAYLIGHT,REAR END,DRY,INJURY AND / OR TOW DUE TO CRASH,"$501 - $1,500",IMPROPER BACKING,2,INCAPACITATING INJURY,1.0,0.0,1.0,16,3,8,41.96885661,-87.64541514,"['08/22/2023', '04:18:00', 'PM']",INCAPACITATING INJURY without Device
2cba513a02a35b0f52fad9a169ee89a0daaf0f993b4bddef5f7c0cc2b25ce4c5ccbb4933e07504851901a600d1a92911fae143025d2de88e7877edcecc878b69,2023-08-22 14:20:00,Tuesday,30,STOP SIGN/FLASHER,CLEAR,DAYLIGHT,ANGLE,DRY,INJURY AND / OR TOW DUE TO CRASH,"OVER $1,500",UNABLE TO DETERMINE,2,INCAPACITATING INJURY,5.0,0.0,2.0,14,3,8,41.88633838,-87.74292427,"['08/22/2023', '02:20:00', 'PM']",INCAPACITATING INJURY with Device
86c9d6b6fe26918bebea828e8876f83c743f9690f8a37fde973dc66eb7e9df614ebe8f5588d7ea469c287108f370f4d2efafe491d329edeb1fccf63d91de67ac,2023-08-22 10:22:00,Tuesday,30,STOP SIGN/FLASHER,CLEAR,DAYLIGHT,ANGLE,DRY,INJURY AND / OR TOW DUE TO CRASH,"OVER $1,500",FAILING TO YIELD RIGHT-OF-WAY,3,INCAPACITATING INJURY,3.0,0.0,1.0,10,3,8,41.8543948,-87.62381533,"['08/22/2023', '10:22:00', 'AM']",INCAPACITATING INJURY with Device
47c64876dc9a58c17d839d0752e15d5f2158aa45e9c322317e8c26e794e4096674fae27f3ceca46084143a630febe76b20b75b42a0d5b8c35e82ace84af9ab52,2023-08-22 07:59:00,Tuesday,30,NO CONTROLS,CLEAR,DAYLIGHT,PEDALCYCLIST,DRY,INJURY AND / OR TOW DUE TO CRASH,$500 OR LESS,FAILING TO YIELD RIGHT-OF-WAY,2,INCAPACITATING INJURY,1.0,0.0,1.0,7,3,8,41.90319292,-87.68341338,"['08/22/2023', '07:59:00', 'AM']",INCAPACITATING INJURY without Device
13f84ac4d841e68e936b298966394501eb7648018a8625a4cc4815ee0379a6724eb38c170b41845ed2e2cf736e2004b5613552bd8ce231e048baa9035323e0a8,2023-08-22 01:44:00,Tuesday,30,NO CONTROLS,CLEAR,"DARKNESS, LIGHTED ROAD",PEDESTRIAN,DRY,INJURY AND / OR TOW DUE TO CRASH,"OVER $1,500",UNABLE TO DETERMINE,2,INCAPACITATING INJURY,1.0,0.0,1.0,1,3,8,41.73813216,-87.58508267,"['08/22/2023', '01:44:00', 'AM']",INCAPACITATING INJURY without Device
c3d87f8dee8570c155f92126e9aad08bc3ef73bcfe990f61a74af95c1e4a49d4d5c7b35babdaee75384617333f889c396ed6d91526de078848017b2dbd1682b7,2023-08-21 21:38:00,Monday,35,TRAFFIC SIGNAL,CLEAR,"DARKNESS, LIGHTED ROAD",PEDALCYCLIST,DRY,INJURY AND / OR TOW DUE TO CRASH,"OVER $1,500",FAILING TO REDUCE SPEED TO AVOID CRASH,2,INCAPACITATING INJURY,1.0,0.0,1.0,21,2,8,41.8529915,-87.63554386,"['08/21/2023', '09:38:00', 'PM']",INCAPACITATING INJURY with Device
32b8b0012cd0d0f6601cc8419d5d5cd3b792b3182da409a472681f11516336af054fb135ae63f385b191c056bf2c3c700a6424eb0e9d981edf7fb932ea46504b,2023-08-21 21:06:00,Monday,30,NO CONTROLS,CLEAR,DARKNESS,TURNING,DRY,INJURY AND / OR TOW DUE TO CRASH,"OVER $1,500",FAILING TO YIELD RIGHT-OF-WAY,2,INCAPACITATING INJURY,1.0,0.0,1.0,21,2,8,41.74527728,-87.64403116,"['08/21/2023', '09:06:00', 'PM']",INCAPACITATING INJURY without Device
d5cb0f18470d5359aa4ca8ef1a86fd61dfe2fcaa697505004aee50bc984ba0c62a262e440c7d9affb3d467ef0235aeea73ad5cad92dc61d958da1ee985a44e3c,2023-08-21 17:00:00,Monday,20,TRAFFIC SIGNAL,CLEAR,DAYLIGHT,PEDALCYCLIST,DRY,INJURY AND / OR TOW DUE TO CRASH,"OVER $1,500",TURNING RIGHT ON RED,2,INCAPACITATING INJURY,1.0,0.0,1.0,17,2,8,41.86736269,-87.6392932,"['08/21/2023', '05:00:00', 'PM']",INCAPACITATING INJURY with Device
3f0f56914a586e716452854e97fe2e0637349cabcb87237c77f45b910420fbf5ea3f96c44f85e89adb5a166e5be55f96a8f034616492f1bae563dae4f404c7d2,2023-08-21 16:30:00,Monday,25,STOP SIGN/FLASHER,CLEAR,DAYLIGHT,ANGLE,DRY,INJURY AND / OR TOW DUE TO CRASH,"OVER $1,500",FAILING TO YIELD RIGHT-OF-WAY,2,INCAPACITATING INJURY,1.0,0.0,1.0,16,2,8,41.71247193,-87.62718245,"['08/21/2023', '04:30:00', 'PM']",INCAPACITATING INJURY with Device
faf646c1b595ccff5f7c4e0de43e6dbbc8939fc8befab70dcd17965792b20dd38150d2b6e017f0ed7275f169f7b1ca0f00315bb1ff4f90806afff83dc8be0d59,2023-08-21 15:30:00,Monday,30,FLASHING CONTROL SIGNAL,CLEAR,DAYLIGHT,PEDALCYCLIST,DRY,INJURY AND / OR TOW DUE TO CRASH,$500 OR LESS,FAILING TO YIELD RIGHT-OF-WAY,2,INCAPACITATING INJURY,1.0,0.0,1.0,15,2,8,41.99713975,-87.73865304,"['08/21/2023', '03:30:00', 'PM']",INCAPACITATING INJURY with Device
8bcd468a09e250d8bbeeabc8adc27da70f03640ed158c7ec8d7e467eed99dc0c5d20b8ee53b187189297574851338d077816444ab25571dd13b6a00a48e1429d,2023-08-21 14:00:00,Monday,15,NO CONTROLS,CLEAR,DAYLIGHT,PARKED MOTOR VEHICLE,DRY,INJURY AND / OR TOW DUE TO CRASH,"OVER $1,500",UNABLE TO DETERMINE,3,INCAPACITATING INJURY,1.0,0.0,1.0,14,2,8,41.98000346,-87.71501433,"['08/21/2023', '02:00:00', 'PM']",INCAPACITATING INJURY without Device
b5e025399e73ab288db61066198d8e6b378a035466b601cf2e688fd104f849975100c57fc8b8352c6d954012b52dc3d8119c532e648a30bd0fcba455de74f8ce,2023-08-21 11:06:00,Monday,30,NO CONTROLS,CLEAR,DAYLIGHT,PARKED MOTOR VEHICLE,DRY,INJURY AND / OR TOW DUE TO CRASH,"OVER $1,500","OPERATING VEHICLE IN ERRATIC, RECKLESS, CARELESS, NEGLIGENT OR AGGRESSIVE MANNER",3,INCAPACITATING INJURY,1.0,0.0,1.0,11,2,8,41.78278811,-87.60450552,"['08/21/2023', '11:06:00', 'AM']",INCAPACITATING INJURY without Device
29e2c2dbcbedf2f3953688fd9454b92b0ae8102c4a3399656330b6fc55dd7f70b96a4cbf9c85918a02ff6ea7714ad8ec1bab5bb673514740cebef2eab0252bc0,2023-08-21 09:30:00,Monday,30,STOP SIGN/FLASHER,CLEAR,DAYLIGHT,ANGLE,DRY,INJURY AND / OR TOW DUE TO CRASH,"OVER $1,500",UNABLE TO DETERMINE,2,INCAPACITATING INJURY,1.0,0.0,1.0,9,2,8,41.75669286,-87.60303488,"['08/21/2023', '09:30:00', 'AM']",INCAPACITATING INJURY with Device
6df09c9300fbf470db9ba017f01be49d07bbd4e297cad9ba4b8b4f4c075b567b550dbc30d28a2a2157efabb2eaf0b50b23c54498959674de20872d79922647dd,2023-08-21 07:18:00,Monday,30,NO CONTROLS,CLEAR,DAYLIGHT,TURNING,DRY,INJURY AND / OR TOW DUE TO CRASH,"OVER $1,500",IMPROPER TURNING/NO SIGNAL,2,INCAPACITATING INJURY,1.0,0.0,1.0,7,2,8,41.77677818,-87.72285872,"['08/21/2023', '07:18:00', 'AM']",INCAPACITATING INJURY without Device