CRASH_RECORD_ID,CRASH_DATE,Weekday,POSTED_SPEED_LIMIT,TRAFFIC_CONTROL_DEVICE,WEATHER_CONDITION,LIGHTING_CONDITION,FIRST_CRASH_TYPE,ROADWAY_SURFACE_COND,CRASH_TYPE,DAMAGE,PRIM_CONTRIBUTORY_CAUSE,NUM_UNITS,MOST_SEVERE_INJURY,INJURIES_TOTAL,INJURIES_FATAL,INJURIES_INCAPACITATING,CRASH_HOUR,CRASH_DAY_OF_WEEK,CRASH_MONTH,LATITUDE,LONGITUDE,CRASH_TIME,CATEGORIES
9c28b8d04dad2e80653c86d8f9dcfaaf8aee69888328bbdafca2aca379a6181bcc08bbb67fc110f6d882c5dd3f582140cd7d218e2d52746a946b01b751be0249,2023-08-21 01:52:00,Monday,30,TRAFFIC SIGNAL,CLEAR,"DARKNESS, LIGHTED ROAD",ANGLE,DRY,INJURY AND / OR TOW DUE TO CRASH,"OVER $1,500",DISREGARDING TRAFFIC SIGNALS,2,FATAL,2.0,1.0,0.0,1,2,8,41.80929091,-87.61673305,"['08/21/2023', '01:52:00', 'AM']",FATAL with Device
80aeeda687ac81570491f59c9fedc80cfcc2c7107a4bd613cd29d89f8b88e6251a06b119ac3d10e341cecf134d2698f2cf139bcf11650ea9529d9d2b54829f6d,2023-08-20 23:38:00,Sunday,30,TRAFFIC SIGNAL,CLEAR,"DARKNESS, LIGHTED ROAD",REAR TO SIDE,DRY,INJURY AND / OR TOW DUE TO CRASH,"OVER $1,500",DISREGARDING TRAFFIC SIGNALS,2,INCAPACITATING INJURY,1.0,0.0,1.0,23,1,8,41.89975116,-87.66754062,"['08/20/2023', '11:38:00', 'PM']",INCAPACITATING INJURY with Device
449fbbbfc49ee63c92d49bbe210f02972caa5d9abdf52f7613440e476d0a3723238a21f87ffee4d403d99442d1fa40e5d85a0b25ccb05cbc74546287dbd37804,2023-08-20 23:18:00,Sunday,20,STOP SIGN/FLASHER,CLEAR,"DARKNESS, LIGHTED ROAD",ANGLE,DRY,INJURY AND / OR TOW DUE TO CRASH,"OVER $1,500",FAILING TO YIELD RIGHT-OF-WAY,2,INCAPACITATING INJURY,1.0,0.0,1.0,23,1,8,41.80988725,-87.70173108,"['08/20/2023', '11:18:00', 'PM']",INCAPACITATING INJURY with Device
984665d2d148b70e7ec2a2b64afb384dc682af57f802ecf177d2c0facebc5f427690d0ba4307085536691142e7a97d30f04f910a39709ccfe9ea7bfd424147d1,2023-08-20 21:58:00,Sunday,30,STOP SIGN/FLASHER,CLEAR,"DARKNESS, LIGHTED ROAD",ANGLE,UNKNOWN,INJURY AND / OR TOW DUE TO CRASH,"OVER $1,500",UNABLE TO DETERMINE,2,FATAL,1.0,1.0,0.0,21,1,8,41.79295797,-87.75503841,"['08/20/2023', '09:58:00', 'PM']",FATAL with Device
094f94db3746d5326cfa6458ddb2387d422302ceb5f6776ec3917c01767ebeba2a30c814d2c9a7967c1dff74e1cf8617b3ca9275844d8c56bcaad9acbf58a305,2023-08-20 21:50:00,Sunday,35,TRAFFIC SIGNAL,CLEAR,"DARKNESS, LIGHTED ROAD",REAR END,DRY,INJURY AND / OR TOW DUE TO CRASH,"$501 - $1,500",FOLLOWING TOO CLOSELY,2,INCAPACITATING INJURY,1.0,0.0,1.0,21,1,8,41.79828531,-87.74276777,"['08/20/2023', '09:50:00', 'PM']",INCAPACITATING INJURY with Device
9f1d7b6188c2d0d22c2dda5c8c2b49b9bed3b5ff04bdc1db3a2c3a54cef54de4ea0cc6a6f6655059f72e1b8c5f34317c143702ac3c5615825529d35e11c48c9c,2023-08-20 21:12:00,Sunday,30,STOP SIGN/FLASHER,CLEAR,"DARKNESS, LIGHTED ROAD",ANGLE,DRY,INJURY AND / OR TOW DUE TO CRASH,"OVER $1,500",FAILING TO YIELD RIGHT-OF-WAY,2,INCAPACITATING INJURY,1.0,0.0,1.0,21,1,8,41.95410434,-87.67431577,"['08/20/2023', '09:12:00', 'PM']",INCAPACITATING INJURY with Device
4deb2538c0e0a38e470f1d84d95301150230e81751363b5b17c95abd5a415609e1e31d565ca64535098bf584ee79d1eb2339dca0ba37973103e2f2ec22beaff1,2023-08-20 20:00:00,Sunday,20,TRAFFIC SIGNAL,CLEAR,"DARKNESS, LIGHTED ROAD",PEDESTRIAN,DRY,INJURY AND / OR TOW DUE TO CRASH,"OVER $1,500",TURNING RIGHT ON RED,2,INCAPACITATING INJURY,1.0,0.0,1.0,20,1,8,41.85237549,-87.6661714,"['08/20/2023', '08:00:00', 'PM']",INCAPACITATING INJURY with Device
e75a93b0b848bf8ce342dd80465483830f9a9728db5dbcac7d8f66b0a9fd22a517bd78ca02969ace0cc73599db648bf3dc6eeb51b0fbe9931db23adb2464a9cc,2023-08-20 18:20:00,Sunday,35,NO CONTROLS,CLEAR,DAYLIGHT,SIDESWIPE SAME DIRECTION,DRY,INJURY AND / OR TOW DUE TO CRASH,"OVER $1,500",EQUIPMENT - VEHICLE CONDITION,2,INCAPACITATING INJURY,1.0,0.0,1.0,18,1,8,41.72938312,-87.54201535,"['08/20/2023', '06:20:00', 'PM']",INCAPACITATING INJURY without Device
6a57119444061d36270bad394c87a723e7a2abe32e0c832de51d0f7ef823f721988728baaad28f785e80c9a907da99d61b712c514f1db1c522df2f8fc6ecfb43,2023-08-20 17:56:00,Sunday,20,NO CONTROLS,CLEAR,DAYLIGHT,ANGLE,DRY,INJURY AND / OR TOW DUE TO CRASH,"OVER $1,500",FAILING TO YIELD RIGHT-OF-WAY,2,INCAPACITATING INJURY,1.0,0.0,1.0,17,1,8,41.86687982,-87.65713055,"['08/20/2023', '05:56:00', 'PM']",INCAPACITATING INJURY without Device
243ab79199916282e12655ded56b4452746dffb331e299d941f4869ae91dbbc782babe2057416302c60e81bb35e8537063737a40ff8f0a2b207ecf49aea83a8b,2023-08-20 17:34:00,Sunday,30,NO CONTROLS,CLEAR,DAYLIGHT,TURNING,DRY,INJURY AND / OR TOW DUE TO CRASH,"OVER $1,500",UNABLE TO DETERMINE,2,INCAPACITATING INJURY,4.0,0.0,1.0,17,1,8,41.69964403,-87.63297002,"['08/20/2023', '05:34:00', 'PM']",INCAPACITATING INJURY without Device
db005bab3e5e4e790ef290716b7b52f9270382a728a3b6e4560dbae1f31a9704e35e1afbae7cbb987b173c04b03566041743b5136c96a1111362412ff823cda6,2023-08-20 15:20:00,Sunday,30,NO CONTROLS,CLEAR,DAYLIGHT,REAR END,DRY,INJURY AND / OR TOW DUE TO CRASH,"OVER $1,500",FOLLOWING TOO CLOSELY,2,INCAPACITATING INJURY,1.0,0.0,1.0,15,1,8,41.87618214,-87.68679989,"['08/20/2023', '03:20:00', 'PM']",INCAPACITATING INJURY without Device
c421b0ce054b2a5024f271010ebc9418a41679782c126f2c9348a7ef6963ca29fbe9ef2ee78684d63fdb7e51f1b392ffa19d64157b345fc397bbaf05898c54ac,2023-08-20 13:15:00,Sunday,30,NO CONTROLS,CLEAR,DAYLIGHT,PEDESTRIAN,DRY,INJURY AND / OR TOW DUE TO CRASH,$500 OR LESS,FAILING TO YIELD RIGHT-OF-WAY,2,INCAPACITATING INJURY,1.0,0.0,1.0,13,1,8,41.78635886,-87.70198313,"['08/20/2023', '01:15:00', 'PM']",INCAPACITATING INJURY without Device
69ec4347660883cfcef4243bdb251d9977845cbb7510ae9ebeb4459f7ee0fc904782ed8e061976e451787d876cabc995760942fa2e18605d15a199b9047adac0,2023-08-20 12:10:00,Sunday,30,NO CONTROLS,CLEAR,DAYLIGHT,ANGLE,DRY,INJURY AND / OR TOW DUE TO CRASH,"OVER $1,500",FAILING TO YIELD RIGHT-OF-WAY,2,INCAPACITATING INJURY,1.0,0.0,1.0,12,1,8,41.82390101,-87.60701829,"['08/20/2023', '12:10:00', 'PM']",INCAPACITATING INJURY without Device
f0bba68ca7de6e97e37da869aa42096ad7cfc970415beddef3a9c663abe66d315e2fee2de7949588639b57a7b2adfeb55bae494715335a534a385a7a26140f1b,2023-08-20 11:20:00,Sunday,30,RAILROAD CROSSING GATE,CLEAR,DAYLIGHT,SIDESWIPE SAME DIRECTION,DRY,INJURY AND / OR TOW DUE TO CRASH,"OVER $1,500",FAILING TO YIELD RIGHT-OF-WAY,2,INCAPACITATING INJURY,1.0,0.0,1.0,11,1,8,41.83365198,-87.72413446,"['08/20/2023', '11:20:00', 'AM']",INCAPACITATING INJURY with Device
b95b9b780943da91dd196ea4fee9cb433e827f1ab9fa4e0f6f24f0881adac50c8de476895b2582badb5d44e2bba694f033531f50b7b99bd2a345abd211194ad1,2023-08-20 11:12:00,Sunday,30,TRAFFIC SIGNAL,CLEAR,DAYLIGHT,SIDESWIPE SAME DIRECTION,DRY,INJURY AND / OR TOW DUE TO CRASH,"OVER $1,500",UNABLE TO DETERMINE,3,INCAPACITATING INJURY,1.0,0.0,1.0,11,1,8,41.95417981,-87.66910774,"['08/20/2023', '11:12:00', 'AM']",INCAPACITATING INJURY with Device
ffe1ae2af5a52a29ff02bee98c9d0d4f8b267ba1ac5af649df683e7b7fa9abe7ad3cecda1ff9b43a9be099e9f51a5746fd8c0260c7a4b8ab8dea488cb494e2a9,2023-08-20 00:55:00,Sunday,30,NO CONTROLS,CLEAR,"DARKNESS, LIGHTED ROAD",PEDESTRIAN,DRY,INJURY AND / OR TOW DUE TO CRASH,$500 OR LESS,FAILING TO REDUCE SPEED TO AVOID CRASH,2,FATAL,1.0,1.0,0.0,0,1,8,41.90937877,-87.75682428,"['08/20/2023', '12:55:00', 'AM']",FATAL without Device
24ca8fd77a3c4cdd58af9286bb9b6b2ae7a14d2dc7684e74315313cb3418f0aefa310fb5916644fa07b0c72394132941fbd51c5a89751631e264605df444b048,2023-08-19 23:36:00,Saturday,30,NO CONTROLS,CLEAR,"DARKNESS, LIGHTED ROAD",REAR END,DRY,INJURY AND / OR TOW DUE TO CRASH,$500 OR LESS,UNABLE TO DETERMINE,3,INCAPACITATING INJURY,7.0,0.0,1.0,23,7,8,41.87288745,-87.70601051,"['08/19/2023', '11:36:00', 'PM']",INCAPACITATING INJURY without Device
ab3db15f1fd54d16296b92dba0dff6856cc53bbd6195a97dbc848508da19891850895b8c8fcd78d12eff12b88ac9431185fbfbebc1f3ad05d53e19164d7d6e61,2023-08-19 22:25:00,Saturday,45,NO CONTROLS,CLEAR,"DARKNESS, LIGHTED ROAD",REAR END,DRY,INJURY AND / OR TOW DUE TO CRASH,"OVER $1,500",FAILING TO REDUCE SPEED TO AVOID CRASH,2,INCAPACITATING INJURY,2.0,0.0,1.0,22,7,8,41.8561995,-87.6154354,"['08/19/2023', '10:25:00', 'PM']",INCAPACITATING INJURY without Device
d3c20ac1f783f3680a3b54bdabfc37ed8ed04008a916b12be99116010a1d72a7c52992903b35cd1349d9dd09a7e92ea42182558d43131fdaa26d15e0d84793b9,2023-08-19 20:45:00,Saturday,30,NO CONTROLS,CLEAR,DARKNESS,FIXED OBJECT,DRY,INJURY AND / OR TOW DUE TO CRASH,"OVER $1,500",DISTRACTION - FROM OUTSIDE VEHICLE,2,INCAPACITATING INJURY,4.0,0.0,4.0,20,7,8,41.94718224,-87.83636547,"['08/19/2023', '08:45:00', 'PM']",INCAPACITATING INJURY without Device
3ede5433c13fca6785e09e68f4257ab3d08c0f6f1c10a010061189a218bf26282c21bedc2fbb6f3382ce260ce988ba3c1b61ed81a144fe0feca054bf568ef103,2023-08-19 20:43:00,Saturday,35,NO CONTROLS,CLEAR,DARKNESS,FIXED OBJECT,DRY,INJURY AND / OR TOW DUE TO CRASH,$500 OR LESS,FAILING TO REDUCE SPEED TO AVOID CRASH,1,INCAPACITATING INJURY,1.0,0.0,1.0,20,7,8,41.99255652,-87.66511011,"['08/19/2023', '08:43:00', 'PM']",INCAPACITATING INJURY without Device
1891bfd8244c70f10d0579bd1cacfec20c56a8128a36f46eea90c7055029084bddd67cd92343b78bd41b6bc41d230ffae80968b55378b989e15505a35d847deb,2023-08-19 15:10:00,Saturday,35,NO CONTROLS,CLEAR,DAYLIGHT,TURNING,DRY,INJURY AND / OR TOW DUE TO CRASH,"OVER $1,500",FAILING TO YIELD RIGHT-OF-WAY,2,INCAPACITATING INJURY,1.0,0.0,1.0,15,7,8,41.92407307,-87.76714908,"['08/19/2023', '03:10:00', 'PM']",INCAPACITATING INJURY without Device
f068b07388a7a3a609034ad30c609f9127a26a51e1bb97a798228fca2bc4cfd411ea26c02bb1fdbc8a84425b577197172615876127adf1eaa7df7c380f50373e,2023-08-19 05:23:00,Saturday,30,NO CONTROLS,CLEAR,DAWN,PEDESTRIAN,DRY,INJURY AND / OR TOW DUE TO CRASH,$500 OR LESS,UNABLE TO DETERMINE,2,INCAPACITATING INJURY,1.0,0.0,1.0,5,7,8,41.92013095,-87.71700598,"['08/19/2023', '05:23:00', 'AM']",INCAPACITATING INJURY without Device
e63859114f33139258a7f1c96bcb3da0db35045d786c9bb5de2ac193c64837857c8428dfce0b60911e8cd12b172c7091979738173a31d4073c24d33fb00d343a,2023-08-19 04:29:00,Saturday,30,TRAFFIC SIGNAL,CLEAR,"DARKNESS, LIGHTED ROAD",PEDESTRIAN,DRY,INJURY AND / OR TOW DUE TO CRASH,$500 OR LESS,UNABLE TO DETERMINE,2,INCAPACITATING INJURY,1.0,0.0,1.0,4,7,8,41.88181167,-87.73609343,"['08/19/2023', '04:29:00', 'AM']",INCAPACITATING INJURY with Device
c156d00696b5a4cb088ae1cf8ed19259a1147c06f089a7629e2caf8f3dd8c704305282b66967e75a98a3c0d32fa7a7da615193841e5a4e3b1389265dadb5d0b3,2023-08-19 04:09:00,Saturday,30,STOP SIGN/FLASHER,CLEAR,"DARKNESS, LIGHTED ROAD",ANGLE,DRY,INJURY AND / OR TOW DUE TO CRASH,"OVER $1,500",DISREGARDING STOP SIGN,2,INCAPACITATING INJURY,4.0,0.0,2.0,4,7,8,41.78680967,-87.65332777,"['08/19/2023', '04:09:00', 'AM']",INCAPACITATING INJURY with Device
ee40aa9a69de7b8bff0a3b1a91744d202bb7285be91a15dd9fa52e36aa883d23220576f56dcfa4c626d09c8af8cb9941fdf2a0524260028dcefbea99d05b6beb,2023-08-18 20:43:00,Friday,30,NO CONTROLS,CLEAR,"DARKNESS, LIGHTED ROAD",FIXED OBJECT,DRY,INJURY AND / OR TOW DUE TO CRASH,"OVER $1,500",FAILING TO REDUCE SPEED TO AVOID CRASH,1,INCAPACITATING INJURY,1.0,0.0,1.0,20,6,8,41.80518915,-87.65612665,"['08/18/2023', '08:43:00', 'PM']",INCAPACITATING INJURY without Device
cf2ac57529e3ae04e0560eecbf807b84905e9dbd19634f8e2f789c1bcb78b407e854735c1054849b0390c6f9d7d1aaf3c764bb05b6a0167beb48be16d7240407,2023-08-18 17:50:00,Friday,30,NO CONTROLS,CLEAR,DAYLIGHT,PEDALCYCLIST,DRY,INJURY AND / OR TOW DUE TO CRASH,$500 OR LESS,UNABLE TO DETERMINE,2,INCAPACITATING INJURY,1.0,0.0,1.0,17,6,8,41.92512769,-87.66204067,"['08/18/2023', '05:50:00', 'PM']",INCAPACITATING INJURY without Device
5f77be9979695e906a382a674884c4317d34b7ccc87c3fd354ff95022602e006c18805fab0214787cb9f2d236966757040ec24931b5a23785726956a15a52c61,2023-08-18 11:48:00,Friday,30,NO CONTROLS,CLEAR,DAYLIGHT,PEDESTRIAN,DRY,INJURY AND / OR TOW DUE TO CRASH,"OVER $1,500",FAILING TO YIELD RIGHT-OF-WAY,2,INCAPACITATING INJURY,1.0,0.0,1.0,11,6,8,41.93194313,-87.70368842,"['08/18/2023', '11:48:00', 'AM']",INCAPACITATING INJURY without Device
fd30f4929e79b0b04b5302212b9d3b348acd45831b39747f8919205081663900cfc48ca5f8ff1be7009452eb6c010862ab58b570acbaa46441d7fb2e35ca910a,2023-08-17 18:20:00,Thursday,30,TRAFFIC SIGNAL,CLEAR,DAYLIGHT,SIDESWIPE SAME DIRECTION,DRY,INJURY AND / OR TOW DUE TO CRASH,"OVER $1,500",UNABLE TO DETERMINE,2,INCAPACITATING INJURY,1.0,0.0,1.0,18,5,8,41.90285537,-87.71772227,"['08/17/2023', '06:20:00', 'PM']",INCAPACITATING INJURY with Device
2199f0fd4a3a3f92976317feeaf921ae6a7e5f2dc889d00882429488ddd4f6232970d69b6dca73606dba66d9045c758722626d932ab2b9a604fc04f0841f2ffc,2023-08-17 08:52:00,Thursday,10,NO CONTROLS,CLEAR,DAYLIGHT,PEDESTRIAN,DRY,INJURY AND / OR TOW DUE TO CRASH,"OVER $1,500",NOT APPLICABLE,2,INCAPACITATING INJURY,1.0,0.0,1.0,8,5,8,41.99808892,-87.67674037,"['08/17/2023', '08:52:00', 'AM']",INCAPACITATING INJURY without Device
68ec5bb26a82a1e6113c123c925c9887caad67b9347642e173b08901372e832db4b940dc4d522212c3232a8d45e9c16823e64a074e224eb489092d3487032f24,2023-08-17 08:00:00,Thursday,30,TRAFFIC SIGNAL,RAIN,DAWN,ANGLE,WET,INJURY AND / OR TOW DUE TO CRASH,"OVER $1,500",UNABLE TO DETERMINE,2,INCAPACITATING INJURY,1.0,0.0,1.0,8,5,8,41.75571944,-87.66371778,"['08/17/2023', '08:00:00', 'AM']",INCAPACITATING INJURY with Device
1ec52655800d2889b214b11cb29faec2d8155c958cc6325d286d60188fc1ce17d8e0c1bee18f7bdc2d9c970745864606a46bf18b8496e8978aa66aeaaa34f124,2023-08-17 05:40:00,Thursday,30,NO CONTROLS,CLEAR,DAYLIGHT,FIXED OBJECT,DRY,INJURY AND / OR TOW DUE TO CRASH,"OVER $1,500",FAILING TO REDUCE SPEED TO AVOID CRASH,1,INCAPACITATING INJURY,1.0,0.0,1.0,5,5,8,41.85805833,-87.64494567,"['08/17/2023', '05:40:00', 'AM']",INCAPACITATING INJURY without Device
9f300ab33506ac0361d53d3491298661ab20699b794512c60d3742d680e639748c4e234cdafd0577c66a344e4f3507ca475ea6810bec787027157857825c95bc,2023-08-17 00:30:00,Thursday,30,NO CONTROLS,CLEAR,"DARKNESS, LIGHTED ROAD",PARKED MOTOR VEHICLE,DRY,INJURY AND / OR TOW DUE TO CRASH,"OVER $1,500",DISTRACTION - FROM OUTSIDE VEHICLE,5,FATAL,1.0,1.0,0.0,0,5,8,41.99232768,-87.69602336,"['08/17/2023', '12:30:00', 'AM']",FATAL without Device
50c63d14ebb976080b6cdf777fb71c9c477984caf3e111aaa7a71252dded0c48da9ba01985fe25448e800ba35fc89ade73ec08e8022ecd8a59fcd11999884115,2023-08-16 20:35:00,Wednesday,30,NO CONTROLS,CLEAR,"DARKNESS, LIGHTED ROAD",PARKED MOTOR VEHICLE,DRY,INJURY AND / OR TOW DUE TO CRASH,"OVER $1,500",UNABLE TO DETERMINE,3,INCAPACITATING INJURY,1.0,0.0,1.0,20,4,8,41.822772,-87.7008905,"['08/16/2023', '08:35:00', 'PM']",INCAPACITATING INJURY without Device
9697e3e06128a0b26f1e50550aa4c4e8ba89e5adbc4d977eb4e9d07382dff4134b71eeb1982efc3fb2a55c27fc38ec6547196833c8bd78245a3a52c243e89654,2023-08-16 18:41:00,Wednesday,30,TRAFFIC SIGNAL,CLEAR,DAYLIGHT,ANGLE,DRY,INJURY AND / OR TOW DUE TO CRASH,"OVER $1,500",DISREGARDING TRAFFIC SIGNALS,2,INCAPACITATING INJURY,1.0,0.0,1.0,18,4,8,41.78373508,-87.62070737,"['08/16/2023', '06:41:00', 'PM']",INCAPACITATING INJURY with Device
949a81f0cd28b28b95dc0672abc8f52d9936c7ce8d3e149e822dd610485543e2f120ba2ebed50cc133390acf254cb8acbb8203007a893bc6807e9284c72de004,2023-08-16 13:13:00,Wednesday,30,NO CONTROLS,CLEAR,DAYLIGHT,PEDALCYCLIST,DRY,INJURY AND / OR TOW DUE TO CRASH,$500 OR LESS,FAILING TO YIELD RIGHT-OF-WAY,2,INCAPACITATING INJURY,1.0,0.0,1.0,13,4,8,41.92864839,-87.74627739,"['08/16/2023', '01:13:00', 'PM']",INCAPACITATING INJURY without Device
56686d59a2448c72537ee10cb01e84c299cc0e61da68794cf6427199dc9674d7f6e2e34ab8ff327c26074c61ec680551413598edd4630f58934812c8a6b91b55,2023-08-16 12:40:00,Wednesday,20,TRAFFIC SIGNAL,CLEAR,DAYLIGHT,ANGLE,DRY,INJURY AND / OR TOW DUE TO CRASH,"OVER $1,500",DRIVING ON WRONG SIDE/WRONG WAY,2,INCAPACITATING INJURY,1.0,0.0,1.0,12,4,8,41.83097013,-87.62340212,"['08/16/2023', '12:40:00', 'PM']",INCAPACITATING INJURY with Device
a64f4976cff8f73dbdba6a9140684450cef31c6cc6b8edb9d0cd1eb10721a89a0564c365b2191be50a71c1897c6442e32d4cf9da38b6753fb2ee852ce3fcd87b,2023-08-16 07:45:00,Wednesday,30,STOP SIGN/FLASHER,CLEAR,DAYLIGHT,ANGLE,DRY,INJURY AND / OR TOW DUE TO CRASH,"OVER $1,500",UNABLE TO DETERMINE,2,INCAPACITATING INJURY,2.0,0.0,2.0,7,4,8,41.80739801,-87.62130801,"['08/16/2023', '07:45:00', 'AM']",INCAPACITATING INJURY with Device
955c0d7c9a09872cadb5ff94f6f257b35fee8f2dd3910f7e1f2be3cb96aa8e3e494506c290dbf6c02fcb31f74d910342862d44b11a12fda5a0f9779bd9b70d7a,2023-08-15 21:15:00,Tuesday,30,NO CONTROLS,CLEAR,"DARKNESS, LIGHTED ROAD",PEDALCYCLIST,DRY,INJURY AND / OR TOW DUE TO CRASH,"OVER $1,500",FAILING TO YIELD RIGHT-OF-WAY,2,INCAPACITATING INJURY,1.0,0.0,1.0,21,3,8,41.9391077,-87.65422545,"['08/15/2023', '09:15:00', 'PM']",INCAPACITATING INJURY without Device
1ff3130b9f4f75831a707eb4de99375790a284750b353880079d6a6930082c7f9c88cdfc8054b055531acf500a4223b1f9748faca7160a2b88b63a626a0c7aaf,2023-08-15 17:17:00,Tuesday,30,TRAFFIC SIGNAL,CLEAR,DAYLIGHT,ANGLE,DRY,INJURY AND / OR TOW DUE TO CRASH,"OVER $1,500",UNABLE TO DETERMINE,2,INCAPACITATING INJURY,1.0,0.0,1.0,17,3,8,41.71261169,-87.61385951,"['08/15/2023', '05:17:00', 'PM']",INCAPACITATING INJURY with Device
585c17db114d2d3a5d2b827e181a2e8d75152a6d867ad3bbb30bb29e1460c8a68529778fc642b40371a261320ceb652fb5019036b552f9f3672b8511d7757391,2023-08-15 13:00:00,Tuesday,30,NO CONTROLS,CLEAR,DAYLIGHT,ANGLE,DRY,INJURY AND / OR TOW DUE TO CRASH,"OVER $1,500",DISREGARDING STOP SIGN,2,INCAPACITATING INJURY,2.0,0.0,2.0,13,3,8,41.75852887,-87.60187036,"['08/15/2023', '01:00:00', 'PM']",INCAPACITATING INJURY without Device
e767128beeffc4496d1c36bafaafc618883d193abfec3d16fa26cb6fbe4bb9c26517292f50285c3912302fe31a28865cbbd46654c57ab08ce05a4817c97d2274,2023-08-15 12:35:00,Tuesday,30,TRAFFIC SIGNAL,CLEAR,DAYLIGHT,REAR END,WET,INJURY AND / OR TOW DUE TO CRASH,"OVER $1,500",UNABLE TO DETERMINE,3,INCAPACITATING INJURY,2.0,0.0,1.0,12,3,8,41.82295429,-87.68501299,"['08/15/2023', '12:35:00', 'PM']",INCAPACITATING INJURY with Device
fbece9c5640114988a9217043fe613606d0620f8367dd60486adba21c457bb700eb24be651cae96d3104dc17fc6ef17d981272773840628478d7c8ad1c353d49,2023-08-14 18:40:00,Monday,35,TRAFFIC SIGNAL,RAIN,DUSK,TURNING,WET,INJURY AND / OR TOW DUE TO CRASH,"OVER $1,500",FAILING TO YIELD RIGHT-OF-WAY,2,INCAPACITATING INJURY,1.0,0.0,1.0,18,2,8,42.01117471,-87.68283551,"['08/14/2023', '06:40:00', 'PM']",INCAPACITATING INJURY with Device
01350a60ad5929ce9a236dda2a604bf00cc1712d7a2b373e70186d8adcfa012e746b9e940d7f97c71cea3e6afed6d195049bd64e9414e6c1fd6e64af92c06138,2023-08-14 18:19:00,Monday,30,NO CONTROLS,RAIN,DAWN,PEDALCYCLIST,WET,INJURY AND / OR TOW DUE TO CRASH,$500 OR LESS,IMPROPER OVERTAKING/PASSING,2,INCAPACITATING INJURY,1.0,0.0,1.0,18,2,8,41.8938695,-87.63496808,"['08/14/2023', '06:19:00', 'PM']",INCAPACITATING INJURY without Device
9dd79354ce2045a270764a37053e77f7533ec35cc9ca28d84ef596d84d0276cafb1a76d1ea71db9c626d3de701164727164689c3e1ff60f1c45d8a075bade715,2023-08-13 23:51:00,Sunday,30,NO CONTROLS,CLEAR,"DARKNESS, LIGHTED ROAD",FIXED OBJECT,DRY,INJURY AND / OR TOW DUE TO CRASH,"OVER $1,500",UNABLE TO DETERMINE,1,INCAPACITATING INJURY,1.0,0.0,1.0,23,1,8,41.87491003,-87.69627338,"['08/13/2023', '11:51:00', 'PM']",INCAPACITATING INJURY without Device
31728eb0f0395a00485d5aef9d9193dff2c22b2db06c7327808cb434c2917ef77cda5b61a6f548c519aa5ce3fcd1b28c70fa892fbbf1d0f40f8be093a05321d5,2023-08-13 15:29:00,Sunday,25,TRAFFIC SIGNAL,UNKNOWN,DAYLIGHT,REAR TO FRONT,UNKNOWN,INJURY AND / OR TOW DUE TO CRASH,"OVER $1,500",FAILING TO REDUCE SPEED TO AVOID CRASH,2,INCAPACITATING INJURY,2.0,0.0,2.0,15,1,8,41.69977059,-87.62794016,"['08/13/2023', '03:29:00', 'PM']",INCAPACITATING INJURY with Device
a057f72d23574fc073ec077fcb48aaa0fd684f2c8ac025e9ff4fdea61c7e0981e048825d46130d36a229a20f0ac4d895c445a39ab2584c43fc0dea766b60212c,2023-08-13 02:19:00,Sunday,30,TRAFFIC SIGNAL,CLEAR,"DARKNESS, LIGHTED ROAD",PEDESTRIAN,DRY,INJURY AND / OR TOW DUE TO CRASH,"$501 - $1,500","EVASIVE ACTION DUE TO ANIMAL, OBJECT, NONMOTORIST",2,INCAPACITATING INJURY,1.0,0.0,1.0,2,1,8,41.79406846,-87.63176508,"['08/13/2023', '02:19:00', 'AM']",INCAPACITATING INJURY with Device
7de95ee1d819046dee66df28f2e5bd8c587d09021d19f43332770a1f1a2b1d8f85f5abaaf537a87eef1fc94ac0d1da72c562ecec4a1eb2813062512e39e484f1,2023-08-13 01:53:00,Sunday,30,TRAFFIC SIGNAL,CLEAR,"DARKNESS, LIGHTED ROAD",SIDESWIPE SAME DIRECTION,DRY,INJURY AND / OR TOW DUE TO CRASH,"OVER $1,500",FAILING TO REDUCE SPEED TO AVOID CRASH,2,INCAPACITATING INJURY,1.0,0.0,1.0,1,1,8,41.87620942,-87.6724963,"['08/13/2023', '01:53:00', 'AM']",INCAPACITATING INJURY with Device
9e11b1a266cf2d15bad869140e5ee243ee3f981c837ce41508fc41459222e00f9c94e1d903dc70c2f5bba68def2ecd9568c925fcd0a81f02a82104332340510b,2023-08-12 22:00:00,Saturday,30,NO CONTROLS,CLEAR,"DARKNESS, LIGHTED ROAD",PARKED MOTOR VEHICLE,DRY,INJURY AND / OR TOW DUE TO CRASH,"OVER $1,500",UNABLE TO DETERMINE,2,INCAPACITATING INJURY,9.0,0.0,3.0,22,7,8,41.80524345,-87.6836285,"['08/12/2023', '10:00:00', 'PM']",INCAPACITATING INJURY without Device