CRASH_RECORD_ID,CRASH_DATE,Weekday,POSTED_SPEED_LIMIT,TRAFFIC_CONTROL_DEVICE,WEATHER_CONDITION,LIGHTING_CONDITION,FIRST_CRASH_TYPE,ROADWAY_SURFACE_COND,CRASH_TYPE,DAMAGE,PRIM_CONTRIBUTORY_CAUSE,NUM_UNITS,MOST_SEVERE_INJURY,INJURIES_TOTAL,INJURIES_FATAL,INJURIES_INCAPACITATING,CRASH_HOUR,CRASH_DAY_OF_WEEK,CRASH_MONTH,LATITUDE,LONGITUDE,CRASH_TIME,CATEGORIES
871c5cf3ce45e40f4ce86795c617156cfc91f0887e87bc5873f7d754353c39f6148c678592fda2b743bb18f6f529ad0e018080d6068800ba96d0dabb48ea67ad,2023-06-16 10:01:00,Friday,30,TRAFFIC SIGNAL,CLEAR,DAYLIGHT,REAR END,DRY,INJURY AND / OR TOW DUE TO CRASH,"OVER $1,500",DRIVING SKILLS/KNOWLEDGE/EXPERIENCE,2,INCAPACITATING INJURY,2.0,0.0,1.0,10,6,6,41.79129291,-87.74140377,"['06/16/2023', '10:01:00', 'AM']",INCAPACITATING INJURY with Device
de63b52ac643feb1818b9586917f461ed60724a25d87b34773806940a65b845c3ac8242fe0557be2c33004b88f10ef4d48a01bdf1543683b66a8dde28fd4c423,2023-06-16 02:09:00,Friday,30,TRAFFIC SIGNAL,CLEAR,"DARKNESS, LIGHTED ROAD",SIDESWIPE SAME DIRECTION,DRY,INJURY AND / OR TOW DUE TO CRASH,"OVER $1,500",FAILING TO YIELD RIGHT-OF-WAY,2,INCAPACITATING INJURY,3.0,0.0,2.0,2,6,6,41.84818096,-87.62382877,"['06/16/2023', '02:09:00', 'AM']",INCAPACITATING INJURY with Device
c1e9884a00af58a4a3a4608faa7d73ffeaaf6f3c8f4102131b95070a7aabe7052e6009afffcd5ca3bbb290f27903239206b9e7865dbee089dd405e2b22f237bc,2023-06-15 18:22:00,Thursday,30,TRAFFIC SIGNAL,CLEAR,DAYLIGHT,PEDESTRIAN,DRY,INJURY AND / OR TOW DUE TO CRASH,"OVER $1,500",UNABLE TO DETERMINE,2,INCAPACITATING INJURY,1.0,0.0,1.0,18,5,6,41.9326922,-87.64481853,"['06/15/2023', '06:22:00', 'PM']",INCAPACITATING INJURY with Device
266f35fd009913038120957b44ace2bf7a02a0d439a24330faadaa3bca6b746024d93be265c239116052ef5addf27e8c6a736257b17293a9b0c0cfcd4174563a,2023-06-15 17:03:00,Thursday,30,NO CONTROLS,CLEAR,DAYLIGHT,PEDESTRIAN,DRY,INJURY AND / OR TOW DUE TO CRASH,"$501 - $1,500",UNABLE TO DETERMINE,2,INCAPACITATING INJURY,1.0,0.0,1.0,17,5,6,41.9481786,-87.66389687,"['06/15/2023', '05:03:00', 'PM']",INCAPACITATING INJURY without Device
20195a6a2fb59572275ec6e14306d5138c1456926d00421e6d69810cdbd0059c97e8f42a8dc927f163a1d2cd92ea2651435f72bc359fb0a5a18db2245a73f549,2023-06-15 14:14:00,Thursday,30,TRAFFIC SIGNAL,CLEAR,DAYLIGHT,ANGLE,DRY,INJURY AND / OR TOW DUE TO CRASH,"OVER $1,500",DISREGARDING TRAFFIC SIGNALS,3,INCAPACITATING INJURY,4.0,0.0,3.0,14,5,6,41.87587163,-87.69612324,"['06/15/2023', '02:14:00', 'PM']",INCAPACITATING INJURY with Device
b758e850dbc9c21dd6aa3b9302fa0bf0b175bc79d3b92db3a2e6b9ff433d566508e7e563df25f896879a415c5bf55e1d2f8838a3d1cff0012ac443db47ff7a6e,2023-06-15 13:37:00,Thursday,30,TRAFFIC SIGNAL,CLEAR,DAYLIGHT,FIXED OBJECT,DRY,INJURY AND / OR TOW DUE TO CRASH,"OVER $1,500",ROAD CONSTRUCTION/MAINTENANCE,2,INCAPACITATING INJURY,1.0,0.0,1.0,13,5,6,41.87741284,-87.6766909,"['06/15/2023', '01:37:00', 'PM']",INCAPACITATING INJURY with Device
e9936de3aa656361056cccf385ed99e6a5e10dd75772645ea2e2d0ee21889593568dab6571d824b95575531b3cd2ba14b40c7a23f87fe7a59da71fea5e42148b,2023-06-15 10:15:00,Thursday,30,TRAFFIC SIGNAL,CLEAR,DAYLIGHT,PARKED MOTOR VEHICLE,DRY,INJURY AND / OR TOW DUE TO CRASH,"OVER $1,500",UNABLE TO DETERMINE,2,INCAPACITATING INJURY,1.0,0.0,1.0,10,5,6,41.89309952,-87.632561,"['06/15/2023', '10:15:00', 'AM']",INCAPACITATING INJURY with Device
033f2f01a9b97e0ffdec094a7e3821d9a61caa530fd14fea9fff6fa6a23579791cf883b87c9ecabf2c56cc61a6a2f29975de3cadeff78b1f3a1c4209846c3982,2023-06-15 09:36:00,Thursday,30,TRAFFIC SIGNAL,CLEAR,DAYLIGHT,SIDESWIPE SAME DIRECTION,DRY,INJURY AND / OR TOW DUE TO CRASH,"OVER $1,500",IMPROPER OVERTAKING/PASSING,3,INCAPACITATING INJURY,2.0,0.0,1.0,9,5,6,41.95348601,-87.73254566,"['06/15/2023', '09:36:00', 'AM']",INCAPACITATING INJURY with Device
498fe8b172454dc8766efcf3de1d3a3b02804ca6c0327b8c33406fa4fdc4c2d2f3ace5e7ac0c9f911903a65c865436a15ff5c63245be7db870573d8b3f0dc028,2023-06-14 21:39:00,Wednesday,30,NO CONTROLS,CLEAR,DARKNESS,PARKED MOTOR VEHICLE,DRY,INJURY AND / OR TOW DUE TO CRASH,"OVER $1,500","VISION OBSCURED (SIGNS, TREE LIMBS, BUILDINGS, ETC.)",4,INCAPACITATING INJURY,1.0,0.0,1.0,21,4,6,41.92539895,-87.64539014,"['06/14/2023', '09:39:00', 'PM']",INCAPACITATING INJURY without Device
036c032a0cf0fa4fe8befa097fe0dabeabcceddc4f3b9f2f6ac211db9508ca8ddcad7bb8a2980062b5cd393a5c22b828676b9926000ede5b3accee02c8b2e958,2023-06-14 21:35:00,Wednesday,30,NO CONTROLS,CLEAR,"DARKNESS, LIGHTED ROAD",SIDESWIPE SAME DIRECTION,DRY,INJURY AND / OR TOW DUE TO CRASH,"OVER $1,500",IMPROPER OVERTAKING/PASSING,2,INCAPACITATING INJURY,3.0,0.0,1.0,21,4,6,41.90153288,-87.68684256,"['06/14/2023', '09:35:00', 'PM']",INCAPACITATING INJURY without Device
c565adbcf1f76e99693632901ac37b1c71494296c1b97512ab8f6de9cadffb6488c36c1653b6d9fa2e3673480978af03b14c723bb18036d280fa157f7d78da73,2023-06-14 18:40:00,Wednesday,30,STOP SIGN/FLASHER,CLEAR,DAYLIGHT,PEDESTRIAN,DRY,INJURY AND / OR TOW DUE TO CRASH,"$501 - $1,500",NOT APPLICABLE,2,INCAPACITATING INJURY,1.0,0.0,1.0,18,4,6,41.80667662,-87.65747571,"['06/14/2023', '06:40:00', 'PM']",INCAPACITATING INJURY with Device
5db010dd4f94b0af18db12ace7ffd55c497de5f4db0643037693bc33da43e74223c058f56a3b27c5c185c4d668ca3bd6c02eed2af0625d526bafade8933fb568,2023-06-14 18:14:00,Wednesday,30,STOP SIGN/FLASHER,CLEAR,DAYLIGHT,SIDESWIPE SAME DIRECTION,DRY,INJURY AND / OR TOW DUE TO CRASH,"OVER $1,500",IMPROPER OVERTAKING/PASSING,2,INCAPACITATING INJURY,2.0,0.0,1.0,18,4,6,41.87313495,-87.69593308,"['06/14/2023', '06:14:00', 'PM']",INCAPACITATING INJURY with Device
a63bda4a12bbac1e4d8b9156f819d8dcc6b9c7e983c911861e9d89275bc018faf3b9d3ac0ae55275a2843c90b05d93b353c0b7b2d5ff92b45a846c99193c5e4d,2023-06-14 13:46:00,Wednesday,30,TRAFFIC SIGNAL,CLEAR,DAYLIGHT,TURNING,DRY,INJURY AND / OR TOW DUE TO CRASH,"OVER $1,500",FAILING TO REDUCE SPEED TO AVOID CRASH,2,INCAPACITATING INJURY,1.0,0.0,1.0,13,4,6,41.95347154,-87.7474515,"['06/14/2023', '01:46:00', 'PM']",INCAPACITATING INJURY with Device
3ac85bbce87659931e27feb521dbdf9058d432c340ddbc258886bb32b91a743d081ce6838d6772aedf52bddfeb8f13e0c814b2cd33344817386f670683a2cb1a,2023-06-14 13:33:00,Wednesday,30,TRAFFIC SIGNAL,CLEAR,DAYLIGHT,TURNING,DRY,INJURY AND / OR TOW DUE TO CRASH,"OVER $1,500",DRIVING SKILLS/KNOWLEDGE/EXPERIENCE,2,INCAPACITATING INJURY,2.0,0.0,1.0,13,4,6,41.95370551,-87.73255098,"['06/14/2023', '01:33:00', 'PM']",INCAPACITATING INJURY with Device
1b8327a8774f2fd1b176c5406152c631780ec43baf5933d3b67200e7b2621c0080bc70668aa75533cfea419cec1adae6615cafe197680a06a3d6c5e7c97dc81e,2023-06-13 15:01:00,Tuesday,40,TRAFFIC SIGNAL,RAIN,DAYLIGHT,REAR END,WET,INJURY AND / OR TOW DUE TO CRASH,"OVER $1,500",UNABLE TO DETERMINE,3,INCAPACITATING INJURY,2.0,0.0,2.0,15,3,6,41.95799517,-87.88644343,"['06/13/2023', '03:01:00', 'PM']",INCAPACITATING INJURY with Device
9165166448253870e784f397bd75a97a8f06b0943b5f6f1e2822d3357ba8f96fed2f064b20b8c6255924208e2763c7cc516461b29be829f8da29e0e0e6ddd4cb,2023-06-13 09:03:00,Tuesday,30,TRAFFIC SIGNAL,CLEAR,DAYLIGHT,PEDESTRIAN,DRY,INJURY AND / OR TOW DUE TO CRASH,$500 OR LESS,IMPROPER LANE USAGE,2,INCAPACITATING INJURY,1.0,0.0,1.0,9,3,6,41.86599859,-87.72960468,"['06/13/2023', '09:03:00', 'AM']",INCAPACITATING INJURY with Device
14c980f95d573f96ba7d99624c78c3b7d8a86db5a9df6c3def0bc5eb6d3b9f3a588d1512110b29269ed836fb6ce1bf633d394d0c5a8dfddc62965e9cfc478cf9,2023-06-13 07:00:00,Tuesday,10,NO CONTROLS,CLEAR,DAYLIGHT,PEDESTRIAN,DRY,INJURY AND / OR TOW DUE TO CRASH,$500 OR LESS,DRIVING SKILLS/KNOWLEDGE/EXPERIENCE,2,INCAPACITATING INJURY,1.0,0.0,1.0,7,3,6,41.97824919,-87.65155,"['06/13/2023', '07:00:00', 'AM']",INCAPACITATING INJURY without Device
63780143c5ec412ad2918461ab8ca5e3d2c46a95096a008eec1d29de58db4c1ca3769195c554c01298080888c85d1f3a03ed3021a40c5d9569f1cfdce33c7248,2023-06-13 06:14:00,Tuesday,30,PEDESTRIAN CROSSING SIGN,CLOUDY/OVERCAST,DAYLIGHT,PEDALCYCLIST,WET,INJURY AND / OR TOW DUE TO CRASH,$500 OR LESS,UNABLE TO DETERMINE,2,INCAPACITATING INJURY,1.0,0.0,1.0,6,3,6,41.89528213,-87.72331934,"['06/13/2023', '06:14:00', 'AM']",INCAPACITATING INJURY with Device
e90900bea0898c7e5aac899d82af362e4b1e805c54f75b324f710beb256fd0af68c42df311a9d35e55baf9c7fcf38be0391b2be8a2020dce5411c0e313a91e8a,2023-06-13 03:15:00,Tuesday,30,NO CONTROLS,CLOUDY/OVERCAST,"DARKNESS, LIGHTED ROAD",FIXED OBJECT,DRY,INJURY AND / OR TOW DUE TO CRASH,"OVER $1,500",FAILING TO REDUCE SPEED TO AVOID CRASH,1,INCAPACITATING INJURY,4.0,0.0,4.0,3,3,6,41.76880447,-87.64098959,"['06/13/2023', '03:15:00', 'AM']",INCAPACITATING INJURY without Device
c89060ffae12f5afd7c0050ca7e86ea8a642e116fe6f5b94af5fd1cfea903dcd75a13a9765959b2fc2633a8824fd488e934014517cf8c0ab9385d962c57c632e,2023-06-12 18:45:00,Monday,30,NO CONTROLS,CLEAR,DAYLIGHT,PEDESTRIAN,DRY,INJURY AND / OR TOW DUE TO CRASH,"OVER $1,500","OPERATING VEHICLE IN ERRATIC, RECKLESS, CARELESS, NEGLIGENT OR AGGRESSIVE MANNER",3,INCAPACITATING INJURY,1.0,0.0,1.0,18,2,6,41.89849918,-87.62383771,"['06/12/2023', '06:45:00', 'PM']",INCAPACITATING INJURY without Device
1c28942a679983f59dd7fdd1ade4ab9c7c2a2c0754c1721bc5cf569f4e513bb241511b27bf1bbdea1872518bf63a49cb93ce9469aa2c5a2cf93ae8b6afab96c3,2023-06-12 12:25:00,Monday,30,NO CONTROLS,CLEAR,DAYLIGHT,FIXED OBJECT,DRY,INJURY AND / OR TOW DUE TO CRASH,"OVER $1,500",PHYSICAL CONDITION OF DRIVER,1,INCAPACITATING INJURY,1.0,0.0,1.0,12,2,6,41.66777844,-87.64142619,"['06/12/2023', '12:25:00', 'PM']",INCAPACITATING INJURY without Device
9c584e34ff7a1272d073970d6a87791ef8fc115fdbd949a156aa12b0505e40aeb3b0fdea988796c6b7cd0068d55243271f2ca7c5e0d12ffc5e62a5edf149e658,2023-06-11 19:34:00,Sunday,35,YIELD,CLEAR,DAYLIGHT,TURNING,DRY,INJURY AND / OR TOW DUE TO CRASH,"OVER $1,500",DRIVING SKILLS/KNOWLEDGE/EXPERIENCE,2,INCAPACITATING INJURY,4.0,0.0,4.0,19,1,6,41.76063238,-87.58633266,"['06/11/2023', '07:34:00', 'PM']",INCAPACITATING INJURY with Device
4905ad0a2ef25b70103b6fde8040b13edb9aa1eccfaf0a2b1c254d4712518a8e4af64389cdf7231c194f2309773ebdc383b6a1a6d3074c9dde0d65423188062d,2023-06-11 17:10:00,Sunday,35,STOP SIGN/FLASHER,RAIN,DAYLIGHT,OTHER NONCOLLISION,WET,INJURY AND / OR TOW DUE TO CRASH,"OVER $1,500",WEATHER,1,INCAPACITATING INJURY,1.0,0.0,1.0,17,1,6,41.72264099,-87.55399161,"['06/11/2023', '05:10:00', 'PM']",INCAPACITATING INJURY with Device
89d6bb76e21102eec6285df4e05ce367a357be7a989b5833573205c96ba46a6097cfd5f2670e1873bcb249a3ca5f7257d73c744536aaa6b9eed62c0782dff006,2023-06-11 16:42:00,Sunday,20,TRAFFIC SIGNAL,CLEAR,DAYLIGHT,SIDESWIPE SAME DIRECTION,DRY,INJURY AND / OR TOW DUE TO CRASH,"OVER $1,500",IMPROPER OVERTAKING/PASSING,2,INCAPACITATING INJURY,1.0,0.0,1.0,16,1,6,41.80324977,-87.66488726,"['06/11/2023', '04:42:00', 'PM']",INCAPACITATING INJURY with Device
00dbb9f862e5010db159f0f07ce1d44dc4cacc2ee1dd109d2c4c3df05554fc740344d74a98981954b7533ab30dd42101e41f3f75fd53301419e7f27e9c06a732,2023-06-11 15:03:00,Sunday,30,TRAFFIC SIGNAL,CLOUDY/OVERCAST,DAYLIGHT,SIDESWIPE SAME DIRECTION,UNKNOWN,INJURY AND / OR TOW DUE TO CRASH,"OVER $1,500",IMPROPER OVERTAKING/PASSING,3,INCAPACITATING INJURY,2.0,0.0,1.0,15,1,6,42.01272082,-87.66339137,"['06/11/2023', '03:03:00', 'PM']",INCAPACITATING INJURY with Device
568b01b45b2ee068d1480ae570e57e5296ae8564e98bbcadbd0cf57ea931b0590c34426692be9c3cbeea570711393c4da742a88a0f90f781b95cf1f729eba932,2023-06-10 20:05:00,Saturday,30,TRAFFIC SIGNAL,CLEAR,DAWN,TURNING,DRY,INJURY AND / OR TOW DUE TO CRASH,"OVER $1,500",DISREGARDING OTHER TRAFFIC SIGNS,2,INCAPACITATING INJURY,1.0,0.0,1.0,20,7,6,41.83824953,-87.62358837,"['06/10/2023', '08:05:00', 'PM']",INCAPACITATING INJURY with Device
d01b783c79e175385b958a47f666bf548de15608e0c763d494062a857cb5d034c252758de4c8330eebe5fdd3e6b13b6ac9102603ee6691b342d72c01abaefb03,2023-06-10 15:36:00,Saturday,30,TRAFFIC SIGNAL,CLEAR,DAYLIGHT,TURNING,DRY,INJURY AND / OR TOW DUE TO CRASH,"OVER $1,500",DISREGARDING TRAFFIC SIGNALS,2,INCAPACITATING INJURY,1.0,0.0,1.0,15,7,6,41.8662287,-87.72503071,"['06/10/2023', '03:36:00', 'PM']",INCAPACITATING INJURY with Device
4729c3cdfc34fde7d819b3d421992897ab5f0f339e89bb7a304e3c3b67a1ddf6c697b2d089cc3ee804afd3ad852074980b2c08a05d55c83facfb915742bbe12c,2023-06-10 14:30:00,Saturday,30,STOP SIGN/FLASHER,CLEAR,DAYLIGHT,TURNING,DRY,INJURY AND / OR TOW DUE TO CRASH,"OVER $1,500",FAILING TO YIELD RIGHT-OF-WAY,2,INCAPACITATING INJURY,1.0,0.0,1.0,14,7,6,41.96175786,-87.66487785,"['06/10/2023', '02:30:00', 'PM']",INCAPACITATING INJURY with Device
e76a19d643c613eb34527c1a959f102bde3550e4a08de43f18c031d7d16eaec6431314afbe148781184cf0d89cc45681ea171cae2696a67deca69f44f9b9e86c,2023-06-10 14:22:00,Saturday,30,TRAFFIC SIGNAL,CLEAR,DAYLIGHT,ANGLE,DRY,INJURY AND / OR TOW DUE TO CRASH,"OVER $1,500",DISREGARDING TRAFFIC SIGNALS,2,INCAPACITATING INJURY,1.0,0.0,1.0,14,7,6,41.87443268,-87.71091006,"['06/10/2023', '02:22:00', 'PM']",INCAPACITATING INJURY with Device
f93211d6265577ae3f5803c0ae1f4797cf68b122ec502f6fb54b9e7b48e74e99e96c362d5868b9474cdcc9dc8317db95688cbb86ec282cf0c31180aa1602f33c,2023-06-10 11:49:00,Saturday,30,NO CONTROLS,CLEAR,DAYLIGHT,TURNING,DRY,INJURY AND / OR TOW DUE TO CRASH,"OVER $1,500",UNABLE TO DETERMINE,2,INCAPACITATING INJURY,3.0,0.0,3.0,11,7,6,41.86570874,-87.76437624,"['06/10/2023', '11:49:00', 'AM']",INCAPACITATING INJURY without Device
ce4ac94acfe154018f7206de02c5043068e3cc6b422af580d4d9a35b18805fb7f2c97eb4f060ca918f39b8e5c97693d73397a3f3fbac2b47587c09f822a1dd7e,2023-06-10 07:44:00,Saturday,30,NO CONTROLS,CLEAR,DAYLIGHT,PARKED MOTOR VEHICLE,DRY,INJURY AND / OR TOW DUE TO CRASH,"OVER $1,500",UNABLE TO DETERMINE,2,INCAPACITATING INJURY,2.0,0.0,2.0,7,7,6,41.96465136,-87.65683274,"['06/10/2023', '07:44:00', 'AM']",INCAPACITATING INJURY without Device
ad9e056de7618d24d58c46a8ddfcd425abab89c785103c75c059963c0de42ad578dd418497fad8a67e9715391653a4c67d384cac10c05da3569a5f91d3b7d7b6,2023-06-10 05:47:00,Saturday,30,TRAFFIC SIGNAL,CLEAR,DAYLIGHT,ANGLE,DRY,INJURY AND / OR TOW DUE TO CRASH,"OVER $1,500",DISREGARDING TRAFFIC SIGNALS,2,INCAPACITATING INJURY,2.0,0.0,1.0,5,7,6,41.79057348,-87.64520839,"['06/10/2023', '05:47:00', 'AM']",INCAPACITATING INJURY with Device
66648b780e60e8c99dd5c2eba3c58256e1736bf57b0c3135ff9f32487e51b1cd046d2610a164f8d9e7c5db294378a4710b19127c0f7d2aed1355102bb8b94565,2023-06-10 05:00:00,Saturday,30,TRAFFIC SIGNAL,CLEAR,DAYLIGHT,ANGLE,DRY,INJURY AND / OR TOW DUE TO CRASH,"OVER $1,500",DISREGARDING TRAFFIC SIGNALS,2,INCAPACITATING INJURY,4.0,0.0,3.0,5,7,6,41.8843052,-87.69652347,"['06/10/2023', '05:00:00', 'AM']",INCAPACITATING INJURY with Device
a598ad9862aab71a36d306dd9b21c1e183e7a5f3befcedf07cd15db49183cdf0416087c7a519a2eec4f81c2a3d64ba09598c39c70e6094523bfc143f1ec6e77b,2023-06-10 01:50:00,Saturday,30,TRAFFIC SIGNAL,CLEAR,"DARKNESS, LIGHTED ROAD",ANGLE,DRY,INJURY AND / OR TOW DUE TO CRASH,"OVER $1,500",FAILING TO REDUCE SPEED TO AVOID CRASH,8,INCAPACITATING INJURY,2.0,0.0,2.0,1,7,6,41.96170077,-87.66612372,"['06/10/2023', '01:50:00', 'AM']",INCAPACITATING INJURY with Device
62c4b47d5cb2e51b8a139ecbfa51f0d4e0e3158b3cfc6ba235894246479a773916587eb9640841172ce42bc7e0cd1a00bc89177319df80f7e8f9da2c9e53cb65,2023-06-10 00:45:00,Saturday,25,STOP SIGN/FLASHER,CLEAR,DARKNESS,ANGLE,DRY,INJURY AND / OR TOW DUE TO CRASH,"OVER $1,500",DISREGARDING STOP SIGN,2,INCAPACITATING INJURY,1.0,0.0,1.0,0,7,6,41.71968049,-87.53402025,"['06/10/2023', '12:45:00', 'AM']",INCAPACITATING INJURY with Device
9533446e1309df7c9abd461b27a829329aca533fa2d3dea3a6daa6478cd235dee5ef7a973a62aa9d7c9dd9f5d6b34d557251463df1e296bf5f81dd922b7d93b1,2023-06-09 23:48:00,Friday,30,NO CONTROLS,CLEAR,"DARKNESS, LIGHTED ROAD",TURNING,DRY,INJURY AND / OR TOW DUE TO CRASH,"OVER $1,500",UNABLE TO DETERMINE,3,INCAPACITATING INJURY,2.0,0.0,1.0,23,6,6,41.86488518,-87.61758352,"['06/09/2023', '11:48:00', 'PM']",INCAPACITATING INJURY without Device
1ddec156e3b39ea49bd05d1461a73448fffe9ad16f8f1028117c19b8740f6264141fda2d45646f5d32bdb479f89e46d911b7fc6a233384f216a703a1cbbd17e0,2023-06-09 22:48:00,Friday,30,TRAFFIC SIGNAL,CLEAR,"DARKNESS, LIGHTED ROAD",TURNING,DRY,INJURY AND / OR TOW DUE TO CRASH,"OVER $1,500",FAILING TO YIELD RIGHT-OF-WAY,2,INCAPACITATING INJURY,1.0,0.0,1.0,22,6,6,41.90956749,-87.75592828,"['06/09/2023', '10:48:00', 'PM']",INCAPACITATING INJURY with Device
ded2510694642a9a3c82fb8e735e2552b84b97be8acb5913612414b7402d2b7c25961ca14fb2891160b10c0125f26d2ae7d54c837ec108873740759eaf77eb19,2023-06-09 20:38:00,Friday,35,TRAFFIC SIGNAL,CLEAR,DUSK,REAR END,DRY,INJURY AND / OR TOW DUE TO CRASH,"OVER $1,500",FAILING TO REDUCE SPEED TO AVOID CRASH,2,FATAL,2.0,1.0,0.0,20,6,6,41.8092952,-87.61643967,"['06/09/2023', '08:38:00', 'PM']",FATAL with Device
8041e89b8457c34a5940b5376395642c56ebd80eeb418fec6c1157b4b604af7f7b61cfe8f63f366150cc1c354ed2a77613b1d9ce1025cd7b68a6d533f807384c,2023-06-09 20:32:00,Friday,30,TRAFFIC SIGNAL,CLEAR,"DARKNESS, LIGHTED ROAD",PEDALCYCLIST,DRY,INJURY AND / OR TOW DUE TO CRASH,"OVER $1,500",DISREGARDING TRAFFIC SIGNALS,2,INCAPACITATING INJURY,1.0,0.0,1.0,20,6,6,41.79436896,-87.62098331,"['06/09/2023', '08:32:00', 'PM']",INCAPACITATING INJURY with Device
655a06293b3cd8ab6df5e9e5ead8adaee4059f88ec09bb655a66b84dcbbe5628191a38a3df4001802bb24d090c6f2e1168080cf2019334b22434c5febb490fb1,2023-06-09 18:55:00,Friday,25,NO CONTROLS,CLEAR,DUSK,PEDALCYCLIST,UNKNOWN,INJURY AND / OR TOW DUE TO CRASH,$500 OR LESS,UNABLE TO DETERMINE,2,INCAPACITATING INJURY,1.0,0.0,1.0,18,6,6,41.99908238,-87.68855299,"['06/09/2023', '06:55:00', 'PM']",INCAPACITATING INJURY without Device
4b8d2dd058f281cfb7c2504d48c3eece7028577b8fbe425f5dbf4c7b8b91da2b7b708da17d572d4220d73f55cb5ecf758b7186d0d4b3c03e91066c24e0ab5178,2023-06-09 16:02:00,Friday,30,NO CONTROLS,CLEAR,DAYLIGHT,PEDALCYCLIST,DRY,INJURY AND / OR TOW DUE TO CRASH,"$501 - $1,500",IMPROPER TURNING/NO SIGNAL,2,INCAPACITATING INJURY,1.0,0.0,1.0,16,6,6,41.84448475,-87.71549277,"['06/09/2023', '04:02:00', 'PM']",INCAPACITATING INJURY without Device
28fd633bcdc123e0e72c68db0b519ac94dddb4a8a5cb1fd493fcbf9e7d4906c8d3c798713c0605243a9c60f3c8e1b6ad901dc645b536b62e8304401544b216ab,2023-06-09 14:57:00,Friday,30,TRAFFIC SIGNAL,CLEAR,DAYLIGHT,ANGLE,DRY,INJURY AND / OR TOW DUE TO CRASH,"OVER $1,500",FAILING TO REDUCE SPEED TO AVOID CRASH,2,INCAPACITATING INJURY,5.0,0.0,1.0,14,6,6,41.89329877,-87.6342601,"['06/09/2023', '02:57:00', 'PM']",INCAPACITATING INJURY with Device
0b33b6bd730a5df5717dc271eed29829c207987d002d22f5243d391179b10f4eddb56dfbac506969179277a4b6c5c0c8e4da5c87e2ce013d61d9911a5f52a488,2023-06-09 13:06:00,Friday,30,NO CONTROLS,CLEAR,DAYLIGHT,REAR END,DRY,INJURY AND / OR TOW DUE TO CRASH,"OVER $1,500",FAILING TO REDUCE SPEED TO AVOID CRASH,3,INCAPACITATING INJURY,1.0,0.0,1.0,13,6,6,41.72234303,-87.57663016,"['06/09/2023', '01:06:00', 'PM']",INCAPACITATING INJURY without Device
f29a6eb106bfebffba1b623c51dd4fe3143754aa347ed6a082b6d9a24b153e0d63fbfb3b829b6911e0d9149a9e73de251b378492b030110edba918bd7769bc5a,2023-06-09 12:19:00,Friday,30,NO CONTROLS,CLEAR,DAYLIGHT,ANGLE,DRY,INJURY AND / OR TOW DUE TO CRASH,"OVER $1,500",FAILING TO YIELD RIGHT-OF-WAY,2,INCAPACITATING INJURY,3.0,0.0,1.0,12,6,6,41.79761951,-87.6841654,"['06/09/2023', '12:19:00', 'PM']",INCAPACITATING INJURY without Device
7ef79883980a310c041ccb85bbc2124e38815a3444c12d9a21f6a06290ecec1728ff5219106dc189e0254ee44694a9006f9df44e45b2bf074fddb54eb935aa2f,2023-06-09 11:42:00,Friday,30,STOP SIGN/FLASHER,CLEAR,DAYLIGHT,ANGLE,DRY,INJURY AND / OR TOW DUE TO CRASH,"OVER $1,500",FAILING TO YIELD RIGHT-OF-WAY,4,INCAPACITATING INJURY,2.0,0.0,2.0,11,6,6,41.81631243,-87.64457952,"['06/09/2023', '11:42:00', 'AM']",INCAPACITATING INJURY with Device
299aafcfdd290b08d9d3a963ee9e186c559a0bdd1295c88b9f0d24eae3ca25c22d65bec1bded746102ecf0f7827011ec37fbb8961b3d38a3d5a5833891cf9059,2023-06-08 14:00:00,Thursday,45,NO CONTROLS,CLEAR,DAYLIGHT,SIDESWIPE SAME DIRECTION,UNKNOWN,INJURY AND / OR TOW DUE TO CRASH,"OVER $1,500",IMPROPER OVERTAKING/PASSING,3,INCAPACITATING INJURY,2.0,0.0,1.0,14,5,6,41.90185422,-87.62419,"['06/08/2023', '02:00:00', 'PM']",INCAPACITATING INJURY without Device
dfc2951871be2888b9aad770b0fa9ab3cb8eeda8fb86d3ab3c216defa347e2ffd419b3b80394f1becbf8528f967cfe48e58f93201c2b1aa5a5f1839fe84bc581,2023-06-08 13:00:00,Thursday,30,TRAFFIC SIGNAL,CLEAR,DAYLIGHT,PEDALCYCLIST,DRY,INJURY AND / OR TOW DUE TO CRASH,"OVER $1,500",DISREGARDING TRAFFIC SIGNALS,2,INCAPACITATING INJURY,1.0,0.0,1.0,13,5,6,41.89906066,-87.70888258,"['06/08/2023', '01:00:00', 'PM']",INCAPACITATING INJURY with Device
25ba0afe4cdc9127b549fb63776996829fb7c73c7c138ba717f334d00a345d63698eb90ba28563748e9e0a8edf3af36c5905d85f09e8d7c2e9fef568c16c9368,2023-06-08 12:36:00,Thursday,30,NO CONTROLS,CLEAR,DAYLIGHT,ANGLE,DRY,INJURY AND / OR TOW DUE TO CRASH,"OVER $1,500",UNABLE TO DETERMINE,2,INCAPACITATING INJURY,1.0,0.0,1.0,12,5,6,41.95234331,-87.67765677,"['06/08/2023', '12:36:00', 'PM']",INCAPACITATING INJURY without Device