CRASH_RECORD_ID,CRASH_DATE,Weekday,POSTED_SPEED_LIMIT,TRAFFIC_CONTROL_DEVICE,WEATHER_CONDITION,LIGHTING_CONDITION,FIRST_CRASH_TYPE,ROADWAY_SURFACE_COND,CRASH_TYPE,DAMAGE,PRIM_CONTRIBUTORY_CAUSE,NUM_UNITS,MOST_SEVERE_INJURY,INJURIES_TOTAL,INJURIES_FATAL,INJURIES_INCAPACITATING,CRASH_HOUR,CRASH_DAY_OF_WEEK,CRASH_MONTH,LATITUDE,LONGITUDE,CRASH_TIME,CATEGORIES
4fe99624fb610c382759f2507107bc69d336715636f458bc099fecce3c0a9b8dca2c3e9e6552da3ed3dc65fbc073164fe0a03973020cd76a9a1bcdf522bf54d8,2023-06-08 12:30:00,Thursday,30,TRAFFIC SIGNAL,CLEAR,DAYLIGHT,ANGLE,DRY,INJURY AND / OR TOW DUE TO CRASH,"OVER $1,500",DISREGARDING TRAFFIC SIGNALS,2,INCAPACITATING INJURY,1.0,0.0,1.0,12,5,6,41.81639583,-87.62641289,"['06/08/2023', '12:30:00', 'PM']",INCAPACITATING INJURY with Device
2bcd1ebef30a4aeff40c8dba487a4b70f0585f550ccc80f04506bcd2b32319bee92232a5b02accc8f21336f6f14d505524869b78b547b595f124df620fa1fe3b,2023-06-08 07:50:00,Thursday,30,STOP SIGN/FLASHER,CLEAR,DAYLIGHT,TURNING,DRY,INJURY AND / OR TOW DUE TO CRASH,"$501 - $1,500","VISION OBSCURED (SIGNS, TREE LIMBS, BUILDINGS, ETC.)",3,INCAPACITATING INJURY,1.0,0.0,1.0,7,5,6,41.9635861,-87.73333781,"['06/08/2023', '07:50:00', 'AM']",INCAPACITATING INJURY with Device
28a464c4d11b20384dd77bfb006f4265eefc82253b8d8611a37d83a5698513faa57ac834cb3966c1cbba456ee74d44f7f4913377d21739077aad0f6305324138,2023-06-07 23:56:00,Wednesday,30,STOP SIGN/FLASHER,CLEAR,"DARKNESS, LIGHTED ROAD",ANGLE,DRY,INJURY AND / OR TOW DUE TO CRASH,"OVER $1,500",DISREGARDING STOP SIGN,2,INCAPACITATING INJURY,2.0,0.0,2.0,23,4,6,41.75824335,-87.61822068,"['06/07/2023', '11:56:00', 'PM']",INCAPACITATING INJURY with Device
1c0fca5fcbd4e165ab7d00dbd3936c5d37334ecacf812979004bc1b95b26cc53f2ee4a4075d08e76e573766d2d8044a60dedc70ab655c8939b75953d89dd5703,2023-06-07 23:55:00,Wednesday,30,TRAFFIC SIGNAL,CLEAR,"DARKNESS, LIGHTED ROAD",ANGLE,DRY,INJURY AND / OR TOW DUE TO CRASH,"OVER $1,500",DISREGARDING TRAFFIC SIGNALS,2,INCAPACITATING INJURY,1.0,0.0,1.0,23,4,6,41.9942354,-87.67547384,"['06/07/2023', '11:55:00', 'PM']",INCAPACITATING INJURY with Device
88f67b01492e1e4c031083e224a1d79ad17098fee82250d1cbaed4f5ee979c85e50980dc1982884bbe11e7fe1530d096b06d4ebc820da593e8870f7e1125c919,2023-06-07 22:10:00,Wednesday,30,TRAFFIC SIGNAL,CLEAR,"DARKNESS, LIGHTED ROAD",ANGLE,DRY,INJURY AND / OR TOW DUE TO CRASH,"OVER $1,500",FAILING TO YIELD RIGHT-OF-WAY,2,INCAPACITATING INJURY,2.0,0.0,1.0,22,4,6,41.99036062,-87.69459321,"['06/07/2023', '10:10:00', 'PM']",INCAPACITATING INJURY with Device
bfa2c42386816469de65765b2ca6b830bb6428714f2bb12f01941ae219becee17adaf42689c8feceefc730d324b214ccfb0d6a999ee28e81172dbabd50763eab,2023-06-07 19:30:00,Wednesday,30,TRAFFIC SIGNAL,CLEAR,DAYLIGHT,TURNING,DRY,INJURY AND / OR TOW DUE TO CRASH,"OVER $1,500",FAILING TO REDUCE SPEED TO AVOID CRASH,2,INCAPACITATING INJURY,1.0,0.0,1.0,19,4,6,41.9027139,-87.72645146,"['06/07/2023', '07:30:00', 'PM']",INCAPACITATING INJURY with Device
d5d79080f4b7469e353e4c80301589e43ff10c43ec0766ae2ed644b84085f547948827967edeaddd05c73e6a9ded56b239dedf7c63936c2ed17d24f0fa3fbf3c,2023-06-07 17:40:00,Wednesday,30,NO CONTROLS,CLEAR,DAYLIGHT,PEDESTRIAN,DRY,INJURY AND / OR TOW DUE TO CRASH,"OVER $1,500",UNABLE TO DETERMINE,2,INCAPACITATING INJURY,1.0,0.0,1.0,17,4,6,41.87739694,-87.62751493,"['06/07/2023', '05:40:00', 'PM']",INCAPACITATING INJURY without Device
13cb147901ce8dade4e0f8d79523a471190b52ece5ebc05b2c9e72a5eff30266bb975bbeeae49429406a3c910229e392f13c9267f9699db9ced612f665e30acb,2023-06-07 13:22:00,Wednesday,30,STOP SIGN/FLASHER,CLEAR,DAYLIGHT,TURNING,DRY,INJURY AND / OR TOW DUE TO CRASH,"OVER $1,500",UNABLE TO DETERMINE,2,INCAPACITATING INJURY,4.0,0.0,1.0,13,4,6,41.87651793,-87.75742131,"['06/07/2023', '01:22:00', 'PM']",INCAPACITATING INJURY with Device
f81def10359c87c0ac09b7916705641b6cb932a2e565495774ba07735372b766798b785c2d73c557d085e4d26879551927a48be95e7cb84f99939a12a50c0939,2023-06-07 12:01:00,Wednesday,10,NO CONTROLS,CLEAR,DAYLIGHT,PEDESTRIAN,DRY,INJURY AND / OR TOW DUE TO CRASH,"OVER $1,500",DRIVING ON WRONG SIDE/WRONG WAY,2,INCAPACITATING INJURY,1.0,0.0,1.0,12,4,6,41.98341915,-87.6550316,"['06/07/2023', '12:01:00', 'PM']",INCAPACITATING INJURY without Device
63f0a72d59a685db3cc5b798c2cc4002a3678e3ba860605a0fd82d429acc5fe9f6ee08aa60fcd1b47708df9d9b720c426ceeaa7d73e9419e8c950db7969ded7e,2023-06-07 10:59:00,Wednesday,25,NO CONTROLS,CLEAR,DAYLIGHT,TURNING,DRY,INJURY AND / OR TOW DUE TO CRASH,"OVER $1,500",IMPROPER TURNING/NO SIGNAL,2,INCAPACITATING INJURY,1.0,0.0,1.0,10,4,6,41.99913868,-87.68855476,"['06/07/2023', '10:59:00', 'AM']",INCAPACITATING INJURY without Device
41e241e1ca1f6cf9e56826636ff9c23ce8536736cf8f34cf3c2f6761cdefd8d0e55830a7660721272cc7a481249461a1d583c563136dbadbb57454301c5116ae,2023-06-07 06:45:00,Wednesday,30,TRAFFIC SIGNAL,CLEAR,DAYLIGHT,TURNING,DRY,INJURY AND / OR TOW DUE TO CRASH,"OVER $1,500",IMPROPER TURNING/NO SIGNAL,2,INCAPACITATING INJURY,2.0,0.0,1.0,6,4,6,41.75806853,-87.62651698,"['06/07/2023', '06:45:00', 'AM']",INCAPACITATING INJURY with Device
32bcff59b3cf536fe58d19efa43ba22947f4b4f9413359dcfa48384b1c01c3fbb9778468f9a4b0fa3e8d243b6635d977754e65433ca33ba963a9b8716fb04576,2023-06-07 03:20:00,Wednesday,40,TRAFFIC SIGNAL,CLEAR,"DARKNESS, LIGHTED ROAD",TURNING,DRY,INJURY AND / OR TOW DUE TO CRASH,"OVER $1,500",DISREGARDING TRAFFIC SIGNALS,3,INCAPACITATING INJURY,2.0,0.0,2.0,3,4,6,41.89680497,-87.61702742,"['06/07/2023', '03:20:00', 'AM']",INCAPACITATING INJURY with Device
03612868c6bf5e657646198ddef8be14c4e025fcaed1640cab7cb095fa7361a6f4263486622865f0bdc7626462a8ea28b9d91229c5f43aa1cf9191ed275b872e,2023-06-07 02:28:00,Wednesday,30,TRAFFIC SIGNAL,CLEAR,"DARKNESS, LIGHTED ROAD",ANGLE,DRY,INJURY AND / OR TOW DUE TO CRASH,"OVER $1,500",DISREGARDING TRAFFIC SIGNALS,2,INCAPACITATING INJURY,5.0,0.0,5.0,2,4,6,41.749339,-87.72205209,"['06/07/2023', '02:28:00', 'AM']",INCAPACITATING INJURY with Device
20ccd539073ebf237f6b4627e23fdf54d4202a52d348ce10448e439c85093521cc65f5db8ab139955317feccf0b99b5968604d27e4bc8ad4a6a95258c9cd68da,2023-06-06 19:05:00,Tuesday,30,TRAFFIC SIGNAL,CLEAR,DAYLIGHT,ANGLE,DRY,INJURY AND / OR TOW DUE TO CRASH,"OVER $1,500",DISREGARDING TRAFFIC SIGNALS,2,INCAPACITATING INJURY,2.0,0.0,2.0,19,3,6,41.75689717,-87.58623429,"['06/06/2023', '07:05:00', 'PM']",INCAPACITATING INJURY with Device
7755295f07e52ef3ca70aaa71bc864d8b6a43d2abe10b26f1b425978a6eebea2b14249996278ffa5b65ad5906fe64c093a6a4cc477ee97be802b3b9e99747dc5,2023-06-06 19:00:00,Tuesday,30,STOP SIGN/FLASHER,CLEAR,DAYLIGHT,PEDESTRIAN,DRY,INJURY AND / OR TOW DUE TO CRASH,$500 OR LESS,DISREGARDING STOP SIGN,2,INCAPACITATING INJURY,2.0,0.0,1.0,19,3,6,41.92196107,-87.64627759,"['06/06/2023', '07:00:00', 'PM']",INCAPACITATING INJURY with Device
006318616ac36fd5035e43e1d578ca98ad0cff68ac47058d3aadab34356f1ba23942396030999eda08e4e891c2a5306accffac18e2b65ed04aa7ccc0028d8a92,2023-06-06 15:30:00,Tuesday,35,TRAFFIC SIGNAL,CLEAR,DAYLIGHT,ANGLE,DRY,INJURY AND / OR TOW DUE TO CRASH,"OVER $1,500",DISREGARDING TRAFFIC SIGNALS,2,INCAPACITATING INJURY,2.0,0.0,1.0,15,3,6,41.97766501,-87.68907253,"['06/06/2023', '03:30:00', 'PM']",INCAPACITATING INJURY with Device
946d219959df016ecaa27da6193e76fc94222d597c3a84450e2d247c05ac49b724676a832abec00dca2e7eab4c1466489ac20f0a1b1972161bb090addbfc7693,2023-06-06 13:35:00,Tuesday,25,NO CONTROLS,RAIN,UNKNOWN,PEDESTRIAN,WET,INJURY AND / OR TOW DUE TO CRASH,"OVER $1,500",UNABLE TO DETERMINE,2,INCAPACITATING INJURY,1.0,0.0,1.0,13,3,6,41.84832466,-87.67343416,"['06/06/2023', '01:35:00', 'PM']",INCAPACITATING INJURY without Device
995cac774e1a59ce1c246047f14b94fd6165647089b6bea34f13073d6ff75571c4430fbb88ec5c3c7b428faea03947ba25aae4eac9acf1bd0def5e005ec3a752,2023-06-06 12:56:00,Tuesday,30,NO CONTROLS,CLEAR,DAYLIGHT,OTHER NONCOLLISION,DRY,INJURY AND / OR TOW DUE TO CRASH,"OVER $1,500",ROAD CONSTRUCTION/MAINTENANCE,1,INCAPACITATING INJURY,1.0,0.0,1.0,12,3,6,41.92585598,-87.7000409,"['06/06/2023', '12:56:00', 'PM']",INCAPACITATING INJURY without Device
189718a9b753563b25ccde25398a9d218ec710d9577d69215a17479be26d4e24adad1a071835b989f480cb9baf22556da472c9686faced96a33a85b71a69c75c,2023-06-06 12:15:00,Tuesday,30,NO CONTROLS,CLOUDY/OVERCAST,DAYLIGHT,FIXED OBJECT,DRY,INJURY AND / OR TOW DUE TO CRASH,"OVER $1,500",DRIVING SKILLS/KNOWLEDGE/EXPERIENCE,1,INCAPACITATING INJURY,1.0,0.0,1.0,12,3,6,41.86044726,-87.67102422,"['06/06/2023', '12:15:00', 'PM']",INCAPACITATING INJURY without Device
9885ac0c88cde531d9abe58f804cc88e315e5fc4bf13cdf631ad60b711f6fc05935400434e71b520532a21a8c237c5a41475c8fe3c2383556270c0f2fb7f779b,2023-06-06 11:04:00,Tuesday,30,TRAFFIC SIGNAL,CLEAR,DAYLIGHT,REAR END,DRY,INJURY AND / OR TOW DUE TO CRASH,"OVER $1,500",UNABLE TO DETERMINE,2,INCAPACITATING INJURY,1.0,0.0,1.0,11,3,6,41.70268843,-87.55945478,"['06/06/2023', '11:04:00', 'AM']",INCAPACITATING INJURY with Device
f65ea7922e66ea8001fab095ee6c49bed1e6334470c20deafbf9a78a2ab85a6a76877732d0320b0e8c95adc56c1b8605b8aff3db8d256ffc0b6b91c1a213ac3f,2023-06-06 07:50:00,Tuesday,30,NO CONTROLS,CLEAR,DAYLIGHT,ANGLE,DRY,INJURY AND / OR TOW DUE TO CRASH,"OVER $1,500",FAILING TO YIELD RIGHT-OF-WAY,2,INCAPACITATING INJURY,1.0,0.0,1.0,7,3,6,41.91645224,-87.69241954,"['06/06/2023', '07:50:00', 'AM']",INCAPACITATING INJURY without Device
080cefe083e9c1eb16c3dd04bc1ae7b44c8706b39368a685ff12d6d6058df81081cda7eb19cab01e633b6ab57de8670058c7ec809c72bfa97f95a0ee4bf6f666,2023-06-06 07:10:00,Tuesday,30,NO CONTROLS,CLEAR,DAYLIGHT,REAR END,DRY,INJURY AND / OR TOW DUE TO CRASH,"OVER $1,500",FOLLOWING TOO CLOSELY,2,INCAPACITATING INJURY,1.0,0.0,1.0,7,3,6,41.92549321,-87.65319317,"['06/06/2023', '07:10:00', 'AM']",INCAPACITATING INJURY without Device
67cd016ff0bed9930f79bd11f91144cc1f1fdade93486bf7c36a1b40c4068c750b93257d9cfff01fe20cbc98d8e277c72c889fa0a9df8680010d50ad005041e8,2023-06-06 01:55:00,Tuesday,30,TRAFFIC SIGNAL,CLEAR,DARKNESS,REAR END,DRY,INJURY AND / OR TOW DUE TO CRASH,"OVER $1,500",UNABLE TO DETERMINE,3,INCAPACITATING INJURY,1.0,0.0,1.0,1,3,6,41.79411865,-87.66443844,"['06/06/2023', '01:55:00', 'AM']",INCAPACITATING INJURY with Device
e4720e70777d379b00c24f2bfa9d6410591048eff69b1e2093c414501bec953bf8ad6771170009a6e6a9615d2018fcc569411ffda05f8349d2e23017ef7b8c21,2023-06-05 23:33:00,Monday,30,TRAFFIC SIGNAL,CLEAR,"DARKNESS, LIGHTED ROAD",PEDALCYCLIST,DRY,INJURY AND / OR TOW DUE TO CRASH,"OVER $1,500",DISREGARDING TRAFFIC SIGNALS,2,INCAPACITATING INJURY,1.0,0.0,1.0,23,2,6,41.92822191,-87.72702494,"['06/05/2023', '11:33:00', 'PM']",INCAPACITATING INJURY with Device
87ba3748cf61492cbc31aa5ca0c19a51e5b5c1539ccd8d132f8a53207279fb01201d4b141424e153d7d1e4a622145fd0e8400288357e2dfd766cd8391b045fe7,2023-06-05 01:20:00,Monday,30,NO CONTROLS,CLEAR,"DARKNESS, LIGHTED ROAD",PARKED MOTOR VEHICLE,DRY,INJURY AND / OR TOW DUE TO CRASH,"OVER $1,500",FAILING TO REDUCE SPEED TO AVOID CRASH,2,INCAPACITATING INJURY,1.0,0.0,1.0,1,2,6,41.96054206,-87.77112713,"['06/05/2023', '01:20:00', 'AM']",INCAPACITATING INJURY without Device
cb58e218dc5baadefab24e5f176d44825fa72358448edda5f6142289c486ee50a76b66bb9e57eaccebb7da81f661fbd46b3a24ea8fcf17e5cd272530569956bf,2023-06-04 22:18:00,Sunday,30,STOP SIGN/FLASHER,CLEAR,"DARKNESS, LIGHTED ROAD",ANGLE,DRY,INJURY AND / OR TOW DUE TO CRASH,"OVER $1,500",UNABLE TO DETERMINE,2,INCAPACITATING INJURY,3.0,0.0,1.0,22,1,6,41.89235392,-87.6476793,"['06/04/2023', '10:18:00', 'PM']",INCAPACITATING INJURY with Device
a4eb204080355e176a89de59c0a7b0e742910bdcc2dd22ee255e9eaefa663902d23b7132fdc7c27ba18c9fcacd92a10facfe1343601e8a972154a80750f24f91,2023-06-04 21:06:00,Sunday,30,NO CONTROLS,CLEAR,DUSK,SIDESWIPE SAME DIRECTION,DRY,INJURY AND / OR TOW DUE TO CRASH,"OVER $1,500",DRIVING SKILLS/KNOWLEDGE/EXPERIENCE,2,INCAPACITATING INJURY,2.0,0.0,2.0,21,1,6,41.72232662,-87.59306516,"['06/04/2023', '09:06:00', 'PM']",INCAPACITATING INJURY without Device
783fbf295855c89ec5cd6a55ee0b59e157d56da6521744655f36c3bfe1b799976538299da49cbd60fa852439a2e582be2fc5f04ae67e2d05667155b05d886d85,2023-06-04 17:17:00,Sunday,30,NO CONTROLS,CLEAR,DAYLIGHT,PARKED MOTOR VEHICLE,DRY,INJURY AND / OR TOW DUE TO CRASH,"OVER $1,500",UNDER THE INFLUENCE OF ALCOHOL/DRUGS (USE WHEN ARREST IS EFFECTED),6,INCAPACITATING INJURY,1.0,0.0,1.0,17,1,6,41.94208435,-87.67050402,"['06/04/2023', '05:17:00', 'PM']",INCAPACITATING INJURY without Device
6456320b29b1f99d67601c75f59e96ba53513278f9b66426f2ba567e56135d5bec77e2deca5f31c70ca9a1dedd80ff4f304b61373800e012091cb8203c54355c,2023-06-04 14:20:00,Sunday,30,STOP SIGN/FLASHER,UNKNOWN,DAYLIGHT,ANGLE,UNKNOWN,INJURY AND / OR TOW DUE TO CRASH,"OVER $1,500",UNABLE TO DETERMINE,2,INCAPACITATING INJURY,1.0,0.0,1.0,14,1,6,41.77133827,-87.71779238,"['06/04/2023', '02:20:00', 'PM']",INCAPACITATING INJURY with Device
8ca6db518cf8b4d73059e5b5716b00d497dd35b5582435599a9e226b854f66a5ca6f7a8247e4c7d8947a731dc1eb87ea02e556aa5e4a3f7d3dbaf08ed7c7f61c,2023-06-04 13:30:00,Sunday,30,STOP SIGN/FLASHER,CLEAR,DAYLIGHT,TURNING,DRY,INJURY AND / OR TOW DUE TO CRASH,"OVER $1,500",IMPROPER OVERTAKING/PASSING,2,INCAPACITATING INJURY,2.0,0.0,1.0,13,1,6,41.74640378,-87.68290721,"['06/04/2023', '01:30:00', 'PM']",INCAPACITATING INJURY with Device
582d98641f93d981f01fc1a25c78de672a24ac23f5a3dfd65b7af0f567f40dab79e83be8e5b40595e960698161b52c35e60231f32741b4c8db03a76e11d648e2,2023-06-04 10:05:00,Sunday,30,TRAFFIC SIGNAL,CLEAR,DAYLIGHT,PEDESTRIAN,DRY,INJURY AND / OR TOW DUE TO CRASH,$500 OR LESS,DISREGARDING TRAFFIC SIGNALS,2,INCAPACITATING INJURY,1.0,0.0,1.0,10,1,6,41.73568349,-87.66283294,"['06/04/2023', '10:05:00', 'AM']",INCAPACITATING INJURY with Device
b3667f3745a76bd05d1d1b5c5c0b2a0f70988e09d80505e04411e568f4780eecd9b8b9d6e8726ffdeff3e37b01f90bc098042a1503d9acbe72afcda97aca90d9,2023-06-04 02:37:00,Sunday,30,TRAFFIC SIGNAL,CLEAR,"DARKNESS, LIGHTED ROAD",REAR END,DRY,INJURY AND / OR TOW DUE TO CRASH,"OVER $1,500",UNABLE TO DETERMINE,3,INCAPACITATING INJURY,8.0,0.0,8.0,2,1,6,41.76546593,-87.62807368,"['06/04/2023', '02:37:00', 'AM']",INCAPACITATING INJURY with Device
c58510689b8df1a63066bec22787e0182bdf630b2754c2e80cc26910933dc14528a02bac569ca10bca91a313dc0515a9b6961de860d349de1886812769d6f257,2023-06-04 01:47:00,Sunday,30,TRAFFIC SIGNAL,CLEAR,"DARKNESS, LIGHTED ROAD",PEDESTRIAN,DRY,INJURY AND / OR TOW DUE TO CRASH,"OVER $1,500",FAILING TO REDUCE SPEED TO AVOID CRASH,2,INCAPACITATING INJURY,1.0,0.0,1.0,1,1,6,41.90938968,-87.75594522,"['06/04/2023', '01:47:00', 'AM']",INCAPACITATING INJURY with Device
a158fe3af5c5e478045d6e7912153ff29cee0aa2f9c512019d692ca361df38b7593475b779b03b1b2acc7f1f24d59510f6c5c9205d97ea2b4cc5c163ae3fa613,2023-06-04 00:00:00,Sunday,30,NO CONTROLS,UNKNOWN,UNKNOWN,FIXED OBJECT,UNKNOWN,INJURY AND / OR TOW DUE TO CRASH,"OVER $1,500",UNABLE TO DETERMINE,2,FATAL,1.0,1.0,0.0,0,1,6,41.70791933,-87.56929114,"['06/04/2023', '12:00:00', 'AM']",FATAL without Device
3a935639c173ce4115372c0e17921841b4b008dc1d2758e846421e079191e73a610fdac9445ee9ce75d826edb351f27543b438838ebd8e555b9532d753acb2e4,2023-06-03 23:14:00,Saturday,30,NO CONTROLS,CLEAR,"DARKNESS, LIGHTED ROAD",REAR END,DRY,INJURY AND / OR TOW DUE TO CRASH,"OVER $1,500",DRIVING SKILLS/KNOWLEDGE/EXPERIENCE,2,INCAPACITATING INJURY,2.0,0.0,2.0,23,7,6,41.90935689,-87.75847796,"['06/03/2023', '11:14:00', 'PM']",INCAPACITATING INJURY without Device
49aa775728342aeb6104955cc08473ee442adc3c48143fb695bf2ea88d98917f5777fe5ca81839a2007d796a83f64ea140fa04cbed2dbefea41da602cefa964b,2023-06-03 22:01:00,Saturday,30,NO CONTROLS,CLEAR,DARKNESS,PARKED MOTOR VEHICLE,DRY,INJURY AND / OR TOW DUE TO CRASH,"OVER $1,500",NOT APPLICABLE,4,FATAL,1.0,1.0,0.0,22,7,6,41.89184327,-87.72224769,"['06/03/2023', '10:01:00', 'PM']",FATAL without Device
981038ab8756f06195ef196efe40fde468e8b4e80b4d98e85cc711e93ff21f92162cb70704555335d48a68717734ed421d2e7f0000f886ce43ea09eafebbebe3,2023-06-03 05:25:00,Saturday,30,TRAFFIC SIGNAL,CLEAR,DAWN,ANGLE,DRY,INJURY AND / OR TOW DUE TO CRASH,"OVER $1,500",DISREGARDING TRAFFIC SIGNALS,3,INCAPACITATING INJURY,1.0,0.0,1.0,5,7,6,41.93198596,-87.69755673,"['06/03/2023', '05:25:00', 'AM']",INCAPACITATING INJURY with Device
5ad13008c83be834dddc779b33acb140e3e97c720de1b58467e6243a7926098d348d35a2d2c800737ae7f65c4be4a61f9f31d37cf102205b702682a0b872442b,2023-06-03 03:40:00,Saturday,30,TRAFFIC SIGNAL,CLEAR,"DARKNESS, LIGHTED ROAD",ANGLE,DRY,INJURY AND / OR TOW DUE TO CRASH,"OVER $1,500",DISREGARDING TRAFFIC SIGNALS,2,INCAPACITATING INJURY,2.0,0.0,2.0,3,7,6,41.68942688,-87.65875179,"['06/03/2023', '03:40:00', 'AM']",INCAPACITATING INJURY with Device
8afd043602c9602d88f5a56a5390c7a5a3e4501ed9689a95fcb730a38c136ebb79d7041ad40504f30fb927ce41628ccb3bdc2676b14e9319f243c73cbeaf2d1a,2023-06-02 23:28:00,Friday,30,NO CONTROLS,CLEAR,"DARKNESS, LIGHTED ROAD",PARKED MOTOR VEHICLE,DRY,INJURY AND / OR TOW DUE TO CRASH,"OVER $1,500",DISTRACTION - FROM INSIDE VEHICLE,4,INCAPACITATING INJURY,3.0,0.0,1.0,23,6,6,41.69991997,-87.62844229,"['06/02/2023', '11:28:00', 'PM']",INCAPACITATING INJURY without Device
6e9c68f01e4ce3c3e4b6b05de9d59c0058f60ccbe0b8ae206c673e8008d2f60a296e54bd91f46d2b05a48d0e07bea2de565e46cbacee6ec80570232ac90025bd,2023-06-02 23:00:00,Friday,35,STOP SIGN/FLASHER,CLEAR,"DARKNESS, LIGHTED ROAD",PEDALCYCLIST,DRY,INJURY AND / OR TOW DUE TO CRASH,"OVER $1,500",UNABLE TO DETERMINE,2,INCAPACITATING INJURY,1.0,0.0,1.0,23,6,6,41.91904149,-87.72646926,"['06/02/2023', '11:00:00', 'PM']",INCAPACITATING INJURY with Device
db224bdf8f369fd9b3b8e8a441dd44f33b8bc412f0944a5d71fe656f4c3e657d2f926636dafe2e6ed116284fa75cd7245c875bfb609dcec880e60c96628fe03a,2023-06-02 22:45:00,Friday,26,NO CONTROLS,CLEAR,DARKNESS,PARKED MOTOR VEHICLE,DRY,INJURY AND / OR TOW DUE TO CRASH,"OVER $1,500",UNABLE TO DETERMINE,4,INCAPACITATING INJURY,2.0,0.0,2.0,22,6,6,41.75036942,-87.60287905,"['06/02/2023', '10:45:00', 'PM']",INCAPACITATING INJURY without Device
cf9da976490ae5cfb7ced7d6525b7c7f334d9230726ac4b311b8ebd030f8034e50f75f97146748a633b2bdb57dd7ec8c1f9ce3fcdf219961f314baf04f1a0ea9,2023-06-02 13:45:00,Friday,35,STOP SIGN/FLASHER,CLEAR,DAYLIGHT,PEDESTRIAN,DRY,INJURY AND / OR TOW DUE TO CRASH,"OVER $1,500",FAILING TO YIELD RIGHT-OF-WAY,2,INCAPACITATING INJURY,1.0,0.0,1.0,13,6,6,41.9084853,-87.6971623,"['06/02/2023', '01:45:00', 'PM']",INCAPACITATING INJURY with Device
960cd18ac1271f549f9cecdd2b2afdfe54f6f89e51a4f779029b8b217d259010422a954eec1bf72e9ad7c21b081e245cf98dba753db8e4c817da28da41444840,2023-06-02 10:47:00,Friday,30,NO CONTROLS,CLEAR,DAYLIGHT,SIDESWIPE SAME DIRECTION,DRY,INJURY AND / OR TOW DUE TO CRASH,"OVER $1,500",IMPROPER LANE USAGE,3,INCAPACITATING INJURY,1.0,0.0,1.0,10,6,6,42.01201576,-87.7069401,"['06/02/2023', '10:47:00', 'AM']",INCAPACITATING INJURY without Device
3db9449a31e6df2e244c09d6b0374b8b1f45377f88c4f59b98b180a18b1930b69f7c31f8ff82cf34b9ae9baa482605577862efbc0c94deec9c51dae957829d58,2023-06-02 01:00:00,Friday,15,NO CONTROLS,CLEAR,"DARKNESS, LIGHTED ROAD",FIXED OBJECT,DRY,INJURY AND / OR TOW DUE TO CRASH,"OVER $1,500","EVASIVE ACTION DUE TO ANIMAL, OBJECT, NONMOTORIST",1,FATAL,3.0,1.0,2.0,1,6,6,41.87668635,-87.76091253,"['06/02/2023', '01:00:00', 'AM']",FATAL without Device
01f42c292833025ac7ae917b3d13010e97174f159c7bd369c0868cba8623621e95340dd48e100743b52af8a1a26c352cf4729d18e3f6fde947d634d07adad258,2023-06-01 23:20:00,Thursday,30,NO CONTROLS,CLEAR,"DARKNESS, LIGHTED ROAD",TURNING,DRY,INJURY AND / OR TOW DUE TO CRASH,"OVER $1,500",FAILING TO YIELD RIGHT-OF-WAY,2,INCAPACITATING INJURY,1.0,0.0,1.0,23,5,6,41.81719381,-87.68481446,"['06/01/2023', '11:20:00', 'PM']",INCAPACITATING INJURY without Device
343b3bed2f67e6673a3dbfa09efea60e1330cbd7428ae6dfb4c7391bb6130418e5af8cd7df1fa4c6843aaf408516c9723958eb27aa05441ee6da290eed5f13ab,2023-06-01 22:38:00,Thursday,30,NO CONTROLS,CLEAR,"DARKNESS, LIGHTED ROAD",PARKED MOTOR VEHICLE,DRY,INJURY AND / OR TOW DUE TO CRASH,"OVER $1,500","OPERATING VEHICLE IN ERRATIC, RECKLESS, CARELESS, NEGLIGENT OR AGGRESSIVE MANNER",3,INCAPACITATING INJURY,2.0,0.0,1.0,22,5,6,41.90208699,-87.76050317,"['06/01/2023', '10:38:00', 'PM']",INCAPACITATING INJURY without Device
2cf483c2d20177a909c5e253a3239290f7cba958559058a4a7099690dfd10f0c96f6ede4b84c64e962d4aca14e2706c55190d7c4bf0e2700898986e316d16cc9,2023-06-01 20:15:00,Thursday,30,NO CONTROLS,CLEAR,DAYLIGHT,HEAD ON,DRY,INJURY AND / OR TOW DUE TO CRASH,"OVER $1,500",IMPROPER LANE USAGE,2,INCAPACITATING INJURY,4.0,0.0,2.0,20,5,6,41.82838159,-87.68512204,"['06/01/2023', '08:15:00', 'PM']",INCAPACITATING INJURY without Device
88f9be29acc0be4cf3de28ed695cd1a2c1b3a7f257242cda9b5a785267e0eea1b6411ea1efd18d6891f6f35c6a01a5dfac0b192a86beff4e98107a7c69df8be1,2023-06-01 11:29:00,Thursday,30,TRAFFIC SIGNAL,CLEAR,DAYLIGHT,PEDALCYCLIST,DRY,INJURY AND / OR TOW DUE TO CRASH,"OVER $1,500",DRIVING ON WRONG SIDE/WRONG WAY,2,INCAPACITATING INJURY,1.0,0.0,1.0,11,5,6,41.85167198,-87.70539869,"['06/01/2023', '11:29:00', 'AM']",INCAPACITATING INJURY with Device