CRASH_RECORD_ID,CRASH_DATE,Weekday,POSTED_SPEED_LIMIT,TRAFFIC_CONTROL_DEVICE,WEATHER_CONDITION,LIGHTING_CONDITION,FIRST_CRASH_TYPE,ROADWAY_SURFACE_COND,CRASH_TYPE,DAMAGE,PRIM_CONTRIBUTORY_CAUSE,NUM_UNITS,MOST_SEVERE_INJURY,INJURIES_TOTAL,INJURIES_FATAL,INJURIES_INCAPACITATING,CRASH_HOUR,CRASH_DAY_OF_WEEK,CRASH_MONTH,LATITUDE,LONGITUDE,CRASH_TIME,CATEGORIES
f8c591766863a72d98c16191b26e3a964a41b6b693b7402319d98fb09e23ac9431187b9c72b4c5c49b45f28d62ab05180f90a69b92d1126e4241d11ec70f716b,2023-06-01 07:30:00,Thursday,25,NO CONTROLS,CLEAR,DAYLIGHT,SIDESWIPE SAME DIRECTION,DRY,INJURY AND / OR TOW DUE TO CRASH,"OVER $1,500",IMPROPER LANE USAGE,5,INCAPACITATING INJURY,1.0,0.0,1.0,7,5,6,41.89478944,-87.75954728,"['06/01/2023', '07:30:00', 'AM']",INCAPACITATING INJURY without Device
01ac4b9811b9025ed2acf82b964248601d12df7f3a3b0356f1deb3415d3194e6438cb13873c7b09a9babc4164d85a74d0e388d193b9f2b4154a96938a2ea856f,2023-05-31 20:15:00,Wednesday,30,TRAFFIC SIGNAL,CLEAR,DUSK,PEDESTRIAN,DRY,INJURY AND / OR TOW DUE TO CRASH,"OVER $1,500",IMPROPER TURNING/NO SIGNAL,2,INCAPACITATING INJURY,1.0,0.0,1.0,20,4,5,41.92742709,-87.78573363,"['05/31/2023', '08:15:00', 'PM']",INCAPACITATING INJURY with Device
66de9b60bcc319469351ff456a247049e425d3aaabdfd4b524b19b98000ad2be7af2704abed86478e797c04947485ea9c5882350dbaa821611bc87fbb013a471,2023-05-31 19:55:00,Wednesday,30,TRAFFIC SIGNAL,CLEAR,UNKNOWN,TURNING,DRY,INJURY AND / OR TOW DUE TO CRASH,"OVER $1,500",IMPROPER LANE USAGE,2,INCAPACITATING INJURY,1.0,0.0,1.0,19,4,5,41.74931275,-87.72789313,"['05/31/2023', '07:55:00', 'PM']",INCAPACITATING INJURY with Device
6d63fa41c03aec13d3375c808ad01eaa1489101efb3f07f82cf927082b81b034216b49bf1c32d80018115f0074504c703e648fa44029020890043b85b16df3cc,2023-05-31 19:54:00,Wednesday,30,STOP SIGN/FLASHER,CLEAR,DAYLIGHT,FIXED OBJECT,DRY,INJURY AND / OR TOW DUE TO CRASH,"OVER $1,500",PHYSICAL CONDITION OF DRIVER,1,INCAPACITATING INJURY,1.0,0.0,1.0,19,4,5,41.6517192,-87.55030306,"['05/31/2023', '07:54:00', 'PM']",INCAPACITATING INJURY with Device
82092ab685a13c48a985d9b325ab0bcece2bf9cab2f94c44e78d755ae197784169e9fe01c4cc1c9eba42797b0fb903757f3c0c53bb58376e81e77acbe76cb170,2023-05-31 17:28:00,Wednesday,35,NO CONTROLS,CLEAR,DAYLIGHT,REAR END,DRY,INJURY AND / OR TOW DUE TO CRASH,"OVER $1,500",UNABLE TO DETERMINE,2,FATAL,3.0,2.0,1.0,17,4,5,41.88713666,-87.7113361,"['05/31/2023', '05:28:00', 'PM']",FATAL without Device
25ca447a6f4b5203b99fe6353d1c40ab511171da3de2d60ebcbaae8dc932ef33845d8d74f32c775d3f3c27416cbf0a172a9af43acaacd2f02a32d2cd78c1d4cc,2023-05-31 13:00:00,Wednesday,30,TRAFFIC SIGNAL,CLEAR,DAYLIGHT,REAR END,DRY,INJURY AND / OR TOW DUE TO CRASH,"OVER $1,500",DISTRACTION - FROM INSIDE VEHICLE,3,INCAPACITATING INJURY,3.0,0.0,1.0,13,4,5,41.75456422,-87.59004716,"['05/31/2023', '01:00:00', 'PM']",INCAPACITATING INJURY with Device
f0da998438663b975385d56eb6ddf97f88d2e1035290f443ed790b0ea71323bb1bb24578b11b53e7f69095b81d2869e537d0788d9cf58e339feefd9c9be024ac,2023-05-31 08:30:00,Wednesday,25,NO CONTROLS,CLEAR,DAYLIGHT,REAR END,DRY,INJURY AND / OR TOW DUE TO CRASH,"$501 - $1,500",FAILING TO REDUCE SPEED TO AVOID CRASH,2,INCAPACITATING INJURY,1.0,0.0,1.0,8,4,5,41.7732929,-87.58644237,"['05/31/2023', '08:30:00', 'AM']",INCAPACITATING INJURY without Device
5597b75d4c324e2357af298244d7498320337410d6fc1f9433773bf5fb98777791aaccacd90ee6b6e58eddce897ee47782a6a26a69b196daaac426cf6e374095,2023-05-31 07:45:00,Wednesday,30,TRAFFIC SIGNAL,CLEAR,DAYLIGHT,PEDESTRIAN,DRY,INJURY AND / OR TOW DUE TO CRASH,$500 OR LESS,FAILING TO REDUCE SPEED TO AVOID CRASH,2,INCAPACITATING INJURY,1.0,0.0,1.0,7,4,5,41.77954813,-87.6446351,"['05/31/2023', '07:45:00', 'AM']",INCAPACITATING INJURY with Device
9f5af9f7a5abc64a41a7d13d30c0de24319a049ecf212cf77ae9d81456b1d0737d118473f098cc6474710d1227443eafa94999ce3efa51c58f755d8077336b34,2023-05-31 00:50:00,Wednesday,30,STOP SIGN/FLASHER,CLEAR,"DARKNESS, LIGHTED ROAD",ANGLE,DRY,INJURY AND / OR TOW DUE TO CRASH,"OVER $1,500",DISREGARDING STOP SIGN,2,INCAPACITATING INJURY,2.0,0.0,1.0,0,4,5,41.75651644,-87.61369374,"['05/31/2023', '12:50:00', 'AM']",INCAPACITATING INJURY with Device
47491c88ec3aca5113dec3f4968abd602f4ea89b137839f8b8ebaeaed1b3a3d05e0bee9aa5c3354dc65fde570e71972076bfeda7749b4a4f64c1be22ef6017cb,2023-05-30 19:07:00,Tuesday,30,NO CONTROLS,CLEAR,DAYLIGHT,PEDESTRIAN,DRY,INJURY AND / OR TOW DUE TO CRASH,"$501 - $1,500",NOT APPLICABLE,2,INCAPACITATING INJURY,1.0,0.0,1.0,19,3,5,41.95410626,-87.68956124,"['05/30/2023', '07:07:00', 'PM']",INCAPACITATING INJURY without Device
01185eb4d8bc98c6505e54058dfaa56f07831ba07503cf54cc2362438036e3659860e6397f40fd61042f8b255bc4289877e986a8f6611278956b3a8d290c7a6e,2023-05-30 17:10:00,Tuesday,30,NO CONTROLS,CLEAR,DAYLIGHT,PEDALCYCLIST,UNKNOWN,INJURY AND / OR TOW DUE TO CRASH,"OVER $1,500","OPERATING VEHICLE IN ERRATIC, RECKLESS, CARELESS, NEGLIGENT OR AGGRESSIVE MANNER",2,INCAPACITATING INJURY,1.0,0.0,1.0,17,3,5,41.98314813,-87.71136489,"['05/30/2023', '05:10:00', 'PM']",INCAPACITATING INJURY without Device
acd0f77c18ac0a3eb2728a745856ac5cccfc6ba0b6ae731136df51e1de8a9bfd05bfec51f2313f78cc0dc04d6198d32a7aa1039de0fc16210c6703096531ba6b,2023-05-30 15:46:00,Tuesday,30,NO CONTROLS,CLEAR,DAYLIGHT,TURNING,DRY,INJURY AND / OR TOW DUE TO CRASH,"OVER $1,500",IMPROPER OVERTAKING/PASSING,2,INCAPACITATING INJURY,1.0,0.0,1.0,15,3,5,41.81667748,-87.61694036,"['05/30/2023', '03:46:00', 'PM']",INCAPACITATING INJURY without Device
00b0db5c1609043908ccd9981039677df80af622860ca1990029d54188c8c82a9588eb71bdee1c2144a33b16f4f4c4fe20198dc3999bd03c07e65aa6e13d864d,2023-05-30 15:15:00,Tuesday,30,NO CONTROLS,CLEAR,DAYLIGHT,SIDESWIPE SAME DIRECTION,DRY,INJURY AND / OR TOW DUE TO CRASH,"OVER $1,500",FAILING TO YIELD RIGHT-OF-WAY,2,INCAPACITATING INJURY,2.0,0.0,2.0,15,3,5,41.92140824,-87.6509064,"['05/30/2023', '03:15:00', 'PM']",INCAPACITATING INJURY without Device
73419b870049e89195d3d0b13705e4f9c9c34bbf1fe0f764fc1b972762e61b4eb775a904683cbbd71e16aef2bcf9c989f977730de4ccccee819724b16f35c417,2023-05-30 12:21:00,Tuesday,30,TRAFFIC SIGNAL,CLEAR,DAYLIGHT,TURNING,DRY,INJURY AND / OR TOW DUE TO CRASH,"OVER $1,500",FAILING TO YIELD RIGHT-OF-WAY,2,INCAPACITATING INJURY,1.0,0.0,1.0,12,3,5,41.79875821,-87.74302054,"['05/30/2023', '12:21:00', 'PM']",INCAPACITATING INJURY with Device
b5715ddec04351c838227af69546fadb5c40242b4a06e468b1f1970f9cd074f68eb205895ce7af6c57d2ce0041f3696d201571fd3f9b8f2a367724d6c7274fff,2023-05-30 00:20:00,Tuesday,30,NO CONTROLS,CLEAR,"DARKNESS, LIGHTED ROAD",PEDESTRIAN,DRY,INJURY AND / OR TOW DUE TO CRASH,"OVER $1,500",UNABLE TO DETERMINE,2,INCAPACITATING INJURY,1.0,0.0,1.0,0,3,5,41.85744649,-87.71014279,"['05/30/2023', '12:20:00', 'AM']",INCAPACITATING INJURY without Device
7959191ded3411d28da931ec4f048d51366b3050c61a8bcb44ca6f1173f743337f9d8f9d5b263e161969e9dee968c021624c49c0f8a1c360dbaa07a8049193a2,2023-05-29 14:30:00,Monday,30,TRAFFIC SIGNAL,CLEAR,DAYLIGHT,PEDESTRIAN,DRY,INJURY AND / OR TOW DUE TO CRASH,"OVER $1,500",FAILING TO YIELD RIGHT-OF-WAY,2,INCAPACITATING INJURY,1.0,0.0,1.0,14,2,5,41.8809852,-87.62062875,"['05/29/2023', '02:30:00', 'PM']",INCAPACITATING INJURY with Device
ee0f36e5984826d8f6af431aaa8e86f73c51c185e92a9643d1ae0b52f7a401c8c6868d57e4c917f6e285eb3f9ff584d13287ca74551b1214faf6e18e2d807e4d,2023-05-29 06:00:00,Monday,30,NO CONTROLS,CLEAR,DAYLIGHT,PEDESTRIAN,DRY,INJURY AND / OR TOW DUE TO CRASH,"OVER $1,500",NOT APPLICABLE,2,INCAPACITATING INJURY,1.0,0.0,1.0,6,2,5,41.78696581,-87.65672075,"['05/29/2023', '06:00:00', 'AM']",INCAPACITATING INJURY without Device
2009ef2207056e88905ea7de28d26cd0bcd2c96b30afbc105ea56156398454b5fe99a356e702f13bc19ad873b6369c9353d6432dc6f0cec4939ac4ce373aa0e3,2023-05-28 22:59:00,Sunday,30,TRAFFIC SIGNAL,CLEAR,"DARKNESS, LIGHTED ROAD",PEDESTRIAN,DRY,INJURY AND / OR TOW DUE TO CRASH,"OVER $1,500",FAILING TO REDUCE SPEED TO AVOID CRASH,2,FATAL,1.0,1.0,0.0,22,1,5,41.86615863,-87.71937733,"['05/28/2023', '10:59:00', 'PM']",FATAL with Device
ac3c082b94dce83741fcc9535ca73b5e7bd8b7d9557bae610ae6cf88135a9155b38904a94d84ec1e533ec11b83d645bf1d3f518cb920031da56030909237faa1,2023-05-28 18:18:00,Sunday,30,NO CONTROLS,CLEAR,DAYLIGHT,FIXED OBJECT,DRY,INJURY AND / OR TOW DUE TO CRASH,"OVER $1,500",EQUIPMENT - VEHICLE CONDITION,1,INCAPACITATING INJURY,1.0,0.0,1.0,18,1,5,41.89078686,-87.64596882,"['05/28/2023', '06:18:00', 'PM']",INCAPACITATING INJURY without Device
3f8ae325085d3b5dc9aafe56128f14b8f01946885246f72e9adbbcb155690126d5092f5678680ea09c2c8643c0099ace013113e16cf8bea2b6f5c439b54a230a,2023-05-28 17:22:00,Sunday,25,TRAFFIC SIGNAL,CLEAR,DAYLIGHT,ANGLE,DRY,INJURY AND / OR TOW DUE TO CRASH,"OVER $1,500",NOT APPLICABLE,2,INCAPACITATING INJURY,2.0,0.0,2.0,17,1,5,41.87501196,-87.70608632,"['05/28/2023', '05:22:00', 'PM']",INCAPACITATING INJURY with Device
24990a408b600d2434d5ca3edcab9cee837a76546fa5d500446ed905bfac8272505c3e83e6fbb0f5fa348323dab9126bb846629409b94b3a98a7bfbe62eea15a,2023-05-28 17:21:00,Sunday,30,NO CONTROLS,CLEAR,DAYLIGHT,PEDESTRIAN,DRY,INJURY AND / OR TOW DUE TO CRASH,"OVER $1,500",FAILING TO YIELD RIGHT-OF-WAY,2,INCAPACITATING INJURY,1.0,0.0,1.0,17,1,5,41.77836441,-87.7399904,"['05/28/2023', '05:21:00', 'PM']",INCAPACITATING INJURY without Device
89818b5344cd7b0756c4a9ed73b90988d671d5d5111e5857aa45312fedb97e2546a70ca0b87712cce5c4c5cc829ceb629cd51ad55c42bccd12da74331d4c57fe,2023-05-28 16:27:00,Sunday,30,NO CONTROLS,CLEAR,DAYLIGHT,PEDALCYCLIST,DRY,INJURY AND / OR TOW DUE TO CRASH,$500 OR LESS,DRIVING ON WRONG SIDE/WRONG WAY,2,INCAPACITATING INJURY,1.0,0.0,1.0,16,1,5,41.93668048,-87.64083719,"['05/28/2023', '04:27:00', 'PM']",INCAPACITATING INJURY without Device
2d9d8b78b9f16e2bb01ec29151d74a19c1f9faa9dfaf430beeaccb58626896aebc0236597c2424f5e9a2f5071c4571270ebc8ae5b2135d8458c3fca6d1e33b4d,2023-05-28 14:45:00,Sunday,30,STOP SIGN/FLASHER,CLEAR,DAYLIGHT,ANGLE,DRY,INJURY AND / OR TOW DUE TO CRASH,"OVER $1,500",FAILING TO YIELD RIGHT-OF-WAY,2,INCAPACITATING INJURY,3.0,0.0,2.0,14,1,5,41.95538713,-87.7275194,"['05/28/2023', '02:45:00', 'PM']",INCAPACITATING INJURY with Device
12364d839c6fc09b905674ac05871d12ec034df6f1bf6239550078bedf83815418fb22366d5c819cd96db1ff77e68bf868596759279c979d883ab55474c57570,2023-05-28 05:05:00,Sunday,30,NO CONTROLS,CLEAR,DAWN,FIXED OBJECT,DRY,INJURY AND / OR TOW DUE TO CRASH,"OVER $1,500",FAILING TO REDUCE SPEED TO AVOID CRASH,1,INCAPACITATING INJURY,1.0,0.0,1.0,5,1,5,41.74371891,-87.57799096,"['05/28/2023', '05:05:00', 'AM']",INCAPACITATING INJURY without Device
ae0e1f41ff41b19126bcc96950358b83637d8eb8bdf7cab620554257da9858116c89b8a1cd61e8c70505041f0a8e8a705e5f7940618852d0df898e757583bfea,2023-05-28 02:46:00,Sunday,35,STOP SIGN/FLASHER,CLEAR,"DARKNESS, LIGHTED ROAD",ANGLE,DRY,INJURY AND / OR TOW DUE TO CRASH,"OVER $1,500",DISREGARDING STOP SIGN,2,INCAPACITATING INJURY,1.0,0.0,1.0,2,1,5,41.74592826,-87.58599491,"['05/28/2023', '02:46:00', 'AM']",INCAPACITATING INJURY with Device
d7e61de228d9d354fc0f81e610c7338b1f1354ece3f51e95485137fc3025603c9cff814b31194e3b2c8caed9c70fd53034a15b5b7263a0c76f5703c4a81b7553,2023-05-28 01:45:00,Sunday,30,STOP SIGN/FLASHER,CLEAR,"DARKNESS, LIGHTED ROAD",TURNING,DRY,INJURY AND / OR TOW DUE TO CRASH,"OVER $1,500","VISION OBSCURED (SIGNS, TREE LIMBS, BUILDINGS, ETC.)",2,INCAPACITATING INJURY,3.0,0.0,1.0,1,1,5,41.90753299,-87.77539871,"['05/28/2023', '01:45:00', 'AM']",INCAPACITATING INJURY with Device
a512f190dc16301560072361bb5fd9932daf0f646f9d44841580c87636fe48df200ffd32d9c8918c12a50e10054f87533cd66d99be12d54c40ec362c4289c2b2,2023-05-28 00:17:00,Sunday,30,TRAFFIC SIGNAL,CLEAR,DUSK,TURNING,DRY,INJURY AND / OR TOW DUE TO CRASH,"OVER $1,500",EQUIPMENT - VEHICLE CONDITION,2,INCAPACITATING INJURY,1.0,0.0,1.0,0,1,5,41.76597795,-87.60567123,"['05/28/2023', '12:17:00', 'AM']",INCAPACITATING INJURY with Device
b2119f38407600fab183034da6a416438ae8486dc775e34483a263d88dc3b7ad30d22309238849044c2a08744bd75c58983ba57fc64686c7799396056996c0d2,2023-05-27 23:15:00,Saturday,30,NO CONTROLS,CLEAR,"DARKNESS, LIGHTED ROAD",REAR END,DRY,INJURY AND / OR TOW DUE TO CRASH,$500 OR LESS,FOLLOWING TOO CLOSELY,2,INCAPACITATING INJURY,1.0,0.0,1.0,23,7,5,41.86735164,-87.64064858,"['05/27/2023', '11:15:00', 'PM']",INCAPACITATING INJURY without Device
0b26f408150c8bc68e812b1a84d63eb46038c49e71e358903688453c88459a73cf201a89112071ce1ab12cb3a9d8e02b29ddae2ed5a711c31cd4d3b42e24a890,2023-05-27 21:40:00,Saturday,30,TRAFFIC SIGNAL,CLEAR,"DARKNESS, LIGHTED ROAD",PEDESTRIAN,DRY,INJURY AND / OR TOW DUE TO CRASH,"OVER $1,500",UNABLE TO DETERMINE,2,INCAPACITATING INJURY,1.0,0.0,1.0,21,7,5,41.8758324,-87.62435271,"['05/27/2023', '09:40:00', 'PM']",INCAPACITATING INJURY with Device
6553d485887b9388a08156dfb43d7d50243ee8797a70da6d037412f4778786f6b998567e36deb0963760c43efeb41f0e4981555c750f057661f6ca737b9b70ca,2023-05-27 19:28:00,Saturday,20,NO CONTROLS,CLEAR,DAYLIGHT,PARKED MOTOR VEHICLE,DRY,INJURY AND / OR TOW DUE TO CRASH,"OVER $1,500",DISREGARDING OTHER TRAFFIC SIGNS,6,INCAPACITATING INJURY,1.0,0.0,1.0,19,7,5,41.87902173,-87.63389988,"['05/27/2023', '07:28:00', 'PM']",INCAPACITATING INJURY without Device
923f2a04b80205934963b2b66c2f083f606729d354bec4bda73760702717fd73a06d072c8ce53f7dc36dd9c405d6e6ace8738ad8ebe9bc57629d535d2aded625,2023-05-27 18:00:00,Saturday,30,NO CONTROLS,CLEAR,DAYLIGHT,PEDALCYCLIST,DRY,INJURY AND / OR TOW DUE TO CRASH,"$501 - $1,500",FAILING TO YIELD RIGHT-OF-WAY,2,INCAPACITATING INJURY,1.0,0.0,1.0,18,7,5,41.65175087,-87.53881551,"['05/27/2023', '06:00:00', 'PM']",INCAPACITATING INJURY without Device
d391d49328c1b9de79b370a7173f40186e7afb2ded12ac21b6ff6dbb47b75101292d0576d51f75d5a89fd228f4f88b6b3fad7d69b005fed52159fb86bc6af7f9,2023-05-27 13:00:00,Saturday,25,TRAFFIC SIGNAL,CLEAR,DAYLIGHT,PEDALCYCLIST,DRY,INJURY AND / OR TOW DUE TO CRASH,"OVER $1,500",FAILING TO YIELD RIGHT-OF-WAY,2,INCAPACITATING INJURY,1.0,0.0,1.0,13,7,5,41.86675504,-87.68371465,"['05/27/2023', '01:00:00', 'PM']",INCAPACITATING INJURY with Device
438b0207b738161e137ac63b94219a9b28ca9a4d311b785892186857cc37ebe978589077581f03a66535be36e23aa614b47a70f3fc6ceaa91114059e6ba540dd,2023-05-27 01:13:00,Saturday,30,NO CONTROLS,CLEAR,"DARKNESS, LIGHTED ROAD",FIXED OBJECT,DRY,INJURY AND / OR TOW DUE TO CRASH,"OVER $1,500",PHYSICAL CONDITION OF DRIVER,1,INCAPACITATING INJURY,1.0,0.0,1.0,1,7,5,41.86048479,-87.63888175,"['05/27/2023', '01:13:00', 'AM']",INCAPACITATING INJURY without Device
cea48e0ddc5bb24bd98bd083d9bfb510f76faf48d24b123332b70d0154941f654992087fc62f3968f15424ea1d61ceecfb028c6245cb4b4354df84462168ed9a,2023-05-26 21:10:00,Friday,30,TRAFFIC SIGNAL,CLEAR,"DARKNESS, LIGHTED ROAD",TURNING,DRY,INJURY AND / OR TOW DUE TO CRASH,"OVER $1,500",UNABLE TO DETERMINE,2,INCAPACITATING INJURY,1.0,0.0,1.0,21,6,5,41.93887056,-87.74702056,"['05/26/2023', '09:10:00', 'PM']",INCAPACITATING INJURY with Device
345f25119d2626d35a075fbaa3907be76b898ba98ee2372d2c474ecfda5a5caa5e183490188558226bbc25c9c38934e3e0e895dda1a8db260fde646f1ed38be1,2023-05-26 15:02:00,Friday,30,STOP SIGN/FLASHER,CLEAR,DAYLIGHT,HEAD ON,DRY,INJURY AND / OR TOW DUE TO CRASH,"OVER $1,500",IMPROPER LANE USAGE,2,INCAPACITATING INJURY,1.0,0.0,1.0,15,6,5,41.92089313,-87.7780289,"['05/26/2023', '03:02:00', 'PM']",INCAPACITATING INJURY with Device
46eb8d58aec519caefc76c935021938f5e8c24cb577c953e94257e93b908b9d4a4b8280e2d7afcc8f0452b325d9411f71f39b681355e06f7e2848a35511c69b7,2023-05-26 14:17:00,Friday,30,TRAFFIC SIGNAL,CLEAR,DAYLIGHT,REAR END,DRY,INJURY AND / OR TOW DUE TO CRASH,$500 OR LESS,UNABLE TO DETERMINE,2,INCAPACITATING INJURY,1.0,0.0,1.0,14,6,5,41.86567097,-87.72500377,"['05/26/2023', '02:17:00', 'PM']",INCAPACITATING INJURY with Device
a8992e2c4f8ae4e070ef58dac68a457ac9851b5fc0a0fb88f4df03d50f6996ee127ac1da1ce40c1dd789874e5b1bd916f3b43d5de347985ab2769ace50feb903,2023-05-26 14:15:00,Friday,30,STOP SIGN/FLASHER,CLEAR,DAYLIGHT,ANGLE,DRY,INJURY AND / OR TOW DUE TO CRASH,"$501 - $1,500",IMPROPER LANE USAGE,2,INCAPACITATING INJURY,5.0,0.0,2.0,14,6,5,41.79485876,-87.61930974,"['05/26/2023', '02:15:00', 'PM']",INCAPACITATING INJURY with Device
3c7237808584d91ccf0083ada8305ed0d3a7336700d5404bfacb3c2705c67801d005e021add507691b196048b11893f17bf2b31735ef93282230b3149eac97a8,2023-05-26 11:50:00,Friday,30,TRAFFIC SIGNAL,CLEAR,DAYLIGHT,TURNING,DRY,INJURY AND / OR TOW DUE TO CRASH,"OVER $1,500",FAILING TO REDUCE SPEED TO AVOID CRASH,3,INCAPACITATING INJURY,4.0,0.0,1.0,11,6,5,41.83182619,-87.72438983,"['05/26/2023', '11:50:00', 'AM']",INCAPACITATING INJURY with Device
8a5bd4823c9121a29822c7b81c55e8666b0e21602f9a2e6d0e6663e541b3199cb6daf5a16657458852f916092e50cfed1b84fe5f86fa42f86078483d1ab9ed80,2023-05-26 11:09:00,Friday,30,YIELD,CLEAR,DAYLIGHT,TURNING,DRY,INJURY AND / OR TOW DUE TO CRASH,"OVER $1,500",FAILING TO YIELD RIGHT-OF-WAY,2,INCAPACITATING INJURY,1.0,0.0,1.0,11,6,5,41.80948514,-87.60106511,"['05/26/2023', '11:09:00', 'AM']",INCAPACITATING INJURY with Device
3df2a87f4916466c8771d8017cfe4c87c8ac45ac3caacc6a7c44a8f75532b9b6c714ff7aad6545908e557c4d0ce804075014a09d2f1cdcbdef67bfb3f42063e7,2023-05-26 07:30:00,Friday,30,TRAFFIC SIGNAL,CLEAR,DAYLIGHT,PEDESTRIAN,DRY,INJURY AND / OR TOW DUE TO CRASH,$500 OR LESS,UNABLE TO DETERMINE,2,INCAPACITATING INJURY,1.0,0.0,1.0,7,6,5,41.86339968,-87.71030772,"['05/26/2023', '07:30:00', 'AM']",INCAPACITATING INJURY with Device
82902b538002a02cf0f5cd16803637704eb96cefa37693a7df61c26252a13b693e458d8df543decbff65b0bb2c12a5774e6a03a23b74ae7a23f2f4df21f5b3f3,2023-05-26 06:58:00,Friday,30,NO CONTROLS,CLEAR,DAYLIGHT,PEDALCYCLIST,DRY,INJURY AND / OR TOW DUE TO CRASH,$500 OR LESS,FAILING TO YIELD RIGHT-OF-WAY,2,INCAPACITATING INJURY,1.0,0.0,1.0,6,6,5,41.90348137,-87.66510269,"['05/26/2023', '06:58:00', 'AM']",INCAPACITATING INJURY without Device
f3127899a733eeeadd98524a3e96fda21ba186baee4eb8ac6d3af6bfc5e481db89782dce6b1ecfee8b7a54473bbde78c21501359a84594507cc0237d03a8b005,2023-05-26 04:36:00,Friday,30,NO CONTROLS,CLEAR,DAWN,PARKED MOTOR VEHICLE,DRY,INJURY AND / OR TOW DUE TO CRASH,"OVER $1,500",PHYSICAL CONDITION OF DRIVER,2,INCAPACITATING INJURY,1.0,0.0,1.0,4,6,5,41.75606258,-87.56646176,"['05/26/2023', '04:36:00', 'AM']",INCAPACITATING INJURY without Device
b4ba32360699538302432102ca13ce1ecc7413736c342fd4a97376a6b019dc579a74f67ea0cadb7efdedc1972e5a01521a42e110f63955418c07d680f5ab7b93,2023-05-25 20:20:00,Thursday,30,TRAFFIC SIGNAL,CLEAR,DUSK,ANGLE,DRY,INJURY AND / OR TOW DUE TO CRASH,"OVER $1,500",DISREGARDING TRAFFIC SIGNALS,2,INCAPACITATING INJURY,2.0,0.0,1.0,20,5,5,41.85162351,-87.71514403,"['05/25/2023', '08:20:00', 'PM']",INCAPACITATING INJURY with Device
bd3c9695523ad27eea9e9b1956277f15a301f97c0716f1b98c8a19d9804ae91a628f737eeacc3224781188dab10f6af42582c43d0100953798ce26036749869b,2023-05-25 18:06:00,Thursday,30,NO CONTROLS,CLEAR,DAYLIGHT,PEDESTRIAN,DRY,INJURY AND / OR TOW DUE TO CRASH,"$501 - $1,500",FAILING TO YIELD RIGHT-OF-WAY,2,INCAPACITATING INJURY,1.0,0.0,1.0,18,5,5,41.94744639,-87.69473967,"['05/25/2023', '06:06:00', 'PM']",INCAPACITATING INJURY without Device
ed348a240efab62568ed8acab7bcbad16c72faab06bf779598e3a5bea97b08c282894ab7a43eebeaa42a48e86da0d018f72c2ebdad62be6d18f6a1f5a887f8ec,2023-05-25 17:34:00,Thursday,30,TRAFFIC SIGNAL,CLEAR,DAYLIGHT,PEDALCYCLIST,DRY,INJURY AND / OR TOW DUE TO CRASH,"OVER $1,500",FOLLOWING TOO CLOSELY,2,INCAPACITATING INJURY,1.0,0.0,1.0,17,5,5,41.8671089,-87.6422588,"['05/25/2023', '05:34:00', 'PM']",INCAPACITATING INJURY with Device
60e67f2be98688b6c2b9d1f0e6f5b8e42f42d017f9021311c4e2a29b1a2dadc6627c4548d9d10db25b18daaf01f8d07152d407808d2a1797305480a4ead59626,2023-05-25 13:12:00,Thursday,30,STOP SIGN/FLASHER,CLEAR,DAYLIGHT,PEDESTRIAN,DRY,INJURY AND / OR TOW DUE TO CRASH,$500 OR LESS,IMPROPER BACKING,2,INCAPACITATING INJURY,1.0,0.0,1.0,13,5,5,41.77518187,-87.59865915,"['05/25/2023', '01:12:00', 'PM']",INCAPACITATING INJURY with Device
08b0e3b8c04b3854d1cad52a0fa345aa6d13f3fb788ee4cfaa45316938711493238ac6a2460183ab38d9c2e7aa1862e1f09e784edde6f8242d12f5b29ecfb748,2023-05-25 04:30:00,Thursday,30,TRAFFIC SIGNAL,CLEAR,"DARKNESS, LIGHTED ROAD",REAR END,DRY,INJURY AND / OR TOW DUE TO CRASH,"OVER $1,500",FOLLOWING TOO CLOSELY,2,INCAPACITATING INJURY,2.0,0.0,2.0,4,5,5,41.92793173,-87.72672317,"['05/25/2023', '04:30:00', 'AM']",INCAPACITATING INJURY with Device
e682fa1beedb12d21719c2476020581ca2d00792a177bf147d23a1641ab9231cebdb6bb5bca92d3d9df7ae6ed081508ed79a6c79c1ee909fd78b88f4c09f08ea,2023-05-25 00:08:00,Thursday,30,NO CONTROLS,CLEAR,"DARKNESS, LIGHTED ROAD",FIXED OBJECT,DRY,INJURY AND / OR TOW DUE TO CRASH,"OVER $1,500",UNABLE TO DETERMINE,1,INCAPACITATING INJURY,1.0,0.0,1.0,0,5,5,41.99005646,-87.74413174,"['05/25/2023', '12:08:00', 'AM']",INCAPACITATING INJURY without Device