CRASH_RECORD_ID,CRASH_DATE,Weekday,POSTED_SPEED_LIMIT,TRAFFIC_CONTROL_DEVICE,WEATHER_CONDITION,LIGHTING_CONDITION,FIRST_CRASH_TYPE,ROADWAY_SURFACE_COND,CRASH_TYPE,DAMAGE,PRIM_CONTRIBUTORY_CAUSE,NUM_UNITS,MOST_SEVERE_INJURY,INJURIES_TOTAL,INJURIES_FATAL,INJURIES_INCAPACITATING,CRASH_HOUR,CRASH_DAY_OF_WEEK,CRASH_MONTH,LATITUDE,LONGITUDE,CRASH_TIME,CATEGORIES
6211e686de35baeaaf712c40da9c0b4bba31c8d4636cdcfb567d1b1f2c4da153c8d712994a273ca9464c45c8625940c63c2a20d36b5a767dbd79d876e5423e14,2023-05-24 21:58:00,Wednesday,35,TRAFFIC SIGNAL,CLEAR,"DARKNESS, LIGHTED ROAD",REAR END,DRY,INJURY AND / OR TOW DUE TO CRASH,"OVER $1,500",DISREGARDING TRAFFIC SIGNALS,2,INCAPACITATING INJURY,1.0,0.0,1.0,21,4,5,41.83016899,-87.62308826,"['05/24/2023', '09:58:00', 'PM']",INCAPACITATING INJURY with Device
34c64f3702c5ee93c5c5a8a9047db3eb9f86bdf05f922f5a92dbc36d9fae610f0c3cf358b462f329bd4be412db913abeecf73e70a128ddae2395a5cd651136bd,2023-05-24 08:16:00,Wednesday,30,TRAFFIC SIGNAL,CLEAR,"DARKNESS, LIGHTED ROAD",TURNING,DRY,INJURY AND / OR TOW DUE TO CRASH,"OVER $1,500",IMPROPER TURNING/NO SIGNAL,2,INCAPACITATING INJURY,1.0,0.0,1.0,8,4,5,41.8870693,-87.63036787,"['05/24/2023', '08:16:00', 'AM']",INCAPACITATING INJURY with Device
e42d184aa75647effddf656e73196f2d87c3748e851166ec3208417712c5e50ac1a81db11e5b3bc2b8b45204b8ea45fa72669c4468543e5405baa97c9ab16184,2023-05-23 23:58:00,Tuesday,30,PEDESTRIAN CROSSING SIGN,CLEAR,"DARKNESS, LIGHTED ROAD",TURNING,DRY,INJURY AND / OR TOW DUE TO CRASH,"OVER $1,500",UNABLE TO DETERMINE,2,INCAPACITATING INJURY,1.0,0.0,1.0,23,3,5,41.90595635,-87.67748622,"['05/23/2023', '11:58:00', 'PM']",INCAPACITATING INJURY with Device
19def6e2a82858781219398fc6af0a6524c945d590c0f452c235da93157ecc97559a9853e25d2fe5cb863c43b13df28a46ec9358fc9cc2ea2b179f5b93b20263,2023-05-23 22:49:00,Tuesday,30,STOP SIGN/FLASHER,CLEAR,"DARKNESS, LIGHTED ROAD",ANGLE,DRY,INJURY AND / OR TOW DUE TO CRASH,"OVER $1,500",FAILING TO YIELD RIGHT-OF-WAY,2,INCAPACITATING INJURY,1.0,0.0,1.0,22,3,5,41.94230923,-87.83155759,"['05/23/2023', '10:49:00', 'PM']",INCAPACITATING INJURY with Device
6e1f571ea88f2c16b88c90f5c3d3294171bb84f55c09267d80306db253d91dfa1e8b444e351da64d0b2667d7a8a0d0d2c9238bd90ca29ddac36685a170ea749e,2023-05-23 18:58:00,Tuesday,30,NO CONTROLS,CLEAR,DAYLIGHT,REAR END,DRY,INJURY AND / OR TOW DUE TO CRASH,"OVER $1,500",DISTRACTION - FROM OUTSIDE VEHICLE,2,INCAPACITATING INJURY,1.0,0.0,1.0,18,3,5,41.91501389,-87.70675209,"['05/23/2023', '06:58:00', 'PM']",INCAPACITATING INJURY without Device
a1d46a7c4a60895d93e5335ee5371030eb1927a8929fc5d22233e4ae7cd6c360e48f37ec246791e740fd1782db92104743e2ff7f861b26be5845fd813a109312,2023-05-23 18:02:00,Tuesday,30,NO CONTROLS,CLEAR,DAYLIGHT,PEDALCYCLIST,DRY,INJURY AND / OR TOW DUE TO CRASH,"$501 - $1,500",UNABLE TO DETERMINE,2,INCAPACITATING INJURY,1.0,0.0,1.0,18,3,5,41.8318186,-87.64598442,"['05/23/2023', '06:02:00', 'PM']",INCAPACITATING INJURY without Device
cc550edbafe5643e10c52c7722a5d07a9f1514280619c35b88e273d641b0b9d3c414aeff3e1e1b8f8edb07ae7b0bb76934ef30fc0363e5682b5bf07f7117f148,2023-05-23 15:00:00,Tuesday,40,STOP SIGN/FLASHER,CLEAR,DAYLIGHT,PEDESTRIAN,DRY,INJURY AND / OR TOW DUE TO CRASH,$500 OR LESS,UNABLE TO DETERMINE,2,INCAPACITATING INJURY,1.0,0.0,1.0,15,3,5,41.71765108,-87.53542786,"['05/23/2023', '03:00:00', 'PM']",INCAPACITATING INJURY with Device
31d35adb1e1ade98f059aa859b61bf06e4877797af0401fbb0385ca506871f3ae5fc1f97125c492ce1755f9b78ca3ace79fbaeb413802018cc604679d22d68d6,2023-05-23 13:05:00,Tuesday,30,NO CONTROLS,CLEAR,DAYLIGHT,TURNING,UNKNOWN,INJURY AND / OR TOW DUE TO CRASH,"OVER $1,500",IMPROPER TURNING/NO SIGNAL,2,INCAPACITATING INJURY,2.0,0.0,2.0,13,3,5,41.6593685,-87.59754614,"['05/23/2023', '01:05:00', 'PM']",INCAPACITATING INJURY without Device
a8d12aac32186658f708fef9f0321bee18dfc6dc1c02bd93b8b12e2a97823dbb238a380517fededeb4387251663a54de35648fc01165872da74dffb68455233b,2023-05-23 12:51:00,Tuesday,30,TRAFFIC SIGNAL,CLEAR,DAYLIGHT,ANGLE,DRY,INJURY AND / OR TOW DUE TO CRASH,"OVER $1,500",DISREGARDING TRAFFIC SIGNALS,2,INCAPACITATING INJURY,2.0,0.0,1.0,12,3,5,41.88843209,-87.62442469,"['05/23/2023', '12:51:00', 'PM']",INCAPACITATING INJURY with Device
ef34f9001cd37fcd80ed6efdda289b300e6d66e8adddbe9dd6a1440a0f9a0571d1b4921d5c9547bb5e82a9ed7179c28a000616017318970b2a76268e50fe872e,2023-05-23 10:03:00,Tuesday,30,NO CONTROLS,CLEAR,DAYLIGHT,FIXED OBJECT,DRY,INJURY AND / OR TOW DUE TO CRASH,"OVER $1,500",UNABLE TO DETERMINE,1,INCAPACITATING INJURY,1.0,0.0,1.0,10,3,5,41.88052263,-87.76471962,"['05/23/2023', '10:03:00', 'AM']",INCAPACITATING INJURY without Device
b2a44ffe2ac3bf423b421d27547a75860f0fd520d98b36d701dcdb9d1d340adb4247e62a24b596193dfc7516d4e5f2de7ec3fa30e1763efee78e449739be25be,2023-05-22 23:21:00,Monday,35,TRAFFIC SIGNAL,CLEAR,"DARKNESS, LIGHTED ROAD",TURNING,DRY,INJURY AND / OR TOW DUE TO CRASH,"OVER $1,500",IMPROPER TURNING/NO SIGNAL,2,INCAPACITATING INJURY,3.0,0.0,1.0,23,2,5,41.99801926,-87.67701946,"['05/22/2023', '11:21:00', 'PM']",INCAPACITATING INJURY with Device
be65aa8ab925cc88b781b1f42b1df2d29b824997f90006a572e5bd0e6c9c6f0cbe5a9622216c2b2958eafbb27b48a64aad49aeb112be86030894e812fdbaa8b8,2023-05-22 22:31:00,Monday,20,NO CONTROLS,CLEAR,DUSK,REAR END,DRY,INJURY AND / OR TOW DUE TO CRASH,"OVER $1,500",FOLLOWING TOO CLOSELY,2,INCAPACITATING INJURY,1.0,0.0,1.0,22,2,5,41.75148314,-87.57857012,"['05/22/2023', '10:31:00', 'PM']",INCAPACITATING INJURY without Device
aba4a4bb9d3188b87085a952ea6395038149dec7f20abd8491b169963f0d0a44ac795570e5b8fe9f31384993b75596df9a7317149afb3f422f180d3df5f0cc2f,2023-05-22 19:10:00,Monday,30,NO CONTROLS,CLEAR,DAYLIGHT,REAR END,DRY,INJURY AND / OR TOW DUE TO CRASH,"OVER $1,500",UNABLE TO DETERMINE,2,FATAL,1.0,1.0,0.0,19,2,5,41.79214112,-87.78662636,"['05/22/2023', '07:10:00', 'PM']",FATAL without Device
39f2b3ac650a519ebe01f5e4e97ba32bb7c544adccb9ea6586a86bba34d1be9850755a8fca1e39392eb30b36a7e48908f194af77b1c8e5bc4ea5f3dfb875e289,2023-05-22 16:04:00,Monday,30,TRAFFIC SIGNAL,CLEAR,DAYLIGHT,PEDESTRIAN,DRY,INJURY AND / OR TOW DUE TO CRASH,$500 OR LESS,FAILING TO YIELD RIGHT-OF-WAY,2,INCAPACITATING INJURY,1.0,0.0,1.0,16,2,5,41.79411865,-87.66443844,"['05/22/2023', '04:04:00', 'PM']",INCAPACITATING INJURY with Device
7a54aef42b878a7a032d6060ba4292b492f1a918c8e1e7f40beb96b74f83648bebdbbde04298c2a0ac18c5cabf22de5dee3b2739e4f33ac14a46b44ebd6ee4b8,2023-05-22 16:03:00,Monday,30,NO CONTROLS,CLEAR,DAYLIGHT,TURNING,DRY,INJURY AND / OR TOW DUE TO CRASH,"OVER $1,500",IMPROPER TURNING/NO SIGNAL,2,INCAPACITATING INJURY,2.0,0.0,2.0,16,2,5,41.75274564,-87.58752349,"['05/22/2023', '04:03:00', 'PM']",INCAPACITATING INJURY without Device
c457b14ed175006fcf07bbe83b79d52ce96c1ab11f201e6caf1b05214eb5db91a67ea3f3441f7d402fe1d3b7744463914eeed460d7d6520dbf153d3aefa56b3f,2023-05-22 15:30:00,Monday,30,STOP SIGN/FLASHER,CLEAR,DAYLIGHT,ANGLE,DRY,INJURY AND / OR TOW DUE TO CRASH,"OVER $1,500",UNABLE TO DETERMINE,2,INCAPACITATING INJURY,1.0,0.0,1.0,15,2,5,41.90602169,-87.75110452,"['05/22/2023', '03:30:00', 'PM']",INCAPACITATING INJURY with Device
5f11dd69d49c4de5159aa90fa3a5ff802a9ad03b3352e18032156fa303c62a08639deaff5139680526b6270f293348212287fbbebb20a475e53a671b2e43031c,2023-05-22 13:28:00,Monday,20,NO CONTROLS,CLEAR,DAYLIGHT,PEDESTRIAN,DRY,INJURY AND / OR TOW DUE TO CRASH,"OVER $1,500",EQUIPMENT - VEHICLE CONDITION,2,INCAPACITATING INJURY,2.0,0.0,2.0,13,2,5,41.91371576,-87.63608649,"['05/22/2023', '01:28:00', 'PM']",INCAPACITATING INJURY without Device
18c12f5d9b150fa9b2aeff58b989e17887ef6bceb123c98110b3ffd90671fe853368c4064d3ae4cfb64231afc2f2f8d325d69d5f08e3a01badd4e4f2210c32df,2023-05-22 09:57:00,Monday,30,TRAFFIC SIGNAL,CLEAR,DAYLIGHT,REAR END,DRY,INJURY AND / OR TOW DUE TO CRASH,"OVER $1,500",FOLLOWING TOO CLOSELY,2,INCAPACITATING INJURY,3.0,0.0,3.0,9,2,5,41.9946871,-87.65567455,"['05/22/2023', '09:57:00', 'AM']",INCAPACITATING INJURY with Device
93d8b9ca4cfe605f5b246cd21b07fc772cc64c0566e93d047b40a2b1f380c0c74f77c72b4c2cc4e6fd3122acd7e8819b2d8ee39dc1d63b8a7e1192e58d51a420,2023-05-22 08:55:00,Monday,25,NO CONTROLS,CLEAR,DAYLIGHT,REAR END,DRY,INJURY AND / OR TOW DUE TO CRASH,$500 OR LESS,CELL PHONE USE OTHER THAN TEXTING,2,INCAPACITATING INJURY,6.0,0.0,1.0,8,2,5,41.89970918,-87.67423172,"['05/22/2023', '08:55:00', 'AM']",INCAPACITATING INJURY without Device
157ebeb9168799e7fa4b884e07ea8a09f9552f5d2a9136a793cd290f07ca16b444e4af8b9c3e9668727a6b7c2f8fcf24110b27968bab222d3c97a89cc474c5fd,2023-05-21 22:40:00,Sunday,30,TRAFFIC SIGNAL,CLEAR,"DARKNESS, LIGHTED ROAD",TURNING,DRY,INJURY AND / OR TOW DUE TO CRASH,"OVER $1,500",DISREGARDING OTHER TRAFFIC SIGNS,2,INCAPACITATING INJURY,1.0,0.0,1.0,22,1,5,41.86762343,-87.6203324,"['05/21/2023', '10:40:00', 'PM']",INCAPACITATING INJURY with Device
672faf08adaf173261389309433718150718c7494147627e782df881388144d4b86cab9bb0e0a8265404311bb3999ee85e899c3c408bc832533a5d32e3354ec9,2023-05-21 18:55:00,Sunday,25,NO CONTROLS,CLEAR,DUSK,PEDALCYCLIST,UNKNOWN,INJURY AND / OR TOW DUE TO CRASH,"OVER $1,500",UNABLE TO DETERMINE,2,INCAPACITATING INJURY,1.0,0.0,1.0,18,1,5,41.93712937,-87.74569148,"['05/21/2023', '06:55:00', 'PM']",INCAPACITATING INJURY without Device
6274b160565f489be3c6df3effaeac17b93754411fc625b42303f2bd857c2f80eb73ce3cb19a8ada551ae8e88c645fb10521dcf5acf7946c19fc3b00054ab825,2023-05-21 16:27:00,Sunday,30,NO CONTROLS,CLEAR,DAYLIGHT,FIXED OBJECT,DRY,INJURY AND / OR TOW DUE TO CRASH,"OVER $1,500",UNABLE TO DETERMINE,2,INCAPACITATING INJURY,1.0,0.0,1.0,16,1,5,41.85878329,-87.73833483,"['05/21/2023', '04:27:00', 'PM']",INCAPACITATING INJURY without Device
fbc85df609a8c70e1228847939df7a9e8ce4c7f47b9247c644f611e586d5e1f6180b0dc42f5175b713c9a69aab18715326f8fb97e369b8431b7f8d16649f0df4,2023-05-21 13:27:00,Sunday,30,STOP SIGN/FLASHER,CLEAR,DAYLIGHT,TURNING,DRY,INJURY AND / OR TOW DUE TO CRASH,"OVER $1,500",FAILING TO YIELD RIGHT-OF-WAY,3,INCAPACITATING INJURY,4.0,0.0,4.0,13,1,5,41.71227985,-87.64311625,"['05/21/2023', '01:27:00', 'PM']",INCAPACITATING INJURY with Device
5ff96205cd53c36d44ff23d7617b171786f2be28063e430e17490fd7af050825b30ff57dadd5f629da1f2f38e230d7079f08d0b9e3754c0e9ae5d08387bd4eca,2023-05-21 04:34:00,Sunday,30,NO CONTROLS,CLEAR,DARKNESS,REAR TO SIDE,DRY,INJURY AND / OR TOW DUE TO CRASH,"OVER $1,500",UNABLE TO DETERMINE,2,INCAPACITATING INJURY,1.0,0.0,1.0,4,1,5,41.851773,-87.71505994,"['05/21/2023', '04:34:00', 'AM']",INCAPACITATING INJURY without Device
d8e7a163c5ad06637eff939216919f7e784429be975eee8916c56c9503c8bafe55eb9faf1af09933f46f16900e6e861890f314e98c4fc94448d381b0f188a30e,2023-05-21 01:00:00,Sunday,35,NO CONTROLS,CLEAR,"DARKNESS, LIGHTED ROAD",FIXED OBJECT,DRY,INJURY AND / OR TOW DUE TO CRASH,"OVER $1,500",UNABLE TO DETERMINE,1,INCAPACITATING INJURY,1.0,0.0,1.0,1,1,5,41.73353363,-87.56081918,"['05/21/2023', '01:00:00', 'AM']",INCAPACITATING INJURY without Device
fc135ee6b673c13588c52141d237d7ea41c22a9aedbc09368b2b6145e432ea89cce015f2889d68fca145a1e787bcb022784ee44d327f777192f323c72326a2d3,2023-05-20 18:26:00,Saturday,35,NO CONTROLS,CLEAR,DAYLIGHT,PEDESTRIAN,DRY,INJURY AND / OR TOW DUE TO CRASH,"OVER $1,500",UNABLE TO DETERMINE,2,INCAPACITATING INJURY,1.0,0.0,1.0,18,7,5,41.7066732,-87.67061884,"['05/20/2023', '06:26:00', 'PM']",INCAPACITATING INJURY without Device
a2650f77c7c8cc4ac68c3054f0ccd387907bd6b8327018d22d1a74108d986e5a324f89ecf6636a35beb3b1e814818d25e0f1126e47c22f2acefc739642fd2764,2023-05-20 14:18:00,Saturday,30,NO CONTROLS,CLEAR,DAYLIGHT,PEDALCYCLIST,DRY,INJURY AND / OR TOW DUE TO CRASH,"OVER $1,500",UNABLE TO DETERMINE,2,INCAPACITATING INJURY,1.0,0.0,1.0,14,7,5,41.92400129,-87.69890951,"['05/20/2023', '02:18:00', 'PM']",INCAPACITATING INJURY without Device
f91bb0e0d166db59db419b6c9d0e4caa01c3bd75aa997b8c49b8435cb6fdcb34eb1e1f236f1ed3360a73e3ce4f9afb3298b558d52dbb6ce223725b11b11f2126,2023-05-20 12:30:00,Saturday,35,TRAFFIC SIGNAL,CLEAR,DAYLIGHT,REAR END,DRY,INJURY AND / OR TOW DUE TO CRASH,"$501 - $1,500",FOLLOWING TOO CLOSELY,2,INCAPACITATING INJURY,1.0,0.0,1.0,12,7,5,41.85165437,-87.72488298,"['05/20/2023', '12:30:00', 'PM']",INCAPACITATING INJURY with Device
c20b941b47166447659bdc48f036d75f943ad7b7cbe50e9f5716799e27de2b4bea70f5b71862dff39c6585677caf04036368f23decdab8ea44287dca3da27904,2023-05-20 01:01:00,Saturday,30,NO CONTROLS,CLEAR,DARKNESS,PARKED MOTOR VEHICLE,DRY,INJURY AND / OR TOW DUE TO CRASH,"OVER $1,500",UNABLE TO DETERMINE,4,INCAPACITATING INJURY,1.0,0.0,1.0,1,7,5,41.77497614,-87.59437917,"['05/20/2023', '01:01:00', 'AM']",INCAPACITATING INJURY without Device
29b540eac4c898797a46bc3333eadb1301788c6131b85343c9b8225d861340e202a5a451c0638a1e605a396343adedd106dd9edc851e682e0f064bf80f13a761,2023-05-19 21:30:00,Friday,30,NO CONTROLS,CLEAR,DARKNESS,ANGLE,DRY,INJURY AND / OR TOW DUE TO CRASH,"OVER $1,500",UNABLE TO DETERMINE,2,INCAPACITATING INJURY,1.0,0.0,1.0,21,6,5,41.92444921,-87.72202664,"['05/19/2023', '09:30:00', 'PM']",INCAPACITATING INJURY without Device
c79e226ff3a79cba3c3f85a69140816f35b711ab032a7da9798e5f8d4c1a7038dc65ee9af81a42a006b343cf199645ef6196dd7ed3fb3413298502564ea9f6f0,2023-05-19 16:31:00,Friday,30,NO CONTROLS,CLEAR,DAYLIGHT,TURNING,DRY,INJURY AND / OR TOW DUE TO CRASH,"OVER $1,500",NOT APPLICABLE,2,INCAPACITATING INJURY,3.0,0.0,3.0,16,6,5,41.83040813,-87.66571276,"['05/19/2023', '04:31:00', 'PM']",INCAPACITATING INJURY without Device
d5c75ddb71f75a405e1099107d9f5f49d882008950b49c9c0dd54b4b2c743f75077c8918f9142d5ef1baa8c2c783c49d7e68501224596211402a96f05e0e5c71,2023-05-19 09:37:00,Friday,35,TRAFFIC SIGNAL,UNKNOWN,DAYLIGHT,PEDALCYCLIST,UNKNOWN,INJURY AND / OR TOW DUE TO CRASH,"OVER $1,500",IMPROPER TURNING/NO SIGNAL,2,INCAPACITATING INJURY,1.0,0.0,1.0,9,6,5,42.01903231,-87.708517,"['05/19/2023', '09:37:00', 'AM']",INCAPACITATING INJURY with Device
2a1a865364df3cea88bdb74ee69d7b055c101f8d058649f57c2636979931af2ece8cf94a34fd79e37a720c215d290ff5910dc30ebce2984a503d65ccb8068321,2023-05-19 09:20:00,Friday,15,NO CONTROLS,RAIN,DAYLIGHT,PEDESTRIAN,WET,INJURY AND / OR TOW DUE TO CRASH,$500 OR LESS,UNABLE TO DETERMINE,2,INCAPACITATING INJURY,1.0,0.0,1.0,9,6,5,41.87398795,-87.67299741,"['05/19/2023', '09:20:00', 'AM']",INCAPACITATING INJURY without Device
46217b0adf122b5edde61d05b399bcc0cf14f24dd8d65c77aadd0e79c18f69d03b4ef8b1b4eac4c078e6a308965b2479942b0592fe075bd20bc1587acf539e5f,2023-05-18 18:59:00,Thursday,30,NO CONTROLS,CLEAR,DAYLIGHT,FIXED OBJECT,DRY,INJURY AND / OR TOW DUE TO CRASH,"OVER $1,500","EVASIVE ACTION DUE TO ANIMAL, OBJECT, NONMOTORIST",1,INCAPACITATING INJURY,1.0,0.0,1.0,18,5,5,41.79766283,-87.63205256,"['05/18/2023', '06:59:00', 'PM']",INCAPACITATING INJURY without Device
ee5977f4d8e0c20ce401c777f0d00b52d31122c091225560b36703d067ff29c85fbf74a1d145eda1d0cb93b408c4bc9f16b824a6cdcd5753fa373699221d1449,2023-05-18 18:00:00,Thursday,30,TRAFFIC SIGNAL,CLEAR,DAYLIGHT,REAR END,DRY,INJURY AND / OR TOW DUE TO CRASH,"OVER $1,500",UNABLE TO DETERMINE,2,INCAPACITATING INJURY,1.0,0.0,1.0,18,5,5,41.80299057,-87.60657241,"['05/18/2023', '06:00:00', 'PM']",INCAPACITATING INJURY with Device
cd5d65949c87d3d1b22a01a31bf3078e267f04b89fcf8646781bcda452a6794f9c7a35ee91285a934f3b95cdb6bcf926655e97a60a993dc34df04255b9b44af9,2023-05-18 17:57:00,Thursday,30,TRAFFIC SIGNAL,CLEAR,DAYLIGHT,ANGLE,DRY,INJURY AND / OR TOW DUE TO CRASH,"OVER $1,500",NOT APPLICABLE,2,INCAPACITATING INJURY,1.0,0.0,1.0,17,5,5,41.79029497,-87.664635,"['05/18/2023', '05:57:00', 'PM']",INCAPACITATING INJURY with Device
7bd7e25535ca21583361ed8152f938fb0b40594a546da70f971f605e93ecd2fe5b7bae6ac31a3cf8b29389505ef9ade75c5ae51d274a8bc0a0dbf6897c32b4e6,2023-05-18 16:45:00,Thursday,35,NO CONTROLS,CLEAR,DAYLIGHT,PEDALCYCLIST,DRY,INJURY AND / OR TOW DUE TO CRASH,"OVER $1,500",FAILING TO YIELD RIGHT-OF-WAY,2,INCAPACITATING INJURY,1.0,0.0,1.0,16,5,5,41.90435611,-87.64017098,"['05/18/2023', '04:45:00', 'PM']",INCAPACITATING INJURY without Device
259b0bac31551a19276ea442068013bded0f8244e787fd98197016aa5923a8aa7fdc76bead6e1daaa67cf09ec55621691a857e41d871ce51dadd417b5ab5ed21,2023-05-18 16:15:00,Thursday,30,NO CONTROLS,CLEAR,DAYLIGHT,SIDESWIPE SAME DIRECTION,DRY,INJURY AND / OR TOW DUE TO CRASH,"OVER $1,500",UNABLE TO DETERMINE,2,INCAPACITATING INJURY,1.0,0.0,1.0,16,5,5,41.88700566,-87.75013096,"['05/18/2023', '04:15:00', 'PM']",INCAPACITATING INJURY without Device
7d39d7ac95ed81b8ed62c9e490a8b2824df04c0e608e3e794e2a09d3f69a50a37a64a0d83c2fbf826484f461e25b13add10e4170162b166dc6e85d7d52fc5649,2023-05-18 15:57:00,Thursday,30,NO CONTROLS,CLEAR,DAYLIGHT,PEDESTRIAN,DRY,INJURY AND / OR TOW DUE TO CRASH,$500 OR LESS,NOT APPLICABLE,2,INCAPACITATING INJURY,1.0,0.0,1.0,15,5,5,42.00009546,-87.69986018,"['05/18/2023', '03:57:00', 'PM']",INCAPACITATING INJURY without Device
057fe2a9160f67975e3905f0f43c70a387fd0b4d5733870f5c7c7ae8a70060c29505ce8ab23fa20d31de927ec8d68f484c954c1a247eac5eae9ecc25340445eb,2023-05-18 14:05:00,Thursday,30,TRAFFIC SIGNAL,CLEAR,DAYLIGHT,PEDESTRIAN,DRY,INJURY AND / OR TOW DUE TO CRASH,"OVER $1,500",UNABLE TO DETERMINE,2,INCAPACITATING INJURY,1.0,0.0,1.0,14,5,5,41.88460329,-87.62704445,"['05/18/2023', '02:05:00', 'PM']",INCAPACITATING INJURY with Device
97e123c679d6a090b3047eb0cb52db8e6ab3b49e0d8c05e110e75c2df5ed3f8ece91bbdf426b4db91bc40f630589350e4671ddc3ff7bc8781a7fd4474a556dfe,2023-05-18 07:15:00,Thursday,35,NO CONTROLS,CLEAR,DAYLIGHT,TURNING,DRY,INJURY AND / OR TOW DUE TO CRASH,"OVER $1,500",FAILING TO YIELD RIGHT-OF-WAY,2,FATAL,3.0,1.0,0.0,7,5,5,41.73482621,-87.72831896,"['05/18/2023', '07:15:00', 'AM']",FATAL without Device
f496f1cbb88d5ea37cd7d8ab3c9c4563a3568476c2eb4b34b1a85edd7607c47d789e83d871906bdbf2fdbd4497290f39c845e484b6cee992a6bb562035cac56e,2023-05-18 06:50:00,Thursday,30,TRAFFIC SIGNAL,CLEAR,DAYLIGHT,ANGLE,DRY,INJURY AND / OR TOW DUE TO CRASH,"OVER $1,500",UNABLE TO DETERMINE,2,INCAPACITATING INJURY,1.0,0.0,1.0,6,5,5,41.69976167,-87.62325169,"['05/18/2023', '06:50:00', 'AM']",INCAPACITATING INJURY with Device
1dd21c544fd9aa268b8af9fcbab4236c715d0e91c468756489ab4b18ffc1898c1c02a820e54b10975438278912cb5a23c5c1f68ceb4f3141c296099604944c43,2023-05-18 03:05:00,Thursday,30,TRAFFIC SIGNAL,CLEAR,"DARKNESS, LIGHTED ROAD",REAR END,DRY,INJURY AND / OR TOW DUE TO CRASH,"OVER $1,500",UNABLE TO DETERMINE,3,INCAPACITATING INJURY,1.0,0.0,1.0,3,5,5,41.81579944,-87.74321746,"['05/18/2023', '03:05:00', 'AM']",INCAPACITATING INJURY with Device
cdecaff91ebb465bae561615ac97adbd64866b355ebf429276e82cee854f2ef47c9935eb92d1d28c86f9875f825507079977500dd363f5cbf824da318be9ec20,2023-05-17 22:38:00,Wednesday,30,TRAFFIC SIGNAL,CLEAR,"DARKNESS, LIGHTED ROAD",TURNING,DRY,INJURY AND / OR TOW DUE TO CRASH,"OVER $1,500",UNABLE TO DETERMINE,2,INCAPACITATING INJURY,3.0,0.0,2.0,22,4,5,41.87717386,-87.72078414,"['05/17/2023', '10:38:00', 'PM']",INCAPACITATING INJURY with Device
6a70dc309f510f3995096d987c5c72a2a16853117a0f1ee32f6d2024d6a5e509bdab447811f7e66d079a8b363ca47de23971314af6cf6a455893b72af332dbe3,2023-05-17 22:30:00,Wednesday,45,NO CONTROLS,CLEAR,"DARKNESS, LIGHTED ROAD",SIDESWIPE SAME DIRECTION,DRY,INJURY AND / OR TOW DUE TO CRASH,"OVER $1,500",UNABLE TO DETERMINE,2,INCAPACITATING INJURY,2.0,0.0,2.0,22,4,5,41.80591507,-87.58483902,"['05/17/2023', '10:30:00', 'PM']",INCAPACITATING INJURY without Device
cbce9e89745c38cd46939c8f51fdd8fa86ea0c96e21d8c0246c39629538215cbe972865d6bb044cbb325be88102cc995dfb21bafe23517731c3a3415853bf999,2023-05-17 17:50:00,Wednesday,30,TRAFFIC SIGNAL,CLEAR,DUSK,PEDESTRIAN,DRY,INJURY AND / OR TOW DUE TO CRASH,"OVER $1,500",FAILING TO YIELD RIGHT-OF-WAY,2,INCAPACITATING INJURY,1.0,0.0,1.0,17,4,5,41.73635801,-87.62401506,"['05/17/2023', '05:50:00', 'PM']",INCAPACITATING INJURY with Device
d09ce5c988dacfd5bbcac7f8873337ddf8334345a7227d3e5c621b18ac1daf26fd8ffb8108853ec079e99f0e8efb00b3d3d4173d7b9db8c971af1178477be70f,2023-05-17 02:55:00,Wednesday,30,NO CONTROLS,CLEAR,"DARKNESS, LIGHTED ROAD",PARKED MOTOR VEHICLE,DRY,INJURY AND / OR TOW DUE TO CRASH,"OVER $1,500",UNABLE TO DETERMINE,3,INCAPACITATING INJURY,1.0,0.0,1.0,2,4,5,41.74875381,-87.64106281,"['05/17/2023', '02:55:00', 'AM']",INCAPACITATING INJURY without Device
506488cac83d748374d351fe1b23d5f6f9ac37b1bd77caa6e869d0aa4d4b29fa51bd5c032bb0d2e4257982a83ad9f37f2425a7a0ca8edad54d81ca5ffff449d5,2023-05-16 22:55:00,Tuesday,20,NO CONTROLS,CLEAR,"DARKNESS, LIGHTED ROAD",PARKED MOTOR VEHICLE,DRY,INJURY AND / OR TOW DUE TO CRASH,"$501 - $1,500",PHYSICAL CONDITION OF DRIVER,2,INCAPACITATING INJURY,1.0,0.0,1.0,22,3,5,41.88141888,-87.66248298,"['05/16/2023', '10:55:00', 'PM']",INCAPACITATING INJURY without Device
f8b5145f8f8c95335d8dcc827aed6b2a20c81329cff52bb46b32c41fd2e93aed4d0fb5bd64b7ca43a76f3e64e6c13ef18ed76d5c76058bdd74a0999d87d0cc67,2023-05-16 17:53:00,Tuesday,30,TRAFFIC SIGNAL,CLEAR,DAYLIGHT,ANGLE,DRY,INJURY AND / OR TOW DUE TO CRASH,"OVER $1,500",FAILING TO YIELD RIGHT-OF-WAY,2,INCAPACITATING INJURY,5.0,0.0,5.0,17,3,5,41.87725104,-87.70615923,"['05/16/2023', '05:53:00', 'PM']",INCAPACITATING INJURY with Device