CRASH_RECORD_ID,CRASH_DATE,Weekday,POSTED_SPEED_LIMIT,TRAFFIC_CONTROL_DEVICE,WEATHER_CONDITION,LIGHTING_CONDITION,FIRST_CRASH_TYPE,ROADWAY_SURFACE_COND,CRASH_TYPE,DAMAGE,PRIM_CONTRIBUTORY_CAUSE,NUM_UNITS,MOST_SEVERE_INJURY,INJURIES_TOTAL,INJURIES_FATAL,INJURIES_INCAPACITATING,CRASH_HOUR,CRASH_DAY_OF_WEEK,CRASH_MONTH,LATITUDE,LONGITUDE,CRASH_TIME,CATEGORIES
c159b21af849d7f18ddcf7967cd5916d278de475f6ca23539fe8cf2174009bc431e2efc3702b864d5d16a9b41ad364ee839439e8732b0818e13cd83f35472989,2023-05-16 15:32:00,Tuesday,30,STOP SIGN/FLASHER,CLEAR,DAYLIGHT,ANGLE,DRY,INJURY AND / OR TOW DUE TO CRASH,"OVER $1,500",FAILING TO YIELD RIGHT-OF-WAY,2,INCAPACITATING INJURY,2.0,0.0,1.0,15,3,5,41.87628674,-87.7256402,"['05/16/2023', '03:32:00', 'PM']",INCAPACITATING INJURY with Device
8bf9cbed5eadec3a1b9f69617650dc6c8f621249cb99de9d782bf0ff25fd12715f5d46924ac477d37115e2ea7a28338f08b707b99bdcc307793ba2719ce74ad7,2023-05-16 10:05:00,Tuesday,30,TRAFFIC SIGNAL,CLEAR,DAYLIGHT,TURNING,DRY,INJURY AND / OR TOW DUE TO CRASH,"OVER $1,500",UNABLE TO DETERMINE,2,INCAPACITATING INJURY,1.0,0.0,1.0,10,3,5,41.82451343,-87.72394124,"['05/16/2023', '10:05:00', 'AM']",INCAPACITATING INJURY with Device
af8c1cfb7c4af946506fed4ab392a35b029d732e0bfbd26f4697bfbe687dc3dca9b5ff0dcbc9daff8f840073ab126c199e85aff6a3f31945ccfbed5b0501ceb4,2023-05-16 09:36:00,Tuesday,35,NO CONTROLS,CLEAR,DAYLIGHT,PARKED MOTOR VEHICLE,DRY,INJURY AND / OR TOW DUE TO CRASH,"OVER $1,500",DRIVING ON WRONG SIDE/WRONG WAY,3,INCAPACITATING INJURY,1.0,0.0,1.0,9,3,5,41.787299,-87.68399981,"['05/16/2023', '09:36:00', 'AM']",INCAPACITATING INJURY without Device
911b35a64a35e2ac571bc1892fc7e78f8b28350902cab461435d111ef947d83929424356fe4c3eff4164b0a77cbc2c321275735ed16bab4a1e4e851d0333b733,2023-05-16 04:31:00,Tuesday,30,NO CONTROLS,CLEAR,"DARKNESS, LIGHTED ROAD",FIXED OBJECT,DRY,INJURY AND / OR TOW DUE TO CRASH,"OVER $1,500",DISTRACTION - FROM INSIDE VEHICLE,1,INCAPACITATING INJURY,1.0,0.0,1.0,4,3,5,41.96430694,-87.74776186,"['05/16/2023', '04:31:00', 'AM']",INCAPACITATING INJURY without Device
69621fe0f32727b58687a445936a01bd24029e15b2f015344889b352957e24386875e51e53fd507649c56166d914183998bbc982832b16832302689693f8efa1,2023-05-16 00:17:00,Tuesday,30,NO CONTROLS,CLEAR,"DARKNESS, LIGHTED ROAD",FIXED OBJECT,DRY,INJURY AND / OR TOW DUE TO CRASH,"OVER $1,500",FAILING TO REDUCE SPEED TO AVOID CRASH,1,INCAPACITATING INJURY,1.0,0.0,1.0,0,3,5,41.86617098,-87.71696775,"['05/16/2023', '12:17:00', 'AM']",INCAPACITATING INJURY without Device
a55adecdc84b9c9e5a05722cacf2cc33cfde8bf026c29542761ec4ff2cff0bc0427abf9f477d78e49a2bf03e7f2788196c780f67c451cae65ce9a01cb97f05d6,2023-05-15 10:35:00,Monday,30,TRAFFIC SIGNAL,CLEAR,DAYLIGHT,PEDESTRIAN,DRY,INJURY AND / OR TOW DUE TO CRASH,$500 OR LESS,UNABLE TO DETERMINE,2,INCAPACITATING INJURY,1.0,0.0,1.0,10,2,5,41.85179425,-87.69522311,"['05/15/2023', '10:35:00', 'AM']",INCAPACITATING INJURY with Device
4419f0b39064a5d1afbe4c385fc6a8dd8ddbd1631a5ea7460cf11f22580764146a070202628bde5ef8d4562a73b0b7ae0d8dd15aa54a41de93209c5db0848574,2023-05-15 05:57:00,Monday,45,NO CONTROLS,CLEAR,DAYLIGHT,FIXED OBJECT,DRY,INJURY AND / OR TOW DUE TO CRASH,"OVER $1,500","OPERATING VEHICLE IN ERRATIC, RECKLESS, CARELESS, NEGLIGENT OR AGGRESSIVE MANNER",1,INCAPACITATING INJURY,1.0,0.0,1.0,5,2,5,41.91155454,-87.62666241,"['05/15/2023', '05:57:00', 'AM']",INCAPACITATING INJURY without Device
68f442d929b0e2f6ba41729e08f7d1372fc0f74844d1dc21a197d934d075056a926fee7cb1aeeaa3d625e96fd807ac1e27b8a0f4217bab5004ebe95fa25a56b9,2023-05-14 18:41:00,Sunday,30,NO CONTROLS,RAIN,DUSK,PARKED MOTOR VEHICLE,WET,INJURY AND / OR TOW DUE TO CRASH,"OVER $1,500",WEATHER,2,INCAPACITATING INJURY,1.0,0.0,1.0,18,1,5,41.72299563,-87.54103944,"['05/14/2023', '06:41:00', 'PM']",INCAPACITATING INJURY without Device
14c4f29af1980ba862717a22919aa8416f6fa7fcf02d4194c5cdbb6997133ff204c6920ef3a190408e342a34b0f3e3d810ed2dadc7d815e9f7cc6fd65763860f,2023-05-14 13:25:00,Sunday,30,TRAFFIC SIGNAL,CLEAR,DAYLIGHT,PEDESTRIAN,UNKNOWN,INJURY AND / OR TOW DUE TO CRASH,$500 OR LESS,UNABLE TO DETERMINE,2,INCAPACITATING INJURY,1.0,0.0,1.0,13,1,5,41.8946056,-87.7749093,"['05/14/2023', '01:25:00', 'PM']",INCAPACITATING INJURY with Device
3a27148a82742944fb3cdbf44e4f97933cef690fa90b05802a2b1689b27a0429a7cb82897dc8299c429ce591c314366ea11f5790169a226912754b02ba950a04,2023-05-13 19:34:00,Saturday,30,NO CONTROLS,CLEAR,DAYLIGHT,PEDESTRIAN,DRY,INJURY AND / OR TOW DUE TO CRASH,"OVER $1,500","OPERATING VEHICLE IN ERRATIC, RECKLESS, CARELESS, NEGLIGENT OR AGGRESSIVE MANNER",2,INCAPACITATING INJURY,1.0,0.0,1.0,19,7,5,41.69162512,-87.65223732,"['05/13/2023', '07:34:00', 'PM']",INCAPACITATING INJURY without Device
6ce62227277c3dfb35bd9937f2ffb96b59050683892bff78c6ec75b5bc40be0b95cde7017073924b639fa817e51ed2206964ae6fce7fbc1e52823e68d385301d,2023-05-13 18:32:00,Saturday,35,TRAFFIC SIGNAL,CLEAR,DAYLIGHT,TURNING,DRY,INJURY AND / OR TOW DUE TO CRASH,"$501 - $1,500",FAILING TO YIELD RIGHT-OF-WAY,2,INCAPACITATING INJURY,2.0,0.0,2.0,18,7,5,41.93124862,-87.77602861,"['05/13/2023', '06:32:00', 'PM']",INCAPACITATING INJURY with Device
38f24af1a39994cb33b3a85c2f6c55fd5d8437815efaae80e965ec84f2e49f998ddcfeed343a41896c262fcb9c8c16af8e4ea924795d3f4badd7da90a8cfd3bb,2023-05-13 16:30:00,Saturday,30,NO CONTROLS,CLEAR,DAYLIGHT,HEAD ON,DRY,INJURY AND / OR TOW DUE TO CRASH,"OVER $1,500",DRIVING ON WRONG SIDE/WRONG WAY,4,FATAL,9.0,1.0,4.0,16,7,5,41.67425221,-87.55911156,"['05/13/2023', '04:30:00', 'PM']",FATAL without Device
e1ab3be68b75eb073aa33c5550ae311021d5efaaeea82141bced8765fc020f787f9401c076ef3a1d7ce132b987bdcec10e5ba17910dfe0c0a3ddf2c3b750ed26,2023-05-13 12:13:00,Saturday,30,STOP SIGN/FLASHER,CLEAR,DAYLIGHT,ANGLE,DRY,INJURY AND / OR TOW DUE TO CRASH,"OVER $1,500",FAILING TO YIELD RIGHT-OF-WAY,2,INCAPACITATING INJURY,2.0,0.0,2.0,12,7,5,41.69590407,-87.64263571,"['05/13/2023', '12:13:00', 'PM']",INCAPACITATING INJURY with Device
ca84a70faa38f9613888ff38be55a514898a80213b8dbe42dd11c7473f1b0beeb65dc8e948887b35f2d70e4a06258c5932c9b580eac4d661c2c335c871b7a7d5,2023-05-13 11:50:00,Saturday,30,TRAFFIC SIGNAL,CLEAR,DAYLIGHT,ANGLE,DRY,INJURY AND / OR TOW DUE TO CRASH,"OVER $1,500",FAILING TO YIELD RIGHT-OF-WAY,3,INCAPACITATING INJURY,1.0,0.0,1.0,11,7,5,41.79252438,-87.76752003,"['05/13/2023', '11:50:00', 'AM']",INCAPACITATING INJURY with Device
ccd0c540347830e3a17e47ee673c43143cee1032710c65f4b7146fa27860a8d79fe92f5a96d97e644c40b261afefcc07d80b6ff7f4ea07a1e0adbb09315adcef,2023-05-13 08:31:00,Saturday,30,TRAFFIC SIGNAL,CLEAR,DAYLIGHT,ANGLE,DRY,INJURY AND / OR TOW DUE TO CRASH,"OVER $1,500",DISREGARDING TRAFFIC SIGNALS,2,INCAPACITATING INJURY,1.0,0.0,1.0,8,7,5,41.88233928,-87.76507801,"['05/13/2023', '08:31:00', 'AM']",INCAPACITATING INJURY with Device
b8a22b11098e103852a23ae4d2545547a29162e4e86109a48e8753cfb5fbff15b6c25c69f1e21e45e848493457ae57818fe20866e7000d775a418dd74b12725b,2023-05-13 03:35:00,Saturday,30,TRAFFIC SIGNAL,CLEAR,"DARKNESS, LIGHTED ROAD",PARKED MOTOR VEHICLE,DRY,INJURY AND / OR TOW DUE TO CRASH,"$501 - $1,500",UNABLE TO DETERMINE,3,INCAPACITATING INJURY,2.0,0.0,1.0,3,7,5,41.83697598,-87.72420568,"['05/13/2023', '03:35:00', 'AM']",INCAPACITATING INJURY with Device
50d99086396d7c76345474b65eefcb2e0c60696916b1cc13d4b9658daabebd5329bc6cc0e32d4a19152793a7e465acad5079610e91342412ead6ec48d9132030,2023-05-12 15:35:00,Friday,30,TRAFFIC SIGNAL,RAIN,DAWN,PEDESTRIAN,WET,INJURY AND / OR TOW DUE TO CRASH,"OVER $1,500",FAILING TO YIELD RIGHT-OF-WAY,2,INCAPACITATING INJURY,1.0,0.0,1.0,15,6,5,41.87750459,-87.6999423,"['05/12/2023', '03:35:00', 'PM']",INCAPACITATING INJURY with Device
8bf1441a04c3589b581b64b017cda8ebfbf0a19e9a6f22120cef9362cdd75342a0701f774b620178f366309f518c64c44d6bfaafbb58c38a3263efd27fe7d341,2023-05-12 13:37:00,Friday,30,TRAFFIC SIGNAL,CLEAR,DAYLIGHT,PEDESTRIAN,UNKNOWN,INJURY AND / OR TOW DUE TO CRASH,"$501 - $1,500",UNABLE TO DETERMINE,2,INCAPACITATING INJURY,1.0,0.0,1.0,13,6,5,41.81360858,-87.70404468,"['05/12/2023', '01:37:00', 'PM']",INCAPACITATING INJURY with Device
b56575bb3e15ab0faa57deda6c2c7fdae15900e647ed17a5210d1113e1623a9c1d578a5a2715f7ac92620fc708a19a38a7b0050cf1e1f32f4bf391f046339f45,2023-05-12 12:55:00,Friday,30,STOP SIGN/FLASHER,CLOUDY/OVERCAST,DAYLIGHT,PEDESTRIAN,WET,INJURY AND / OR TOW DUE TO CRASH,$500 OR LESS,UNABLE TO DETERMINE,2,INCAPACITATING INJURY,1.0,0.0,1.0,12,6,5,41.8577293,-87.66344316,"['05/12/2023', '12:55:00', 'PM']",INCAPACITATING INJURY with Device
66ff8d83f388a17c569556142d9963e720ff473965fb163a787b74f9ff750debcd1d78e97230af848f0d26701b78d19f5d923f380d62bd02c577b5236dbe97f0,2023-05-12 12:09:00,Friday,30,STOP SIGN/FLASHER,RAIN,DAYLIGHT,PEDESTRIAN,WET,INJURY AND / OR TOW DUE TO CRASH,$500 OR LESS,FAILING TO YIELD RIGHT-OF-WAY,2,INCAPACITATING INJURY,1.0,0.0,1.0,12,6,5,42.00782304,-87.66148979,"['05/12/2023', '12:09:00', 'PM']",INCAPACITATING INJURY with Device
65793a3e68898b85ca75df1b2e205f7626f3a0ec638c533a8ea37f4956734c933dc3da1282db4e1d4b96dc22779d0823861f444c5c990fcfca223b819be9e065,2023-05-12 11:39:00,Friday,30,TRAFFIC SIGNAL,CLEAR,DAYLIGHT,PEDESTRIAN,OTHER,INJURY AND / OR TOW DUE TO CRASH,$500 OR LESS,UNABLE TO DETERMINE,2,INCAPACITATING INJURY,1.0,0.0,1.0,11,6,5,41.89490343,-87.62410419,"['05/12/2023', '11:39:00', 'AM']",INCAPACITATING INJURY with Device
804c250ed5fabd3fc3ed254e93e547be4c03591fb2812ab215998ccb7a8f9f546e72d3bfd1a1842a89cfa719eaa0e89c5c6c247f4ad25119e4e83ad74d694a4f,2023-05-12 07:59:00,Friday,30,TRAFFIC SIGNAL,CLOUDY/OVERCAST,DAYLIGHT,PEDESTRIAN,DRY,INJURY AND / OR TOW DUE TO CRASH,"OVER $1,500",DRIVING SKILLS/KNOWLEDGE/EXPERIENCE,2,INCAPACITATING INJURY,1.0,0.0,1.0,7,6,5,41.79369381,-87.68776282,"['05/12/2023', '07:59:00', 'AM']",INCAPACITATING INJURY with Device
de0a497101e5537b28637ffdde577e4e69da403074f93ec05c3cd6fe7da0b68ad45ff508d783aeb3a40b9d5ded381fb30964345e528caadea7499f9bed00a60c,2023-05-12 00:20:00,Friday,30,NO CONTROLS,CLEAR,"DARKNESS, LIGHTED ROAD",OTHER OBJECT,DRY,INJURY AND / OR TOW DUE TO CRASH,"OVER $1,500",UNABLE TO DETERMINE,1,INCAPACITATING INJURY,1.0,0.0,1.0,0,6,5,42.01919291,-87.70058018,"['05/12/2023', '12:20:00', 'AM']",INCAPACITATING INJURY without Device
0f35cd68c11645f59cc89b16ae886061daca7eee7d0c0f1e8ba38d8cea26a5706aeeb87a69fd146119bfa115bcb5f92fb251e9b1d1e2b969be371b63b569312b,2023-05-11 15:14:00,Thursday,30,TRAFFIC SIGNAL,CLEAR,DAYLIGHT,REAR END,DRY,INJURY AND / OR TOW DUE TO CRASH,"$501 - $1,500",DRIVING SKILLS/KNOWLEDGE/EXPERIENCE,2,INCAPACITATING INJURY,1.0,0.0,1.0,15,5,5,41.75018236,-87.67327886,"['05/11/2023', '03:14:00', 'PM']",INCAPACITATING INJURY with Device
be6ae24b5af675a54a2f51b9b7b3ba8a4d2294dfc85beaaf6a158b8fd57ba5202b8ba1cd9803aead56e62188042ba43dd7d7496b07d7cb2eac43c3f9b4e4186d,2023-05-11 12:45:00,Thursday,25,NO CONTROLS,CLEAR,DAYLIGHT,PEDESTRIAN,DRY,INJURY AND / OR TOW DUE TO CRASH,"$501 - $1,500",FAILING TO YIELD RIGHT-OF-WAY,2,INCAPACITATING INJURY,1.0,0.0,1.0,12,5,5,41.8835571,-87.6484324,"['05/11/2023', '12:45:00', 'PM']",INCAPACITATING INJURY without Device
a4b457a87463e1d134b6009ab3ba0ecfda762dfd6aeadb7c4d750cb3d2217db76538f5bd59c655d01d2f4684a0533b44b2d9fe45e614fde65ab72bf0779f2418,2023-05-11 12:25:00,Thursday,30,NO CONTROLS,CLEAR,DAYLIGHT,PEDALCYCLIST,DRY,INJURY AND / OR TOW DUE TO CRASH,"OVER $1,500",UNABLE TO DETERMINE,2,INCAPACITATING INJURY,1.0,0.0,1.0,12,5,5,41.90874979,-87.71172286,"['05/11/2023', '12:25:00', 'PM']",INCAPACITATING INJURY without Device
d417c531290ef613ca7f31cd0eafffa6800ba660497d3938b58b713fa04f43b290e67a508feb852dc138647c734a51a53276e8ef9ed392033bba17ac44b40f27,2023-05-11 11:40:00,Thursday,35,TRAFFIC SIGNAL,CLEAR,DAYLIGHT,ANGLE,DRY,INJURY AND / OR TOW DUE TO CRASH,"OVER $1,500",FAILING TO YIELD RIGHT-OF-WAY,2,INCAPACITATING INJURY,2.0,0.0,1.0,11,5,5,41.95315034,-87.77663131,"['05/11/2023', '11:40:00', 'AM']",INCAPACITATING INJURY with Device
f08cab2ecf56dc316d45da8fb0e7dd1f998da8095348e84665f0882ad181eb89675b7472630cc7218bf724bb8aa2df4df19a416db830465cc5a4544ce7b76d6c,2023-05-11 08:32:00,Thursday,30,TRAFFIC SIGNAL,CLEAR,DAYLIGHT,TURNING,DRY,INJURY AND / OR TOW DUE TO CRASH,"OVER $1,500",UNABLE TO DETERMINE,2,INCAPACITATING INJURY,3.0,0.0,1.0,8,5,5,41.70788493,-87.58568523,"['05/11/2023', '08:32:00', 'AM']",INCAPACITATING INJURY with Device
9c2314bd7f65e0f9632f7603ec77a1385d9f15a30adc4c7d705c3eb0bf3a0388341ccb4a3cd933e5ff8a40c1f9afac4217f8e371c9eb9715a8f53492b404ad94,2023-05-10 23:00:00,Wednesday,35,NO CONTROLS,CLEAR,"DARKNESS, LIGHTED ROAD",FIXED OBJECT,DRY,INJURY AND / OR TOW DUE TO CRASH,"OVER $1,500",UNABLE TO DETERMINE,1,INCAPACITATING INJURY,1.0,0.0,1.0,23,4,5,41.91537052,-87.74999299,"['05/10/2023', '11:00:00', 'PM']",INCAPACITATING INJURY without Device
3d29b3c5cde73b4f07a4eb97e05b1f9d32fe5b93b10db093bcde5e371c371857c7a68b1759a1dc3f31c7f8a7a410b85ea8389d85d02cf0ee300458913cc50ff6,2023-05-10 20:45:00,Wednesday,35,NO CONTROLS,CLEAR,"DARKNESS, LIGHTED ROAD",OTHER OBJECT,DRY,INJURY AND / OR TOW DUE TO CRASH,"$501 - $1,500",NOT APPLICABLE,2,INCAPACITATING INJURY,1.0,0.0,1.0,20,4,5,41.77365262,-87.72248445,"['05/10/2023', '08:45:00', 'PM']",INCAPACITATING INJURY without Device
542fdcc170a0073387f9431bad82769f96e2f6c60be7c8b89d8d54608e6d63e70718b1512c3b69e732ae5c7728ec110ce503fe3aa67a6dd9c9ea936e070d2134,2023-05-10 19:22:00,Wednesday,30,STOP SIGN/FLASHER,CLEAR,DUSK,FIXED OBJECT,DRY,INJURY AND / OR TOW DUE TO CRASH,"OVER $1,500",NOT APPLICABLE,2,INCAPACITATING INJURY,3.0,0.0,1.0,19,4,5,41.68793228,-87.62084291,"['05/10/2023', '07:22:00', 'PM']",INCAPACITATING INJURY with Device
7b0f01e161a3294fd1640ab6b783649380e416aca3e5dab988ef86a19ce521e6f0184c982bb4fc09d6d2bc2bf93e6420f3337b2c495bc20fec83e5fb86d3b7e7,2023-05-10 19:00:00,Wednesday,25,TRAFFIC SIGNAL,CLEAR,DAYLIGHT,PEDESTRIAN,DRY,INJURY AND / OR TOW DUE TO CRASH,$500 OR LESS,UNABLE TO DETERMINE,2,INCAPACITATING INJURY,1.0,0.0,1.0,19,4,5,41.79529508,-87.58759207,"['05/10/2023', '07:00:00', 'PM']",INCAPACITATING INJURY with Device
8a6b40ab20898680ec214a52f35b30f0329a79e7e39e84f54e364b21aefeed49242916e078a75ae3404e1c2cafd5cc214c7686c14b7d402de3255e0bcb37df95,2023-05-10 11:15:00,Wednesday,20,NO CONTROLS,CLEAR,DAYLIGHT,PEDESTRIAN,DRY,INJURY AND / OR TOW DUE TO CRASH,"$501 - $1,500",UNABLE TO DETERMINE,2,INCAPACITATING INJURY,1.0,0.0,1.0,11,4,5,41.85710394,-87.66666803,"['05/10/2023', '11:15:00', 'AM']",INCAPACITATING INJURY without Device
5044ab256550f865e94ed8b81db27791a48428c6d9a53d5f2ef4529377df32e9d8268608130e2e9c83629e278d182c283728454185e026f4515b0e621751979d,2023-05-10 08:50:00,Wednesday,30,TRAFFIC SIGNAL,CLEAR,"DARKNESS, LIGHTED ROAD",TURNING,DRY,INJURY AND / OR TOW DUE TO CRASH,"OVER $1,500",FAILING TO YIELD RIGHT-OF-WAY,2,INCAPACITATING INJURY,1.0,0.0,1.0,8,4,5,41.88811554,-87.62073773,"['05/10/2023', '08:50:00', 'AM']",INCAPACITATING INJURY with Device
25ff39256e2ce459c95e11cd281fa93a623d390a09d1aab7b7f8ae625c682d7445cd9d3079fffdc6d38cb2de7f796ed0178953124075c5b4b33277bbbd6d1d88,2023-05-09 20:30:00,Tuesday,35,TRAFFIC SIGNAL,CLEAR,"DARKNESS, LIGHTED ROAD",HEAD ON,DRY,INJURY AND / OR TOW DUE TO CRASH,"OVER $1,500",DISREGARDING TRAFFIC SIGNALS,2,INCAPACITATING INJURY,1.0,0.0,1.0,20,3,5,41.75144291,-87.58550589,"['05/09/2023', '08:30:00', 'PM']",INCAPACITATING INJURY with Device
3abd7cd22b3260c6371348c6fcbcaec31599d632a0f8880647fa5d5debe912206efcd72736486ffb363c3f77309c3fba276889538fc7b82a2a21c2adfd638014,2023-05-09 19:43:00,Tuesday,30,NO CONTROLS,CLEAR,"DARKNESS, LIGHTED ROAD",REAR END,DRY,INJURY AND / OR TOW DUE TO CRASH,"OVER $1,500",UNABLE TO DETERMINE,3,INCAPACITATING INJURY,1.0,0.0,1.0,19,3,5,41.88496612,-87.77466647,"['05/09/2023', '07:43:00', 'PM']",INCAPACITATING INJURY without Device
6737221411fe720fdc9a56249281219bd25610028076bea9b7ccbfc92c672aadfc6e153a896860b650d4fff55b4e3205699709a8b703a0c1b726b86872d14b42,2023-05-09 12:32:00,Tuesday,30,TRAFFIC SIGNAL,CLEAR,DAYLIGHT,PEDESTRIAN,DRY,INJURY AND / OR TOW DUE TO CRASH,$500 OR LESS,FAILING TO YIELD RIGHT-OF-WAY,2,INCAPACITATING INJURY,1.0,0.0,1.0,12,3,5,41.99058014,-87.69459581,"['05/09/2023', '12:32:00', 'PM']",INCAPACITATING INJURY with Device
8d1bf2eb1dddebc13a980a77d3d4463c8cb094fa0d8ca8ef9bb5162c28a7effef2c71743749474f8fb6b44302dd387f69d82d8b9c39880144f893314b3abb0f7,2023-05-09 11:13:00,Tuesday,30,TRAFFIC SIGNAL,CLEAR,DAYLIGHT,TURNING,DRY,INJURY AND / OR TOW DUE TO CRASH,"OVER $1,500",UNABLE TO DETERMINE,2,INCAPACITATING INJURY,5.0,0.0,1.0,11,3,5,41.89891211,-87.7261273,"['05/09/2023', '11:13:00', 'AM']",INCAPACITATING INJURY with Device
de094a4482ea6eb931a007ce23e9da7a5078403085325fca952f9c570755f161e6775957a7e4d396b1b52eebc2b49533df4a43627b3de22aa38e3c75a371fae7,2023-05-08 12:52:00,Monday,30,TRAFFIC SIGNAL,RAIN,DAYLIGHT,TURNING,WET,INJURY AND / OR TOW DUE TO CRASH,"OVER $1,500",UNABLE TO DETERMINE,2,INCAPACITATING INJURY,1.0,0.0,1.0,12,2,5,41.75738052,-87.74148529,"['05/08/2023', '12:52:00', 'PM']",INCAPACITATING INJURY with Device
9bb17066c6c77139abc88954a62f357c394393831a38c8ed275454cf7e67f7308e0fb8e0e1d13d5b3636008d26520275cabac92d8ed8e428664741ba2cd8e7d5,2023-05-08 01:00:00,Monday,35,NO CONTROLS,UNKNOWN,"DARKNESS, LIGHTED ROAD",PEDESTRIAN,UNKNOWN,INJURY AND / OR TOW DUE TO CRASH,"OVER $1,500",FAILING TO REDUCE SPEED TO AVOID CRASH,2,INCAPACITATING INJURY,1.0,0.0,1.0,1,2,5,41.76458527,-87.69676249,"['05/08/2023', '01:00:00', 'AM']",INCAPACITATING INJURY without Device
32b8d2db8267e1a4e40032fbe45a168bf6e7bbba7ec02d25983d11825031054fabbf76892a94c797a3335f90da290f9ad029df6fdbdeb43eb3ea7536c89b4891,2023-05-07 23:25:00,Sunday,30,STOP SIGN/FLASHER,CLEAR,"DARKNESS, LIGHTED ROAD",ANGLE,DRY,INJURY AND / OR TOW DUE TO CRASH,"OVER $1,500",DISREGARDING STOP SIGN,3,INCAPACITATING INJURY,2.0,0.0,2.0,23,1,5,41.93653485,-87.78602022,"['05/07/2023', '11:25:00', 'PM']",INCAPACITATING INJURY with Device
77ba20ab26e38ad78ecfa56785cd697365d2dbaf689e9bbf9e8ff161a5a48c57148a189e584bd56d8c7edf93cbea97c364ace0dd8e3bf78c84acf45a1448d656,2023-05-07 22:20:00,Sunday,30,TRAFFIC SIGNAL,RAIN,"DARKNESS, LIGHTED ROAD",PEDESTRIAN,WET,INJURY AND / OR TOW DUE TO CRASH,"OVER $1,500",FAILING TO YIELD RIGHT-OF-WAY,2,FATAL,1.0,1.0,0.0,22,1,5,41.95406044,-87.67885309,"['05/07/2023', '10:20:00', 'PM']",FATAL with Device
e928f0e5a97bedc233ac58c0ac9ee03bf923d8155844ae5a4cba50cc74f0dc08312f36b869a0d572d3b07f168138818666a459db7411463e2f3bc92b5a0f93e5,2023-05-07 15:14:00,Sunday,30,TRAFFIC SIGNAL,CLEAR,DAYLIGHT,FIXED OBJECT,DRY,INJURY AND / OR TOW DUE TO CRASH,"OVER $1,500",RELATED TO BUS STOP,4,INCAPACITATING INJURY,3.0,0.0,2.0,15,1,5,41.85919277,-87.70552013,"['05/07/2023', '03:14:00', 'PM']",INCAPACITATING INJURY with Device
1b7fbfb6a077b8e632ccbf07f1911c87ba2a85d47da229dc391cf552f896df7d137f6385f7cd7509ed8c391dbb68b4a2a4b0b4dad74f71b19ed8c9475e7ea860,2023-05-07 14:00:00,Sunday,15,NO CONTROLS,CLEAR,DAYLIGHT,PEDESTRIAN,DRY,INJURY AND / OR TOW DUE TO CRASH,"OVER $1,500",UNABLE TO DETERMINE,2,INCAPACITATING INJURY,1.0,0.0,1.0,14,1,5,41.7740886,-87.66519115,"['05/07/2023', '02:00:00', 'PM']",INCAPACITATING INJURY without Device
b16545730c9b5aca3a2c2d76dd05f3e229d2fb26475d4012c9790d2d140f33209d28bba2c2916fad1321c81d11494e44b508ffaec5b1fd587330f61160fa87bf,2023-05-07 13:13:00,Sunday,35,NO CONTROLS,CLEAR,DAYLIGHT,PARKED MOTOR VEHICLE,DRY,INJURY AND / OR TOW DUE TO CRASH,"OVER $1,500",UNABLE TO DETERMINE,3,INCAPACITATING INJURY,2.0,0.0,2.0,13,1,5,41.73286937,-87.5849748,"['05/07/2023', '01:13:00', 'PM']",INCAPACITATING INJURY without Device
82cce1c2017af604fa9ab9741682cd923d1168feb75aa8f0f6467503e5150020f25b8f9ef8395e33445c8d07fa79770c67726b69a6bcb664dd1f2d2a312aba39,2023-05-07 04:58:00,Sunday,30,NO CONTROLS,CLEAR,"DARKNESS, LIGHTED ROAD",FIXED OBJECT,DRY,INJURY AND / OR TOW DUE TO CRASH,"OVER $1,500",UNABLE TO DETERMINE,1,INCAPACITATING INJURY,1.0,0.0,1.0,4,1,5,41.73720173,-87.57324389,"['05/07/2023', '04:58:00', 'AM']",INCAPACITATING INJURY without Device
ef6a01fa49cbe8c5b2e7d09422c56eb684ed37f91f7168af3ccf17d7bc7c260d03405b7d6b0c8b75f668dc310a28c0a493242964816012843a154860f841c5c9,2023-05-07 04:55:00,Sunday,30,TRAFFIC SIGNAL,CLEAR,"DARKNESS, LIGHTED ROAD",ANGLE,DRY,INJURY AND / OR TOW DUE TO CRASH,"OVER $1,500",DISREGARDING TRAFFIC SIGNALS,2,INCAPACITATING INJURY,2.0,0.0,2.0,4,1,5,41.89233518,-87.63690672,"['05/07/2023', '04:55:00', 'AM']",INCAPACITATING INJURY with Device
5da5ab56cf513a7bff20541bae10e6a9a62230956e7639bd21e4306b3ae4148a33db19cf5345a02da82dfa76e0bdbc1900bf717da9e0e57c6cfa04723698c9f2,2023-05-07 01:30:00,Sunday,30,NO CONTROLS,CLEAR,"DARKNESS, LIGHTED ROAD",PEDESTRIAN,DRY,INJURY AND / OR TOW DUE TO CRASH,"OVER $1,500",UNABLE TO DETERMINE,2,INCAPACITATING INJURY,1.0,0.0,1.0,1,1,5,41.82177354,-87.61978837,"['05/07/2023', '01:30:00', 'AM']",INCAPACITATING INJURY without Device
7c1fd4b119d323da8fdd8f2c8155a11260df4ee8f72b33caa8cb2261c1e6ed7d20db98cf3c0d2297b78cdd800ecb4ce2f40cd6a7c111f7ff3b7c415697c1df75,2023-05-07 00:10:00,Sunday,30,NO CONTROLS,CLEAR,"DARKNESS, LIGHTED ROAD",TURNING,DRY,INJURY AND / OR TOW DUE TO CRASH,"OVER $1,500",EQUIPMENT - VEHICLE CONDITION,2,INCAPACITATING INJURY,1.0,0.0,1.0,0,1,5,41.9390513,-87.72183052,"['05/07/2023', '12:10:00', 'AM']",INCAPACITATING INJURY without Device