CRASH_RECORD_ID,CRASH_DATE,Weekday,POSTED_SPEED_LIMIT,TRAFFIC_CONTROL_DEVICE,WEATHER_CONDITION,LIGHTING_CONDITION,FIRST_CRASH_TYPE,ROADWAY_SURFACE_COND,CRASH_TYPE,DAMAGE,PRIM_CONTRIBUTORY_CAUSE,NUM_UNITS,MOST_SEVERE_INJURY,INJURIES_TOTAL,INJURIES_FATAL,INJURIES_INCAPACITATING,CRASH_HOUR,CRASH_DAY_OF_WEEK,CRASH_MONTH,LATITUDE,LONGITUDE,CRASH_TIME,CATEGORIES
a0634eb85c8725adad44c332df733fd0767cb16d7aecab143b60df95e1f51359cefcf32c0f90ca0ec8108e2cebf50f7f88657b5c59d108ee92378f6e0e0f2901,2023-05-06 21:40:00,Saturday,30,TRAFFIC SIGNAL,UNKNOWN,"DARKNESS, LIGHTED ROAD",TURNING,UNKNOWN,INJURY AND / OR TOW DUE TO CRASH,"OVER $1,500",IMPROPER TURNING/NO SIGNAL,2,INCAPACITATING INJURY,1.0,0.0,1.0,21,7,5,41.89871697,-87.76567862,"['05/06/2023', '09:40:00', 'PM']",INCAPACITATING INJURY with Device
7e0b74984e2a2c7dda3bc193d0d8562ef215831b71b52e35fe149e3eaf82707929293a20dc91fabfbc542c1f0c35e2da3b25f8b1daa6c51551332f833564a371,2023-05-06 19:11:00,Saturday,30,TRAFFIC SIGNAL,CLEAR,DAYLIGHT,FIXED OBJECT,DRY,INJURY AND / OR TOW DUE TO CRASH,"OVER $1,500",FAILING TO REDUCE SPEED TO AVOID CRASH,1,INCAPACITATING INJURY,1.0,0.0,1.0,19,7,5,41.89505399,-87.74566176,"['05/06/2023', '07:11:00', 'PM']",INCAPACITATING INJURY with Device
d50398740dcb6b19a44875e1c721334003bcb8bbb6220dd164d7fb94028e79423b5f6e3a78126257d52f5ea12c90a5d5cc1dfb560c8ede1429f4f1ebb6ded6a2,2023-05-06 18:51:00,Saturday,10,NO CONTROLS,CLEAR,DAYLIGHT,PEDESTRIAN,DRY,INJURY AND / OR TOW DUE TO CRASH,"OVER $1,500",DRIVING SKILLS/KNOWLEDGE/EXPERIENCE,2,FATAL,2.0,1.0,0.0,18,7,5,41.9971965,-87.75508423,"['05/06/2023', '06:51:00', 'PM']",FATAL without Device
005e679c0eda449a73b89aa7c856bfa7587ac6a74b6df8240abcdf190c91fe69b5acafdad3f815a094e693a7237a306ee0a3f5d00e4a3a6cbe88aefa4606734e,2023-05-06 17:43:00,Saturday,30,NO CONTROLS,CLEAR,DAYLIGHT,REAR END,DRY,INJURY AND / OR TOW DUE TO CRASH,"OVER $1,500",UNABLE TO DETERMINE,5,INCAPACITATING INJURY,4.0,0.0,1.0,17,7,5,41.77971938,-87.65435877,"['05/06/2023', '05:43:00', 'PM']",INCAPACITATING INJURY without Device
7f48d32c78a2e9cbe34e38be020c734279a0061460ad33ac7b51d57725435ef51b172b3a36b64364f666afe352de8df0990c800632b67c4ff1a9fa4f58494fb9,2023-05-06 13:40:00,Saturday,30,NO CONTROLS,CLEAR,DAYLIGHT,REAR END,DRY,INJURY AND / OR TOW DUE TO CRASH,"OVER $1,500",UNABLE TO DETERMINE,2,INCAPACITATING INJURY,1.0,0.0,1.0,13,7,5,41.79965929,-87.58842108,"['05/06/2023', '01:40:00', 'PM']",INCAPACITATING INJURY without Device
0bfb4a6fe2f67a0049fb1951a4bac6a31b74099fd6e30a31756b87b1a491c986fc2028506c0d8fe63b5d194058f300707d49a5dcb9db23da9fa6fe8982262c39,2023-05-06 12:19:00,Saturday,30,TRAFFIC SIGNAL,RAIN,DAYLIGHT,TURNING,WET,INJURY AND / OR TOW DUE TO CRASH,"OVER $1,500",UNABLE TO DETERMINE,3,FATAL,1.0,1.0,0.0,12,7,5,41.80847456,-87.68428004,"['05/06/2023', '12:19:00', 'PM']",FATAL with Device
8c037278d8979b0665dd6fa7e34fd02b7406a65997af74be021b6bad7f67e588a3136230883a6ae63e8e4fa2bff319350d8fe9c5fd26dccf6d8251b604611180,2023-05-06 12:18:00,Saturday,30,TRAFFIC SIGNAL,RAIN,DAYLIGHT,ANGLE,WET,INJURY AND / OR TOW DUE TO CRASH,"OVER $1,500",UNABLE TO DETERMINE,2,INCAPACITATING INJURY,2.0,0.0,2.0,12,7,5,41.8768258,-87.64388938,"['05/06/2023', '12:18:00', 'PM']",INCAPACITATING INJURY with Device
8bef64b357539beb947c0074facaecb955f982712aa37b845002bded6d35ee0585b5ae10f7a6c56087a56aea645f8601ad36f9d3c6e565a865822c5a9a5fc26d,2023-05-06 11:23:00,Saturday,25,NO CONTROLS,CLEAR,DAYLIGHT,REAR END,DRY,INJURY AND / OR TOW DUE TO CRASH,"OVER $1,500",FAILING TO REDUCE SPEED TO AVOID CRASH,4,INCAPACITATING INJURY,1.0,0.0,1.0,11,7,5,41.95251555,-87.81336736,"['05/06/2023', '11:23:00', 'AM']",INCAPACITATING INJURY without Device
c5b169b09fad03518d67464fb868ce31e4001ca6595dd0615f5b5f7ecac706ac76392e344763691b7c6109ff73415ee00f84741ac6b2fce971bc3e30e52299aa,2023-05-06 09:30:00,Saturday,30,TRAFFIC SIGNAL,SNOW,DAYLIGHT,ANGLE,DRY,INJURY AND / OR TOW DUE TO CRASH,"OVER $1,500",IMPROPER LANE USAGE,2,INCAPACITATING INJURY,1.0,0.0,1.0,9,7,5,41.77188403,-87.6835884,"['05/06/2023', '09:30:00', 'AM']",INCAPACITATING INJURY with Device
a3429bc9eb1c4eb9c368e1676ece747c291da497e8570756929a0aedb409f2993068f02c599199eedacbfcef36be0cec656d62e667e9550482846e0f3a202e8e,2023-05-06 05:10:00,Saturday,25,TRAFFIC SIGNAL,RAIN,DAWN,PEDESTRIAN,WET,INJURY AND / OR TOW DUE TO CRASH,$500 OR LESS,UNABLE TO DETERMINE,2,INCAPACITATING INJURY,1.0,0.0,1.0,5,7,5,41.90465847,-87.69504288,"['05/06/2023', '05:10:00', 'AM']",INCAPACITATING INJURY with Device
23976207484dcd603ead840ef1739db33c18408acb0f99c39ce062375c3c9d124bc4985ea29c0110c2bbfb78481d1bf5f2ca754e64188fe43a3d5a2ac2891a70,2023-05-06 04:53:00,Saturday,30,TRAFFIC SIGNAL,CLEAR,"DARKNESS, LIGHTED ROAD",ANGLE,DRY,INJURY AND / OR TOW DUE TO CRASH,"OVER $1,500",DISREGARDING TRAFFIC SIGNALS,2,FATAL,1.0,1.0,0.0,4,7,5,41.90981565,-87.73970549,"['05/06/2023', '04:53:00', 'AM']",FATAL with Device
1c65a7b09576dd59cc3aee25b7560f666d41a5bd54bc5e70ad634e2905a11f3c43254717785a2e2d52dff12e32a94bb8c0a57551415ccccf72943654b01f254c,2023-05-06 01:32:00,Saturday,30,NO CONTROLS,CLEAR,"DARKNESS, LIGHTED ROAD",PARKED MOTOR VEHICLE,DRY,INJURY AND / OR TOW DUE TO CRASH,"$501 - $1,500","OPERATING VEHICLE IN ERRATIC, RECKLESS, CARELESS, NEGLIGENT OR AGGRESSIVE MANNER",3,INCAPACITATING INJURY,1.0,0.0,1.0,1,7,5,41.8480616,-87.7026309,"['05/06/2023', '01:32:00', 'AM']",INCAPACITATING INJURY without Device
3fe00f69d153a24e0c8a4ba29a25e4a192d94a435baa28edcfb953fb7e8a8c5427b0a546e7c29afc4ac843f7421ed6553285e43fe23f6fe15400d1680de3560e,2023-05-06 00:20:00,Saturday,30,TRAFFIC SIGNAL,CLEAR,"DARKNESS, LIGHTED ROAD",TURNING,DRY,INJURY AND / OR TOW DUE TO CRASH,"OVER $1,500",UNABLE TO DETERMINE,2,INCAPACITATING INJURY,4.0,0.0,2.0,0,7,5,41.87132519,-87.77419205,"['05/06/2023', '12:20:00', 'AM']",INCAPACITATING INJURY with Device
ab5efe4bed4fd833b2ded8b97f136805bc19c71fb1a944ca166dac0a01a2fd0f13ba2184cf4526771390f38f711c2081648b2f5f8710033e69183ae23aaef7a0,2023-05-05 20:28:00,Friday,30,TRAFFIC SIGNAL,CLEAR,"DARKNESS, LIGHTED ROAD",PEDESTRIAN,DRY,INJURY AND / OR TOW DUE TO CRASH,"OVER $1,500",DISREGARDING TRAFFIC SIGNALS,2,INCAPACITATING INJURY,1.0,0.0,1.0,20,6,5,41.80871332,-87.6650359,"['05/05/2023', '08:28:00', 'PM']",INCAPACITATING INJURY with Device
6621685977008a2b37d3477c9501a95cc6d46a911b43e5fd918c9b23a0e9072a49fa5ecc8caca99acb628a16563bf6883f0ca3992170e996b6a704ed964208d2,2023-05-05 19:40:00,Friday,30,NO CONTROLS,CLEAR,DAYLIGHT,PEDALCYCLIST,DRY,INJURY AND / OR TOW DUE TO CRASH,"OVER $1,500",UNABLE TO DETERMINE,2,INCAPACITATING INJURY,1.0,0.0,1.0,19,6,5,41.89753125,-87.71164787,"['05/05/2023', '07:40:00', 'PM']",INCAPACITATING INJURY without Device
e109fd271997eda4b298f9891009f7875a8ee30fc7df12be6d5f664927fa4dcbd6bd1f83da817f588d0fbb3060b303ec56291987efe582bebcb3f14f4b380654,2023-05-05 14:00:00,Friday,20,NO CONTROLS,CLEAR,DAYLIGHT,REAR END,DRY,INJURY AND / OR TOW DUE TO CRASH,"$501 - $1,500",FOLLOWING TOO CLOSELY,2,INCAPACITATING INJURY,2.0,0.0,1.0,14,6,5,41.73662755,-87.60952704,"['05/05/2023', '02:00:00', 'PM']",INCAPACITATING INJURY without Device
8e0f07b1142621f9f2e2e18c2e8a64a05cd3f96f0e9aef8300dc3862d0cb0f2834cf333573ab9cce69adc1f0da34d775652e033c484f15850d947198f016ccfb,2023-05-05 13:43:00,Friday,30,TRAFFIC SIGNAL,CLEAR,DAYLIGHT,SIDESWIPE SAME DIRECTION,DRY,INJURY AND / OR TOW DUE TO CRASH,"OVER $1,500",FAILING TO YIELD RIGHT-OF-WAY,2,INCAPACITATING INJURY,1.0,0.0,1.0,13,6,5,41.88834353,-87.62464876,"['05/05/2023', '01:43:00', 'PM']",INCAPACITATING INJURY with Device
604fea3fea4f6c475fd5dfb175e3dafac6a59a66e4016920120df5368074b1934ce76a3d481f19ff8bfa7c688436133e1fa6aed3ae6b01af222fc160e06205ff,2023-05-05 12:17:00,Friday,30,TRAFFIC SIGNAL,CLEAR,DAYLIGHT,TURNING,DRY,INJURY AND / OR TOW DUE TO CRASH,"OVER $1,500",FAILING TO YIELD RIGHT-OF-WAY,3,INCAPACITATING INJURY,1.0,0.0,1.0,12,6,5,41.83678964,-87.72449547,"['05/05/2023', '12:17:00', 'PM']",INCAPACITATING INJURY with Device
27815f6310e59939d7149736c2f89d045b1b35f2ba9c27d856b8320d0356c042a8b89c98a9d46350693b02277fa3cc981e0c375aa53dd50040cca559e94b7955,2023-05-04 19:15:00,Thursday,30,STOP SIGN/FLASHER,CLEAR,DAYLIGHT,OTHER OBJECT,DRY,INJURY AND / OR TOW DUE TO CRASH,"OVER $1,500",UNABLE TO DETERMINE,2,INCAPACITATING INJURY,1.0,0.0,1.0,19,5,5,41.76089295,-87.59884992,"['05/04/2023', '07:15:00', 'PM']",INCAPACITATING INJURY with Device
7c7fdf8544a6e26452dae7cca99debe648d481609e884edaa20aa7748a24cae3114183174b9687c4b1e10ca26a04e4ee838e2f7691ce62b71eff3c7faf3827a2,2023-05-04 18:58:00,Thursday,30,TRAFFIC SIGNAL,CLEAR,DAWN,ANGLE,DRY,INJURY AND / OR TOW DUE TO CRASH,"OVER $1,500",DRIVING SKILLS/KNOWLEDGE/EXPERIENCE,2,INCAPACITATING INJURY,1.0,0.0,1.0,18,5,5,41.73675996,-87.60476457,"['05/04/2023', '06:58:00', 'PM']",INCAPACITATING INJURY with Device
a3b1ecbc8e1e139ef266eb4472a53f6f58be7172b8fc7a97ddd59c5115f12d850783f4b3ff69faf9f604b5047f290781d5f633f2c99acdf97f21371b0a08a90f,2023-05-04 17:30:00,Thursday,30,TRAFFIC SIGNAL,CLEAR,DAYLIGHT,PEDESTRIAN,DRY,INJURY AND / OR TOW DUE TO CRASH,"$501 - $1,500",FAILING TO REDUCE SPEED TO AVOID CRASH,2,INCAPACITATING INJURY,1.0,0.0,1.0,17,5,5,41.86984047,-87.64131872,"['05/04/2023', '05:30:00', 'PM']",INCAPACITATING INJURY with Device
e61d871232e7f7d8e7a03811651b201430d2b137e47c2d712a0c80089291ab059347ad92949465fc8476355dbdf9f78c1e7266c93812eb47548898d1f144edcd,2023-05-04 12:55:00,Thursday,30,TRAFFIC SIGNAL,CLEAR,DAYLIGHT,REAR END,DRY,INJURY AND / OR TOW DUE TO CRASH,"OVER $1,500",UNABLE TO DETERMINE,2,INCAPACITATING INJURY,1.0,0.0,1.0,12,5,5,41.73608481,-87.65052287,"['05/04/2023', '12:55:00', 'PM']",INCAPACITATING INJURY with Device
87d563fabb0e887a6643a90cbf154a39e1c4e57eaf82ae6ed27e84bcc95a9e9306f3a4be3e3cab05d3422e11beda79b28a5c6ac07a6b908bb7bbbd849e89f893,2023-05-04 11:15:00,Thursday,25,STOP SIGN/FLASHER,CLEAR,DAYLIGHT,PEDESTRIAN,DRY,INJURY AND / OR TOW DUE TO CRASH,"OVER $1,500",NOT APPLICABLE,2,INCAPACITATING INJURY,1.0,0.0,1.0,11,5,5,41.94277902,-87.79480731,"['05/04/2023', '11:15:00', 'AM']",INCAPACITATING INJURY with Device
a83e22ecd4dae394b3b0d3525a5ff78bdf6014810322f2c0b317706e6c56cd3eb4bc754eeb8fc8e513315442d3b6c1e47e0d4afc95cdb86e6c7a013bdb3a4447,2023-05-04 04:30:00,Thursday,30,NO CONTROLS,CLEAR,"DARKNESS, LIGHTED ROAD",FIXED OBJECT,DRY,INJURY AND / OR TOW DUE TO CRASH,"$501 - $1,500",UNABLE TO DETERMINE,1,INCAPACITATING INJURY,1.0,0.0,1.0,4,5,5,41.77909635,-87.68723998,"['05/04/2023', '04:30:00', 'AM']",INCAPACITATING INJURY without Device
84fae77d9344ca0cc87e48cb25c3ba50871eb61c8470e4aec6c1fd2e03015e517072d01b9863db169c6d1503b89ed10dda08bcb386ba2953247ce99e9f0a4f92,2023-05-03 16:37:00,Wednesday,30,NO CONTROLS,CLEAR,DAYLIGHT,REAR END,DRY,INJURY AND / OR TOW DUE TO CRASH,"$501 - $1,500",UNABLE TO DETERMINE,2,INCAPACITATING INJURY,3.0,0.0,1.0,16,4,5,41.69449563,-87.61356934,"['05/03/2023', '04:37:00', 'PM']",INCAPACITATING INJURY without Device
1bedf73a70a4405b78d208ee40f7640e7147f00ba183b24bab5856c6654e96b86b52b2c3d7ba6f31eba4e219e39f9da223cc351519d219c6b138cd1b176d0079,2023-05-03 15:46:00,Wednesday,30,NO CONTROLS,CLEAR,DAYLIGHT,PEDALCYCLIST,DRY,INJURY AND / OR TOW DUE TO CRASH,"$501 - $1,500",UNABLE TO DETERMINE,2,INCAPACITATING INJURY,1.0,0.0,1.0,15,4,5,41.93014938,-87.68464689,"['05/03/2023', '03:46:00', 'PM']",INCAPACITATING INJURY without Device
f2e78d87aefcb15c4f4773b470b5ef0f21101824a3702d0cae307254c46f374b78a90f272d1de249c3f1da8827820456141d369323a46dc576da0d62c65f17a1,2023-05-03 14:30:00,Wednesday,25,STOP SIGN/FLASHER,CLEAR,DAYLIGHT,TURNING,DRY,INJURY AND / OR TOW DUE TO CRASH,"OVER $1,500",IMPROPER TURNING/NO SIGNAL,2,INCAPACITATING INJURY,4.0,0.0,1.0,14,4,5,41.88170737,-87.64434435,"['05/03/2023', '02:30:00', 'PM']",INCAPACITATING INJURY with Device
2424bef88d017a92c0dd4f4a728c2eaf5579a03c2bcc90867d393dcd703ffe42e76ce5f0533106d200d47bbf480c1e0769015a66c126486de8e09bea13d4dd92,2023-05-03 09:30:00,Wednesday,30,NO CONTROLS,CLEAR,DAYLIGHT,REAR END,DRY,INJURY AND / OR TOW DUE TO CRASH,"OVER $1,500",UNABLE TO DETERMINE,2,INCAPACITATING INJURY,3.0,0.0,2.0,9,4,5,41.93682196,-87.68821502,"['05/03/2023', '09:30:00', 'AM']",INCAPACITATING INJURY without Device
b18cb8f097e6f10e4b004db2b988176bd6e6cc3690ce86267437b76079360270827a8e5176fe9d83fb898a37010ecbb5397d68e1dc80ae16f70d2f4d14ae7a03,2023-05-03 01:00:00,Wednesday,35,NO CONTROLS,CLEAR,"DARKNESS, LIGHTED ROAD",PARKED MOTOR VEHICLE,DRY,INJURY AND / OR TOW DUE TO CRASH,"OVER $1,500",PHYSICAL CONDITION OF DRIVER,7,FATAL,1.0,1.0,0.0,1,4,5,41.80635789,-87.72368673,"['05/03/2023', '01:00:00', 'AM']",FATAL without Device
81a11ec4e9e745bd4dca0bc6409f094df8b25e377833c3bb05cb6b049729b270a753c8b34d06d55c46129a36c183b1ea9bd5f7a812611db41e9bba7b71614489,2023-05-01 05:34:00,Monday,30,TRAFFIC SIGNAL,CLOUDY/OVERCAST,DAWN,ANGLE,DRY,INJURY AND / OR TOW DUE TO CRASH,"OVER $1,500",DISREGARDING TRAFFIC SIGNALS,2,INCAPACITATING INJURY,1.0,0.0,1.0,5,2,5,41.88810277,-87.62440629,"['05/01/2023', '05:34:00', 'AM']",INCAPACITATING INJURY with Device
0f41a2e87045cb8e30cbc7e77014a8f8d2da0b9389386d69cb0bb7eb2b60ed3d352d59ce216b98dd6c4f5cae1cc129a8998181c48c1eb9380b9b84ff36bb3a1f,2023-04-30 22:28:00,Sunday,20,NO CONTROLS,CLEAR,"DARKNESS, LIGHTED ROAD",SIDESWIPE OPPOSITE DIRECTION,DRY,INJURY AND / OR TOW DUE TO CRASH,"OVER $1,500",UNABLE TO DETERMINE,2,FATAL,2.0,1.0,1.0,22,1,4,41.78284475,-87.59484697,"['04/30/2023', '10:28:00', 'PM']",FATAL without Device
790183202635f123969f6890cd4f6617c7e0ad44218e5b9b871ebf586bbda4041fffc0bb1ef876c96810fd517ebcdb8ff77335c896d68cee378e9ff27b56ca1b,2023-04-30 19:23:00,Sunday,30,NO CONTROLS,RAIN,"DARKNESS, LIGHTED ROAD",PEDESTRIAN,WET,INJURY AND / OR TOW DUE TO CRASH,$500 OR LESS,UNABLE TO DETERMINE,2,INCAPACITATING INJURY,1.0,0.0,1.0,19,1,4,41.91019885,-87.68820982,"['04/30/2023', '07:23:00', 'PM']",INCAPACITATING INJURY without Device
f321d9fafc500da63448437c972e5ae0531474df3e277debe50c86ea24802814032331195789e7ce298d7b8fe6b875af20081a89f928562aa35de3cc3c60294d,2023-04-30 15:26:00,Sunday,40,NO CONTROLS,RAIN,DAYLIGHT,TURNING,WET,INJURY AND / OR TOW DUE TO CRASH,"OVER $1,500",IMPROPER TURNING/NO SIGNAL,2,INCAPACITATING INJURY,3.0,0.0,1.0,15,1,4,41.9854716,-87.65414828,"['04/30/2023', '03:26:00', 'PM']",INCAPACITATING INJURY without Device
41ccdca00fd9c6e97d2c205a740835bb965408641289ffa4806dd16192a9715f364c87fd845a7950588b539c005872a4d9411a50dbff61a75b88de64ab3671dd,2023-04-30 05:24:00,Sunday,30,TRAFFIC SIGNAL,CLEAR,DAWN,ANGLE,DRY,INJURY AND / OR TOW DUE TO CRASH,"OVER $1,500",UNABLE TO DETERMINE,2,INCAPACITATING INJURY,4.0,0.0,3.0,5,1,4,41.89496673,-87.7652251,"['04/30/2023', '05:24:00', 'AM']",INCAPACITATING INJURY with Device
deae9f7af1cd7e1ddf88973f4dfbff8103a96ef923140f7c1ac1a6265c72e27b45bb0cebd1ecca11ddc9a8238db6488c49236c63a45928c9f7bd431ba18273a9,2023-04-30 04:15:00,Sunday,30,NO CONTROLS,CLEAR,"DARKNESS, LIGHTED ROAD",SIDESWIPE OPPOSITE DIRECTION,DRY,INJURY AND / OR TOW DUE TO CRASH,"OVER $1,500",FAILING TO REDUCE SPEED TO AVOID CRASH,2,INCAPACITATING INJURY,1.0,0.0,1.0,4,1,4,41.74301344,-87.65974105,"['04/30/2023', '04:15:00', 'AM']",INCAPACITATING INJURY without Device
c3f4b482f4a7d4b61302cb3e771e58656cf9fbb27ccf33d20f567ee54a19a78930c198882136da265ac71265835f91d46935fd1b22ad6a19aaf5ac4c4a5b7266,2023-04-29 15:52:00,Saturday,30,TRAFFIC SIGNAL,CLEAR,DAYLIGHT,TURNING,DRY,INJURY AND / OR TOW DUE TO CRASH,"OVER $1,500",IMPROPER TURNING/NO SIGNAL,2,INCAPACITATING INJURY,1.0,0.0,1.0,15,7,4,41.88329092,-87.63978476,"['04/29/2023', '03:52:00', 'PM']",INCAPACITATING INJURY with Device
6db3d3328d069393babcf3349cc71b7549a8ed5e8626baaf8b7c5e5a5e2542f9bc37bf4da8c15daa1fdfcf0e366dec15c133dd4d281de6ade920c615f1d0efce,2023-04-29 13:15:00,Saturday,15,NO CONTROLS,CLEAR,DAYLIGHT,OTHER OBJECT,"SAND, MUD, DIRT",INJURY AND / OR TOW DUE TO CRASH,"OVER $1,500",PHYSICAL CONDITION OF DRIVER,1,INCAPACITATING INJURY,2.0,0.0,2.0,13,7,4,41.79529011,-87.73532272,"['04/29/2023', '01:15:00', 'PM']",INCAPACITATING INJURY without Device
57eacc951095bfddcdc118461bdb31dbb6bbb5c3399b860dcbba8733b5a3a001c4e3442df74293dfbd9273f6331a6cd4bd03c6ff74c1696bf55bc8dc6ecb41f1,2023-04-29 00:26:00,Saturday,30,STOP SIGN/FLASHER,CLEAR,"DARKNESS, LIGHTED ROAD",ANGLE,DRY,INJURY AND / OR TOW DUE TO CRASH,"OVER $1,500",FAILING TO YIELD RIGHT-OF-WAY,3,INCAPACITATING INJURY,2.0,0.0,2.0,0,7,4,41.8821799,-87.7614498,"['04/29/2023', '12:26:00', 'AM']",INCAPACITATING INJURY with Device
ee34b8261a024a91ade3246bb14a628fb41ac3d5db79cf6c76677627611740c820e5fa19ed5d68728edbce6a820685bfc7fe2546e7e012a89da3fc00d7806a56,2023-04-28 16:00:00,Friday,30,TRAFFIC SIGNAL,CLEAR,DAYLIGHT,REAR END,DRY,INJURY AND / OR TOW DUE TO CRASH,"OVER $1,500",DISTRACTION - FROM INSIDE VEHICLE,2,INCAPACITATING INJURY,1.0,0.0,1.0,16,6,4,41.87622512,-87.68425622,"['04/28/2023', '04:00:00', 'PM']",INCAPACITATING INJURY with Device
1b9f0367c7ace45f6ed1fba82138fdba0e80bfca7da9a1a2cc74dde520e5ca40a2c7888345d76e0fae6b3031f34779780582ede5bc48951386f425deab9b689c,2023-04-28 15:26:00,Friday,30,NO CONTROLS,CLEAR,DAYLIGHT,FIXED OBJECT,DRY,INJURY AND / OR TOW DUE TO CRASH,"OVER $1,500",UNABLE TO DETERMINE,1,INCAPACITATING INJURY,1.0,0.0,1.0,15,6,4,41.78015605,-87.62115439,"['04/28/2023', '03:26:00', 'PM']",INCAPACITATING INJURY without Device
429320eb59ffb89b9d0acb89f113be3882714f03689d7ba6d871343fa75cbf5cbd8febf32adf9fabd10d17997d64153aa9d5ba65be815df8d43a26505170a2bb,2023-04-28 11:40:00,Friday,20,STOP SIGN/FLASHER,CLEAR,DAYLIGHT,TURNING,DRY,INJURY AND / OR TOW DUE TO CRASH,"OVER $1,500",IMPROPER TURNING/NO SIGNAL,2,INCAPACITATING INJURY,1.0,0.0,1.0,11,6,4,41.93342458,-87.65859347,"['04/28/2023', '11:40:00', 'AM']",INCAPACITATING INJURY with Device
a66f9a2705e3201033c51d5a60860a6dbf5d038113e9dfb216473bf7fc72a63d0a3246aae0f9c20a496014c525bcf4d002cdefd497f893019a1ffc6694d3ec50,2023-04-28 11:30:00,Friday,30,NO CONTROLS,CLEAR,DAYLIGHT,PEDALCYCLIST,DRY,INJURY AND / OR TOW DUE TO CRASH,"$501 - $1,500",DRIVING SKILLS/KNOWLEDGE/EXPERIENCE,2,INCAPACITATING INJURY,1.0,0.0,1.0,11,6,4,41.90887113,-87.67533743,"['04/28/2023', '11:30:00', 'AM']",INCAPACITATING INJURY without Device
3b29e2c3921c3e3a6e77dbeb73f6f3bab5ee328d4e395ac3fed4128b3c6682b7955ee0334abc368796db196391e0a4b99306bfe5dfcaedeff9f44646b7104a86,2023-04-28 10:51:00,Friday,30,TRAFFIC SIGNAL,CLEAR,DAYLIGHT,PEDESTRIAN,DRY,INJURY AND / OR TOW DUE TO CRASH,$500 OR LESS,DISREGARDING TRAFFIC SIGNALS,2,INCAPACITATING INJURY,1.0,0.0,1.0,10,6,4,41.89042416,-87.62396548,"['04/28/2023', '10:51:00', 'AM']",INCAPACITATING INJURY with Device
de9163011dd5c68afff5b088277727cb95e52cc94f98f7381850cd9ffc07037e27e50da01d944420b24e12002cf5223965763480a609c5cc2c65bfe66af71ac8,2023-04-28 08:29:00,Friday,10,NO CONTROLS,CLEAR,DAYLIGHT,FIXED OBJECT,DRY,INJURY AND / OR TOW DUE TO CRASH,"OVER $1,500",UNABLE TO DETERMINE,1,INCAPACITATING INJURY,2.0,0.0,2.0,8,6,4,41.75074708,-87.62995399,"['04/28/2023', '08:29:00', 'AM']",INCAPACITATING INJURY without Device
43afa979b25a33d7bbf5a14444e503dbd110b3a08c5f7762fc509891b4d6b5c5d87b56508830531070fac35948af2ef7f3f29d62e6c31b0a5dcaefe17d386b53,2023-04-27 17:35:00,Thursday,25,TRAFFIC SIGNAL,CLEAR,DAYLIGHT,PEDESTRIAN,DRY,INJURY AND / OR TOW DUE TO CRASH,"$501 - $1,500",UNABLE TO DETERMINE,2,INCAPACITATING INJURY,1.0,0.0,1.0,17,5,4,41.85182894,-87.69286659,"['04/27/2023', '05:35:00', 'PM']",INCAPACITATING INJURY with Device
fcc4f4f51883e3b0eb230e16cfa5cc7c1f1c61a07b2806e46892a33ba6b2c27fb41838e0ce69d7b746fd2ed57a3971c668986cd132ef446ccf03deeb2a700818,2023-04-27 17:30:00,Thursday,25,STOP SIGN/FLASHER,CLEAR,DAYLIGHT,PEDESTRIAN,DRY,INJURY AND / OR TOW DUE TO CRASH,$500 OR LESS,FAILING TO YIELD RIGHT-OF-WAY,2,INCAPACITATING INJURY,1.0,0.0,1.0,17,5,4,41.98162189,-87.67441424,"['04/27/2023', '05:30:00', 'PM']",INCAPACITATING INJURY with Device
a366cab74ff85c85834ae0887c9940dee1b7bc9771d7534258267f7301ebe447da2619f25fd4cf971e87e7d0c8c1f9424579e689d6dff61763263eacfbedab84,2023-04-26 23:35:00,Wednesday,30,NO CONTROLS,CLEAR,"DARKNESS, LIGHTED ROAD",PEDESTRIAN,DRY,INJURY AND / OR TOW DUE TO CRASH,"OVER $1,500",NOT APPLICABLE,2,INCAPACITATING INJURY,1.0,0.0,1.0,23,4,4,41.68546639,-87.67016751,"['04/26/2023', '11:35:00', 'PM']",INCAPACITATING INJURY without Device
ad680152f9bd2d3c83ca05da4d742165fe6b5c3c137a3b5b74dd21d50ffbf934ee32191e623e798107c1458d760fc49ff5b23f055b1521a60950d8fe8514056d,2023-04-26 21:13:00,Wednesday,30,TRAFFIC SIGNAL,CLEAR,"DARKNESS, LIGHTED ROAD",PEDESTRIAN,DRY,INJURY AND / OR TOW DUE TO CRASH,"OVER $1,500",FAILING TO YIELD RIGHT-OF-WAY,2,INCAPACITATING INJURY,1.0,0.0,1.0,21,4,4,41.74736947,-87.61501478,"['04/26/2023', '09:13:00', 'PM']",INCAPACITATING INJURY with Device