CRASH_RECORD_ID,CRASH_DATE,Weekday,POSTED_SPEED_LIMIT,TRAFFIC_CONTROL_DEVICE,WEATHER_CONDITION,LIGHTING_CONDITION,FIRST_CRASH_TYPE,ROADWAY_SURFACE_COND,CRASH_TYPE,DAMAGE,PRIM_CONTRIBUTORY_CAUSE,NUM_UNITS,MOST_SEVERE_INJURY,INJURIES_TOTAL,INJURIES_FATAL,INJURIES_INCAPACITATING,CRASH_HOUR,CRASH_DAY_OF_WEEK,CRASH_MONTH,LATITUDE,LONGITUDE,CRASH_TIME,CATEGORIES
309f79776b9b3c3a0aeb54659a0bf6936a23761f28700e4e971c612f9ebaa1b3238651612c5db416fcfb615a797eea4c5f632fe3455f19001d5c737cd7125419,2023-04-17 09:08:00,Monday,30,NO CONTROLS,CLEAR,DAYLIGHT,PEDESTRIAN,DRY,INJURY AND / OR TOW DUE TO CRASH,"OVER $1,500",UNABLE TO DETERMINE,2,INCAPACITATING INJURY,1.0,0.0,1.0,9,2,4,41.75892542,-87.56409328,"['04/17/2023', '09:08:00', 'AM']",INCAPACITATING INJURY without Device
0409d52d207676438325cc8ae350fb42eb5a7e48c819869348dd68e4fa3663ff298f67c65f56960da737c4b37c7a6ee4faae227fd389b0466549e558e340d0da,2023-04-17 00:10:00,Monday,25,NO CONTROLS,SNOW,DARKNESS,PARKED MOTOR VEHICLE,WET,INJURY AND / OR TOW DUE TO CRASH,"OVER $1,500",NOT APPLICABLE,2,FATAL,1.0,1.0,0.0,0,2,4,41.80494676,-87.61818827,"['04/17/2023', '12:10:00', 'AM']",FATAL without Device
8d8a76f473978de3b8510a5518fe362f965b543e5ec522d4e653927608288bf220370535b5273b8b5a7e95e28c6c4f308a511235c89679f9d1eb3f50900f50fc,2023-04-16 23:14:00,Sunday,30,NO CONTROLS,RAIN,"DARKNESS, LIGHTED ROAD",OVERTURNED,WET,INJURY AND / OR TOW DUE TO CRASH,"OVER $1,500",UNDER THE INFLUENCE OF ALCOHOL/DRUGS (USE WHEN ARREST IS EFFECTED),1,INCAPACITATING INJURY,5.0,0.0,5.0,23,1,4,41.82302139,-87.68473353,"['04/16/2023', '11:14:00', 'PM']",INCAPACITATING INJURY without Device
15217ed7cede607c00539cb36d44824416fc97e86149e8f0251a961e2632d560ecc129610396a5955cbc7afc9a5acae08dc724ef9db4da5cbf5b54e7dd69ec23,2023-04-16 23:00:00,Sunday,30,NO CONTROLS,RAIN,"DARKNESS, LIGHTED ROAD",TURNING,WET,INJURY AND / OR TOW DUE TO CRASH,"OVER $1,500",FAILING TO YIELD RIGHT-OF-WAY,5,INCAPACITATING INJURY,3.0,0.0,1.0,23,1,4,41.80230484,-87.60966659,"['04/16/2023', '11:00:00', 'PM']",INCAPACITATING INJURY without Device
c11db40a0340805354f14f8f33585ed9b728364b169ee564e866940b66a0bf74b7df44fb20622955538820d9b9008d153c35203207b8313253fcac8d73e4aff7,2023-04-16 16:51:00,Sunday,35,NO CONTROLS,UNKNOWN,DAYLIGHT,PARKED MOTOR VEHICLE,DRY,INJURY AND / OR TOW DUE TO CRASH,"OVER $1,500",UNABLE TO DETERMINE,2,INCAPACITATING INJURY,1.0,0.0,1.0,16,1,4,41.8065474,-87.71630467,"['04/16/2023', '04:51:00', 'PM']",INCAPACITATING INJURY without Device
9449ea84d9a53d30b2b1315a3bb9984a372e3cc4dc1a866d578dcf063e5a8345a856b8d9c5b989ab2c357cf894d34fbb052ef583ddc3db24f340203f48883586,2023-04-16 15:04:00,Sunday,30,TRAFFIC SIGNAL,CLEAR,DAYLIGHT,ANGLE,DRY,INJURY AND / OR TOW DUE TO CRASH,"OVER $1,500",FAILING TO YIELD RIGHT-OF-WAY,2,INCAPACITATING INJURY,7.0,0.0,4.0,15,1,4,41.88203638,-87.7356412,"['04/16/2023', '03:04:00', 'PM']",INCAPACITATING INJURY with Device
f1ba149b811ae0b69c21057f0e88bab6f5147cc7e359b3520e508437ab5df4f80ffdf2c3f9cf81f2dcae61ab19d165284b33ee1b8992adeab5e0d93692155093,2023-04-16 12:25:00,Sunday,30,NO CONTROLS,RAIN,DAYLIGHT,HEAD ON,WET,INJURY AND / OR TOW DUE TO CRASH,"OVER $1,500",UNABLE TO DETERMINE,2,INCAPACITATING INJURY,1.0,0.0,1.0,12,1,4,41.93191248,-87.72605885,"['04/16/2023', '12:25:00', 'PM']",INCAPACITATING INJURY without Device
ea83d3ea69ef225483f57a1073235d989231f23e8c682a07338923c2f8ca005ed3e5f207912d774b7863156f9e2c7a2ff250c8b14c92e0d33077adb1a6a3c597,2023-04-15 23:03:00,Saturday,30,TRAFFIC SIGNAL,CLEAR,"DARKNESS, LIGHTED ROAD",SIDESWIPE SAME DIRECTION,DRY,INJURY AND / OR TOW DUE TO CRASH,"OVER $1,500",FAILING TO REDUCE SPEED TO AVOID CRASH,3,INCAPACITATING INJURY,3.0,0.0,1.0,23,7,4,41.86631148,-87.70581352,"['04/15/2023', '11:03:00', 'PM']",INCAPACITATING INJURY with Device
174fb8763436f79a7490b33affaa12fb7deddc8532d2fe7943f4991b2b7c0c5d1d17fcf259fe384793e5606ae5905ad63f56c6f55b9ad731c2e6a8e228cf3715,2023-04-15 07:25:00,Saturday,20,TRAFFIC SIGNAL,CLEAR,DAYLIGHT,ANGLE,DRY,INJURY AND / OR TOW DUE TO CRASH,"OVER $1,500",UNABLE TO DETERMINE,2,INCAPACITATING INJURY,1.0,0.0,1.0,7,7,4,41.9325892,-87.66363145,"['04/15/2023', '07:25:00', 'AM']",INCAPACITATING INJURY with Device
686507d50b86b60e8fd76a57c7bc441eef2d5f578417812052305b4daf523055f200242334bba81177e2ce39dfe06e7d6d900cc459622af1f18f451aeb7bc1d6,2023-04-15 02:32:00,Saturday,30,TRAFFIC SIGNAL,CLEAR,"DARKNESS, LIGHTED ROAD",ANGLE,DRY,INJURY AND / OR TOW DUE TO CRASH,"OVER $1,500",FAILING TO YIELD RIGHT-OF-WAY,3,INCAPACITATING INJURY,1.0,0.0,1.0,2,7,4,41.80947558,-87.60374881,"['04/15/2023', '02:32:00', 'AM']",INCAPACITATING INJURY with Device
7bec73d02631a0ce2949f15c8b1dcfe4e996912a8b2f43a6a15b5e194f824fe39bd76910b010268e420ca99ad7498463d253e56d181963befe34fd9013640596,2023-04-15 01:36:00,Saturday,30,NO CONTROLS,CLEAR,"DARKNESS, LIGHTED ROAD",FIXED OBJECT,DRY,INJURY AND / OR TOW DUE TO CRASH,"OVER $1,500",DRIVING SKILLS/KNOWLEDGE/EXPERIENCE,1,INCAPACITATING INJURY,1.0,0.0,1.0,1,7,4,41.89291386,-87.74588294,"['04/15/2023', '01:36:00', 'AM']",INCAPACITATING INJURY without Device
a3a2fe65c51238a71f209c3146ee63164ab0bf19fd7a442e03c37290df10536ff046afe8c53c42f05ca1766d5b3c1442d3961195715e0b6ac5f5ec9e540b90e5,2023-04-14 19:55:00,Friday,30,NO CONTROLS,CLEAR,DUSK,FIXED OBJECT,DRY,INJURY AND / OR TOW DUE TO CRASH,"OVER $1,500",UNABLE TO DETERMINE,1,INCAPACITATING INJURY,3.0,0.0,1.0,19,6,4,41.75796909,-87.63555222,"['04/14/2023', '07:55:00', 'PM']",INCAPACITATING INJURY without Device
a03e07a09f2cb2ea7756cc81a866358d4652f9b1867dcc1b891231885c7e7fcf5044a5bdbbf110115b2b35a37c378ef5b3447bb1411dab11607255382aa45daf,2023-04-14 19:30:00,Friday,30,NO CONTROLS,CLEAR,DAYLIGHT,PEDESTRIAN,DRY,INJURY AND / OR TOW DUE TO CRASH,"OVER $1,500",DISTRACTION - FROM INSIDE VEHICLE,2,FATAL,1.0,1.0,0.0,19,6,4,41.73329695,-87.60488825,"['04/14/2023', '07:30:00', 'PM']",FATAL without Device
f180dbcb7994794b982d7b2bcc7d99f80fefba41bd8ff87758137d9197473406c40fe37772f35f623a168a13bd0f5cbc6d29911cad8d12c87234a1ee0e6c20d4,2023-04-14 18:45:00,Friday,30,NO CONTROLS,CLEAR,DAYLIGHT,PARKED MOTOR VEHICLE,DRY,INJURY AND / OR TOW DUE TO CRASH,"OVER $1,500",DISTRACTION - FROM OUTSIDE VEHICLE,3,INCAPACITATING INJURY,1.0,0.0,1.0,18,6,4,41.73486991,-87.62271208,"['04/14/2023', '06:45:00', 'PM']",INCAPACITATING INJURY without Device
1eb4f804815b596767914b65d7f19977c69383562ad275fb1b3bacc492890c7b59969cbf0feac63de840ce84a9710820dccb4a68229b8fdafca814b9ee3919e3,2023-04-14 16:55:00,Friday,30,NO CONTROLS,CLEAR,DAYLIGHT,PARKED MOTOR VEHICLE,DRY,INJURY AND / OR TOW DUE TO CRASH,"OVER $1,500",PHYSICAL CONDITION OF DRIVER,3,INCAPACITATING INJURY,1.0,0.0,1.0,16,6,4,41.83799231,-87.64172806,"['04/14/2023', '04:55:00', 'PM']",INCAPACITATING INJURY without Device
ba9d2765f62aa668815d81196585752093545a637fc4c04f6370b372e97148ae6f1a2afb9a124548102face494cb2bffdb686260a2911d451b1e53c697bc289c,2023-04-14 16:05:00,Friday,30,TRAFFIC SIGNAL,CLEAR,DAYLIGHT,PEDESTRIAN,DRY,INJURY AND / OR TOW DUE TO CRASH,"OVER $1,500",UNABLE TO DETERMINE,2,INCAPACITATING INJURY,1.0,0.0,1.0,16,6,4,41.75887836,-87.58560279,"['04/14/2023', '04:05:00', 'PM']",INCAPACITATING INJURY with Device
38bfbbd275c2da7d12d6da4d6e3958e9c239f0d9a004a65b06b7d42d54250b02e0d4a513e64931000d02b44b218d6aef28108b487d177cf6ff88808a8f8e04f4,2023-04-14 15:55:00,Friday,30,STOP SIGN/FLASHER,CLEAR,DAYLIGHT,ANGLE,DRY,INJURY AND / OR TOW DUE TO CRASH,"OVER $1,500",UNABLE TO DETERMINE,2,INCAPACITATING INJURY,2.0,0.0,2.0,15,6,4,41.96671859,-87.70856736,"['04/14/2023', '03:55:00', 'PM']",INCAPACITATING INJURY with Device
35adb79fc6990227870cfdaa36cba1158afafdef71ea8e11216e4ccd3ea8f16ff74f6bacb7c38cfa767fbfd4c447cc51338fce5122269bfdac4df71df40ae3b9,2023-04-14 15:26:00,Friday,30,NO CONTROLS,CLEAR,DAYLIGHT,PARKED MOTOR VEHICLE,DRY,INJURY AND / OR TOW DUE TO CRASH,"OVER $1,500",UNABLE TO DETERMINE,3,INCAPACITATING INJURY,2.0,0.0,2.0,15,6,4,41.99352101,-87.66052299,"['04/14/2023', '03:26:00', 'PM']",INCAPACITATING INJURY without Device
9b38b3a66db5721d68931a48561a71bfdc7021170d32c1ee44bc389f64aeed3e184dbe07104a8ba67e36fb2c715f6f58d24cbd84ba397db2216b450b9e95c59d,2023-04-14 13:10:00,Friday,30,STOP SIGN/FLASHER,CLEAR,DAYLIGHT,ANGLE,DRY,INJURY AND / OR TOW DUE TO CRASH,"OVER $1,500",FAILING TO YIELD RIGHT-OF-WAY,2,INCAPACITATING INJURY,1.0,0.0,1.0,13,6,4,41.99788432,-87.67493639,"['04/14/2023', '01:10:00', 'PM']",INCAPACITATING INJURY with Device
8e277536da4a1914e2cf1cea21038e525509322930bca0737ab5c1d172007302a0327d4991b5fb3be6206c47b4946f2e670732ff4223d9bebfc6a73cfd80c887,2023-04-14 13:00:00,Friday,25,NO CONTROLS,CLEAR,DAYLIGHT,PARKED MOTOR VEHICLE,DRY,INJURY AND / OR TOW DUE TO CRASH,"OVER $1,500",NOT APPLICABLE,2,FATAL,1.0,1.0,0.0,13,6,4,41.75971812,-87.59097263,"['04/14/2023', '01:00:00', 'PM']",FATAL without Device
a161cd25538430008420a2716568bc6fc4f911e0dbbf0ad8db2eb5b351ba0a45a3e84fb1632edd3239dda7ea75d6576ec171c74b67deee971a91e5355c3574bc,2023-04-14 12:49:00,Friday,35,TRAFFIC SIGNAL,CLEAR,DAYLIGHT,ANGLE,DRY,INJURY AND / OR TOW DUE TO CRASH,"OVER $1,500",FAILING TO YIELD RIGHT-OF-WAY,4,INCAPACITATING INJURY,3.0,0.0,1.0,12,6,4,41.7139795,-87.65351231,"['04/14/2023', '12:49:00', 'PM']",INCAPACITATING INJURY with Device
643d85c75c074974b700e12e51cb13170b45e512e7043f1c966e5d223d522f62bf31b04f9aa9be764b42bcb83fb5a8c3119d87fa3ae3667e4fe6a9eabbc387ca,2023-04-14 09:30:00,Friday,30,NO CONTROLS,CLEAR,DAYLIGHT,FIXED OBJECT,DRY,INJURY AND / OR TOW DUE TO CRASH,"OVER $1,500",ROAD ENGINEERING/SURFACE/MARKING DEFECTS,1,INCAPACITATING INJURY,1.0,0.0,1.0,9,6,4,41.88868074,-87.68647525,"['04/14/2023', '09:30:00', 'AM']",INCAPACITATING INJURY without Device
e82ba04a6c4157fdd3dc2024436ceee16c81e9acd34fd429b3cfd5072f6c30917c537a41dced848cc394c32725ed32fd4d2a6273d402bd61abd00e82434835af,2023-04-13 16:15:00,Thursday,30,NO CONTROLS,CLEAR,DAYLIGHT,TURNING,DRY,INJURY AND / OR TOW DUE TO CRASH,"OVER $1,500",IMPROPER TURNING/NO SIGNAL,2,INCAPACITATING INJURY,1.0,0.0,1.0,16,5,4,41.69289282,-87.66295867,"['04/13/2023', '04:15:00', 'PM']",INCAPACITATING INJURY without Device
cac0d083874b36519ab2e7f750593374df678661f6987ba72fbee1144211bb0d5021c31b74ebc4dfbc0ceee61d5a6727d8581c0d2f61206bb1735aad7d08763d,2023-04-13 08:19:00,Thursday,30,STOP SIGN/FLASHER,CLEAR,DAYLIGHT,PEDALCYCLIST,DRY,INJURY AND / OR TOW DUE TO CRASH,"OVER $1,500",UNABLE TO DETERMINE,2,INCAPACITATING INJURY,1.0,0.0,1.0,8,5,4,41.96778696,-87.67930513,"['04/13/2023', '08:19:00', 'AM']",INCAPACITATING INJURY with Device
45575bcb2f58ca528ef61aed1366db9868b2a076391fbb3c4311d4ee59f70a27f510ddf4a84dd40006bf49c7d35697637e2131f09a90e972c1b9732456423b21,2023-04-12 23:16:00,Wednesday,30,NO CONTROLS,CLEAR,"DARKNESS, LIGHTED ROAD",TURNING,DRY,INJURY AND / OR TOW DUE TO CRASH,"OVER $1,500",FAILING TO YIELD RIGHT-OF-WAY,2,INCAPACITATING INJURY,1.0,0.0,1.0,23,4,4,41.93604374,-87.74692274,"['04/12/2023', '11:16:00', 'PM']",INCAPACITATING INJURY without Device
ad5a8db7b060a32b568145f37c42609232caf70246ab20c46eb2507025467ee2adca6c203602658972fec9437e2c89ff3136a25405dc080bacd2f72beb911641,2023-04-12 12:48:00,Wednesday,30,TRAFFIC SIGNAL,CLEAR,DAYLIGHT,ANGLE,DRY,INJURY AND / OR TOW DUE TO CRASH,"OVER $1,500",DISREGARDING TRAFFIC SIGNALS,2,INCAPACITATING INJURY,1.0,0.0,1.0,12,4,4,41.87347922,-87.7196089,"['04/12/2023', '12:48:00', 'PM']",INCAPACITATING INJURY with Device
e84dc4f06eba46f368f05b669aeaf334de94c7fa352e9a5b30ae8119895e6478e5f8d207e536787d21143c34cec404461963b77c5433e113946a309c6f26148b,2023-04-12 11:37:00,Wednesday,30,NO CONTROLS,CLEAR,DAYLIGHT,PEDALCYCLIST,DRY,INJURY AND / OR TOW DUE TO CRASH,$500 OR LESS,FAILING TO YIELD RIGHT-OF-WAY,2,INCAPACITATING INJURY,2.0,0.0,2.0,11,4,4,41.94964222,-87.67877788,"['04/12/2023', '11:37:00', 'AM']",INCAPACITATING INJURY without Device
374e03e692a80fb7559dffa76fdc9545197ef9851a88975776eae0b894e9413520a4789dbd758501d66a9ee2188f1ca00a1f52e295e0d8f0bc2f9c7e56116b05,2023-04-12 08:22:00,Wednesday,30,NO CONTROLS,CLEAR,DAYLIGHT,TURNING,DRY,INJURY AND / OR TOW DUE TO CRASH,"OVER $1,500",DRIVING SKILLS/KNOWLEDGE/EXPERIENCE,2,INCAPACITATING INJURY,1.0,0.0,1.0,8,4,4,41.77895361,-87.69698296,"['04/12/2023', '08:22:00', 'AM']",INCAPACITATING INJURY without Device
29a4af6e369fbc670bd9f413c2f3e42b7d8d7882a156cc908d69164afdb467cbfa7c659f23931c898a3883244baa8326996c5d43370db9aab8d962d1c1f4d10b,2023-04-12 06:48:00,Wednesday,35,TRAFFIC SIGNAL,CLEAR,DAYLIGHT,SIDESWIPE SAME DIRECTION,DRY,INJURY AND / OR TOW DUE TO CRASH,"OVER $1,500",IMPROPER LANE USAGE,3,INCAPACITATING INJURY,2.0,0.0,1.0,6,4,4,41.73610237,-87.72103293,"['04/12/2023', '06:48:00', 'AM']",INCAPACITATING INJURY with Device
8a006b4dbf32c9d5bd61a6fb85b725266d2e910b49f287c95ed3925ad5c7331cbfcfdd83c971b15adb86c6d8f19f0262ef1b475e07eef67fb1fee565850b8308,2023-04-12 03:59:00,Wednesday,30,TRAFFIC SIGNAL,CLEAR,"DARKNESS, LIGHTED ROAD",TURNING,DRY,INJURY AND / OR TOW DUE TO CRASH,"OVER $1,500",FAILING TO YIELD RIGHT-OF-WAY,2,INCAPACITATING INJURY,1.0,0.0,1.0,3,4,4,41.72136506,-87.64335804,"['04/12/2023', '03:59:00', 'AM']",INCAPACITATING INJURY with Device
cf4ba827154c78e92a301986bfc5858e628d9f3087ccbe3a5340345c1afd325b9c2af1902a376fd06197e2d333e462f25648f79eb101c2f472f208e3400cc33d,2023-04-12 02:55:00,Wednesday,30,NO CONTROLS,CLEAR,"DARKNESS, LIGHTED ROAD",FIXED OBJECT,DRY,INJURY AND / OR TOW DUE TO CRASH,"OVER $1,500",UNABLE TO DETERMINE,1,INCAPACITATING INJURY,1.0,0.0,1.0,2,4,4,41.77028327,-87.66381924,"['04/12/2023', '02:55:00', 'AM']",INCAPACITATING INJURY without Device
2a66caf4d46b2c4034f44c44360dfd02ca5baf31d4cca57a2259b1308fabbcc54b0b1b0062ed84f6a4fb95fcc22341694599d38c054b9b090459372957ace2ed,2023-04-11 22:07:00,Tuesday,30,NO CONTROLS,CLEAR,"DARKNESS, LIGHTED ROAD",PARKED MOTOR VEHICLE,DRY,INJURY AND / OR TOW DUE TO CRASH,"OVER $1,500",FAILING TO REDUCE SPEED TO AVOID CRASH,2,INCAPACITATING INJURY,1.0,0.0,1.0,22,3,4,41.73172719,-87.57179288,"['04/11/2023', '10:07:00', 'PM']",INCAPACITATING INJURY without Device
afa07136da22b8ec58f7a0ca1bdb40d9bbf46ce6731fda89c0340b7222f068b72538fea4e798b5c09ae9280c339e5a2d876d1196ad88ac22d3de2b7a98b31aa4,2023-04-11 20:15:00,Tuesday,30,NO CONTROLS,CLEAR,"DARKNESS, LIGHTED ROAD",PEDALCYCLIST,DRY,INJURY AND / OR TOW DUE TO CRASH,"OVER $1,500",FAILING TO YIELD RIGHT-OF-WAY,2,INCAPACITATING INJURY,1.0,0.0,1.0,20,3,4,41.97643701,-87.65070348,"['04/11/2023', '08:15:00', 'PM']",INCAPACITATING INJURY without Device
c5829742e6ace641a3ab9d095b72244421d4fb133cf5add55d4fe54b564f6c9c7093e13d397ffecf46e586bc4c39b86bedbba4a7737b3f6a416edc5248fb3110,2023-04-11 15:06:00,Tuesday,35,TRAFFIC SIGNAL,CLEAR,DAYLIGHT,REAR END,DRY,INJURY AND / OR TOW DUE TO CRASH,"OVER $1,500",PHYSICAL CONDITION OF DRIVER,3,INCAPACITATING INJURY,1.0,0.0,1.0,15,3,4,41.73554474,-87.67280128,"['04/11/2023', '03:06:00', 'PM']",INCAPACITATING INJURY with Device
44c7ce6cd9f3c3603e6f3a2367f78099e7ff0f2ba3c5c1596c5a7c505d266ef078b2fddf347accd77e260714aad07b89edfb71c74c9709102a3e5a65e8670ae5,2023-04-11 11:33:00,Tuesday,20,TRAFFIC SIGNAL,CLEAR,DAYLIGHT,TURNING,DRY,INJURY AND / OR TOW DUE TO CRASH,"OVER $1,500",DISREGARDING TRAFFIC SIGNALS,2,INCAPACITATING INJURY,2.0,0.0,1.0,11,3,4,41.81999972,-87.62627991,"['04/11/2023', '11:33:00', 'AM']",INCAPACITATING INJURY with Device
5f31bf5eb7e38915c3e42106b6038601ed45090adab42618cfc4fc58c24879883144598be7180721e3da2e656053773d93a2bce92bfdf91cc17ee3a19453cf2d,2023-04-11 00:15:00,Tuesday,30,NO CONTROLS,CLEAR,"DARKNESS, LIGHTED ROAD",PARKED MOTOR VEHICLE,DRY,INJURY AND / OR TOW DUE TO CRASH,"OVER $1,500",UNABLE TO DETERMINE,2,INCAPACITATING INJURY,1.0,0.0,1.0,0,3,4,41.73955387,-87.66234139,"['04/11/2023', '12:15:00', 'AM']",INCAPACITATING INJURY without Device
f8d05c0bb824752e2802f780dbb0bda5a1fe2037b45a6b777b143350c74f010c3374a0a6fd7c3ecfa0a179b9dc7b8d30605abe3da1621682717917fc239328aa,2023-04-10 20:37:00,Monday,30,NO CONTROLS,CLEAR,DARKNESS,PARKED MOTOR VEHICLE,DRY,INJURY AND / OR TOW DUE TO CRASH,"OVER $1,500",CELL PHONE USE OTHER THAN TEXTING,2,INCAPACITATING INJURY,1.0,0.0,1.0,20,2,4,41.96041311,-87.7638883,"['04/10/2023', '08:37:00', 'PM']",INCAPACITATING INJURY without Device
b24963151a4a47258ad42beaa536acf7066ddbaf8fa25c5c09a0b7478d49ec90800853d484d7defcaa66bca8196176e298c7aea4e9129c14833af66a59a0f4e6,2023-04-10 18:15:00,Monday,30,TRAFFIC SIGNAL,CLEAR,DAYLIGHT,REAR END,DRY,INJURY AND / OR TOW DUE TO CRASH,"OVER $1,500",UNABLE TO DETERMINE,2,INCAPACITATING INJURY,1.0,0.0,1.0,18,2,4,41.67062769,-87.64181443,"['04/10/2023', '06:15:00', 'PM']",INCAPACITATING INJURY with Device
01167e4eabd3c6de325394372b4ae5e39f24bd3b146986cd9ce2fc71634f4e7a59c6c9a46752885f36ca74d3699cfc1ff2c004926fd8c641cbc4e6ae3261884f,2023-04-10 17:49:00,Monday,30,FLASHING CONTROL SIGNAL,CLEAR,DAYLIGHT,PEDESTRIAN,DRY,INJURY AND / OR TOW DUE TO CRASH,$500 OR LESS,FAILING TO REDUCE SPEED TO AVOID CRASH,2,INCAPACITATING INJURY,2.0,0.0,1.0,17,2,4,41.67045106,-87.64151563,"['04/10/2023', '05:49:00', 'PM']",INCAPACITATING INJURY with Device
032bd5977c331182779968d0c3f75e902285fd490661ef0337bb490acff6363d3907834c7c797e73021d034ceb74479b31efc09268c6a946631f695f83f84feb,2023-04-10 17:30:00,Monday,15,NO CONTROLS,CLEAR,DUSK,PARKED MOTOR VEHICLE,DRY,INJURY AND / OR TOW DUE TO CRASH,"OVER $1,500",UNABLE TO DETERMINE,3,INCAPACITATING INJURY,1.0,0.0,1.0,17,2,4,41.75466012,-87.74138476,"['04/10/2023', '05:30:00', 'PM']",INCAPACITATING INJURY without Device
c94b700d779527460a7d7c4cd118dc87c6ee55367c2948bbb20bf57a823e0f216c50613a5cb4de2fafa21c2f1cb7b4eeb682bd722ccf01c815602c00839f05be,2023-04-10 12:42:00,Monday,30,NO CONTROLS,CLEAR,DAYLIGHT,ANGLE,DRY,INJURY AND / OR TOW DUE TO CRASH,"OVER $1,500",UNABLE TO DETERMINE,2,INCAPACITATING INJURY,2.0,0.0,2.0,12,2,4,41.88023863,-87.75700197,"['04/10/2023', '12:42:00', 'PM']",INCAPACITATING INJURY without Device
916b5a421efb4d41230cac948ffb66c7f72697e7a8671fbd178c5f3b28378e08c0802b30164f5fd4137f96a09933a4e91492319a4d8643186858be39256b37b3,2023-04-10 09:00:00,Monday,30,TRAFFIC SIGNAL,CLEAR,DAYLIGHT,ANGLE,DRY,INJURY AND / OR TOW DUE TO CRASH,"OVER $1,500",DISREGARDING OTHER TRAFFIC SIGNS,2,INCAPACITATING INJURY,2.0,0.0,1.0,9,2,4,41.89929234,-87.62600747,"['04/10/2023', '09:00:00', 'AM']",INCAPACITATING INJURY with Device
fa092fbc3b4b5d75c91e5ac94beda1be0f3a130ace10ba7535240e68f397c8376ddb4e5a970de2c5902658b1655fb2ae2b4e0238f6565ea4cda1482383e60e6a,2023-04-10 04:05:00,Monday,30,NO CONTROLS,CLEAR,"DARKNESS, LIGHTED ROAD",OTHER OBJECT,DRY,INJURY AND / OR TOW DUE TO CRASH,"OVER $1,500",UNABLE TO DETERMINE,1,FATAL,1.0,1.0,0.0,4,2,4,41.78198966,-87.74255508,"['04/10/2023', '04:05:00', 'AM']",FATAL without Device
30f5228e69fddb5d131b4af02320e770315c20cd88c149cda4831dfd47b79900d0d2f9192fc4e0627fd336e56294bd773d0d8e025f6a8e623fdbc57ad2cb8fa0,2023-04-10 03:35:00,Monday,30,NO CONTROLS,CLEAR,"DARKNESS, LIGHTED ROAD",REAR END,DRY,INJURY AND / OR TOW DUE TO CRASH,"OVER $1,500",FAILING TO REDUCE SPEED TO AVOID CRASH,2,INCAPACITATING INJURY,2.0,0.0,2.0,3,2,4,41.91718157,-87.71596006,"['04/10/2023', '03:35:00', 'AM']",INCAPACITATING INJURY without Device
92a9fa76113e8f6705ac13b5e295c01914b491795490d00a82c240d19d66d83b8a0643cfeb2607b0e0ff3c57a63ca3db1966b4a589a5feb5bdb4172b38a8dfb1,2023-04-09 20:57:00,Sunday,30,NO CONTROLS,CLEAR,"DARKNESS, LIGHTED ROAD",SIDESWIPE SAME DIRECTION,DRY,INJURY AND / OR TOW DUE TO CRASH,"OVER $1,500",UNABLE TO DETERMINE,2,INCAPACITATING INJURY,1.0,0.0,1.0,20,1,4,41.92295108,-87.69751028,"['04/09/2023', '08:57:00', 'PM']",INCAPACITATING INJURY without Device
9cdbbb559bf272cc50c31586e55613d57e633d35a88f15f7cb14006c3a9714968f5febb60209890c39e3c834b99d4562e1c757762005a69e9d974227519f8a39,2023-04-09 16:45:00,Sunday,30,NO CONTROLS,CLEAR,DAYLIGHT,PARKED MOTOR VEHICLE,DRY,INJURY AND / OR TOW DUE TO CRASH,"$501 - $1,500",FAILING TO REDUCE SPEED TO AVOID CRASH,3,INCAPACITATING INJURY,1.0,0.0,1.0,16,1,4,41.71148423,-87.61859544,"['04/09/2023', '04:45:00', 'PM']",INCAPACITATING INJURY without Device
f28c15a2300a39355e8291079a3f5a556dee0a26ac5700384c0cdafc016eafe92d4f3a9153ab5741172f650f4c51c8899b1e50b343a3c299c474da7c22b62d21,2023-04-09 16:42:00,Sunday,30,TRAFFIC SIGNAL,CLEAR,DAYLIGHT,TURNING,DRY,INJURY AND / OR TOW DUE TO CRASH,"OVER $1,500",FAILING TO YIELD RIGHT-OF-WAY,2,INCAPACITATING INJURY,2.0,0.0,1.0,16,1,4,41.89672093,-87.62992258,"['04/09/2023', '04:42:00', 'PM']",INCAPACITATING INJURY with Device
f1587c93a68ee2dc671298d50ad610fb4e299625b0a63a6f62a2c0ea36c0cabd84fb99b84a59df8294e65f9d35c1e7f35d2c803a01a03a1e3f0be2fa1aa5cb06,2023-04-09 10:05:00,Sunday,30,STOP SIGN/FLASHER,CLEAR,DAYLIGHT,PEDESTRIAN,DRY,INJURY AND / OR TOW DUE TO CRASH,"OVER $1,500",FAILING TO YIELD RIGHT-OF-WAY,2,INCAPACITATING INJURY,1.0,0.0,1.0,10,1,4,41.84455899,-87.70997437,"['04/09/2023', '10:05:00', 'AM']",INCAPACITATING INJURY with Device