CRASH_RECORD_ID,CRASH_DATE,Weekday,POSTED_SPEED_LIMIT,TRAFFIC_CONTROL_DEVICE,WEATHER_CONDITION,LIGHTING_CONDITION,FIRST_CRASH_TYPE,ROADWAY_SURFACE_COND,CRASH_TYPE,DAMAGE,PRIM_CONTRIBUTORY_CAUSE,NUM_UNITS,MOST_SEVERE_INJURY,INJURIES_TOTAL,INJURIES_FATAL,INJURIES_INCAPACITATING,CRASH_HOUR,CRASH_DAY_OF_WEEK,CRASH_MONTH,LATITUDE,LONGITUDE,CRASH_TIME,CATEGORIES
414d5603ce955105201023bc9d8885805ecec6b6f5ae953b98ba34e06d805d44694d92a0a44cd0b560dabde80e7110f17a14af4f1cfadbe3716b8729ab3be1e8,2023-04-08 22:05:00,Saturday,30,STOP SIGN/FLASHER,CLEAR,"DARKNESS, LIGHTED ROAD",PEDESTRIAN,DRY,INJURY AND / OR TOW DUE TO CRASH,"OVER $1,500",UNABLE TO DETERMINE,2,INCAPACITATING INJURY,1.0,0.0,1.0,22,7,4,41.80725439,-87.58667436,"['04/08/2023', '10:05:00', 'PM']",INCAPACITATING INJURY with Device
ef6cdc3b119a9bcf0d142cb03015dff793329adc9b4df2481e4b727abf350ee8e3cdcff8f97aa292b0dc43bcc9cd258775cbe52a0f19891120b2a99d5395e317,2023-04-08 21:29:00,Saturday,30,TRAFFIC SIGNAL,CLEAR,"DARKNESS, LIGHTED ROAD",OTHER OBJECT,DRY,INJURY AND / OR TOW DUE TO CRASH,"OVER $1,500",UNABLE TO DETERMINE,1,FATAL,1.0,1.0,0.0,21,7,4,41.76213628,-87.60563349,"['04/08/2023', '09:29:00', 'PM']",FATAL with Device
ba34b9aeef7e247a5071e154c7cc581215eb86e7bef7df6745f86c1ea4aa1a74d145edccf44b3abd790c49442a2101cbe8a2aeb4dbc0f6e36a930986c2e68284,2023-04-08 19:27:00,Saturday,30,TRAFFIC SIGNAL,CLEAR,DUSK,PARKED MOTOR VEHICLE,DRY,INJURY AND / OR TOW DUE TO CRASH,"OVER $1,500",IMPROPER LANE USAGE,6,INCAPACITATING INJURY,4.0,0.0,1.0,19,7,4,41.75080177,-87.60507866,"['04/08/2023', '07:27:00', 'PM']",INCAPACITATING INJURY with Device
16289176b03fa946a9fa8a19f088c14c5239a7ab69af02b6d2b28de86ca8afa2df2377c58fbde9e0ac45e7296fb58d65cf0b435ec583b556a422f00fb869e97c,2023-04-08 17:42:00,Saturday,30,STOP SIGN/FLASHER,CLEAR,DAYLIGHT,ANGLE,DRY,INJURY AND / OR TOW DUE TO CRASH,"OVER $1,500",FAILING TO YIELD RIGHT-OF-WAY,2,INCAPACITATING INJURY,1.0,0.0,1.0,17,7,4,41.86241133,-87.72643082,"['04/08/2023', '05:42:00', 'PM']",INCAPACITATING INJURY with Device
daf5e3bdae5f8e5d1de69a09b1749a6b191bfadf3235a75033be10a7131be12a7fbf9b0eb7e12fbedfad539efb22b1f650261171170c633c86933fada685971b,2023-04-08 11:58:00,Saturday,30,TRAFFIC SIGNAL,CLEAR,DAYLIGHT,TURNING,DRY,INJURY AND / OR TOW DUE TO CRASH,"OVER $1,500",DISREGARDING TRAFFIC SIGNALS,2,INCAPACITATING INJURY,1.0,0.0,1.0,11,7,4,41.87085211,-87.71083384,"['04/08/2023', '11:58:00', 'AM']",INCAPACITATING INJURY with Device
8c60e648b5cd5565896152c3df1ac9edc48e639efa8427c40e485052d0598cfd5e6e005633eafffb204a5391662991c47717b2b85ab9f9bdd00507e5510b0645,2023-04-08 11:38:00,Saturday,30,TRAFFIC SIGNAL,CLEAR,DAYLIGHT,REAR END,DRY,INJURY AND / OR TOW DUE TO CRASH,"OVER $1,500",FAILING TO REDUCE SPEED TO AVOID CRASH,2,INCAPACITATING INJURY,1.0,0.0,1.0,11,7,4,41.83212713,-87.69502146,"['04/08/2023', '11:38:00', 'AM']",INCAPACITATING INJURY with Device
427281dec6feae8b960e6f5ff12585669ce36d3d694bb9dfecf0ffdba079b7ca9444f6e4b6adc7f760bad26a80a556cc581decfe9b8ac132e9118cf83beb3aed,2023-04-08 02:15:00,Saturday,30,NO CONTROLS,CLEAR,"DARKNESS, LIGHTED ROAD",FIXED OBJECT,DRY,INJURY AND / OR TOW DUE TO CRASH,"OVER $1,500",FAILING TO REDUCE SPEED TO AVOID CRASH,1,INCAPACITATING INJURY,1.0,0.0,1.0,2,7,4,41.93396564,-87.72689274,"['04/08/2023', '02:15:00', 'AM']",INCAPACITATING INJURY without Device
22f58bf5cad9a2ad4f91f7dc7bfccc585102fba9c0286b986abf2d61572475cfd7cabffc0253792998695095726ddc2df04d8ed5c2c09943bf53f080d71b15ae,2023-04-08 02:10:00,Saturday,30,NO CONTROLS,CLEAR,"DARKNESS, LIGHTED ROAD",PARKED MOTOR VEHICLE,DRY,INJURY AND / OR TOW DUE TO CRASH,"OVER $1,500",FAILING TO REDUCE SPEED TO AVOID CRASH,4,INCAPACITATING INJURY,1.0,0.0,1.0,2,7,4,41.8853819,-87.70147497,"['04/08/2023', '02:10:00', 'AM']",INCAPACITATING INJURY without Device
2fcd0972f5ee45b2503e57934d6bd9c6c6f6bf6dd20f53120e08698489f6eecb0e00584a193a4ad7425d839d69f69255d515f5c9b10266d35564a5d4c8506cc8,2023-04-07 22:40:00,Friday,30,TRAFFIC SIGNAL,CLEAR,"DARKNESS, LIGHTED ROAD",ANGLE,DRY,INJURY AND / OR TOW DUE TO CRASH,"OVER $1,500",UNABLE TO DETERMINE,2,INCAPACITATING INJURY,2.0,0.0,1.0,22,6,4,41.76509189,-87.64447019,"['04/07/2023', '10:40:00', 'PM']",INCAPACITATING INJURY with Device
b9f450837c4b1707693f550fa785a090edd6abd1cf20bb6205591f39dd93fc29b90c9a8553cb43df78fb220892e2376ca9aef51d851d9f5c4a7b3349416ed701,2023-04-07 21:37:00,Friday,30,TRAFFIC SIGNAL,CLEAR,DARKNESS,REAR END,DRY,INJURY AND / OR TOW DUE TO CRASH,"OVER $1,500",FOLLOWING TOO CLOSELY,2,INCAPACITATING INJURY,1.0,0.0,1.0,21,6,4,41.78288864,-87.67414463,"['04/07/2023', '09:37:00', 'PM']",INCAPACITATING INJURY with Device
5f86173912e36959a08c2a0597ae24263d15223976382433c4605b5ba4ee18166f9036c4cba5054a94e49ecd7cd9e1ac026e7f17727f5311a2ba329633da6f13,2023-04-07 11:10:00,Friday,30,TRAFFIC SIGNAL,CLEAR,DAYLIGHT,REAR END,DRY,INJURY AND / OR TOW DUE TO CRASH,$500 OR LESS,UNABLE TO DETERMINE,2,INCAPACITATING INJURY,1.0,0.0,1.0,11,6,4,41.70702301,-87.62841572,"['04/07/2023', '11:10:00', 'AM']",INCAPACITATING INJURY with Device
2153cbc5f9843fd00243e7f3df534c681b96e6fb88d6af0b17b88d4a24086257371cbdc8030dba607c87d4ca7d3468f05d340da16f75366f61eaf932ec72f5e2,2023-04-07 05:30:00,Friday,30,NO CONTROLS,CLEAR,"DARKNESS, LIGHTED ROAD",PEDESTRIAN,DRY,INJURY AND / OR TOW DUE TO CRASH,"OVER $1,500",UNABLE TO DETERMINE,2,INCAPACITATING INJURY,1.0,0.0,1.0,5,6,4,41.76502674,-87.66316116,"['04/07/2023', '05:30:00', 'AM']",INCAPACITATING INJURY without Device
4d34ee97b8702da72dae30a32c26b37424a8816c4af445dd8959e80247ad885f42ebf91b09a9d0a9d4e7bb2993528b3a6e8906d4412965dbe5b925ba6a62ecbb,2023-04-07 02:05:00,Friday,30,TRAFFIC SIGNAL,CLEAR,"DARKNESS, LIGHTED ROAD",HEAD ON,DRY,INJURY AND / OR TOW DUE TO CRASH,"OVER $1,500",DRIVING ON WRONG SIDE/WRONG WAY,2,INCAPACITATING INJURY,6.0,0.0,5.0,2,6,4,41.74718948,-87.57979915,"['04/07/2023', '02:05:00', 'AM']",INCAPACITATING INJURY with Device
56093028e3e8e997344c0e3ec2e40f33795b3230fbd7ea0aa5a923603c247791bae317c74668c1eeba2d134026ca2acbc4463d856c3998e136ed2afdca1b6999,2023-04-07 00:52:00,Friday,30,TRAFFIC SIGNAL,CLEAR,"DARKNESS, LIGHTED ROAD",ANGLE,DRY,INJURY AND / OR TOW DUE TO CRASH,"OVER $1,500",UNABLE TO DETERMINE,2,INCAPACITATING INJURY,4.0,0.0,1.0,0,6,4,41.79422529,-87.62583602,"['04/07/2023', '12:52:00', 'AM']",INCAPACITATING INJURY with Device
513f296a9b910795f3c107234be47415b5cdce672b995eb722f9dc2874c93e9f51da961350afc4e2c7274a753e1f6f84b943b9327537bec9a7afc533feba6d64,2023-04-06 15:58:00,Thursday,35,NO CONTROLS,CLEAR,DAYLIGHT,HEAD ON,DRY,INJURY AND / OR TOW DUE TO CRASH,"OVER $1,500",UNABLE TO DETERMINE,2,INCAPACITATING INJURY,1.0,0.0,1.0,15,5,4,41.86601841,-87.74364599,"['04/06/2023', '03:58:00', 'PM']",INCAPACITATING INJURY without Device
54673c282ef55548210e1df2d67db29c68befb850401a1c2daa74b1bd659e85bcca489215e5d4658a0d1f53307d545eee2c7e353149ac068224e3b5ceff7fbbe,2023-04-06 12:10:00,Thursday,40,NO CONTROLS,CLEAR,DAYLIGHT,SIDESWIPE SAME DIRECTION,DRY,INJURY AND / OR TOW DUE TO CRASH,"OVER $1,500",FAILING TO YIELD RIGHT-OF-WAY,3,INCAPACITATING INJURY,3.0,0.0,3.0,12,5,4,41.97662163,-87.65079003,"['04/06/2023', '12:10:00', 'PM']",INCAPACITATING INJURY without Device
85a328aad02094142bbd676493659c5cf88f6d18e2a5bd4b4ef235c9ab8d189af349219e14b9c23c49b3e284da5af5bebbf45bd16254cc3b02b5cec1f27910e5,2023-04-06 10:30:00,Thursday,30,NO CONTROLS,CLEAR,DAYLIGHT,TURNING,DRY,INJURY AND / OR TOW DUE TO CRASH,"OVER $1,500",IMPROPER TURNING/NO SIGNAL,2,INCAPACITATING INJURY,1.0,0.0,1.0,10,5,4,41.83460712,-87.62347145,"['04/06/2023', '10:30:00', 'AM']",INCAPACITATING INJURY without Device
01f8adb37bb3e91eea390bb102b6999cf4119d2d060e6b256c364722f7d469aa14a4b888a706d2b6bb68a151e9b86ed38374ac5809c8af62a70d3bf6ccb86214,2023-04-05 20:30:00,Wednesday,30,NO CONTROLS,CLOUDY/OVERCAST,"DARKNESS, LIGHTED ROAD",PARKED MOTOR VEHICLE,DRY,INJURY AND / OR TOW DUE TO CRASH,"OVER $1,500","OPERATING VEHICLE IN ERRATIC, RECKLESS, CARELESS, NEGLIGENT OR AGGRESSIVE MANNER",3,INCAPACITATING INJURY,1.0,0.0,1.0,20,4,4,41.77218095,-87.67419784,"['04/05/2023', '08:30:00', 'PM']",INCAPACITATING INJURY without Device
de24090779f31c11344b7852d87a4710c3bcbbc4f03af2f31a7567d9a6145bce85da510935910f1ae5fed27a5af4eb3eb42d0890df17db6b36e434b4a7a122db,2023-04-05 16:39:00,Wednesday,30,TRAFFIC SIGNAL,CLEAR,DAYLIGHT,REAR END,DRY,INJURY AND / OR TOW DUE TO CRASH,"$501 - $1,500",UNABLE TO DETERMINE,2,INCAPACITATING INJURY,4.0,0.0,1.0,16,4,4,41.88124998,-87.67649408,"['04/05/2023', '04:39:00', 'PM']",INCAPACITATING INJURY with Device
529fcb53480173878421cb4751c227329e5893006680de8bbe30e9f319eea3f79222d6513282f1acd147d044b1b6e9504d5986dc8d010c31dd03686e07f49db1,2023-04-05 16:30:00,Wednesday,30,NO CONTROLS,CLEAR,DAYLIGHT,HEAD ON,DRY,INJURY AND / OR TOW DUE TO CRASH,"OVER $1,500",UNABLE TO DETERMINE,2,INCAPACITATING INJURY,1.0,0.0,1.0,16,4,4,41.86637792,-87.7179401,"['04/05/2023', '04:30:00', 'PM']",INCAPACITATING INJURY without Device
f8248e2040eb9cc9f9a3b6759409f025b9e0636bf0d660303ecfc3296b9c8ba6e4fb3840191d139baae66513ef8cac6dd2341753a905aec8260f265c7e5179fe,2023-04-05 14:20:00,Wednesday,30,TRAFFIC SIGNAL,CLEAR,DAYLIGHT,ANGLE,DRY,INJURY AND / OR TOW DUE TO CRASH,"OVER $1,500",NOT APPLICABLE,2,INCAPACITATING INJURY,1.0,0.0,1.0,14,4,4,41.73634178,-87.61922559,"['04/05/2023', '02:20:00', 'PM']",INCAPACITATING INJURY with Device
c97bea3b550dee6eed6f45079d907b5957c109622fdf2595f392482e44c4904078dec7eb2d857bacd3d5a247879a2cb1b2118186c3824fe6594cd9402cf8453d,2023-04-05 10:22:00,Wednesday,30,NO CONTROLS,CLEAR,DAYLIGHT,PARKED MOTOR VEHICLE,DRY,INJURY AND / OR TOW DUE TO CRASH,"OVER $1,500",UNDER THE INFLUENCE OF ALCOHOL/DRUGS (USE WHEN ARREST IS EFFECTED),2,INCAPACITATING INJURY,2.0,0.0,1.0,10,4,4,41.76216877,-87.56264124,"['04/05/2023', '10:22:00', 'AM']",INCAPACITATING INJURY without Device
c4d94bb19459691ae122ac258fb896f0240a862235b572395af1a0e41934bcb50983b5f1c42e5e3a4fac0767f7afa19f8b04294c6c372e8bdeb0ee48be834999,2023-04-05 07:46:00,Wednesday,30,TRAFFIC SIGNAL,RAIN,DAYLIGHT,REAR END,WET,INJURY AND / OR TOW DUE TO CRASH,$500 OR LESS,FOLLOWING TOO CLOSELY,2,INCAPACITATING INJURY,1.0,0.0,1.0,7,4,4,41.90928499,-87.78185847,"['04/05/2023', '07:46:00', 'AM']",INCAPACITATING INJURY with Device
1f95e45e8debf8033fffdd30e415fb4f306970c3670a2f65833db8ae58647feed11837088fdccfef8ac4ff312c1bd10980dfd67d94e5a16f5c2337081009df60,2023-04-05 06:12:00,Wednesday,30,TRAFFIC SIGNAL,RAIN,DAWN,ANGLE,WET,INJURY AND / OR TOW DUE TO CRASH,"OVER $1,500",DISREGARDING OTHER TRAFFIC SIGNS,2,INCAPACITATING INJURY,4.0,0.0,3.0,6,4,4,41.86592916,-87.73453081,"['04/05/2023', '06:12:00', 'AM']",INCAPACITATING INJURY with Device
4d01c9c75faab8e48866830ab051a357eda9cf4799a762664a2ab5b0a9bd246cb51d20cf2295e3f30f0123da82c0dc263342060d8866d5b01b89d3f105b842f1,2023-04-05 06:10:00,Wednesday,35,TRAFFIC SIGNAL,RAIN,DAYLIGHT,ANGLE,WET,INJURY AND / OR TOW DUE TO CRASH,"OVER $1,500",DISREGARDING TRAFFIC SIGNALS,3,INCAPACITATING INJURY,2.0,0.0,2.0,6,4,4,41.75859606,-87.61019824,"['04/05/2023', '06:10:00', 'AM']",INCAPACITATING INJURY with Device
ce36074ca97e7a6010458ad8d0d7c67f44c6e6c25c5169d09f8950517839d6d795d550635fb888ecbd653c6446e3724186dc962dc51529d1b1c0f39d4260d063,2023-04-04 21:31:00,Tuesday,30,TRAFFIC SIGNAL,RAIN,"DARKNESS, LIGHTED ROAD",PARKED MOTOR VEHICLE,WET,INJURY AND / OR TOW DUE TO CRASH,"OVER $1,500",FAILING TO REDUCE SPEED TO AVOID CRASH,7,INCAPACITATING INJURY,1.0,0.0,1.0,21,3,4,41.852637,-87.6224087,"['04/04/2023', '09:31:00', 'PM']",INCAPACITATING INJURY with Device
f9b04de531242838bc1d9742a6f538cc3b19fa804e828b7ff0ea933ae069f5a65f3ef88dd2ade4fc2e1c94aad69dc148d097329e27c5ce442483203f788d82f0,2023-04-04 20:15:00,Tuesday,30,NO CONTROLS,RAIN,"DARKNESS, LIGHTED ROAD",PARKED MOTOR VEHICLE,WET,INJURY AND / OR TOW DUE TO CRASH,"OVER $1,500",WEATHER,4,INCAPACITATING INJURY,1.0,0.0,1.0,20,3,4,41.99787948,-87.68759515,"['04/04/2023', '08:15:00', 'PM']",INCAPACITATING INJURY without Device
48f014bfe129d33fced8f36d544f27eba55261b50639b5df45db75abc96f72b3ca87b18f793260f2700644d093548ac4d4dc7e617b63d00be7a44c600ddd2b73,2023-04-04 14:07:00,Tuesday,30,TRAFFIC SIGNAL,RAIN,DAYLIGHT,PEDESTRIAN,WET,INJURY AND / OR TOW DUE TO CRASH,"OVER $1,500",WEATHER,2,INCAPACITATING INJURY,1.0,0.0,1.0,14,3,4,41.98995709,-87.66011814,"['04/04/2023', '02:07:00', 'PM']",INCAPACITATING INJURY with Device
202cc4766bfdf10ee906735e1b0a4a2292918d16f78389f88b7f920aeae08bcb797e5b008b86b70294165d7395b91d2c393d6379efb5d973ae0a9eac7a26ceff,2023-04-04 07:35:00,Tuesday,30,TRAFFIC SIGNAL,RAIN,DAYLIGHT,PEDESTRIAN,WET,INJURY AND / OR TOW DUE TO CRASH,"OVER $1,500",UNABLE TO DETERMINE,2,INCAPACITATING INJURY,1.0,0.0,1.0,7,3,4,41.92166327,-87.66869924,"['04/04/2023', '07:35:00', 'AM']",INCAPACITATING INJURY with Device
3533431eca159e0537793e496114716d9be02815875c73d7ebf7b1ff318056aa56546935582446aa4ba3cfbdb41b5ccdae15c918446171a2e047edcaaea9ad97,2023-04-04 06:20:00,Tuesday,30,NO CONTROLS,RAIN,DAYLIGHT,PEDESTRIAN,WET,INJURY AND / OR TOW DUE TO CRASH,"OVER $1,500",UNABLE TO DETERMINE,2,INCAPACITATING INJURY,1.0,0.0,1.0,6,3,4,41.97940335,-87.77928298,"['04/04/2023', '06:20:00', 'AM']",INCAPACITATING INJURY without Device
e3df6fca94391c26681cceb9dab537ceb65c9037362625db59c6118c13cba1859afbaecb5755fa3b9adcea449aba6abd66dc911fa66e033259907bf3638faec0,2023-04-04 06:00:00,Tuesday,30,TRAFFIC SIGNAL,CLEAR,DAWN,PEDESTRIAN,DRY,INJURY AND / OR TOW DUE TO CRASH,$500 OR LESS,UNABLE TO DETERMINE,2,INCAPACITATING INJURY,1.0,0.0,1.0,6,3,4,41.85152586,-87.72461122,"['04/04/2023', '06:00:00', 'AM']",INCAPACITATING INJURY with Device
a32187c9c7e6db911f19d63520da1b3c055fe2f263c16f0f80f503c15e0c109d503527ccae0c569244509afd9109d61001550e736b5b45dd7bb3ba4f97223de4,2023-04-03 15:30:00,Monday,30,NO CONTROLS,CLEAR,DAYLIGHT,ANGLE,DRY,INJURY AND / OR TOW DUE TO CRASH,"OVER $1,500",FAILING TO YIELD RIGHT-OF-WAY,2,INCAPACITATING INJURY,1.0,0.0,1.0,15,2,4,41.77517592,-87.59444959,"['04/03/2023', '03:30:00', 'PM']",INCAPACITATING INJURY without Device
55279d95804bd9e04576a24e969215477389ea2f4d67d70de9012f5ecc4992f67f47d46934543b9124890c631519f40f7c0a0eb8e171f2e9a332b4329e298b76,2023-04-03 14:47:00,Monday,30,TRAFFIC SIGNAL,CLOUDY/OVERCAST,DAYLIGHT,ANGLE,DRY,INJURY AND / OR TOW DUE TO CRASH,"OVER $1,500",UNABLE TO DETERMINE,2,INCAPACITATING INJURY,1.0,0.0,1.0,14,2,4,41.87345441,-87.72555984,"['04/03/2023', '02:47:00', 'PM']",INCAPACITATING INJURY with Device
3e60316bd934f2592a5c25caef721df974a27d3febd8c40bde3182c0bc7ae98987afe12110b720cc9b5260e6ce36e66a1734a7fb268d425bd7061b9e924952e0,2023-04-03 14:30:00,Monday,30,TRAFFIC SIGNAL,CLEAR,DAYLIGHT,ANGLE,DRY,INJURY AND / OR TOW DUE TO CRASH,"OVER $1,500",DISREGARDING TRAFFIC SIGNALS,2,INCAPACITATING INJURY,2.0,0.0,1.0,14,2,4,41.74371097,-87.61488112,"['04/03/2023', '02:30:00', 'PM']",INCAPACITATING INJURY with Device
deb338531fe06283a882043de181b3cdf6f1939ca01bb12782e3ea67bec9f8d50303da29e3990df3867ed4239d6e8525551a36694abe5bb98a5d43d359e36213,2023-04-02 18:16:00,Sunday,30,NO CONTROLS,CLEAR,DAYLIGHT,PEDESTRIAN,DRY,INJURY AND / OR TOW DUE TO CRASH,$500 OR LESS,"VISION OBSCURED (SIGNS, TREE LIMBS, BUILDINGS, ETC.)",2,INCAPACITATING INJURY,1.0,0.0,1.0,18,1,4,41.75184188,-87.56592255,"['04/02/2023', '06:16:00', 'PM']",INCAPACITATING INJURY without Device
338dbb1d0444989d1073a42341b9c1418f082dad0de2cac82b1a98d9f27062d57a76b3e53ba035ed10422dfc68d22db7ad2eaf808a69ebe0640a1eecd6f97019,2023-04-02 15:21:00,Sunday,30,TRAFFIC SIGNAL,CLEAR,DAYLIGHT,PEDESTRIAN,DRY,INJURY AND / OR TOW DUE TO CRASH,"OVER $1,500",DISREGARDING TRAFFIC SIGNALS,3,INCAPACITATING INJURY,2.0,0.0,2.0,15,1,4,41.89678807,-87.62813463,"['04/02/2023', '03:21:00', 'PM']",INCAPACITATING INJURY with Device
f7d62be930b09e06838b64816b056e13371d2acb7614a23a448f82b6499fbbeb06e1373c23ded5d779bc10e6dd96df0cfdfc29a715e005d3fe679c6f4b9c311c,2023-04-02 15:20:00,Sunday,30,TRAFFIC SIGNAL,CLEAR,DAYLIGHT,TURNING,DRY,INJURY AND / OR TOW DUE TO CRASH,"OVER $1,500",IMPROPER TURNING/NO SIGNAL,2,INCAPACITATING INJURY,2.0,0.0,1.0,15,1,4,41.73576426,-87.6727982,"['04/02/2023', '03:20:00', 'PM']",INCAPACITATING INJURY with Device
49c648ca14da0a63845ffb6710200cb39a8f5809765a8cc1d9684251b0dd585b0512b028d72c64aa3061e19e4123a0097387daa2951e56e6546311bc8901560a,2023-04-02 14:23:00,Sunday,25,NO CONTROLS,CLEAR,DAYLIGHT,OTHER OBJECT,DRY,INJURY AND / OR TOW DUE TO CRASH,"OVER $1,500",NOT APPLICABLE,1,INCAPACITATING INJURY,1.0,0.0,1.0,14,1,4,41.8866114,-87.61903612,"['04/02/2023', '02:23:00', 'PM']",INCAPACITATING INJURY without Device
f25ff58c7eb266e9011dc74b90294b10d3f9160e130d3558e4801063d7f255a04ede03376b4c1f10b1967f9025d50902776408695c721d5307092cbedec9b8f6,2023-04-02 04:12:00,Sunday,30,TRAFFIC SIGNAL,CLEAR,"DARKNESS, LIGHTED ROAD",ANGLE,DRY,INJURY AND / OR TOW DUE TO CRASH,"OVER $1,500",DISREGARDING TRAFFIC SIGNALS,4,INCAPACITATING INJURY,1.0,0.0,1.0,4,1,4,41.90787167,-87.6317171,"['04/02/2023', '04:12:00', 'AM']",INCAPACITATING INJURY with Device
445a6ddfccf17414d8d1f7a4304656c615accc679e64f2fb12fb3bbe5752a0524549122cf6144e2c948d3e8764b31a21fcd25535c7ebf15525f718edf1a02092,2023-04-02 03:42:00,Sunday,30,STOP SIGN/FLASHER,CLEAR,"DARKNESS, LIGHTED ROAD",SIDESWIPE SAME DIRECTION,DRY,INJURY AND / OR TOW DUE TO CRASH,"OVER $1,500",FAILING TO REDUCE SPEED TO AVOID CRASH,3,INCAPACITATING INJURY,3.0,0.0,1.0,3,1,4,41.8171586,-87.7041823,"['04/02/2023', '03:42:00', 'AM']",INCAPACITATING INJURY with Device
0755bf52a9dca9995a610ad14e6d8a222588f1bd40d5e16a94e87b8900f43663cfdc2bcc8a0102f04c82640fdc536eeefa33d621d9473c25c4354aca976b3147,2023-04-02 03:03:00,Sunday,35,TRAFFIC SIGNAL,CLEAR,"DARKNESS, LIGHTED ROAD",TURNING,DRY,INJURY AND / OR TOW DUE TO CRASH,"OVER $1,500",FAILING TO YIELD RIGHT-OF-WAY,2,INCAPACITATING INJURY,3.0,0.0,1.0,3,1,4,41.86980688,-87.64367009,"['04/02/2023', '03:03:00', 'AM']",INCAPACITATING INJURY with Device
573e0434b95fe5e0365cb3c815fef1090e7fffed0f67340b08adb12d56cd82ca29b4db3d9ab10a38cc79f4cfe61008fc0e3f5fc5d83a487b826c525b0c53dd59,2023-04-01 23:15:00,Saturday,30,STOP SIGN/FLASHER,CLEAR,"DARKNESS, LIGHTED ROAD",REAR TO FRONT,DRY,INJURY AND / OR TOW DUE TO CRASH,"$501 - $1,500",UNABLE TO DETERMINE,2,INCAPACITATING INJURY,1.0,0.0,1.0,23,7,4,41.95222086,-87.83317512,"['04/01/2023', '11:15:00', 'PM']",INCAPACITATING INJURY with Device
4c969be15de122fb3208769e972c4592e4ad0e5e044480ae02522fafe3c56177bfaa81118e0adaa9099a94d765d01b82581b8190e93952a09a3ef7ab380be93e,2023-04-01 23:10:00,Saturday,35,NO CONTROLS,CLOUDY/OVERCAST,"DARKNESS, LIGHTED ROAD",FIXED OBJECT,WET,INJURY AND / OR TOW DUE TO CRASH,"OVER $1,500",UNABLE TO DETERMINE,1,INCAPACITATING INJURY,1.0,0.0,1.0,23,7,4,41.92694073,-87.70713583,"['04/01/2023', '11:10:00', 'PM']",INCAPACITATING INJURY without Device
cff8c8669712808755d356882edd0adc8214fb53b55ca5c21b65310d6bdeefaff4be4f955110484ce143cd50ba3af9ff476a3157c9b88dd5bd7c717e14f74d78,2023-04-01 21:43:00,Saturday,35,NO CONTROLS,CLEAR,"DARKNESS, LIGHTED ROAD",HEAD ON,DRY,INJURY AND / OR TOW DUE TO CRASH,"OVER $1,500",DRIVING SKILLS/KNOWLEDGE/EXPERIENCE,2,INCAPACITATING INJURY,1.0,0.0,1.0,21,7,4,41.77859832,-87.73727488,"['04/01/2023', '09:43:00', 'PM']",INCAPACITATING INJURY without Device
7002db4b77d49ca183f287366e3b282eca5fab68493d0cbeed78eefa3b2fe99f850020e3e0ff639408e3623f09f690386d0ea5149a287da266fbfbf84e3e92f6,2023-04-01 14:37:00,Saturday,30,NO CONTROLS,CLEAR,DAYLIGHT,REAR END,DRY,INJURY AND / OR TOW DUE TO CRASH,"OVER $1,500",FAILING TO YIELD RIGHT-OF-WAY,2,INCAPACITATING INJURY,2.0,0.0,1.0,14,7,4,41.74078684,-87.58588163,"['04/01/2023', '02:37:00', 'PM']",INCAPACITATING INJURY without Device
d50ee8118d382e32e5d680fae341d073e5e47181871cd13316cda2b3a7d5ea1b51dae1d9d6052eebe35a922b66d79e1b788651c0d284c2059e65b06662f671ed,2023-04-01 02:45:00,Saturday,30,NO CONTROLS,CLEAR,"DARKNESS, LIGHTED ROAD",SIDESWIPE SAME DIRECTION,DRY,INJURY AND / OR TOW DUE TO CRASH,"$501 - $1,500",IMPROPER OVERTAKING/PASSING,3,INCAPACITATING INJURY,1.0,0.0,1.0,2,7,4,41.73657012,-87.60245167,"['04/01/2023', '02:45:00', 'AM']",INCAPACITATING INJURY without Device
d2bf1aeb12ef262839d82975bda88f62159c933e2c1967dd024280ebcbf7798df749fdade4874d01435edc6d0ca5931d8819b7e6c4ee19f6a6bd9edcc81c5704,2023-04-01 00:35:00,Saturday,30,NO CONTROLS,CLEAR,"DARKNESS, LIGHTED ROAD",OTHER OBJECT,DRY,INJURY AND / OR TOW DUE TO CRASH,"OVER $1,500",IMPROPER OVERTAKING/PASSING,1,INCAPACITATING INJURY,2.0,0.0,1.0,0,7,4,41.87622255,-87.76456855,"['04/01/2023', '12:35:00', 'AM']",INCAPACITATING INJURY without Device
8989f51553dd529cbd608d2d87048b992ec89878fda384c843b3f007b1b73a90062cfc3142442017aa963d40d72139af50ec1e946408bf57d24c61ebf08f9b7b,2023-03-31 21:40:00,Friday,30,TRAFFIC SIGNAL,CLOUDY/OVERCAST,"DARKNESS, LIGHTED ROAD",PEDESTRIAN,WET,INJURY AND / OR TOW DUE TO CRASH,"OVER $1,500",UNABLE TO DETERMINE,2,INCAPACITATING INJURY,1.0,0.0,1.0,21,6,3,41.97818309,-87.68909189,"['03/31/2023', '09:40:00', 'PM']",INCAPACITATING INJURY with Device