CRASH_RECORD_ID,CRASH_DATE,Weekday,POSTED_SPEED_LIMIT,TRAFFIC_CONTROL_DEVICE,WEATHER_CONDITION,LIGHTING_CONDITION,FIRST_CRASH_TYPE,ROADWAY_SURFACE_COND,CRASH_TYPE,DAMAGE,PRIM_CONTRIBUTORY_CAUSE,NUM_UNITS,MOST_SEVERE_INJURY,INJURIES_TOTAL,INJURIES_FATAL,INJURIES_INCAPACITATING,CRASH_HOUR,CRASH_DAY_OF_WEEK,CRASH_MONTH,LATITUDE,LONGITUDE,CRASH_TIME,CATEGORIES
59dc9ab7463f899ab63a7534ad1b7825884e70af9153049672c98fa2d594fa9683e69c0558b0afdd030e7855007883aede2e011312ea63cd03e7ca192cfc5ec2,2023-03-21 19:52:00,Tuesday,30,TRAFFIC SIGNAL,CLEAR,"DARKNESS, LIGHTED ROAD",ANGLE,DRY,INJURY AND / OR TOW DUE TO CRASH,"OVER $1,500",FAILING TO YIELD RIGHT-OF-WAY,2,FATAL,8.0,1.0,4.0,19,3,3,41.99021233,-87.71404362,"['03/21/2023', '07:52:00', 'PM']",FATAL with Device
dc4e466498fd28f2bbb3ed93b612717a6f1c160202a56739a26505699cd7f79f987104db16f53fbbabd475818b4df2ff501a7712eff5a894043be8e8a509348c,2023-03-21 19:48:00,Tuesday,30,NO CONTROLS,CLEAR,"DARKNESS, LIGHTED ROAD",REAR END,DRY,INJURY AND / OR TOW DUE TO CRASH,"OVER $1,500",DISTRACTION - FROM INSIDE VEHICLE,4,INCAPACITATING INJURY,1.0,0.0,1.0,19,3,3,41.92223478,-87.80605183,"['03/21/2023', '07:48:00', 'PM']",INCAPACITATING INJURY without Device
12390fafc3209a974caea85bf63d0a8e806382d5964cfc402052d3dd243c13944b9eba64bcccc84ae7a7b506e612e0cc3161bd5c9e27c27ced05b01def9296ab,2023-03-21 17:00:00,Tuesday,25,TRAFFIC SIGNAL,UNKNOWN,UNKNOWN,PEDALCYCLIST,UNKNOWN,INJURY AND / OR TOW DUE TO CRASH,"OVER $1,500",UNABLE TO DETERMINE,2,INCAPACITATING INJURY,1.0,0.0,1.0,17,3,3,41.78379147,-87.61585767,"['03/21/2023', '05:00:00', 'PM']",INCAPACITATING INJURY with Device
cfd3dc41e1f324003d5a2d7151b2feeb00a7d74e6899ccbcdecd5de2dfbcee0e528b72904b1aed0ae20c6c0bb2167f3c10d901d2d4fa3c2c6cb386831b0a22d0,2023-03-21 13:05:00,Tuesday,25,TRAFFIC SIGNAL,CLEAR,DAYLIGHT,PEDESTRIAN,DRY,INJURY AND / OR TOW DUE TO CRASH,$500 OR LESS,NOT APPLICABLE,2,INCAPACITATING INJURY,1.0,0.0,1.0,13,3,3,41.88563529,-87.62953021,"['03/21/2023', '01:05:00', 'PM']",INCAPACITATING INJURY with Device
c7f90c669a409c511ce5ffff67f064711adf8cec426ab00e0783ae87b6c6702cb822a05652d5169aeb15704f3c0237465b58a6c8b7c7ae606d926f48b2ef0f49,2023-03-20 19:54:00,Monday,30,TRAFFIC SIGNAL,CLEAR,DAWN,ANGLE,DRY,INJURY AND / OR TOW DUE TO CRASH,"OVER $1,500",FAILING TO YIELD RIGHT-OF-WAY,2,INCAPACITATING INJURY,1.0,0.0,1.0,19,2,3,41.79398757,-87.68402381,"['03/20/2023', '07:54:00', 'PM']",INCAPACITATING INJURY with Device
74fc492f394f55949c97288b8c0c9817efaaac76d0a1513575fb6fff34fde1021786a51ed17409893a499a32757f027194983c2a51ce4634f6755cb6f081d29f,2023-03-20 08:03:00,Monday,30,NO CONTROLS,CLEAR,DAYLIGHT,HEAD ON,DRY,INJURY AND / OR TOW DUE TO CRASH,"OVER $1,500",IMPROPER LANE USAGE,2,INCAPACITATING INJURY,2.0,0.0,2.0,8,2,3,41.97620114,-87.90530913,"['03/20/2023', '08:03:00', 'AM']",INCAPACITATING INJURY without Device
aae1a72ce13911622d3528165329b6fa3410ba341e3285ba5496b1b851603d46a29db1b7957d00c2a0317a1ce2d28e139cb74a711fca2158ed4a118a723a88e1,2023-03-20 03:38:00,Monday,30,NO CONTROLS,CLEAR,"DARKNESS, LIGHTED ROAD",OTHER OBJECT,DRY,INJURY AND / OR TOW DUE TO CRASH,"OVER $1,500",UNABLE TO DETERMINE,1,INCAPACITATING INJURY,1.0,0.0,1.0,3,2,3,41.72883732,-87.54230239,"['03/20/2023', '03:38:00', 'AM']",INCAPACITATING INJURY without Device
5bb95a3f8978919fc95fc357d0f725048f8b5c8192a62b28d4399e015510ba980d5648658ca2949990f77383d658fe494bf676f84a65e4ab7f7b60358940d84a,2023-03-20 03:10:00,Monday,30,NO CONTROLS,CLEAR,"DARKNESS, LIGHTED ROAD",REAR TO SIDE,DRY,INJURY AND / OR TOW DUE TO CRASH,"$501 - $1,500",FAILING TO REDUCE SPEED TO AVOID CRASH,2,INCAPACITATING INJURY,1.0,0.0,1.0,3,2,3,41.86660341,-87.69576249,"['03/20/2023', '03:10:00', 'AM']",INCAPACITATING INJURY without Device
6c5d62b8fd5af9833777c7edc362a0116582f5f4b9a37ff2b63e57062f0ff8122037d1e3471a0c4e535006a1d2c750508e82ec8b7c1fe727be9790ffb7ee10db,2023-03-20 02:05:00,Monday,25,STOP SIGN/FLASHER,CLEAR,"DARKNESS, LIGHTED ROAD",PARKED MOTOR VEHICLE,DRY,INJURY AND / OR TOW DUE TO CRASH,"OVER $1,500",IMPROPER LANE USAGE,9,INCAPACITATING INJURY,1.0,0.0,1.0,2,2,3,41.74666018,-87.64528675,"['03/20/2023', '02:05:00', 'AM']",INCAPACITATING INJURY with Device
7a0da0b061687f1504462888a773a55ebbe67898d0f96018e9beb885460731a18026dbd761cf4633554bbb244bb8c3af163d227cd81d4f6ce8fba6134e234c8c,2023-03-20 00:07:00,Monday,30,NO CONTROLS,CLEAR,"DARKNESS, LIGHTED ROAD",HEAD ON,DRY,INJURY AND / OR TOW DUE TO CRASH,"OVER $1,500",IMPROPER OVERTAKING/PASSING,3,INCAPACITATING INJURY,4.0,0.0,1.0,0,2,3,41.86927518,-87.65878741,"['03/20/2023', '12:07:00', 'AM']",INCAPACITATING INJURY without Device
a98d1f6d8bf6df2d1f23f4b7425d8ce55c81ded30999b3d8475d04958f8b5660331b50a13ac19fd64fc702aafe92ecfdb8a75a01581d8df49f048d86193fdcf8,2023-03-19 20:50:00,Sunday,30,TRAFFIC SIGNAL,CLEAR,DARKNESS,HEAD ON,DRY,INJURY AND / OR TOW DUE TO CRASH,"OVER $1,500",IMPROPER TURNING/NO SIGNAL,2,INCAPACITATING INJURY,3.0,0.0,3.0,20,1,3,41.86597949,-87.74460988,"['03/19/2023', '08:50:00', 'PM']",INCAPACITATING INJURY with Device
56a4f46c5f0aca1053f105a90d4c38d475522d8b3ff6e2246d1e699237b6ce4e1aaf8c265b4c782aa68979faf52a7479986c997b66104c515213cc91b910403f,2023-03-19 19:00:00,Sunday,30,TRAFFIC SIGNAL,CLEAR,DARKNESS,TURNING,DRY,INJURY AND / OR TOW DUE TO CRASH,"OVER $1,500",FAILING TO YIELD RIGHT-OF-WAY,2,INCAPACITATING INJURY,2.0,0.0,1.0,19,1,3,41.70755033,-87.5943407,"['03/19/2023', '07:00:00', 'PM']",INCAPACITATING INJURY with Device
8153b44ed75998b0917fc9bedb4740c7a42e6b1dbb09e40d55cb86192af565ae2597e56e5ed22cc2bb927da7de551ba5e66266e4e9a2d3bde28458478272caa5,2023-03-19 11:30:00,Sunday,30,STOP SIGN/FLASHER,CLEAR,DAYLIGHT,PEDESTRIAN,DRY,INJURY AND / OR TOW DUE TO CRASH,$500 OR LESS,UNABLE TO DETERMINE,2,INCAPACITATING INJURY,1.0,0.0,1.0,11,1,3,41.84911545,-87.63207812,"['03/19/2023', '11:30:00', 'AM']",INCAPACITATING INJURY with Device
1d089cae52c1682bcf4bc0462b674008169277e631914a184563e9e09be0fec78545a6b5e2e11831f544d02a3a93bda5bc871ee8fb177a083049427a03e79eb3,2023-03-19 11:20:00,Sunday,30,TRAFFIC SIGNAL,CLEAR,DAYLIGHT,REAR END,DRY,INJURY AND / OR TOW DUE TO CRASH,"$501 - $1,500",FOLLOWING TOO CLOSELY,3,INCAPACITATING INJURY,2.0,0.0,1.0,11,1,3,41.68556552,-87.60998904,"['03/19/2023', '11:20:00', 'AM']",INCAPACITATING INJURY with Device
7812141780dc0e73473593aa02bb7f3282af246b537f3c6990d1d91a93193d614a7e29999987b5e94a38e3e8807fe94c10ac5d2c30cc9af8d01d18e3b504aff4,2023-03-19 02:31:00,Sunday,30,NO CONTROLS,CLEAR,"DARKNESS, LIGHTED ROAD",SIDESWIPE SAME DIRECTION,DRY,INJURY AND / OR TOW DUE TO CRASH,"OVER $1,500",IMPROPER OVERTAKING/PASSING,2,INCAPACITATING INJURY,1.0,0.0,1.0,2,1,3,41.89719303,-87.73236212,"['03/19/2023', '02:31:00', 'AM']",INCAPACITATING INJURY without Device
bb855b2e9cb2bfa65845349d7c7697f304fb5c908ea731e5b62a0f78e00c6b11d4e6b715cdaab7d4995a74542b58815d3457b038ebca28bb8581beb2f81c3331,2023-03-19 00:08:00,Sunday,25,TRAFFIC SIGNAL,CLEAR,"DARKNESS, LIGHTED ROAD",ANGLE,DRY,INJURY AND / OR TOW DUE TO CRASH,"OVER $1,500",DISREGARDING TRAFFIC SIGNALS,2,INCAPACITATING INJURY,2.0,0.0,1.0,0,1,3,41.83049924,-87.6753434,"['03/19/2023', '12:08:00', 'AM']",INCAPACITATING INJURY with Device
b9d4626624413bbe876842c561b9f286efdfc7b520458a21726d7ae8c4d1541ccf5f5fa9f358bc61d1698b34f1fffe07bcd52f81143c318c599213b0e2c2d823,2023-03-18 15:03:00,Saturday,30,NO CONTROLS,CLEAR,DAYLIGHT,PEDESTRIAN,DRY,INJURY AND / OR TOW DUE TO CRASH,"OVER $1,500",FAILING TO YIELD RIGHT-OF-WAY,2,INCAPACITATING INJURY,1.0,0.0,1.0,15,7,3,41.96109428,-87.70573754,"['03/18/2023', '03:03:00', 'PM']",INCAPACITATING INJURY without Device
5888b3156233f5ccfde32ab9c51a2dfdec97c884e5a2ef7ce398f6dcbf3609fe2a117a20e7b7ef8d0aa878389c39386e143c22bd49757ef3c9733b5d4b3d47cb,2023-03-17 20:12:00,Friday,30,TRAFFIC SIGNAL,CLEAR,"DARKNESS, LIGHTED ROAD",PEDESTRIAN,DRY,INJURY AND / OR TOW DUE TO CRASH,"OVER $1,500",IMPROPER BACKING,2,INCAPACITATING INJURY,1.0,0.0,1.0,20,6,3,41.86765544,-87.61900707,"['03/17/2023', '08:12:00', 'PM']",INCAPACITATING INJURY with Device
b2ec73ace6fa403a528587eabb7371e403a49e533845e0f5a963110d83ffe1cbe984d55d94023abe59ab7c5415fe9a99cc6e3c685a130a7b6f36d18ef18ccdce,2023-03-17 16:30:00,Friday,30,TRAFFIC SIGNAL,CLEAR,DAYLIGHT,ANGLE,DRY,INJURY AND / OR TOW DUE TO CRASH,"OVER $1,500",DISREGARDING TRAFFIC SIGNALS,2,INCAPACITATING INJURY,3.0,0.0,1.0,16,6,3,41.88614424,-87.73583618,"['03/17/2023', '04:30:00', 'PM']",INCAPACITATING INJURY with Device
8680273f5f3bb7c0c1d5bd6048a0be4a5997556db7850d265aad867592e2d421432f5a50cfa0ea8e102425933d1d16681615b677bdcdb1effb1ffb91288771e4,2023-03-17 14:15:00,Friday,30,TRAFFIC SIGNAL,CLEAR,DAYLIGHT,REAR END,DRY,INJURY AND / OR TOW DUE TO CRASH,"OVER $1,500",DISREGARDING TRAFFIC SIGNALS,2,INCAPACITATING INJURY,1.0,0.0,1.0,14,6,3,41.73623222,-87.64333445,"['03/17/2023', '02:15:00', 'PM']",INCAPACITATING INJURY with Device
c22edaa8a25e47671f760f7d927651ebbb8a62f6b76242990c8cadea3a56c11ed824cfa3ea6c3c68936d7f8e249bc22fc357397b145877e89433e56168225ea8,2023-03-17 13:55:00,Friday,30,TRAFFIC SIGNAL,CLEAR,DAYLIGHT,TURNING,DRY,INJURY AND / OR TOW DUE TO CRASH,"OVER $1,500",IMPROPER OVERTAKING/PASSING,3,INCAPACITATING INJURY,1.0,0.0,1.0,13,6,3,41.88068672,-87.62951526,"['03/17/2023', '01:55:00', 'PM']",INCAPACITATING INJURY with Device
0be604d03518493c429c03b761dd7c3d78c209a8fe17e3249539dd368c83330c7c868971958e3a46dd4999f78531f124104fe99b88efa4ecc10131b73781fdbc,2023-03-16 20:40:00,Thursday,30,NO CONTROLS,OTHER,"DARKNESS, LIGHTED ROAD",PEDESTRIAN,WET,INJURY AND / OR TOW DUE TO CRASH,"OVER $1,500",UNABLE TO DETERMINE,2,INCAPACITATING INJURY,1.0,0.0,1.0,20,5,3,41.75162436,-87.58328978,"['03/16/2023', '08:40:00', 'PM']",INCAPACITATING INJURY without Device
320b0dfbfe2af96e57020615d9ac2c18e9cfcc83abbc2ef9a956d5e50a4a52dc8d32b1a37804791b62d0a45df27924fa871a5a07da2e94897de670ebf97c19be,2023-03-16 14:43:00,Thursday,30,STOP SIGN/FLASHER,RAIN,DAYLIGHT,FIXED OBJECT,WET,INJURY AND / OR TOW DUE TO CRASH,"OVER $1,500",WEATHER,1,INCAPACITATING INJURY,1.0,0.0,1.0,14,5,3,41.94242923,-87.74226402,"['03/16/2023', '02:43:00', 'PM']",INCAPACITATING INJURY with Device
34f328cc5309b022b289fe9b0e529c016330aedeee1f6d7ce2abc20902645e42d183c7d7fed4a414b51be445e828b777d9b8b9e0fd34e0a10150f39481bccf25,2023-03-15 22:20:00,Wednesday,30,TRAFFIC SIGNAL,CLEAR,"DARKNESS, LIGHTED ROAD",PEDESTRIAN,DRY,INJURY AND / OR TOW DUE TO CRASH,"OVER $1,500",FAILING TO YIELD RIGHT-OF-WAY,2,INCAPACITATING INJURY,1.0,0.0,1.0,22,4,3,41.93999854,-87.64014817,"['03/15/2023', '10:20:00', 'PM']",INCAPACITATING INJURY with Device
4bd011d8b26d88abfed566b1cef00225dd8874e1d064726b3462e7ed269b572ea44669b06435380c560377d3f6f3b86e5495b6def1adc871446e313ec08ce9b6,2023-03-15 17:30:00,Wednesday,30,STOP SIGN/FLASHER,CLEAR,DAYLIGHT,TURNING,DRY,INJURY AND / OR TOW DUE TO CRASH,"OVER $1,500",NOT APPLICABLE,2,INCAPACITATING INJURY,1.0,0.0,1.0,17,4,3,41.92638379,-87.70711925,"['03/15/2023', '05:30:00', 'PM']",INCAPACITATING INJURY with Device
454a0551ae0987ac57b69d32ea502e8dc8f52a99293320309ccbe55e0e9a801ae687308f383aea0c93d7026bb81d5d36ec8e7d341a1f96d0f2ba2627fe2dea47,2023-03-15 17:20:00,Wednesday,30,TRAFFIC SIGNAL,CLEAR,DAYLIGHT,TURNING,DRY,INJURY AND / OR TOW DUE TO CRASH,"OVER $1,500","OPERATING VEHICLE IN ERRATIC, RECKLESS, CARELESS, NEGLIGENT OR AGGRESSIVE MANNER",3,INCAPACITATING INJURY,1.0,0.0,1.0,17,4,3,41.79288306,-87.67440988,"['03/15/2023', '05:20:00', 'PM']",INCAPACITATING INJURY with Device
7bb0f83fba6650bff547bdca7bb82b9cec2c19c93cf8c98f507f8fc36c9069cb9b579e8cdfa80d932c42ce9c24e7e69f812d69de2bf0175b99aca208251ffd54,2023-03-15 14:53:00,Wednesday,30,NO CONTROLS,CLEAR,DAYLIGHT,SIDESWIPE SAME DIRECTION,DRY,INJURY AND / OR TOW DUE TO CRASH,"OVER $1,500",IMPROPER OVERTAKING/PASSING,4,INCAPACITATING INJURY,2.0,0.0,1.0,14,4,3,41.93226846,-87.68874824,"['03/15/2023', '02:53:00', 'PM']",INCAPACITATING INJURY without Device
a638de62a4ccdb42fe860a1a8da94d3221226979e8ce045af6cdad8433fb04fd467f5bdfebc3ed451040c61c7893abec9c075bc80193dec5b600bc0f0f0ac5e5,2023-03-15 10:29:00,Wednesday,35,NO CONTROLS,CLEAR,DAYLIGHT,PEDESTRIAN,DRY,INJURY AND / OR TOW DUE TO CRASH,"OVER $1,500",UNABLE TO DETERMINE,2,INCAPACITATING INJURY,1.0,0.0,1.0,10,4,3,41.90482953,-87.63466106,"['03/15/2023', '10:29:00', 'AM']",INCAPACITATING INJURY without Device
d7a13e910160cb4ca59be72e4cbabe84c6dc6226f5bb3719e7d82ba593ecdd45b9db691bafdc229eedd96a5d4eb7f4a2641604d3495d9aee504a64b1c7f9c4cc,2023-03-15 08:30:00,Wednesday,30,NO CONTROLS,CLEAR,DAYLIGHT,PEDESTRIAN,DRY,INJURY AND / OR TOW DUE TO CRASH,$500 OR LESS,FAILING TO YIELD RIGHT-OF-WAY,2,INCAPACITATING INJURY,1.0,0.0,1.0,8,4,3,41.8105244,-87.66554159,"['03/15/2023', '08:30:00', 'AM']",INCAPACITATING INJURY without Device
e176909d59d1489f59ea7febbaa051489a09d19e2c4a7581e4d921a18560fee496dd2c394e557986491cccdddc0d347d34cf57c7517c46a04e9589e3bceb708a,2023-03-14 23:44:00,Tuesday,35,TRAFFIC SIGNAL,CLEAR,"DARKNESS, LIGHTED ROAD",ANGLE,DRY,INJURY AND / OR TOW DUE TO CRASH,"OVER $1,500",UNABLE TO DETERMINE,2,INCAPACITATING INJURY,1.0,0.0,1.0,23,3,3,41.75163627,-87.56637812,"['03/14/2023', '11:44:00', 'PM']",INCAPACITATING INJURY with Device
351d58e40f5cb42af4cffd0643f5feeba94968c1a8efe48b521d94bbba34b4c02ee93cc169969e49ee76482537fc5e43d24358f6c14e67775a6b8ab11a401487,2023-03-14 20:12:00,Tuesday,30,NO CONTROLS,CLEAR,DARKNESS,PEDESTRIAN,DRY,INJURY AND / OR TOW DUE TO CRASH,"OVER $1,500",NOT APPLICABLE,2,INCAPACITATING INJURY,1.0,0.0,1.0,20,3,3,41.90970169,-87.74870334,"['03/14/2023', '08:12:00', 'PM']",INCAPACITATING INJURY without Device
6cd7273488efca42c3609dd0ba344ed1bb7f282f930c3055b82abc4551a2fccb38799a29e6ee493761645b0050492935e63d4ba5988852e7ad667081e98f2cd4,2023-03-14 16:09:00,Tuesday,30,NO CONTROLS,CLEAR,DAYLIGHT,ANIMAL,DRY,INJURY AND / OR TOW DUE TO CRASH,"OVER $1,500",UNABLE TO DETERMINE,2,FATAL,1.0,1.0,0.0,16,3,3,41.89870218,-87.75452547,"['03/14/2023', '04:09:00', 'PM']",FATAL without Device
eb7b9e194cecafff728c211dddda3ad84416aa0580c4c486a112c27d315d91a1ba799f7d99f3befcd7152d6e206f2be326578326fad2252f15c60efb91c5a1b0,2023-03-14 15:37:00,Tuesday,30,TRAFFIC SIGNAL,CLEAR,DAYLIGHT,TURNING,DRY,INJURY AND / OR TOW DUE TO CRASH,"OVER $1,500",IMPROPER TURNING/NO SIGNAL,2,INCAPACITATING INJURY,1.0,0.0,1.0,15,3,3,41.76593686,-87.58577242,"['03/14/2023', '03:37:00', 'PM']",INCAPACITATING INJURY with Device
fded08448202b5d337e3875973c6c89d952c9f399e72e6b5bd92ea1b719a61ba4a7b6dd3f54da64a0fbf0793c8343fc006e24f49888972774440fc49d5e2a03b,2023-03-14 14:07:00,Tuesday,25,NO CONTROLS,CLEAR,DAYLIGHT,PARKED MOTOR VEHICLE,DRY,INJURY AND / OR TOW DUE TO CRASH,"OVER $1,500",UNABLE TO DETERMINE,2,FATAL,1.0,1.0,0.0,14,3,3,41.76355519,-87.61264588,"['03/14/2023', '02:07:00', 'PM']",FATAL without Device
5f943f828b8adc4ae27ff57fbe3892c6d2cedcf47f68db030be65077eb83798ba7c076c564b591ac45d9c4da081e9d6688af1885bbbc05b69a1fd5ddd3e84f59,2023-03-14 09:30:00,Tuesday,25,STOP SIGN/FLASHER,CLEAR,DAYLIGHT,PEDESTRIAN,UNKNOWN,INJURY AND / OR TOW DUE TO CRASH,"OVER $1,500",UNABLE TO DETERMINE,3,INCAPACITATING INJURY,2.0,0.0,1.0,9,3,3,41.98292551,-87.71266176,"['03/14/2023', '09:30:00', 'AM']",INCAPACITATING INJURY with Device
be71b9be5bdc86065380dfb4a7b6858a1729bc659a083fe30a78e70d0097ee4243a6893f50076656b9a7c15f9dd978f36cc8481860934df1c190de5a94d56cc1,2023-03-14 08:55:00,Tuesday,30,TRAFFIC SIGNAL,CLEAR,DAYLIGHT,PEDESTRIAN,DRY,INJURY AND / OR TOW DUE TO CRASH,"OVER $1,500",UNABLE TO DETERMINE,2,INCAPACITATING INJURY,1.0,0.0,1.0,8,3,3,41.8306424,-87.64595874,"['03/14/2023', '08:55:00', 'AM']",INCAPACITATING INJURY with Device
72216361b1bff66e09c241b8550604060321577be728415e8ad456ca9b9f0dd39a2ad23d7f2b057ff289e016f78f11085afee262b46153f6dd524d5688b1e41b,2023-03-13 19:25:00,Monday,30,PEDESTRIAN CROSSING SIGN,CLEAR,"DARKNESS, LIGHTED ROAD",PEDESTRIAN,DRY,INJURY AND / OR TOW DUE TO CRASH,$500 OR LESS,FAILING TO YIELD RIGHT-OF-WAY,2,INCAPACITATING INJURY,1.0,0.0,1.0,19,2,3,41.75115018,-87.60780204,"['03/13/2023', '07:25:00', 'PM']",INCAPACITATING INJURY with Device
4a3938e196c05ce2a3ced00d386ceaedfb09fdae2825a4ec4b2b81edc60057f9f5f84d2512ae993949d32b210c8dd7d5a1c572ffcdf627b80e02f7df13ed53f2,2023-03-13 18:16:00,Monday,30,TRAFFIC SIGNAL,CLEAR,DUSK,ANGLE,DRY,INJURY AND / OR TOW DUE TO CRASH,"OVER $1,500",DISREGARDING TRAFFIC SIGNALS,2,INCAPACITATING INJURY,1.0,0.0,1.0,18,2,3,41.78710891,-87.63192859,"['03/13/2023', '06:16:00', 'PM']",INCAPACITATING INJURY with Device
e15df68f20aa1cec8d5b18e7947f26945c7344e1500d6d897a9a92cf3a5ce091c550ceb971eef1fd81d0815bfee24c445d38cadfbb605cb881d2071d8ab222f2,2023-03-13 14:53:00,Monday,30,TRAFFIC SIGNAL,SNOW,DAYLIGHT,ANGLE,WET,INJURY AND / OR TOW DUE TO CRASH,"OVER $1,500",DISREGARDING TRAFFIC SIGNALS,4,INCAPACITATING INJURY,3.0,0.0,2.0,14,2,3,41.88807627,-87.6207757,"['03/13/2023', '02:53:00', 'PM']",INCAPACITATING INJURY with Device
35f34123705df3faca71b1a6e2f5737110942796c4c26a8df06fa235ccd06e5b57638390d4c872b7773e0ceaee54984ca5b6a0f176149e9caa7a6b58128abe69,2023-03-13 11:57:00,Monday,30,TRAFFIC SIGNAL,CLOUDY/OVERCAST,DAYLIGHT,PEDESTRIAN,WET,INJURY AND / OR TOW DUE TO CRASH,"OVER $1,500",UNABLE TO DETERMINE,2,INCAPACITATING INJURY,1.0,0.0,1.0,11,2,3,41.85766254,-87.64016985,"['03/13/2023', '11:57:00', 'AM']",INCAPACITATING INJURY with Device
6bc956161989e9384950aff7b864eab4fee8f1e2453d54aac0707bc2e6b2e35abdfc5d8f3ce0dcad18cb0a8baf69e052a34672f10051243fef4495fec545719f,2023-03-12 22:30:00,Sunday,30,TRAFFIC SIGNAL,CLEAR,"DARKNESS, LIGHTED ROAD",PEDALCYCLIST,DRY,INJURY AND / OR TOW DUE TO CRASH,"OVER $1,500",FAILING TO REDUCE SPEED TO AVOID CRASH,2,INCAPACITATING INJURY,1.0,0.0,1.0,22,1,3,41.92067767,-87.7460655,"['03/12/2023', '10:30:00', 'PM']",INCAPACITATING INJURY with Device
bcf4a8553e42fb02831ae22396e0b9a07350263a712f7aa9a80554c59c80beb20da0eff4920c7506ad216acea899d17ded30d939b08ab1c24cc8cf2b56b4c5fa,2023-03-12 12:59:00,Sunday,30,NO CONTROLS,SNOW,DAYLIGHT,REAR END,SNOW OR SLUSH,INJURY AND / OR TOW DUE TO CRASH,"OVER $1,500",UNABLE TO DETERMINE,4,INCAPACITATING INJURY,5.0,0.0,1.0,12,1,3,41.73564741,-87.66555421,"['03/12/2023', '12:59:00', 'PM']",INCAPACITATING INJURY without Device
7298065b9a8d20445795a5466b9c736de889d14d458df1a356c81f30cfe88d2434646d35a188d2592cfab4aa3af44aefd6b86ef62e32a1a470c325859f74bffe,2023-03-12 01:25:00,Sunday,35,NO CONTROLS,RAIN,"DARKNESS, LIGHTED ROAD",FIXED OBJECT,WET,INJURY AND / OR TOW DUE TO CRASH,"OVER $1,500",UNABLE TO DETERMINE,1,INCAPACITATING INJURY,1.0,0.0,1.0,1,1,3,41.99713457,-87.73392798,"['03/12/2023', '01:25:00', 'AM']",INCAPACITATING INJURY without Device
0ab381a875e9ecc17ce7530ef40d174ca8b6d133aa6efaf1b265fb1fa7cbe4b8b9a965d94edb51e35f2f466991036e98ec5b449f881fe340d546609df94c8d0a,2023-03-12 01:03:00,Sunday,30,TRAFFIC SIGNAL,SNOW,"DARKNESS, LIGHTED ROAD",ANGLE,SNOW OR SLUSH,INJURY AND / OR TOW DUE TO CRASH,"OVER $1,500",UNABLE TO DETERMINE,2,INCAPACITATING INJURY,5.0,0.0,5.0,1,1,3,41.77218557,-87.67377607,"['03/12/2023', '01:03:00', 'AM']",INCAPACITATING INJURY with Device
15433399a5273c68c5aa3c37cd92c89efd2913851e918f507a2626754f61c52feb8ce8ce1180b687fb1029452e72ead7f9d360d0ffed6f99ce1351ca1c2d1c56,2023-03-11 22:25:00,Saturday,30,TRAFFIC SIGNAL,SNOW,"DARKNESS, LIGHTED ROAD",TURNING,WET,INJURY AND / OR TOW DUE TO CRASH,"OVER $1,500",DISREGARDING TRAFFIC SIGNALS,2,INCAPACITATING INJURY,1.0,0.0,1.0,22,7,3,41.77469454,-87.7420133,"['03/11/2023', '10:25:00', 'PM']",INCAPACITATING INJURY with Device
74383103758f8076a2728bd807b0008a2fa5cc11cb472e3bc07d99fde446fe29e34020116860c62802e0b6ad53b6967e8944f7f3712507830831105c0768f6d0,2023-03-11 16:20:00,Saturday,60,NO CONTROLS,CLEAR,DAYLIGHT,SIDESWIPE SAME DIRECTION,DRY,INJURY AND / OR TOW DUE TO CRASH,"OVER $1,500",UNABLE TO DETERMINE,3,INCAPACITATING INJURY,2.0,0.0,1.0,16,7,3,41.82919512,-87.60469269,"['03/11/2023', '04:20:00', 'PM']",INCAPACITATING INJURY without Device
9bc2fab49b9780a42327a1eb921b8571266feb20f679f1db4d7ff0882105baca97b5c7c3bbcc760c099426e9d2fa48d03128ebb428f4623b1b95aeba85b594ae,2023-03-11 15:00:00,Saturday,30,NO CONTROLS,CLEAR,DAYLIGHT,REAR END,DRY,INJURY AND / OR TOW DUE TO CRASH,"OVER $1,500",FOLLOWING TOO CLOSELY,2,INCAPACITATING INJURY,1.0,0.0,1.0,15,7,3,41.7650518,-87.66143504,"['03/11/2023', '03:00:00', 'PM']",INCAPACITATING INJURY without Device
26f7d762f701bad519f30ff474ce80a80f5ef7d980f63819b9ba8553fda311aa0a8637a5422cf43a860d3ccb613f26070b23f91b012f977e19c57b8bba125a51,2023-03-11 14:39:00,Saturday,30,STOP SIGN/FLASHER,CLEAR,DAYLIGHT,TURNING,DRY,INJURY AND / OR TOW DUE TO CRASH,"OVER $1,500",IMPROPER TURNING/NO SIGNAL,3,INCAPACITATING INJURY,1.0,0.0,1.0,14,7,3,41.8545538,-87.62538993,"['03/11/2023', '02:39:00', 'PM']",INCAPACITATING INJURY with Device