CRASH_RECORD_ID,CRASH_DATE,Weekday,POSTED_SPEED_LIMIT,TRAFFIC_CONTROL_DEVICE,WEATHER_CONDITION,LIGHTING_CONDITION,FIRST_CRASH_TYPE,ROADWAY_SURFACE_COND,CRASH_TYPE,DAMAGE,PRIM_CONTRIBUTORY_CAUSE,NUM_UNITS,MOST_SEVERE_INJURY,INJURIES_TOTAL,INJURIES_FATAL,INJURIES_INCAPACITATING,CRASH_HOUR,CRASH_DAY_OF_WEEK,CRASH_MONTH,LATITUDE,LONGITUDE,CRASH_TIME,CATEGORIES
5e578c205c9ece430f0f8792664a0a1f2c5fc26ba40fe93771c4dd671175b4925940852cc6d805764575428b44386449e3da8f5e436106999d7f2d781d39d33c,2023-03-11 09:48:00,Saturday,30,NO CONTROLS,CLEAR,DAYLIGHT,PARKED MOTOR VEHICLE,DRY,INJURY AND / OR TOW DUE TO CRASH,"OVER $1,500",IMPROPER LANE USAGE,2,INCAPACITATING INJURY,2.0,0.0,1.0,9,7,3,41.85763403,-87.68450555,"['03/11/2023', '09:48:00', 'AM']",INCAPACITATING INJURY without Device
df2eb67451668d3ff30f3f719f790b43c8e1fb25abbde61358b22536d408f4f8299c6497c249fcae260aef6abfc51212e0290745605d3fb2dee21df9e0faa419,2023-03-11 00:05:00,Saturday,30,NO CONTROLS,CLEAR,"DARKNESS, LIGHTED ROAD",HEAD ON,WET,INJURY AND / OR TOW DUE TO CRASH,"OVER $1,500",UNABLE TO DETERMINE,2,INCAPACITATING INJURY,1.0,0.0,1.0,0,7,3,41.80755107,-87.74009675,"['03/11/2023', '12:05:00', 'AM']",INCAPACITATING INJURY without Device
83390835d09f712e552e21abb32a74a5603e7b98742ec2fec7f201fe140b57436f6912c161325c929a9b916bf41178a7112c050766363df00fba34333e1cf0cd,2023-03-10 08:29:00,Friday,30,NO CONTROLS,RAIN,DUSK,FIXED OBJECT,WET,INJURY AND / OR TOW DUE TO CRASH,"OVER $1,500",WEATHER,1,INCAPACITATING INJURY,3.0,0.0,3.0,8,6,3,41.89264727,-87.72614767,"['03/10/2023', '08:29:00', 'AM']",INCAPACITATING INJURY without Device
d1b059c5448bb06ccf0c28b120109796a3880ccd7eea3ecab4930f785e824eddaca4a76532e76aff89d2e872bf42f43d0f995e70943e1584293231d6f66f34aa,2023-03-09 22:44:00,Thursday,30,TRAFFIC SIGNAL,RAIN,"DARKNESS, LIGHTED ROAD",PEDESTRIAN,WET,INJURY AND / OR TOW DUE TO CRASH,"OVER $1,500",UNABLE TO DETERMINE,2,INCAPACITATING INJURY,1.0,0.0,1.0,22,5,3,41.93958834,-87.66853811,"['03/09/2023', '10:44:00', 'PM']",INCAPACITATING INJURY with Device
d718a1fe75e3e3c3cd54f4ed0104f191424bdc76c475e792a426328f308442ca7226f54d1791b80c7382c946f419064dcd38022cde2cf8be2d7e121b699514df,2023-03-09 22:27:00,Thursday,30,NO CONTROLS,FREEZING RAIN/DRIZZLE,"DARKNESS, LIGHTED ROAD",FIXED OBJECT,WET,INJURY AND / OR TOW DUE TO CRASH,"OVER $1,500",UNABLE TO DETERMINE,1,INCAPACITATING INJURY,2.0,0.0,2.0,22,5,3,41.80183365,-87.63809424,"['03/09/2023', '10:27:00', 'PM']",INCAPACITATING INJURY without Device
8255012a3791c3f81aeeba819ebba67fddab4e3e66861b6f358f9b7c667aaa69db399c99318ab4a8ab4a07417c31cea58433365a814e0f5bddeb059f36383970,2023-03-09 18:16:00,Thursday,30,NO CONTROLS,RAIN,DARKNESS,PEDESTRIAN,WET,INJURY AND / OR TOW DUE TO CRASH,"OVER $1,500",NOT APPLICABLE,2,FATAL,1.0,1.0,0.0,18,5,3,41.82829807,-87.68425448,"['03/09/2023', '06:16:00', 'PM']",FATAL without Device
8efd672038466dc5cbd1d2ed909257152eaeea30221816396577d4324a9c056f4129671b7b984c31d3a604e007b692d4d822a3189322244566f3b74ad8bb32e3,2023-03-09 13:18:00,Thursday,10,NO CONTROLS,CLEAR,DAYLIGHT,PEDESTRIAN,DRY,INJURY AND / OR TOW DUE TO CRASH,"OVER $1,500",UNABLE TO DETERMINE,2,INCAPACITATING INJURY,1.0,0.0,1.0,13,5,3,41.8796068,-87.62707091,"['03/09/2023', '01:18:00', 'PM']",INCAPACITATING INJURY without Device
1712cccc09175702a82b2a269abc4523c3a05990e368d274167f85ae3f5178b93e298f7a0b6af0a2289fed7454f2e262753b72ce7c97dfac986c21955355cbff,2023-03-08 21:38:00,Wednesday,30,STOP SIGN/FLASHER,CLEAR,"DARKNESS, LIGHTED ROAD",ANGLE,DRY,INJURY AND / OR TOW DUE TO CRASH,"OVER $1,500",FAILING TO YIELD RIGHT-OF-WAY,2,INCAPACITATING INJURY,2.0,0.0,2.0,21,4,3,41.80189665,-87.62279333,"['03/08/2023', '09:38:00', 'PM']",INCAPACITATING INJURY with Device
36a9c9efe71e2906a7ebe0f3a584dbff82d4878e9343b712cba317d4ca1f0dd102d5eac835b9ceb2427de3fa93860d742798a02821f4dc2a48681f472690d55c,2023-03-08 02:30:00,Wednesday,30,TRAFFIC SIGNAL,CLEAR,"DARKNESS, LIGHTED ROAD",REAR END,DRY,INJURY AND / OR TOW DUE TO CRASH,"OVER $1,500","OPERATING VEHICLE IN ERRATIC, RECKLESS, CARELESS, NEGLIGENT OR AGGRESSIVE MANNER",2,FATAL,3.0,1.0,2.0,2,4,3,41.8987345,-87.74574493,"['03/08/2023', '02:30:00', 'AM']",FATAL with Device
78413903c7748d0f8abad7c45165b1ac24ecd6ec998ae022c9ed8835b9374b90ee2b40bf0343f705d1975e650cb04d36ca922b5d8b89b5f49d1dab0f28882c75,2023-03-07 21:27:00,Tuesday,30,NO CONTROLS,CLEAR,"DARKNESS, LIGHTED ROAD",FIXED OBJECT,DRY,INJURY AND / OR TOW DUE TO CRASH,"OVER $1,500",PHYSICAL CONDITION OF DRIVER,1,INCAPACITATING INJURY,1.0,0.0,1.0,21,3,3,41.72235445,-87.57577806,"['03/07/2023', '09:27:00', 'PM']",INCAPACITATING INJURY without Device
6d82ef491b4f74c68f01b68eab345cc9d4b6eb8fff7992c3e97be8421e690e6efb4a8b67d0d3fcf6d56246ea2c476b7093afbc9d757459e405e4f9f0f2fc79db,2023-03-07 15:57:00,Tuesday,30,TRAFFIC SIGNAL,CLEAR,DAYLIGHT,HEAD ON,DRY,INJURY AND / OR TOW DUE TO CRASH,"OVER $1,500",UNABLE TO DETERMINE,3,INCAPACITATING INJURY,1.0,0.0,1.0,15,3,3,41.77242226,-87.65445821,"['03/07/2023', '03:57:00', 'PM']",INCAPACITATING INJURY with Device
9bca3c8cd511ea5af783eca697839c9290f55cc99a9e48c198bd2921100bd4440702f59af6e20dfd48cf191b9817395a16ac86c564f86e6587e1d33c38a584ca,2023-03-07 15:45:00,Tuesday,30,STOP SIGN/FLASHER,CLEAR,DAYLIGHT,PEDESTRIAN,UNKNOWN,INJURY AND / OR TOW DUE TO CRASH,$500 OR LESS,FAILING TO YIELD RIGHT-OF-WAY,3,INCAPACITATING INJURY,1.0,0.0,1.0,15,3,3,41.92070164,-87.72925247,"['03/07/2023', '03:45:00', 'PM']",INCAPACITATING INJURY with Device
dd397d1de1d7edc83c275d5859a40dca9c41436d92cc6f378d9eca71beab9e3f327f0698ca9b28d04c3d46b4cdef6c210ae290ee2a15209a8af692381bfdca5e,2023-03-07 15:26:00,Tuesday,30,TRAFFIC SIGNAL,CLEAR,DAYLIGHT,ANGLE,DRY,INJURY AND / OR TOW DUE TO CRASH,"OVER $1,500",DISREGARDING TRAFFIC SIGNALS,2,INCAPACITATING INJURY,1.0,0.0,1.0,15,3,3,41.87440754,-87.73047123,"['03/07/2023', '03:26:00', 'PM']",INCAPACITATING INJURY with Device
3e2c59978730681625c8c22b5ec9365201c78cea899a1b4af82913373e14f4c6371856cecc9fbd0f412b2d1d6ac7b4f604a83665214cc17eaebb31ee92d1f0a5,2023-03-07 13:45:00,Tuesday,30,NO CONTROLS,CLEAR,DAYLIGHT,REAR END,DRY,INJURY AND / OR TOW DUE TO CRASH,"OVER $1,500",UNABLE TO DETERMINE,2,INCAPACITATING INJURY,1.0,0.0,1.0,13,3,3,41.87260309,-87.61692535,"['03/07/2023', '01:45:00', 'PM']",INCAPACITATING INJURY without Device
4966859b708db9ead58993452442c3c31704a635ba881c67bcf1f5c3244efe22e3bff7eb12caf95396ff1766963f6002738a1cf3d860b30d822e90bb0fb83f87,2023-03-07 13:14:00,Tuesday,30,TRAFFIC SIGNAL,CLEAR,DAYLIGHT,PEDESTRIAN,DRY,INJURY AND / OR TOW DUE TO CRASH,$500 OR LESS,FAILING TO YIELD RIGHT-OF-WAY,2,INCAPACITATING INJURY,1.0,0.0,1.0,13,3,3,41.88045235,-87.75744678,"['03/07/2023', '01:14:00', 'PM']",INCAPACITATING INJURY with Device
ed2955e80430a2ecd198c483dea24ddf332f741111fa121933622f75304c39c0f6cdd057e51035444757475862136f8ccbe472eb05ca92b13d35b3aa75b7e746,2023-03-07 09:12:00,Tuesday,30,NO CONTROLS,CLEAR,DAYLIGHT,SIDESWIPE SAME DIRECTION,DRY,INJURY AND / OR TOW DUE TO CRASH,"OVER $1,500",FAILING TO YIELD RIGHT-OF-WAY,2,INCAPACITATING INJURY,3.0,0.0,1.0,9,3,3,41.88314387,-87.68366627,"['03/07/2023', '09:12:00', 'AM']",INCAPACITATING INJURY without Device
950b11667237f4f018ab4c5252beacf321ca6fa267dcbd8103e1cfb713ca6051fdfac77453e7dbcda4a146e2655aa945fd2db6fc65ec9d7e60b72d2cb4181e85,2023-03-07 07:40:00,Tuesday,30,NO CONTROLS,CLEAR,DAYLIGHT,HEAD ON,DRY,INJURY AND / OR TOW DUE TO CRASH,"OVER $1,500",UNABLE TO DETERMINE,3,INCAPACITATING INJURY,1.0,0.0,1.0,7,3,3,41.85240267,-87.69925297,"['03/07/2023', '07:40:00', 'AM']",INCAPACITATING INJURY without Device
0ed085d90401e0d7974cb3a905948170a752fea453f1ed5c7e114acbb93baeaad30051746d46693ca3c12ddcde20343f95fcc2aab04fff2d983a508e91b40239,2023-03-07 07:30:00,Tuesday,30,STOP SIGN/FLASHER,CLEAR,DAYLIGHT,ANGLE,DRY,INJURY AND / OR TOW DUE TO CRASH,"OVER $1,500",FAILING TO YIELD RIGHT-OF-WAY,2,INCAPACITATING INJURY,2.0,0.0,1.0,7,3,3,41.889673,-87.67701892,"['03/07/2023', '07:30:00', 'AM']",INCAPACITATING INJURY with Device
bbbad37ae64ec3d0d9db09a43ab093b71a857cd669bf07a99801a24df62ee91aba9d7440448b751f2030c5558b4e96f2a2552340f76dbcb119fbfe6901132700,2023-03-06 13:15:00,Monday,20,NO CONTROLS,CLEAR,DAYLIGHT,PEDESTRIAN,WET,INJURY AND / OR TOW DUE TO CRASH,$500 OR LESS,UNABLE TO DETERMINE,2,INCAPACITATING INJURY,1.0,0.0,1.0,13,2,3,41.95356795,-87.67818089,"['03/06/2023', '01:15:00', 'PM']",INCAPACITATING INJURY without Device
2ff03ab90f016db6edc426c42267831411b6163d659dfcbadc3e7c547635b0f6c879b9dbc8207ddb3ce18cd21cbb59a00be4edb093b6e431278589dcfcdcc4de,2023-03-06 12:14:00,Monday,35,NO CONTROLS,CLOUDY/OVERCAST,DAYLIGHT,HEAD ON,WET,INJURY AND / OR TOW DUE TO CRASH,"OVER $1,500",DRIVING ON WRONG SIDE/WRONG WAY,2,INCAPACITATING INJURY,1.0,0.0,1.0,12,2,3,41.749339,-87.72205209,"['03/06/2023', '12:14:00', 'PM']",INCAPACITATING INJURY without Device
77bdcb1c0d665651b602bfa81cb6af104c27cf91d38efde78222e4bdcc056dab256850d94edab25dad1345e3985ea0f23468a2855f7fe23440e9c9ad8c5a717c,2023-03-06 09:00:00,Monday,30,NO CONTROLS,FREEZING RAIN/DRIZZLE,DAYLIGHT,TURNING,WET,INJURY AND / OR TOW DUE TO CRASH,"$501 - $1,500",IMPROPER TURNING/NO SIGNAL,2,INCAPACITATING INJURY,2.0,0.0,1.0,9,2,3,41.80102322,-87.69838695,"['03/06/2023', '09:00:00', 'AM']",INCAPACITATING INJURY without Device
b6fcc78bb7467bff6c1fd15f324a79220763c675ef311281987f4a1e581a13f1fd464276382eaee443b2028321c63f7f8f9515418e10ed9c358963994b8506e6,2023-03-06 00:35:00,Monday,30,TRAFFIC SIGNAL,RAIN,"DARKNESS, LIGHTED ROAD",PEDALCYCLIST,WET,INJURY AND / OR TOW DUE TO CRASH,"OVER $1,500",UNABLE TO DETERMINE,2,INCAPACITATING INJURY,1.0,0.0,1.0,0,2,3,41.90898946,-87.80436284,"['03/06/2023', '12:35:00', 'AM']",INCAPACITATING INJURY with Device
bc935f0d4297517fe372f2656729d0e1feefb206238f9221a20c8f1a2ced146a81dff2f68e252d30063cba1763f0deb413ed575aa53a5ce394d244347a927618,2023-03-05 16:15:00,Sunday,30,NO CONTROLS,CLEAR,DAYLIGHT,ANGLE,DRY,INJURY AND / OR TOW DUE TO CRASH,"OVER $1,500",UNABLE TO DETERMINE,2,INCAPACITATING INJURY,2.0,0.0,1.0,16,1,3,41.87645212,-87.65462147,"['03/05/2023', '04:15:00', 'PM']",INCAPACITATING INJURY without Device
abe28d3c0de1d8b74007398fca24deebea4bfad5c790f7d93291712b22a6a61571c8739032ddd4ff2758d34e4da48dc06d0eb30744c749f42dff7b5d9d831d36,2023-03-05 15:10:00,Sunday,45,STOP SIGN/FLASHER,CLEAR,DAYLIGHT,ANGLE,DRY,INJURY AND / OR TOW DUE TO CRASH,"OVER $1,500",ROAD CONSTRUCTION/MAINTENANCE,2,INCAPACITATING INJURY,3.0,0.0,2.0,15,1,3,41.66860572,-87.64154201,"['03/05/2023', '03:10:00', 'PM']",INCAPACITATING INJURY with Device
6ca27297c21ee2a55248ac95e7e23d0290ad83aaeed21600311d569ea55c5d200a74c34141e6e9cdc82146d3430f7b584bc435c6eb38711e5ddb581de1cff471,2023-03-05 02:50:00,Sunday,30,TRAFFIC SIGNAL,CLEAR,"DARKNESS, LIGHTED ROAD",ANGLE,DRY,INJURY AND / OR TOW DUE TO CRASH,"OVER $1,500",DISREGARDING TRAFFIC SIGNALS,2,INCAPACITATING INJURY,2.0,0.0,2.0,2,1,3,41.75807411,-87.62467166,"['03/05/2023', '02:50:00', 'AM']",INCAPACITATING INJURY with Device
28e75e5d917bc0a821640b1d76561f620ac549c4730766bb035703db181f77000654a3c5b3ffc91866b458ece141ef03d91c253088eef1c327fbf07a4312ae1e,2023-03-04 21:31:00,Saturday,30,TRAFFIC SIGNAL,CLEAR,DAYLIGHT,ANGLE,WET,INJURY AND / OR TOW DUE TO CRASH,"OVER $1,500",EQUIPMENT - VEHICLE CONDITION,3,INCAPACITATING INJURY,1.0,0.0,1.0,21,7,3,41.89844948,-87.77510381,"['03/04/2023', '09:31:00', 'PM']",INCAPACITATING INJURY with Device
1b0dbf8819007eb6839a12d52526cc97abc7315f60a547e78fac315838981cf4eb0a8d5a8ee60f5806be9f72dab85ff798238da296b5d457bc7d9c1739fd5389,2023-03-04 20:20:00,Saturday,30,TRAFFIC SIGNAL,RAIN,"DARKNESS, LIGHTED ROAD",TURNING,WET,INJURY AND / OR TOW DUE TO CRASH,"$501 - $1,500",FOLLOWING TOO CLOSELY,2,INCAPACITATING INJURY,1.0,0.0,1.0,20,7,3,41.95712671,-87.75126902,"['03/04/2023', '08:20:00', 'PM']",INCAPACITATING INJURY with Device
f0919339ad6049d15d5e058f7a671e35fdb24d831a3ef42e3f671d1e2fba2a88110bc98b238cdf26a52d3597124fb6ee5c839126a1c62efe19495d9a095bd4cc,2023-03-04 18:45:00,Saturday,30,NO CONTROLS,RAIN,"DARKNESS, LIGHTED ROAD",ANGLE,WET,INJURY AND / OR TOW DUE TO CRASH,"OVER $1,500",FAILING TO YIELD RIGHT-OF-WAY,2,INCAPACITATING INJURY,2.0,0.0,1.0,18,7,3,41.87903143,-87.72152617,"['03/04/2023', '06:45:00', 'PM']",INCAPACITATING INJURY without Device
afff2d9def0f7ffa0f24e56f57f4d7d8f85d14e7d62fd94cdad8be45215fdab06e2a0793b9cfd366cb140f94ca8b60ba5256f33e4b3366ce58d02cb96d74c248,2023-03-04 18:26:00,Saturday,30,TRAFFIC SIGNAL,RAIN,"DARKNESS, LIGHTED ROAD",PEDESTRIAN,WET,INJURY AND / OR TOW DUE TO CRASH,"OVER $1,500","VISION OBSCURED (SIGNS, TREE LIMBS, BUILDINGS, ETC.)",3,INCAPACITATING INJURY,2.0,0.0,2.0,18,7,3,41.78415044,-87.60586497,"['03/04/2023', '06:26:00', 'PM']",INCAPACITATING INJURY with Device
403841a4e7b8f496a6a709c16b20046fe46deeb193457e4e15fcd2d3986f845513bb0a409acc390bc5d3b1c4bac5a042154c8ef98bf351095970a13d8acc5198,2023-03-04 17:34:00,Saturday,30,TRAFFIC SIGNAL,RAIN,DARKNESS,PEDALCYCLIST,WET,INJURY AND / OR TOW DUE TO CRASH,$500 OR LESS,WEATHER,2,INCAPACITATING INJURY,1.0,0.0,1.0,17,7,3,41.86729631,-87.64458075,"['03/04/2023', '05:34:00', 'PM']",INCAPACITATING INJURY with Device
1e4557fff3fce1d09905306a97491fbba7bc4bfb32323e68de9123be441a5ae4b4a0bc790fb577d91cf875e612c7355508b4df11d86167e95914d7da76ade755,2023-03-04 11:00:00,Saturday,30,NO CONTROLS,CLEAR,DAYLIGHT,TURNING,DRY,INJURY AND / OR TOW DUE TO CRASH,"OVER $1,500",IMPROPER OVERTAKING/PASSING,2,INCAPACITATING INJURY,1.0,0.0,1.0,11,7,3,41.89235808,-87.62816807,"['03/04/2023', '11:00:00', 'AM']",INCAPACITATING INJURY without Device
8ac15795fca0ec5ab94183e4216fbc59bcbc82afe10f746a73885992a52284f8727ea9b2bc11f6d073bc02715bfcbb8b6656506be68139930482d59858d5e864,2023-03-04 05:41:00,Saturday,30,TRAFFIC SIGNAL,CLEAR,DAWN,ANGLE,DRY,INJURY AND / OR TOW DUE TO CRASH,"OVER $1,500",DISREGARDING TRAFFIC SIGNALS,2,INCAPACITATING INJURY,1.0,0.0,1.0,5,7,3,41.80495768,-87.66471991,"['03/04/2023', '05:41:00', 'AM']",INCAPACITATING INJURY with Device
4d7374cf2fdb21dd49bdf24dd17409226efc835b79179e4e765745ed874ac9797be04ade2b8da464f244eb38399b5af7cfd49e24c00a22e23e26c8881cdf8679,2023-03-03 16:58:00,Friday,20,NO CONTROLS,CLEAR,DAYLIGHT,PEDESTRIAN,DRY,INJURY AND / OR TOW DUE TO CRASH,"OVER $1,500","OPERATING VEHICLE IN ERRATIC, RECKLESS, CARELESS, NEGLIGENT OR AGGRESSIVE MANNER",2,INCAPACITATING INJURY,1.0,0.0,1.0,16,6,3,41.90506033,-87.75734756,"['03/03/2023', '04:58:00', 'PM']",INCAPACITATING INJURY without Device
306cd5f319e6ad63bd0270027af664319760918093151ccac35637f20ffaae629775f7c816ce93b88b31e5555aec4aa2148c48e2a112f27f2d8ed6add9295e3e,2023-03-03 13:20:00,Friday,30,NO CONTROLS,CLEAR,DAYLIGHT,PARKED MOTOR VEHICLE,DRY,INJURY AND / OR TOW DUE TO CRASH,"OVER $1,500",UNABLE TO DETERMINE,2,INCAPACITATING INJURY,1.0,0.0,1.0,13,6,3,41.89415443,-87.7197873,"['03/03/2023', '01:20:00', 'PM']",INCAPACITATING INJURY without Device
dd430241478b720b7ce601ece7c9fe0c71a315a26ca3491d7d24a371bd4f88e9101b389f78cc1b26e4e365dc877236b3cd3258acd9f64490e4bcb4a066153319,2023-03-03 09:00:00,Friday,30,TRAFFIC SIGNAL,CLOUDY/OVERCAST,DAYLIGHT,ANGLE,DRY,INJURY AND / OR TOW DUE TO CRASH,"OVER $1,500",UNABLE TO DETERMINE,2,INCAPACITATING INJURY,1.0,0.0,1.0,9,6,3,41.79948383,-87.58744204,"['03/03/2023', '09:00:00', 'AM']",INCAPACITATING INJURY with Device
420d5803e5ac872f727ab1dae0db9f01d11a55e89760e5c86e1b4737f77ddaf1dd1c032c498f5747f6cc9b50c81448d997521241dc39dbfbd4e445e5339c322d,2023-03-03 03:00:00,Friday,30,NO CONTROLS,CLEAR,"DARKNESS, LIGHTED ROAD",FIXED OBJECT,DRY,INJURY AND / OR TOW DUE TO CRASH,"OVER $1,500",UNABLE TO DETERMINE,2,INCAPACITATING INJURY,1.0,0.0,1.0,3,6,3,41.72271688,-87.64339562,"['03/03/2023', '03:00:00', 'AM']",INCAPACITATING INJURY without Device
ce6d13cf9164e31082c2ae432f77aafd741ffbac49633feb313629fd01016e9e9581d143062485177d861077f239e971a03bf35c41b30dc62f7004a6bb01effc,2023-03-02 10:17:00,Thursday,20,NO CONTROLS,CLEAR,DAYLIGHT,FIXED OBJECT,DRY,INJURY AND / OR TOW DUE TO CRASH,"OVER $1,500",UNABLE TO DETERMINE,1,FATAL,2.0,2.0,0.0,10,5,3,41.87510089,-87.7299568,"['03/02/2023', '10:17:00', 'AM']",FATAL without Device
cee2538d18a132ab2f003e23c963de126a1914d6a0c05773908b060bafb3e6be05377145cfdc2f26149df5b45098f247ca5543abf4bbd32724b447d641ea1a3d,2023-03-01 20:33:00,Wednesday,45,NO CONTROLS,CLEAR,"DARKNESS, LIGHTED ROAD",REAR END,DRY,INJURY AND / OR TOW DUE TO CRASH,"OVER $1,500",FOLLOWING TOO CLOSELY,2,INCAPACITATING INJURY,1.0,0.0,1.0,20,4,3,41.96532319,-87.64683105,"['03/01/2023', '08:33:00', 'PM']",INCAPACITATING INJURY without Device
e8cbbb77ea2f55bf937bf275f75b6ca08f113556cd08b7925b545ed89782b0851b4e2ec7e30cb3bb380f9f9abeddd7142dcf8fad451a67f58d0b8beb6cd46f66,2023-03-01 18:45:00,Wednesday,30,STOP SIGN/FLASHER,CLEAR,DAYLIGHT,PEDESTRIAN,DRY,INJURY AND / OR TOW DUE TO CRASH,"OVER $1,500",FAILING TO YIELD RIGHT-OF-WAY,2,INCAPACITATING INJURY,1.0,0.0,1.0,18,4,3,41.70264303,-87.53542985,"['03/01/2023', '06:45:00', 'PM']",INCAPACITATING INJURY with Device
90bc2c1ba80fcc402d4e94b9b57f6bc6c48d54ae7bdfa539115cccf9c9b8da20ebca3e111101050a98c437a08a29461688b38226b1c477b9df124a9bf1970f2f,2023-03-01 18:34:00,Wednesday,25,NO CONTROLS,CLEAR,"DARKNESS, LIGHTED ROAD",PEDALCYCLIST,DRY,INJURY AND / OR TOW DUE TO CRASH,"OVER $1,500",IMPROPER LANE USAGE,2,INCAPACITATING INJURY,1.0,0.0,1.0,18,4,3,41.90569783,-87.62970456,"['03/01/2023', '06:34:00', 'PM']",INCAPACITATING INJURY without Device
12de695c103b77951f02a1c3faff84d2b5d4fd431c4c0e70bad21b3a4c1eec69820ed8de6499d7be4ccdce5dee64fbaf429ed2fe64495e0ed332f0245f4acba9,2023-03-01 15:50:00,Wednesday,30,TRAFFIC SIGNAL,CLEAR,DAYLIGHT,PEDESTRIAN,DRY,INJURY AND / OR TOW DUE TO CRASH,$500 OR LESS,UNABLE TO DETERMINE,2,INCAPACITATING INJURY,1.0,0.0,1.0,15,4,3,41.86095452,-87.72516437,"['03/01/2023', '03:50:00', 'PM']",INCAPACITATING INJURY with Device
40ebebb50268f31f3290467d6b7ffa791739900e699a01815e058e0b1b2f1f336c18c8106c816cec6547a0b8701c2cfaa9b013ac098d5be00a34f51cee4b1796,2023-03-01 14:28:00,Wednesday,35,TRAFFIC SIGNAL,CLEAR,DAYLIGHT,TURNING,DRY,INJURY AND / OR TOW DUE TO CRASH,"OVER $1,500",FAILING TO YIELD RIGHT-OF-WAY,2,INCAPACITATING INJURY,1.0,0.0,1.0,14,4,3,41.75466012,-87.74138476,"['03/01/2023', '02:28:00', 'PM']",INCAPACITATING INJURY with Device
671ee7049324ff9e5a1d3b32e250a05aa6f62b96a64e92a88480bfc6b8bb3ee01e7641966563f201320853c86f88793f9374c2f35d595092b9b186a7df9a7707,2023-03-01 14:03:00,Wednesday,30,NO CONTROLS,CLEAR,DAYLIGHT,PEDESTRIAN,DRY,INJURY AND / OR TOW DUE TO CRASH,"$501 - $1,500",UNABLE TO DETERMINE,2,INCAPACITATING INJURY,1.0,0.0,1.0,14,4,3,41.85147668,-87.6992249,"['03/01/2023', '02:03:00', 'PM']",INCAPACITATING INJURY without Device
b88802e89a97703d9dd35d05a27a74aa14fd056e7864aafb4c7515658d342092d9190197016a0d8d8b6319e17a17cec32a2c5d6cfeace9e11c8ca1dd10a72784,2023-03-01 08:34:00,Wednesday,30,TRAFFIC SIGNAL,CLEAR,DAYLIGHT,ANGLE,WET,INJURY AND / OR TOW DUE TO CRASH,"OVER $1,500",DISREGARDING TRAFFIC SIGNALS,2,INCAPACITATING INJURY,1.0,0.0,1.0,8,4,3,41.88614424,-87.73583618,"['03/01/2023', '08:34:00', 'AM']",INCAPACITATING INJURY with Device
fa52c081055aabfb54c482e1a7781f8ee42096e159eea728ffdf1f09b16fd85918833741405dda19330b9042e8e1de4a78e67df0e4b7f9954bfb830973c4cfa9,2023-02-28 18:20:00,Tuesday,35,STOP SIGN/FLASHER,CLEAR,DUSK,PEDALCYCLIST,DRY,INJURY AND / OR TOW DUE TO CRASH,"OVER $1,500",UNABLE TO DETERMINE,2,INCAPACITATING INJURY,1.0,0.0,1.0,18,3,2,41.7731232,-87.61298771,"['02/28/2023', '06:20:00', 'PM']",INCAPACITATING INJURY with Device
c75fdf7a94bbeb27477ee78c0b8406a2f0302324471fb74978c37fe1f7f554256dec869001aaa7f4b5719a54cbbf447baec116dda30aabf946a0674e2a164108,2023-02-28 15:40:00,Tuesday,30,NO CONTROLS,CLEAR,DAYLIGHT,PEDESTRIAN,DRY,INJURY AND / OR TOW DUE TO CRASH,"$501 - $1,500","VISION OBSCURED (SIGNS, TREE LIMBS, BUILDINGS, ETC.)",2,INCAPACITATING INJURY,1.0,0.0,1.0,15,3,2,41.91086553,-87.64357279,"['02/28/2023', '03:40:00', 'PM']",INCAPACITATING INJURY without Device
f16c99bb1f04c1de9165181fb4ea5e6abf928cb4619e26f627b78d35f4a0004110f96bef7142fffebf5730a0c8ff2aa897eb0c127ee4e6e659dd12f2bda065e6,2023-02-28 15:25:00,Tuesday,25,SCHOOL ZONE,CLEAR,DAYLIGHT,PEDESTRIAN,DRY,INJURY AND / OR TOW DUE TO CRASH,"OVER $1,500",DISREGARDING ROAD MARKINGS,2,FATAL,1.0,1.0,0.0,15,3,2,41.77966682,-87.6430081,"['02/28/2023', '03:25:00', 'PM']",FATAL with Device
9540b5bc39a02433ff649f9b8d9dd677f68f1ad10211736639056d67a5fcb8dd3af2740939a28f232f7dd588fb5874f5c563f22297ebaa988aab82d5be51191f,2023-02-28 12:48:00,Tuesday,30,STOP SIGN/FLASHER,CLEAR,DAYLIGHT,SIDESWIPE OPPOSITE DIRECTION,DRY,INJURY AND / OR TOW DUE TO CRASH,"OVER $1,500",IMPROPER OVERTAKING/PASSING,2,INCAPACITATING INJURY,2.0,0.0,1.0,12,3,2,41.96786619,-87.76951434,"['02/28/2023', '12:48:00', 'PM']",INCAPACITATING INJURY with Device
0d5a6a31228fce2cfc1600d0595bb78454da06d64ff8eb2090b76ba7c75aa409e7250cf5607a34679412e6412d5b0d982ea162e140f79a838e265c27596e2391,2023-02-28 06:55:00,Tuesday,30,NO CONTROLS,CLEAR,DAYLIGHT,REAR END,DRY,INJURY AND / OR TOW DUE TO CRASH,"OVER $1,500",FOLLOWING TOO CLOSELY,2,INCAPACITATING INJURY,2.0,0.0,1.0,6,3,2,41.97637034,-87.66403034,"['02/28/2023', '06:55:00', 'AM']",INCAPACITATING INJURY without Device