CRASH_RECORD_ID,CRASH_DATE,Weekday,POSTED_SPEED_LIMIT,TRAFFIC_CONTROL_DEVICE,WEATHER_CONDITION,LIGHTING_CONDITION,FIRST_CRASH_TYPE,ROADWAY_SURFACE_COND,CRASH_TYPE,DAMAGE,PRIM_CONTRIBUTORY_CAUSE,NUM_UNITS,MOST_SEVERE_INJURY,INJURIES_TOTAL,INJURIES_FATAL,INJURIES_INCAPACITATING,CRASH_HOUR,CRASH_DAY_OF_WEEK,CRASH_MONTH,LATITUDE,LONGITUDE,CRASH_TIME,CATEGORIES
b2f35a328fed84af4296e01ecdcde527fe93491afb4a8ee757ffcf4b33272a73fbe62931b2d3c1ff77cafbce8e785d90d92e40b80cd0b171dbea391afaf65652,2023-02-17 15:20:00,Friday,30,TRAFFIC SIGNAL,CLEAR,DAYLIGHT,PEDESTRIAN,DRY,INJURY AND / OR TOW DUE TO CRASH,"OVER $1,500",FAILING TO YIELD RIGHT-OF-WAY,2,INCAPACITATING INJURY,1.0,0.0,1.0,15,6,2,41.86904633,-87.62761085,"['02/17/2023', '03:20:00', 'PM']",INCAPACITATING INJURY with Device
653c2b7add9393219193a7b7c5c0f346750112f1fda1c098205ca7b08c797449b3679e3b161343b89f1e11e55a4b7b436a3f7d479ac87f67d0ae59452bc1ef41,2023-02-16 23:34:00,Thursday,30,TRAFFIC SIGNAL,SNOW,DARKNESS,FIXED OBJECT,SNOW OR SLUSH,INJURY AND / OR TOW DUE TO CRASH,"OVER $1,500",NOT APPLICABLE,1,INCAPACITATING INJURY,1.0,0.0,1.0,23,5,2,41.82295429,-87.68501299,"['02/16/2023', '11:34:00', 'PM']",INCAPACITATING INJURY with Device
8059a7f77da7cc4886d968001f5e0464622eb6269e4d3d72f2834f0c26a2854a5acb0ee483f42239bccc212d972f179f650662b8ece23af5b4ca30297dccc772,2023-02-16 18:54:00,Thursday,30,STOP SIGN/FLASHER,BLOWING SNOW,"DARKNESS, LIGHTED ROAD",PEDESTRIAN,SNOW OR SLUSH,INJURY AND / OR TOW DUE TO CRASH,"$501 - $1,500",WEATHER,2,INCAPACITATING INJURY,1.0,0.0,1.0,18,5,2,41.83112703,-87.61463065,"['02/16/2023', '06:54:00', 'PM']",INCAPACITATING INJURY with Device
05609e495c4d25eb6f4112c0c33998b73ae78e6719d8e97eb5640123e6497bf3998b9faa1683c4deb1ed9a97b5810a73ca3f868c01980df652c2c9c1f38f76f2,2023-02-16 14:00:00,Thursday,35,NO CONTROLS,SNOW,DAYLIGHT,REAR END,ICE,INJURY AND / OR TOW DUE TO CRASH,"OVER $1,500",WEATHER,2,INCAPACITATING INJURY,1.0,0.0,1.0,14,5,2,41.97606106,-87.8466306,"['02/16/2023', '02:00:00', 'PM']",INCAPACITATING INJURY without Device
5feed4d0d6bc4d9eb99a02d031f66e0a238a5a5b451f92ea7bf870abdf6105ca99dd05a8192f3a36d18dfcbcfac872be95ce6964401b94382cfaf059834bed70,2023-02-16 12:12:00,Thursday,30,NO CONTROLS,RAIN,DAYLIGHT,FIXED OBJECT,WET,INJURY AND / OR TOW DUE TO CRASH,"OVER $1,500",PHYSICAL CONDITION OF DRIVER,1,INCAPACITATING INJURY,1.0,0.0,1.0,12,5,2,41.70796152,-87.56659141,"['02/16/2023', '12:12:00', 'PM']",INCAPACITATING INJURY without Device
1648b35c6d883601ac2c9d7f485ee845b6dcb879b23210ce105c7e23654d2db595ab9143c0ad7d3f2940c0dc8c8af87db857418290983ed9d528923333ac5e35,2023-02-15 16:54:00,Wednesday,30,TRAFFIC SIGNAL,CLEAR,DAYLIGHT,TURNING,DRY,INJURY AND / OR TOW DUE TO CRASH,"OVER $1,500",FAILING TO YIELD RIGHT-OF-WAY,2,INCAPACITATING INJURY,1.0,0.0,1.0,16,4,2,41.8058351,-87.61635215,"['02/15/2023', '04:54:00', 'PM']",INCAPACITATING INJURY with Device
25f9e44d7496273b3ad65ea542f1ca6dfdbc19fe46a5413ce1df2d721422d3459342b89e4d6171cb340595b3b419292f762baffac1acf069e7b3b2c58b670e92,2023-02-15 15:45:00,Wednesday,30,TRAFFIC SIGNAL,UNKNOWN,UNKNOWN,PEDESTRIAN,UNKNOWN,INJURY AND / OR TOW DUE TO CRASH,"OVER $1,500",UNABLE TO DETERMINE,2,INCAPACITATING INJURY,1.0,0.0,1.0,15,4,2,41.72156629,-87.62516952,"['02/15/2023', '03:45:00', 'PM']",INCAPACITATING INJURY with Device
b085bf26baf0e1aae1add1366cb404578e36c46a50cb717a9982c45bedaa98ebb7663b035d6520973b07c6805d6422c7054a07b3ec2253e172fb6d89672259eb,2023-02-15 08:00:00,Wednesday,30,TRAFFIC SIGNAL,CLOUDY/OVERCAST,DAYLIGHT,TURNING,DRY,INJURY AND / OR TOW DUE TO CRASH,"OVER $1,500",DRIVING ON WRONG SIDE/WRONG WAY,3,INCAPACITATING INJURY,1.0,0.0,1.0,8,4,2,41.7514606,-87.58597199,"['02/15/2023', '08:00:00', 'AM']",INCAPACITATING INJURY with Device
fc26788bdbb3e4b4f85b9748dacec5e255341cd6913552e87e6ac13929ca76b108cb2cad80078cf8c7f5905790490015a2797564407877311493dde65c6c5647,2023-02-15 07:31:00,Wednesday,35,NO CONTROLS,CLEAR,DAYLIGHT,REAR END,DRY,INJURY AND / OR TOW DUE TO CRASH,"OVER $1,500",UNABLE TO DETERMINE,4,INCAPACITATING INJURY,1.0,0.0,1.0,7,4,2,41.96170715,-87.65171479,"['02/15/2023', '07:31:00', 'AM']",INCAPACITATING INJURY without Device
6e695f68b7b637681678317b288208c84461b8cc3931ef5cea10d386a2c9db21523d83a8df293e5b6df9f77827fe7ee95dc3981d6fb22bf954419e995e2bbd51,2023-02-14 20:00:00,Tuesday,30,TRAFFIC SIGNAL,RAIN,"DARKNESS, LIGHTED ROAD",TURNING,WET,INJURY AND / OR TOW DUE TO CRASH,"OVER $1,500",UNABLE TO DETERMINE,2,INCAPACITATING INJURY,4.0,0.0,4.0,20,3,2,41.88325493,-87.67681517,"['02/14/2023', '08:00:00', 'PM']",INCAPACITATING INJURY with Device
212e74af7d9b7dacafddeceaac8ca94642f45f4f7ea78b9ffa8a69dfda4012e240db92fe882ed6d20c6e3bc66a7db57ff841c5a6d1aafe20b0810204983985db,2023-02-14 14:00:00,Tuesday,30,TRAFFIC SIGNAL,RAIN,DAYLIGHT,PEDESTRIAN,WET,INJURY AND / OR TOW DUE TO CRASH,"OVER $1,500",UNABLE TO DETERMINE,2,FATAL,2.0,1.0,0.0,14,3,2,41.8087122,-87.66511378,"['02/14/2023', '02:00:00', 'PM']",FATAL with Device
70008896a367de542ac313f9c31fe935ef75242b648ce6e2eec096534de751460a8eadf606479f070544b64d6dd86fbc19d85c6e2dbb631b145203d89ccfdc8c,2023-02-14 11:35:00,Tuesday,30,NO CONTROLS,CLEAR,DAYLIGHT,TURNING,DRY,INJURY AND / OR TOW DUE TO CRASH,"OVER $1,500",UNABLE TO DETERMINE,2,INCAPACITATING INJURY,1.0,0.0,1.0,11,3,2,41.76823848,-87.68348696,"['02/14/2023', '11:35:00', 'AM']",INCAPACITATING INJURY without Device
f97e8d3089025f9f26b70af97507277453e6e6e7cd9c72e63f424bcb8116b0faabbac2e12d005d5dfb8c74fbe91b99e49e3a1c9ffb342df965c544c88e398a62,2023-02-13 21:01:00,Monday,30,TRAFFIC SIGNAL,CLEAR,"DARKNESS, LIGHTED ROAD",PEDESTRIAN,DRY,INJURY AND / OR TOW DUE TO CRASH,"OVER $1,500",DISREGARDING TRAFFIC SIGNALS,2,INCAPACITATING INJURY,1.0,0.0,1.0,21,2,2,41.9091314,-87.79516677,"['02/13/2023', '09:01:00', 'PM']",INCAPACITATING INJURY with Device
8e6877adbb2e325e9ea2386ca5e3aeb13e2d63afedfc04c0386b4b104f039e9cb7c50a6b3bda6fb1c3802af021f5298e9c808a5526cc4316b3e1e6984ce4ff68,2023-02-13 13:05:00,Monday,50,TRAFFIC SIGNAL,CLEAR,DAYLIGHT,TURNING,DRY,INJURY AND / OR TOW DUE TO CRASH,"OVER $1,500",FAILING TO YIELD RIGHT-OF-WAY,2,INCAPACITATING INJURY,1.0,0.0,1.0,13,2,2,41.95845314,-87.88809194,"['02/13/2023', '01:05:00', 'PM']",INCAPACITATING INJURY with Device
f49265740623557a302430af898f07c35a0db55d9b57053f902d4d504411934fe29bf60cd851c7b7835adb6feb9089b26b8e2d515fba53b33c0d1a1e0232d30e,2023-02-13 09:00:00,Monday,20,NO CONTROLS,CLEAR,DAYLIGHT,PEDESTRIAN,DRY,INJURY AND / OR TOW DUE TO CRASH,"OVER $1,500","VISION OBSCURED (SIGNS, TREE LIMBS, BUILDINGS, ETC.)",3,INCAPACITATING INJURY,2.0,0.0,1.0,9,2,2,41.69048337,-87.66630027,"['02/13/2023', '09:00:00', 'AM']",INCAPACITATING INJURY without Device
03fc6be664f96f3e2e3480cb58cf16147acd3ea19551bfde05dc55e94d7c9af1a2f902d46a1c99178128c9b16b91770087ebab43238c438ea4f94482a07ed302,2023-02-13 08:03:00,Monday,30,TRAFFIC SIGNAL,CLEAR,DAYLIGHT,ANGLE,DRY,INJURY AND / OR TOW DUE TO CRASH,"OVER $1,500",UNABLE TO DETERMINE,2,INCAPACITATING INJURY,2.0,0.0,1.0,8,2,2,41.85754775,-87.64392609,"['02/13/2023', '08:03:00', 'AM']",INCAPACITATING INJURY with Device
1771181ac9b8de43a2c3d0bc4e298f40a2c83fa4bc81d40959aa5c77a3bf255794ddf7ccd6be3ddf88a7bc2b1fd752d3c68a8b29d5efc1d82c6a8c0735036318,2023-02-13 07:50:00,Monday,30,TRAFFIC SIGNAL,CLEAR,DAYLIGHT,TURNING,DRY,INJURY AND / OR TOW DUE TO CRASH,"OVER $1,500",FAILING TO YIELD RIGHT-OF-WAY,2,INCAPACITATING INJURY,1.0,0.0,1.0,7,2,2,41.8586482,-87.70279927,"['02/13/2023', '07:50:00', 'AM']",INCAPACITATING INJURY with Device
a3de044fd2311a44f7a4b4b713b3e1258676720aa368bed4de1dd77df4dc3c6af353bf9078af11bd1ca8170bc21385ded1998e5f03a0a870af35d8821b989302,2023-02-12 22:30:00,Sunday,30,NO CONTROLS,CLEAR,"DARKNESS, LIGHTED ROAD",PEDALCYCLIST,DRY,INJURY AND / OR TOW DUE TO CRASH,"OVER $1,500",IMPROPER LANE USAGE,2,INCAPACITATING INJURY,1.0,0.0,1.0,22,1,2,42.00416375,-87.66068906,"['02/12/2023', '10:30:00', 'PM']",INCAPACITATING INJURY without Device
0898b30406df4c4b9fccfd3faa66173424bdc69b3bf90297eb44dc96380e7ded22603681b0b06470df4eb7cd8b2a2c82005930cf7677ccb9be1aee0fb679c48e,2023-02-12 19:09:00,Sunday,30,TRAFFIC SIGNAL,CLEAR,"DARKNESS, LIGHTED ROAD",SIDESWIPE SAME DIRECTION,DRY,INJURY AND / OR TOW DUE TO CRASH,"$501 - $1,500",UNABLE TO DETERMINE,2,INCAPACITATING INJURY,1.0,0.0,1.0,19,1,2,41.82362189,-87.62627976,"['02/12/2023', '07:09:00', 'PM']",INCAPACITATING INJURY with Device
ae5efe2007f0ebaaf6c9881a12b990b635f1c04ae67612bcdf2fc98bc1a39b58e52839dfc59bcc55886ddb9ae10d64336c133419a6738d1b261b8146fd7c4b8a,2023-02-12 18:54:00,Sunday,30,NO CONTROLS,CLEAR,"DARKNESS, LIGHTED ROAD",PEDESTRIAN,DRY,INJURY AND / OR TOW DUE TO CRASH,"OVER $1,500",FAILING TO REDUCE SPEED TO AVOID CRASH,3,INCAPACITATING INJURY,2.0,0.0,1.0,18,1,2,41.88020253,-87.759784,"['02/12/2023', '06:54:00', 'PM']",INCAPACITATING INJURY without Device
84d3f974bfd630ceaa3ecaf1f4ed628e7cac49a50b02bb6d432c0773355c4abd9927c08498cd68d2c48f8ea4c91c869bf9a3bd68eea4d72973e1ce06c5d5b4fd,2023-02-12 17:37:00,Sunday,30,NO CONTROLS,CLEAR,"DARKNESS, LIGHTED ROAD",TURNING,DRY,INJURY AND / OR TOW DUE TO CRASH,"OVER $1,500",IMPROPER TURNING/NO SIGNAL,2,INCAPACITATING INJURY,2.0,0.0,2.0,17,1,2,41.69324718,-87.61934056,"['02/12/2023', '05:37:00', 'PM']",INCAPACITATING INJURY without Device
653aabd55279c5333750d8bb354d5a8d409a920c46791981d5e4cc7e779426c29bfdb200040c162b9a4c5f5ea34e27481a74cb4ea4aff7d32fe60521c5874c40,2023-02-12 16:00:00,Sunday,30,NO CONTROLS,CLEAR,DAYLIGHT,SIDESWIPE SAME DIRECTION,DRY,INJURY AND / OR TOW DUE TO CRASH,"OVER $1,500",IMPROPER OVERTAKING/PASSING,2,INCAPACITATING INJURY,1.0,0.0,1.0,16,1,2,41.75366568,-87.56545464,"['02/12/2023', '04:00:00', 'PM']",INCAPACITATING INJURY without Device
92d4a0d2bf38546cfdde9ab875ccb3a617bf14cb28c3ca99ce3f8ec745346b048a485317aee241edb717d23623066ed3d402ee27479a1dc988235e066f5bf18f,2023-02-11 23:17:00,Saturday,30,NO CONTROLS,CLEAR,"DARKNESS, LIGHTED ROAD",SIDESWIPE SAME DIRECTION,DRY,INJURY AND / OR TOW DUE TO CRASH,"OVER $1,500",UNABLE TO DETERMINE,2,INCAPACITATING INJURY,3.0,0.0,1.0,23,7,2,41.79463459,-87.63251977,"['02/11/2023', '11:17:00', 'PM']",INCAPACITATING INJURY without Device
c0754e952f924383093cb4ee70c7f5003506980e0aebe4dd38dcb3f1f874804ec50ad695cabe4dd7ed87bebac48c4506dabebf59b9f2d1222f3cf23bdf2e7777,2023-02-11 23:05:00,Saturday,30,NO CONTROLS,CLEAR,"DARKNESS, LIGHTED ROAD",REAR END,DRY,INJURY AND / OR TOW DUE TO CRASH,"OVER $1,500",UNABLE TO DETERMINE,2,INCAPACITATING INJURY,1.0,0.0,1.0,23,7,2,41.77256377,-87.63241932,"['02/11/2023', '11:05:00', 'PM']",INCAPACITATING INJURY without Device
5ab10ed051dbd759eb66fe5cd81ba6f025b8f04f816cd5c29b4cf41a75adf74b8827856224aa836a8c41db50b72dad9a6f01cfebdb9c0a918b6801c6724f78e8,2023-02-11 22:18:00,Saturday,30,NO CONTROLS,CLEAR,DARKNESS,PEDESTRIAN,DRY,INJURY AND / OR TOW DUE TO CRASH,"OVER $1,500",UNABLE TO DETERMINE,4,INCAPACITATING INJURY,2.0,0.0,1.0,22,7,2,41.86543205,-87.69323132,"['02/11/2023', '10:18:00', 'PM']",INCAPACITATING INJURY without Device
58cdea6bcad2762488688092e7612067466a1fe51a306bbe83023e26528bee23645f33eab17581b810afa8ea48f4a9431e75ba2b083af4f6a811cb77abc70df3,2023-02-11 19:00:00,Saturday,30,NO CONTROLS,CLEAR,DUSK,TURNING,UNKNOWN,INJURY AND / OR TOW DUE TO CRASH,"OVER $1,500",NOT APPLICABLE,2,INCAPACITATING INJURY,1.0,0.0,1.0,19,7,2,41.76495845,-87.66949289,"['02/11/2023', '07:00:00', 'PM']",INCAPACITATING INJURY without Device
8149d1f237b3a25f9d6afb8ef73204610c5a7f01f9e74550b0cce4ba765df746608bfcd68069a41e0dc04d276673788d0ff1fd544099b55738301e77730d8b93,2023-02-11 18:55:00,Saturday,30,TRAFFIC SIGNAL,CLEAR,"DARKNESS, LIGHTED ROAD",TURNING,DRY,INJURY AND / OR TOW DUE TO CRASH,"OVER $1,500",IMPROPER TURNING/NO SIGNAL,2,INCAPACITATING INJURY,2.0,0.0,1.0,18,7,2,41.84777752,-87.73450597,"['02/11/2023', '06:55:00', 'PM']",INCAPACITATING INJURY with Device
2ec8e1d2d80ef22621edada33318b59dcb7a35c8409128b3b2a7ecad7dd837fa50fc954c755cc878719a2840e5a68e9276fec2d09ec379507e978f3272385121,2023-02-11 14:44:00,Saturday,30,TRAFFIC SIGNAL,CLEAR,DAYLIGHT,PEDESTRIAN,DRY,INJURY AND / OR TOW DUE TO CRASH,"OVER $1,500",UNABLE TO DETERMINE,2,INCAPACITATING INJURY,1.0,0.0,1.0,14,7,2,42.01201207,-87.70459858,"['02/11/2023', '02:44:00', 'PM']",INCAPACITATING INJURY with Device
fc6fe89b244306c1704d48db22d68c3d03b7298af42991baec1bc388eb5f8c3649948fcf2bc64f062532c8384826a5dd836505c22e65685cd272c152f1a4fdc8,2023-02-10 20:20:00,Friday,30,TRAFFIC SIGNAL,CLEAR,"DARKNESS, LIGHTED ROAD",TURNING,DRY,INJURY AND / OR TOW DUE TO CRASH,"OVER $1,500",UNABLE TO DETERMINE,2,INCAPACITATING INJURY,2.0,0.0,2.0,20,6,2,41.81145154,-87.72357465,"['02/10/2023', '08:20:00', 'PM']",INCAPACITATING INJURY with Device
f262c688929f31705bda3b6ae7a15906ff06a9359a1d20b6e40f69b39d6eda2e9a7812a4ea37ed66bd55fd1d4ca20cad63952855c0f7f988430cbb7d275bc9e6,2023-02-10 17:53:00,Friday,15,NO CONTROLS,CLEAR,"DARKNESS, LIGHTED ROAD",PARKED MOTOR VEHICLE,DRY,INJURY AND / OR TOW DUE TO CRASH,"OVER $1,500",PHYSICAL CONDITION OF DRIVER,3,INCAPACITATING INJURY,1.0,0.0,1.0,17,6,2,41.79561823,-87.67702766,"['02/10/2023', '05:53:00', 'PM']",INCAPACITATING INJURY without Device
f495c1a01a09c370429c25c6c1d45590a3490c88d98d4e5b9a5e4046f4ffc09c7d94dac71935e86a8cd35d05f8d9b8e75f62ffe449e269c43620c93e399393da,2023-02-10 14:58:00,Friday,25,STOP SIGN/FLASHER,CLEAR,DAYLIGHT,PEDESTRIAN,DRY,INJURY AND / OR TOW DUE TO CRASH,$500 OR LESS,UNABLE TO DETERMINE,2,INCAPACITATING INJURY,1.0,0.0,1.0,14,6,2,41.95897362,-87.73821961,"['02/10/2023', '02:58:00', 'PM']",INCAPACITATING INJURY with Device
17bf7cb1faaf4aefc9d99ca163f34c8e3d1a6b46db22a75f6555e2db27124638bf462ef94fb98dc67225261c0df4074a0578bcb167673a113606a1be962b2ce4,2023-02-10 14:09:00,Friday,30,NO CONTROLS,CLEAR,DAYLIGHT,SIDESWIPE SAME DIRECTION,DRY,INJURY AND / OR TOW DUE TO CRASH,"OVER $1,500",UNABLE TO DETERMINE,5,INCAPACITATING INJURY,1.0,0.0,1.0,14,6,2,41.8817427,-87.7080332,"['02/10/2023', '02:09:00', 'PM']",INCAPACITATING INJURY without Device
8080861cdbc963c1a39d4f5a922db0cf436db130088ba4ae546ebb369aa172cbce0e433439de2d137a8dcfd50b8d34595048b81f979ab40d59daa89ced1823e1,2023-02-10 06:38:00,Friday,30,NO CONTROLS,CLEAR,DUSK,HEAD ON,DRY,INJURY AND / OR TOW DUE TO CRASH,"OVER $1,500",IMPROPER LANE USAGE,2,INCAPACITATING INJURY,2.0,0.0,2.0,6,6,2,41.80656984,-87.68422334,"['02/10/2023', '06:38:00', 'AM']",INCAPACITATING INJURY without Device
9c4e3c616be232ae175fe0671d4f19927d98040cb72d9c6cae5872e198ace84592192c9ca8227226477ad52ba3b1b9546f4d862943a863c8d0b03b8e1e6d8009,2023-02-09 19:54:00,Thursday,30,NO CONTROLS,RAIN,"DARKNESS, LIGHTED ROAD",PEDESTRIAN,WET,INJURY AND / OR TOW DUE TO CRASH,"OVER $1,500",FAILING TO YIELD RIGHT-OF-WAY,2,INCAPACITATING INJURY,1.0,0.0,1.0,19,5,2,41.8650579,-87.62395087,"['02/09/2023', '07:54:00', 'PM']",INCAPACITATING INJURY without Device
7a432d27059a076e023d613b59d100ca6edeaa31cf9cd0375ae59c72d613be04327b5a252181bd7a3f739857d1d6478f7137b67d3bdb0674d286f3a65eee2b6a,2023-02-09 18:50:00,Thursday,30,TRAFFIC SIGNAL,RAIN,"DARKNESS, LIGHTED ROAD",TURNING,WET,INJURY AND / OR TOW DUE TO CRASH,"OVER $1,500",UNABLE TO DETERMINE,2,INCAPACITATING INJURY,1.0,0.0,1.0,18,5,2,41.84565291,-87.61781639,"['02/09/2023', '06:50:00', 'PM']",INCAPACITATING INJURY with Device
fd7bc2fdef88005ffe162aadffe89a283e8672cd21bcac00903a11211df70b46525b97e89984757f67c57d0db9a0e5cf2ee45d8dda3bddebc17486929e3ec1e2,2023-02-09 18:08:00,Thursday,30,STOP SIGN/FLASHER,RAIN,"DARKNESS, LIGHTED ROAD",PEDESTRIAN,WET,INJURY AND / OR TOW DUE TO CRASH,"OVER $1,500",UNABLE TO DETERMINE,2,INCAPACITATING INJURY,1.0,0.0,1.0,18,5,2,41.93794467,-87.65641174,"['02/09/2023', '06:08:00', 'PM']",INCAPACITATING INJURY with Device
72fc43afa71ef9bf9a0f82e5ffb08bae1bc3a8ba8498a2dba7276efc17ee792529da04baaba8042ebcce11a9d9b7bc5d8e4299496f6837e8cf511e46515da30a,2023-02-09 16:40:00,Thursday,30,STOP SIGN/FLASHER,RAIN,"DARKNESS, LIGHTED ROAD",ANGLE,WET,INJURY AND / OR TOW DUE TO CRASH,$500 OR LESS,FAILING TO YIELD RIGHT-OF-WAY,2,INCAPACITATING INJURY,1.0,0.0,1.0,16,5,2,41.69986673,-87.61606355,"['02/09/2023', '04:40:00', 'PM']",INCAPACITATING INJURY with Device
1a2c83285b45d3bd5c0e8414a0715a860221eabe585871cebd24d4c0bfbbc77a821b38fc16ce4026ef17b024d61ced18ca33c9ab887196553d24795dcd1bc67a,2023-02-09 16:25:00,Thursday,30,NO CONTROLS,RAIN,DAYLIGHT,FIXED OBJECT,WET,INJURY AND / OR TOW DUE TO CRASH,"OVER $1,500",UNABLE TO DETERMINE,1,FATAL,1.0,1.0,0.0,16,5,2,41.68704739,-87.65422975,"['02/09/2023', '04:25:00', 'PM']",FATAL without Device
7ff2eae4f436c835af984217fef9d7a049d32990ddcadb3efaa8a2b40ebe0992c72d78b396275d4eb73027d74ebdac933f98f173572dfcb1092f36969f7b62f0,2023-02-09 16:00:00,Thursday,35,NO CONTROLS,CLOUDY/OVERCAST,DAYLIGHT,PEDESTRIAN,WET,INJURY AND / OR TOW DUE TO CRASH,$500 OR LESS,FAILING TO REDUCE SPEED TO AVOID CRASH,2,INCAPACITATING INJURY,1.0,0.0,1.0,16,5,2,41.95394592,-87.7143485,"['02/09/2023', '04:00:00', 'PM']",INCAPACITATING INJURY without Device
5de1084d813515c80f566009c6be1ea3240bf856033ab882caf6220e97ff5feb69a193fec100ff0d04bb145b375e33661dba397bbfffab3d544c4d8651be8125,2023-02-09 05:43:00,Thursday,30,NO CONTROLS,RAIN,"DARKNESS, LIGHTED ROAD",PEDESTRIAN,WET,INJURY AND / OR TOW DUE TO CRASH,"OVER $1,500",FAILING TO YIELD RIGHT-OF-WAY,2,INCAPACITATING INJURY,1.0,0.0,1.0,5,5,2,41.9539642,-87.68861204,"['02/09/2023', '05:43:00', 'AM']",INCAPACITATING INJURY without Device
7f425345219fd8a3394678ad561a8e838854cecdd7b740c62d14dfaccdbf3219ffaad90018baa5541d2b4e0ad0f0f00d645069fd31cc493645d5e45441b2868c,2023-02-08 21:25:00,Wednesday,30,TRAFFIC SIGNAL,CLEAR,"DARKNESS, LIGHTED ROAD",ANGLE,DRY,INJURY AND / OR TOW DUE TO CRASH,"OVER $1,500",DISREGARDING TRAFFIC SIGNALS,2,INCAPACITATING INJURY,2.0,0.0,1.0,21,4,2,41.76539361,-87.62505048,"['02/08/2023', '09:25:00', 'PM']",INCAPACITATING INJURY with Device
0eb36c67e88397ff86e3469d47795beab0349068d8aff363aee10fd01bf912b244ccedef3d94aa91a4ad8cfe86b17799bc36381c3b4f9cfc169bc769358cf181,2023-02-08 18:40:00,Wednesday,30,STOP SIGN/FLASHER,CLEAR,DUSK,PEDESTRIAN,DRY,INJURY AND / OR TOW DUE TO CRASH,$500 OR LESS,UNABLE TO DETERMINE,2,INCAPACITATING INJURY,1.0,0.0,1.0,18,4,2,42.02106425,-87.67196481,"['02/08/2023', '06:40:00', 'PM']",INCAPACITATING INJURY with Device
ceda2a9a49a0fd2dae9c0d0a511069abcc83eb3cafb2bcf88e44820b57d31017714ecf59c7b3d0fe490a3fe45c523591796de2a178c3343f2abaa7c8cacdd4b9,2023-02-08 16:11:00,Wednesday,30,NO CONTROLS,CLEAR,DAYLIGHT,REAR END,DRY,INJURY AND / OR TOW DUE TO CRASH,"OVER $1,500",FOLLOWING TOO CLOSELY,3,INCAPACITATING INJURY,1.0,0.0,1.0,16,4,2,41.93558976,-87.72693697,"['02/08/2023', '04:11:00', 'PM']",INCAPACITATING INJURY without Device
677a4690a3a10a771c002083f99d7f13a244fa90d08109701fa713df5d933ba514f890746525aac623f3de75e7aa50b11c344b3b1e244240dcedefa727cb5ac7,2023-02-08 11:00:00,Wednesday,30,TRAFFIC SIGNAL,CLEAR,DAYLIGHT,PEDALCYCLIST,DRY,INJURY AND / OR TOW DUE TO CRASH,$500 OR LESS,NOT APPLICABLE,2,INCAPACITATING INJURY,1.0,0.0,1.0,11,4,2,41.72154741,-87.62889295,"['02/08/2023', '11:00:00', 'AM']",INCAPACITATING INJURY with Device
0aef02ecad571b7a1a2d666b85e4bf20ee270943a60749a30ab593b4311f78868f0152e37363a0411eb488950d0c171ca934f8cf6a3ba6fcd9ae52b3a292d15d,2023-02-08 02:15:00,Wednesday,30,TRAFFIC SIGNAL,CLEAR,"DARKNESS, LIGHTED ROAD",ANGLE,DRY,INJURY AND / OR TOW DUE TO CRASH,"OVER $1,500",DISREGARDING TRAFFIC SIGNALS,2,INCAPACITATING INJURY,2.0,0.0,1.0,2,4,2,41.71411887,-87.64314541,"['02/08/2023', '02:15:00', 'AM']",INCAPACITATING INJURY with Device
e836a2fea6750d38a6c0b7ead2ced6cbef6e6b09f984b48a4d78912fb579b0ae5ae8f4062faa1eb82d41352850c730ad833a2e0426138c054ee0a689a8851557,2023-02-08 01:33:00,Wednesday,30,TRAFFIC SIGNAL,CLEAR,"DARKNESS, LIGHTED ROAD",FIXED OBJECT,UNKNOWN,INJURY AND / OR TOW DUE TO CRASH,"OVER $1,500",DISREGARDING TRAFFIC SIGNALS,1,INCAPACITATING INJURY,1.0,0.0,1.0,1,4,2,41.87128905,-87.74500147,"['02/08/2023', '01:33:00', 'AM']",INCAPACITATING INJURY with Device
6f3f27e952fc48d261fd45b780c1d86923e5e8df1229ff4f6521b7dd2936dbf9c047d9bfb293f9203f2f8fcac8480ceb3495ae1b6f4a1aca37869bbafeda3e21,2023-02-07 17:38:00,Tuesday,35,NO CONTROLS,CLEAR,"DARKNESS, LIGHTED ROAD",PEDESTRIAN,DRY,INJURY AND / OR TOW DUE TO CRASH,"OVER $1,500",UNABLE TO DETERMINE,2,INCAPACITATING INJURY,1.0,0.0,1.0,17,3,2,41.94503668,-87.81304718,"['02/07/2023', '05:38:00', 'PM']",INCAPACITATING INJURY without Device
c7dd02923ca977606b7697c68746294a3b0cac9d7169a7a4efcc218b1081f28dadb1b5b3d163e1b29d5bcf50f07b5b1f1f7fdc6e574b9c29b0d8f6adf36aad12,2023-02-07 08:56:00,Tuesday,30,NO CONTROLS,CLEAR,DAYLIGHT,SIDESWIPE OPPOSITE DIRECTION,DRY,INJURY AND / OR TOW DUE TO CRASH,"OVER $1,500",DRIVING ON WRONG SIDE/WRONG WAY,4,INCAPACITATING INJURY,3.0,0.0,1.0,8,3,2,41.88820855,-87.62075575,"['02/07/2023', '08:56:00', 'AM']",INCAPACITATING INJURY without Device