CRASH_RECORD_ID,CRASH_DATE,Weekday,POSTED_SPEED_LIMIT,TRAFFIC_CONTROL_DEVICE,WEATHER_CONDITION,LIGHTING_CONDITION,FIRST_CRASH_TYPE,ROADWAY_SURFACE_COND,CRASH_TYPE,DAMAGE,PRIM_CONTRIBUTORY_CAUSE,NUM_UNITS,MOST_SEVERE_INJURY,INJURIES_TOTAL,INJURIES_FATAL,INJURIES_INCAPACITATING,CRASH_HOUR,CRASH_DAY_OF_WEEK,CRASH_MONTH,LATITUDE,LONGITUDE,CRASH_TIME,CATEGORIES
278d143058349ef135b7718ba44f93be73ed519a6d6a93f061e3b04987a8470cdab7d30314218eac7b096ddb13e0bb766b2d5ee1c180e4060a100b13a28ba895,2023-01-27 23:30:00,Friday,30,NO CONTROLS,CLEAR,"DARKNESS, LIGHTED ROAD",TURNING,DRY,INJURY AND / OR TOW DUE TO CRASH,"OVER $1,500",FAILING TO YIELD RIGHT-OF-WAY,2,INCAPACITATING INJURY,1.0,0.0,1.0,23,6,1,41.68476081,-87.65931463,"['01/27/2023', '11:30:00', 'PM']",INCAPACITATING INJURY without Device
5132d943e28664603ae9d80711d2047fb17bec7be382c2c2df2df57eee1e94e4e57d245ef8ba4a8b41f50c22559c356fb122269155b2ef2013a9eacbb927c2a9,2023-01-27 18:31:00,Friday,30,TRAFFIC SIGNAL,CLEAR,"DARKNESS, LIGHTED ROAD",PEDESTRIAN,WET,INJURY AND / OR TOW DUE TO CRASH,"OVER $1,500",FAILING TO YIELD RIGHT-OF-WAY,2,INCAPACITATING INJURY,1.0,0.0,1.0,18,6,1,41.8755372,-87.63351022,"['01/27/2023', '06:31:00', 'PM']",INCAPACITATING INJURY with Device
b324587757a91c95cd67eb46c72d9394c77327acd0cf9769de4b20f0b3f981a9be361b60361c9ea246ff18c91e9dee91e2d049b981c3e2d229cb1b98e08336bf,2023-01-27 17:46:00,Friday,30,NO CONTROLS,SNOW,DARKNESS,PEDESTRIAN,SNOW OR SLUSH,INJURY AND / OR TOW DUE TO CRASH,"OVER $1,500",FAILING TO REDUCE SPEED TO AVOID CRASH,3,FATAL,1.0,1.0,0.0,17,6,1,41.88161789,-87.75216366,"['01/27/2023', '05:46:00', 'PM']",FATAL without Device
dbf7be2f1f4483706f92b5410f431fd8fa91ad3229056c82f81cd6e135edd23ab180b9b82886263bfeed37c658b8bd0eb9a8e35456f4b61ff623f982c97c0606,2023-01-27 14:36:00,Friday,30,OTHER RAILROAD CROSSING,SNOW,DAYLIGHT,OTHER OBJECT,WET,INJURY AND / OR TOW DUE TO CRASH,"OVER $1,500",UNABLE TO DETERMINE,2,INCAPACITATING INJURY,1.0,0.0,1.0,14,6,1,41.68461789,-87.68615309,"['01/27/2023', '02:36:00', 'PM']",INCAPACITATING INJURY with Device
caf100245a4099052291c2c45a84e98b231e05d44310ba40e4fb14aedcd16b150b8780245ce261a252745203111935b39d22a9351559c3c4a9f025102b79d5b3,2023-01-27 10:19:00,Friday,30,TRAFFIC SIGNAL,SNOW,DAYLIGHT,FIXED OBJECT,WET,INJURY AND / OR TOW DUE TO CRASH,"OVER $1,500",NOT APPLICABLE,3,INCAPACITATING INJURY,2.0,0.0,1.0,10,6,1,41.8321338,-87.69472806,"['01/27/2023', '10:19:00', 'AM']",INCAPACITATING INJURY with Device
8f2dc7ee858f5d821ddaa223ca9d9325ce15d7c04fa14301ebc7e38b4abd3ae7ddf7fe9b46299b432d2b77ca2b6739db394ae0f04fe8c5d8ad0722359cff910e,2023-01-27 07:37:00,Friday,30,TRAFFIC SIGNAL,CLOUDY/OVERCAST,DAYLIGHT,FIXED OBJECT,DRY,INJURY AND / OR TOW DUE TO CRASH,"OVER $1,500",PHYSICAL CONDITION OF DRIVER,1,INCAPACITATING INJURY,1.0,0.0,1.0,7,6,1,41.77208127,-87.6640795,"['01/27/2023', '07:37:00', 'AM']",INCAPACITATING INJURY with Device
b746e5e743a3a0a52b6ecbfd7d1d0396db49e3bdddf253ffbc5c6d9ba46506d1b68d8020be0447d86254bd176a524bdcf317a18ade824eccac1bdb9801330c57,2023-01-27 06:54:00,Friday,30,TRAFFIC SIGNAL,CLEAR,DAWN,ANGLE,OTHER,INJURY AND / OR TOW DUE TO CRASH,"OVER $1,500",DISREGARDING TRAFFIC SIGNALS,2,INCAPACITATING INJURY,2.0,0.0,1.0,6,6,1,41.98323054,-87.69921851,"['01/27/2023', '06:54:00', 'AM']",INCAPACITATING INJURY with Device
d7598131cb0ca736f7798c1e362630ae94cbd1b6f7c2639286ded7dc17a7c9e65a3e9e1ca8046580dc5cf6ffcff4e232a858d18aa8113e5c499b762be23c4e52,2023-01-27 05:00:00,Friday,30,TRAFFIC SIGNAL,CLEAR,DARKNESS,TURNING,DRY,INJURY AND / OR TOW DUE TO CRASH,"OVER $1,500",FAILING TO YIELD RIGHT-OF-WAY,2,INCAPACITATING INJURY,1.0,0.0,1.0,5,6,1,41.89180451,-87.61783918,"['01/27/2023', '05:00:00', 'AM']",INCAPACITATING INJURY with Device
bce9bb76010b4eaa0105e5519284e15ce01cf12331fde1c46230f8b35d41254908eef19e3de7c6a56c1611df262932a349671f19aa7b2389883d441c5eec887d,2023-01-27 04:07:00,Friday,35,TRAFFIC SIGNAL,CLEAR,"DARKNESS, LIGHTED ROAD",ANGLE,DRY,INJURY AND / OR TOW DUE TO CRASH,"OVER $1,500",DISREGARDING TRAFFIC SIGNALS,3,INCAPACITATING INJURY,2.0,0.0,2.0,4,6,1,41.84416837,-87.72440057,"['01/27/2023', '04:07:00', 'AM']",INCAPACITATING INJURY with Device
b44a97d6bfd3823326df22fd64175e801152586c5962d8365d19f5411d2d237f785cf138a55caaa4384076f3ceb51e3d2a86d029c340bf1ed291535fda5a43d0,2023-01-26 23:12:00,Thursday,30,TRAFFIC SIGNAL,CLEAR,"DARKNESS, LIGHTED ROAD",TURNING,DRY,INJURY AND / OR TOW DUE TO CRASH,"OVER $1,500",UNABLE TO DETERMINE,2,INCAPACITATING INJURY,2.0,0.0,1.0,23,5,1,41.7712227,-87.74191039,"['01/26/2023', '11:12:00', 'PM']",INCAPACITATING INJURY with Device
727db5fcb7eb7f31d9d11149fb07043b96ac93b3d3f87da2ede132ee46d82ffd3193eb036e192edf88384d96e68782a1838f34ddbbfc7bfff15ba73a413dcbd6,2023-01-26 23:08:00,Thursday,30,TRAFFIC SIGNAL,CLEAR,"DARKNESS, LIGHTED ROAD",REAR END,DRY,INJURY AND / OR TOW DUE TO CRASH,"OVER $1,500",IMPROPER OVERTAKING/PASSING,6,INCAPACITATING INJURY,1.0,0.0,1.0,23,5,1,41.97377161,-87.8463554,"['01/26/2023', '11:08:00', 'PM']",INCAPACITATING INJURY with Device
f398f3d2396b850e635b45f9e7ecffd9cf0754a2e88840437ca2d14e3db847680a023038b1fc7664d9631c11635f253cea6bbaa5fe868dc866889d52a4b5205d,2023-01-26 18:08:00,Thursday,30,TRAFFIC SIGNAL,SNOW,"DARKNESS, LIGHTED ROAD",PEDESTRIAN,WET,INJURY AND / OR TOW DUE TO CRASH,$500 OR LESS,DISREGARDING YIELD SIGN,2,INCAPACITATING INJURY,1.0,0.0,1.0,18,5,1,41.82363348,-87.64100407,"['01/26/2023', '06:08:00', 'PM']",INCAPACITATING INJURY with Device
a1a1ebc21036c4f95ef84589fdf5e867fc67ff5e14cf55b233f214a9667481e42376ceced8db44f0cd881d7926513594d8d3693016b44bcae474fcb193dfa47f,2023-01-26 15:36:00,Thursday,30,NO CONTROLS,CLEAR,DAYLIGHT,PEDESTRIAN,WET,INJURY AND / OR TOW DUE TO CRASH,"OVER $1,500",UNABLE TO DETERMINE,2,INCAPACITATING INJURY,1.0,0.0,1.0,15,5,1,41.75070416,-87.68301166,"['01/26/2023', '03:36:00', 'PM']",INCAPACITATING INJURY without Device
cf62e5122391ab180d702b36051dc20020d1d9d4a3317cbe613498c146291004197e21f6c806b9b04f85e47c874817589066b7a492b4513ef51de611a0f5a056,2023-01-26 12:23:00,Thursday,30,STOP SIGN/FLASHER,SNOW,DAYLIGHT,PEDESTRIAN,SNOW OR SLUSH,INJURY AND / OR TOW DUE TO CRASH,"OVER $1,500",DISREGARDING STOP SIGN,2,FATAL,1.0,1.0,0.0,12,5,1,41.87571235,-87.75474498,"['01/26/2023', '12:23:00', 'PM']",FATAL with Device
45ef99d6739c22de4260bc091e70dd495a1fd4d57557f56b05e53eff8cceaf39b714407d49866e64569dab903013eed067c1b1e13dee641f6b2ebfda3f745dc3,2023-01-26 06:35:00,Thursday,45,NO CONTROLS,BLOWING SNOW,"DARKNESS, LIGHTED ROAD",SIDESWIPE SAME DIRECTION,ICE,INJURY AND / OR TOW DUE TO CRASH,"OVER $1,500",WEATHER,12,INCAPACITATING INJURY,10.0,0.0,1.0,6,5,1,41.95118942,-87.90078123,"['01/26/2023', '06:35:00', 'AM']",INCAPACITATING INJURY without Device
20d8b2f9ba998b7a635f871dfee27fae72354b11c70d7ef338c72206e0a997ad603012cbd061f55b78e7779e7496527acebc9f425af9e1db72a8f2a2b821b2e5,2023-01-25 20:52:00,Wednesday,30,TRAFFIC SIGNAL,RAIN,DARKNESS,PEDESTRIAN,WET,INJURY AND / OR TOW DUE TO CRASH,"OVER $1,500",UNABLE TO DETERMINE,2,FATAL,1.0,1.0,0.0,20,4,1,41.89545646,-87.72623054,"['01/25/2023', '08:52:00', 'PM']",FATAL with Device
4269d0d24751291d2dc91e746329be26df7de9e99c034166c14176fc919939c381e9e8fc7a51656800b02812469294dcbe13ee218a6059a05dcc5f3962ec9bee,2023-01-25 19:16:00,Wednesday,30,NO CONTROLS,RAIN,"DARKNESS, LIGHTED ROAD",REAR END,WET,INJURY AND / OR TOW DUE TO CRASH,"OVER $1,500",FOLLOWING TOO CLOSELY,2,INCAPACITATING INJURY,2.0,0.0,2.0,19,4,1,41.92387852,-87.77949888,"['01/25/2023', '07:16:00', 'PM']",INCAPACITATING INJURY without Device
31ebd193a205fff9b7e4d524fd9679f7f2c9207d7eb0100a8ade2ae681969d86d00d37429285fe63e879409c3a8be4f174dc9f983bbacfffddad0cecaa85218d,2023-01-25 17:59:00,Wednesday,30,TRAFFIC SIGNAL,SNOW,"DARKNESS, LIGHTED ROAD",PEDESTRIAN,WET,INJURY AND / OR TOW DUE TO CRASH,"OVER $1,500",DISREGARDING TRAFFIC SIGNALS,3,INCAPACITATING INJURY,2.0,0.0,1.0,17,4,1,41.87362949,-87.70115587,"['01/25/2023', '05:59:00', 'PM']",INCAPACITATING INJURY with Device
4c78f383e1e43aeeb437f23c4f4d04cd9380cbc8fda3a255565047a64a44335e4d92aa0869de47f0fa99e0eaca88f5503f3f4cd0c741168500c58a90503ade78,2023-01-25 17:48:00,Wednesday,30,TRAFFIC SIGNAL,SNOW,"DARKNESS, LIGHTED ROAD",PEDESTRIAN,WET,INJURY AND / OR TOW DUE TO CRASH,"OVER $1,500",FAILING TO YIELD RIGHT-OF-WAY,2,INCAPACITATING INJURY,1.0,0.0,1.0,17,4,1,41.88172428,-87.65722603,"['01/25/2023', '05:48:00', 'PM']",INCAPACITATING INJURY with Device
9581a9560bc4cdb20282519083ff7956f538f1dd73895e3116318a916108b69889d8f9e3c83eb124ec978fa6d1479ecfd5462232a3139f11703779a52e5d350f,2023-01-24 23:04:00,Tuesday,30,NO CONTROLS,CLEAR,"DARKNESS, LIGHTED ROAD",PEDALCYCLIST,DRY,INJURY AND / OR TOW DUE TO CRASH,"$501 - $1,500",FAILING TO YIELD RIGHT-OF-WAY,2,INCAPACITATING INJURY,1.0,0.0,1.0,23,3,1,41.92255726,-87.8060628,"['01/24/2023', '11:04:00', 'PM']",INCAPACITATING INJURY without Device
897c940d2a8ad2cd295524cfaaf8d88a34916a13707c0f0e92a17750e3566882bf8b30cd9f1ed938b362f668c3680009592184e2ae0a9d3df87c66d385896d19,2023-01-24 19:23:00,Tuesday,30,TRAFFIC SIGNAL,CLEAR,"DARKNESS, LIGHTED ROAD",HEAD ON,DRY,INJURY AND / OR TOW DUE TO CRASH,"OVER $1,500",ROAD ENGINEERING/SURFACE/MARKING DEFECTS,4,INCAPACITATING INJURY,4.0,0.0,2.0,19,3,1,41.87367972,-87.6967558,"['01/24/2023', '07:23:00', 'PM']",INCAPACITATING INJURY with Device
6118a09895d724ef4e545e3985b62bc61c0c262d56eda3f010de11b89fdb5445d46246bc8cbac4e0f1490c3385e970ea17c5492296d985449339d4067a696824,2023-01-24 10:18:00,Tuesday,30,TRAFFIC SIGNAL,CLEAR,DAYLIGHT,PEDESTRIAN,DRY,INJURY AND / OR TOW DUE TO CRASH,"OVER $1,500",FAILING TO YIELD RIGHT-OF-WAY,2,INCAPACITATING INJURY,1.0,0.0,1.0,10,3,1,41.84014456,-87.66133946,"['01/24/2023', '10:18:00', 'AM']",INCAPACITATING INJURY with Device
c129535dd20dc93150a37bb3c4d9d7362470cf951e2c29d3d09be319d3bb1825201b295903bf8982f6d61abdf943e0787804b343068d551270deefe70db2a0d6,2023-01-24 04:40:00,Tuesday,25,NO CONTROLS,CLEAR,"DARKNESS, LIGHTED ROAD",FIXED OBJECT,DRY,INJURY AND / OR TOW DUE TO CRASH,"OVER $1,500",UNABLE TO DETERMINE,1,INCAPACITATING INJURY,1.0,0.0,1.0,4,3,1,41.77621148,-87.64515028,"['01/24/2023', '04:40:00', 'AM']",INCAPACITATING INJURY without Device
17df84cbab8c432274f0d9ad64a58c4295ab1057ab7172a35c0b55625b76ee94d6047eedba08c0af8a29b57f985a21bb54738d630ef8df7f244aaa1420dd6ed3,2023-01-24 01:50:00,Tuesday,30,TRAFFIC SIGNAL,CLOUDY/OVERCAST,"DARKNESS, LIGHTED ROAD",ANGLE,DRY,INJURY AND / OR TOW DUE TO CRASH,"OVER $1,500",UNABLE TO DETERMINE,2,INCAPACITATING INJURY,3.0,0.0,1.0,1,3,1,41.89142875,-87.74553396,"['01/24/2023', '01:50:00', 'AM']",INCAPACITATING INJURY with Device
c331686139b7533e3301e29875772ffce08475c4d78b1147a3161109d0340d7f0a5791c360cd81e6398b9e80f74743d12d2c7bbeea29ff467f7b564566644911,2023-01-23 19:17:00,Monday,30,TRAFFIC SIGNAL,CLEAR,"DARKNESS, LIGHTED ROAD",ANGLE,DRY,INJURY AND / OR TOW DUE TO CRASH,"OVER $1,500",DISREGARDING TRAFFIC SIGNALS,3,INCAPACITATING INJURY,1.0,0.0,1.0,19,2,1,41.86715377,-87.6509024,"['01/23/2023', '07:17:00', 'PM']",INCAPACITATING INJURY with Device
a6e95b6fba749cf476283a7fcd5dd27c5280e7518d2cd25b9534ff9ea0431c01fee3237e09ee691cde935923fa0a75e97205268f86b4e0d122dd9a62fd73a66c,2023-01-23 13:02:00,Monday,35,TRAFFIC SIGNAL,CLEAR,DAYLIGHT,PEDESTRIAN,DRY,INJURY AND / OR TOW DUE TO CRASH,$500 OR LESS,DRIVING SKILLS/KNOWLEDGE/EXPERIENCE,2,INCAPACITATING INJURY,1.0,0.0,1.0,13,2,1,41.77862499,-87.73502936,"['01/23/2023', '01:02:00', 'PM']",INCAPACITATING INJURY with Device
69e04debcfafead3d3c3e04fbf381d89ce91f33e6906845564b548593edceb9f41938cd15d59e47177f4464cc091fa35e577e93a029b25fc3d0f5f03667ef57e,2023-01-23 08:10:00,Monday,30,TRAFFIC SIGNAL,CLEAR,DAYLIGHT,TURNING,DRY,INJURY AND / OR TOW DUE TO CRASH,"OVER $1,500",FAILING TO YIELD RIGHT-OF-WAY,2,INCAPACITATING INJURY,1.0,0.0,1.0,8,2,1,41.93826695,-87.7957615,"['01/23/2023', '08:10:00', 'AM']",INCAPACITATING INJURY with Device
2cf725fc4a89c150d620f470b2fa5a35536990d8e2c7890c2339b0ffe34bc0d7385c6a72b823b4e4585ac4f656ae82c698bd63b888bb72ce250afd6e7dd02f6e,2023-01-22 22:40:00,Sunday,15,NO CONTROLS,SNOW,"DARKNESS, LIGHTED ROAD",PEDESTRIAN,UNKNOWN,INJURY AND / OR TOW DUE TO CRASH,$500 OR LESS,UNABLE TO DETERMINE,2,INCAPACITATING INJURY,1.0,0.0,1.0,22,1,1,41.78584728,-87.622089,"['01/22/2023', '10:40:00', 'PM']",INCAPACITATING INJURY without Device
c42601f9f6c2aeb4fab0f509441af0d0969a0d0cfc3b099c0acc5de04d0bd5976603c68b061101b86bf650c70aa521ba5dce1c57a3075aee6ee70256fa51f8e1,2023-01-22 21:36:00,Sunday,45,NO CONTROLS,CLEAR,DARKNESS,PEDESTRIAN,WET,INJURY AND / OR TOW DUE TO CRASH,"OVER $1,500",FAILING TO REDUCE SPEED TO AVOID CRASH,2,INCAPACITATING INJURY,1.0,0.0,1.0,21,1,1,41.9547127,-87.89283816,"['01/22/2023', '09:36:00', 'PM']",INCAPACITATING INJURY without Device
612308a6d6d4c5572da3eda43261a7fcaffab31dc3a8cf9fe14577c6c6107db6e5371a44c0d030f0b6b32a720889660321357310a8144482e1edb606f0cb63e3,2023-01-22 09:55:00,Sunday,30,TRAFFIC SIGNAL,SNOW,DAYLIGHT,ANGLE,ICE,INJURY AND / OR TOW DUE TO CRASH,"OVER $1,500",WEATHER,2,INCAPACITATING INJURY,4.0,0.0,2.0,9,1,1,41.88667653,-87.63258037,"['01/22/2023', '09:55:00', 'AM']",INCAPACITATING INJURY with Device
a5e680d292e1ebc2f5af07eb4f7bfd4004225626bf8db996554aed8f816429224046a5679939a4c2a7268aab55caaea5274c03bda94e149621d6bee75c94c79e,2023-01-22 00:05:00,Sunday,30,STOP SIGN/FLASHER,CLEAR,"DARKNESS, LIGHTED ROAD",PEDESTRIAN,DRY,INJURY AND / OR TOW DUE TO CRASH,$500 OR LESS,FAILING TO REDUCE SPEED TO AVOID CRASH,2,INCAPACITATING INJURY,1.0,0.0,1.0,0,1,1,41.89154058,-87.67951918,"['01/22/2023', '12:05:00', 'AM']",INCAPACITATING INJURY with Device
d48968c89eac9d7e35252f5b7e2624b0a4fd782639ab263cbc0fc38e608ea9e47b8ec432ff123a210ca0a07873781291b9d134031d06d494aabdb3f543edc2b7,2023-01-21 21:09:00,Saturday,30,STOP SIGN/FLASHER,CLEAR,"DARKNESS, LIGHTED ROAD",ANGLE,DRY,INJURY AND / OR TOW DUE TO CRASH,"OVER $1,500",FAILING TO REDUCE SPEED TO AVOID CRASH,2,INCAPACITATING INJURY,1.0,0.0,1.0,21,7,1,41.75529927,-87.56402149,"['01/21/2023', '09:09:00', 'PM']",INCAPACITATING INJURY with Device
6897d2a89621bb6e18e997e17f6f44765760601cb40c583ee7e28c316555d7b41f1f478249ff1a332af8f96a86791937f94f0da88b3d687b31fc1a58f2595945,2023-01-21 20:32:00,Saturday,30,NO CONTROLS,CLEAR,"DARKNESS, LIGHTED ROAD",PARKED MOTOR VEHICLE,DRY,INJURY AND / OR TOW DUE TO CRASH,"$501 - $1,500",PHYSICAL CONDITION OF DRIVER,2,FATAL,1.0,1.0,0.0,20,7,1,41.78141224,-87.78406324,"['01/21/2023', '08:32:00', 'PM']",FATAL without Device
0e933879da76fdef59efdd15d4303a0627592c9b6495167281e32b3f2ff3223334678c42371eee2533946308964753880fb7fa198808766c103154d1d8e87e84,2023-01-21 19:57:00,Saturday,30,NO CONTROLS,CLEAR,DARKNESS,PARKED MOTOR VEHICLE,DRY,INJURY AND / OR TOW DUE TO CRASH,"OVER $1,500",UNABLE TO DETERMINE,3,INCAPACITATING INJURY,1.0,0.0,1.0,19,7,1,41.72266818,-87.54994087,"['01/21/2023', '07:57:00', 'PM']",INCAPACITATING INJURY without Device
e1c856714967fb140e2942b9cdf672a0d37fc97ba9c71fe192acc2bd75f351ad1239a4bf5a045b36981f71e11477a2bff90c45f12e12bdbce39e71b91f46dfe2,2023-01-21 19:49:00,Saturday,30,TRAFFIC SIGNAL,CLEAR,"DARKNESS, LIGHTED ROAD",ANGLE,DRY,INJURY AND / OR TOW DUE TO CRASH,"OVER $1,500",DISREGARDING TRAFFIC SIGNALS,5,INCAPACITATING INJURY,5.0,0.0,1.0,19,7,1,41.89325598,-87.62661246,"['01/21/2023', '07:49:00', 'PM']",INCAPACITATING INJURY with Device
27d34d76006e5d107d638aeb37ebc7c42d5159b38ba28a3f83a40d5083f35869fcf5be4355d280e5aff990732c920ec07bff532e191fc0cf85840c3368d2ecf8,2023-01-21 19:40:00,Saturday,30,NO CONTROLS,CLEAR,"DARKNESS, LIGHTED ROAD",FIXED OBJECT,DRY,INJURY AND / OR TOW DUE TO CRASH,"OVER $1,500","VISION OBSCURED (SIGNS, TREE LIMBS, BUILDINGS, ETC.)",1,INCAPACITATING INJURY,1.0,0.0,1.0,19,7,1,41.81643315,-87.637467,"['01/21/2023', '07:40:00', 'PM']",INCAPACITATING INJURY without Device
e788848cb73f5381598d0fb81219a3fb0610df37571011a06054491eb5c3a9ec5bf63edbdc2f41ace6aeae7e0e7da039fb5364aad2d82ef47843778d8a102c80,2023-01-21 17:54:00,Saturday,30,STOP SIGN/FLASHER,CLEAR,"DARKNESS, LIGHTED ROAD",ANGLE,DRY,INJURY AND / OR TOW DUE TO CRASH,"OVER $1,500",UNABLE TO DETERMINE,2,INCAPACITATING INJURY,4.0,0.0,1.0,17,7,1,41.85885291,-87.71782129,"['01/21/2023', '05:54:00', 'PM']",INCAPACITATING INJURY with Device
beadad9673dbf007401406859f57284e10598144a121e085c3da3cd6e3612eb6b28604027c437e260d438d34fcab1a58070141946a6407e48eac2b7b3f7a8aae,2023-01-20 22:10:00,Friday,30,TRAFFIC SIGNAL,CLEAR,"DARKNESS, LIGHTED ROAD",SIDESWIPE SAME DIRECTION,DRY,INJURY AND / OR TOW DUE TO CRASH,"OVER $1,500",DRIVING SKILLS/KNOWLEDGE/EXPERIENCE,2,FATAL,2.0,1.0,0.0,22,6,1,41.91614728,-87.66794735,"['01/20/2023', '10:10:00', 'PM']",FATAL with Device
de9594788b9575ec5ddd231ecd414133ed98788359d9847d4b58f694b5278c36e551464c7423d7bab30e782ef56832ce06a6b6435a5af0987f8bd04742deb64c,2023-01-20 11:32:00,Friday,30,TRAFFIC SIGNAL,CLEAR,DAYLIGHT,PEDESTRIAN,DRY,INJURY AND / OR TOW DUE TO CRASH,"OVER $1,500",FAILING TO YIELD RIGHT-OF-WAY,2,INCAPACITATING INJURY,1.0,0.0,1.0,11,6,1,41.84231666,-87.72464504,"['01/20/2023', '11:32:00', 'AM']",INCAPACITATING INJURY with Device
f6e4914aecce74521fec6d76410751dd9e3381bfd13084037c5e827f5393d4ca9fedcd239c69e8785646325d51492dc05729203d571d81f73241d52e789bbbcd,2023-01-20 01:45:00,Friday,30,TRAFFIC SIGNAL,CLEAR,"DARKNESS, LIGHTED ROAD",ANGLE,DRY,INJURY AND / OR TOW DUE TO CRASH,"OVER $1,500",UNABLE TO DETERMINE,3,INCAPACITATING INJURY,1.0,0.0,1.0,1,6,1,41.88558985,-87.64128413,"['01/20/2023', '01:45:00', 'AM']",INCAPACITATING INJURY with Device
9506b7a5e720d882c84382ea4a774fe898acf5bd7c37697584c8c8904eb01a8e139bb0ba6f08f3bb3ce943e77f754e85515179247f975df27ed9ae6b82f5530b,2023-01-19 19:38:00,Thursday,30,NO CONTROLS,RAIN,DUSK,REAR END,WET,INJURY AND / OR TOW DUE TO CRASH,"OVER $1,500",UNABLE TO DETERMINE,3,INCAPACITATING INJURY,2.0,0.0,2.0,19,5,1,41.80809777,-87.71429136,"['01/19/2023', '07:38:00', 'PM']",INCAPACITATING INJURY without Device
8fd79c25afd5c5085a3143ad3c36d4a16162bb1e6003b7915b5dc48b0ae5f160ee2e67b430a2418347078c0dc734c921b73577231e76985c96766679520efff5,2023-01-19 19:19:00,Thursday,30,TRAFFIC SIGNAL,CLEAR,"DARKNESS, LIGHTED ROAD",PEDALCYCLIST,WET,INJURY AND / OR TOW DUE TO CRASH,$500 OR LESS,IMPROPER TURNING/NO SIGNAL,2,INCAPACITATING INJURY,1.0,0.0,1.0,19,5,1,41.91683649,-87.74625205,"['01/19/2023', '07:19:00', 'PM']",INCAPACITATING INJURY with Device
4fddc7e5a931c4f02a40f09fbea10d43e8d71f6659434f1db77d3062b25a07b864cc629e3e11c495e84fcfbbdec8802e9820c08e906c00d2b16c821e19230e34,2023-01-19 17:08:00,Thursday,25,NO CONTROLS,RAIN,"DARKNESS, LIGHTED ROAD",PEDESTRIAN,WET,INJURY AND / OR TOW DUE TO CRASH,"OVER $1,500",DISTRACTION - FROM INSIDE VEHICLE,2,INCAPACITATING INJURY,1.0,0.0,1.0,17,5,1,41.94191411,-87.77893037,"['01/19/2023', '05:08:00', 'PM']",INCAPACITATING INJURY without Device
bbf30a242ce3b02ef7141ec51388665c41cf74a9f7d074055c11f7f1a96d284632167ae65492ce96d1f3adcb0d594b218acfd56ac352994755bb9f7eb1d65ca4,2023-01-19 15:52:00,Thursday,30,NO CONTROLS,RAIN,DAYLIGHT,ANGLE,WET,INJURY AND / OR TOW DUE TO CRASH,"OVER $1,500","OPERATING VEHICLE IN ERRATIC, RECKLESS, CARELESS, NEGLIGENT OR AGGRESSIVE MANNER",2,INCAPACITATING INJURY,1.0,0.0,1.0,15,5,1,41.7533229,-87.59902875,"['01/19/2023', '03:52:00', 'PM']",INCAPACITATING INJURY without Device
b664e4a479ae3cb3dfba416496cf222c60804f7cf788a01b21b1b3e6ee3b8ce223c599c8f90d797897618ca01bed09ca4f956b6a62c810b9006a952865233ea5,2023-01-19 13:27:00,Thursday,30,NO CONTROLS,CLOUDY/OVERCAST,DAYLIGHT,REAR END,DRY,INJURY AND / OR TOW DUE TO CRASH,"OVER $1,500",FOLLOWING TOO CLOSELY,2,INCAPACITATING INJURY,1.0,0.0,1.0,13,5,1,41.96652597,-87.8368294,"['01/19/2023', '01:27:00', 'PM']",INCAPACITATING INJURY without Device
4d4e1c102609f631b4bdbf8a651b20f0298f64226852f0106ca0015fe118c0f6eb1ce27108a21d9cf61cdf9276b7c336b5a59cb3b80eff894ec09b1cd59c008e,2023-01-19 08:28:00,Thursday,30,TRAFFIC SIGNAL,CLOUDY/OVERCAST,DAYLIGHT,PEDESTRIAN,WET,INJURY AND / OR TOW DUE TO CRASH,"OVER $1,500",FAILING TO YIELD RIGHT-OF-WAY,2,INCAPACITATING INJURY,1.0,0.0,1.0,8,5,1,41.98358665,-87.66976726,"['01/19/2023', '08:28:00', 'AM']",INCAPACITATING INJURY with Device
690738a3f7682dca139eddf81e77c3333d93ebaaf5cbc1205f8b4be51f9b08dc7c67e0e5df93b551043838923a082fb2aa91e718a58d6efae52bfbfc36c804b7,2023-01-19 01:17:00,Thursday,30,STOP SIGN/FLASHER,RAIN,"DARKNESS, LIGHTED ROAD",ANGLE,WET,INJURY AND / OR TOW DUE TO CRASH,"OVER $1,500",DISREGARDING STOP SIGN,2,FATAL,1.0,1.0,0.0,1,5,1,41.70260703,-87.52832175,"['01/19/2023', '01:17:00', 'AM']",FATAL with Device
0a4cf4a9670c94b6d6b0524275821bd915e28b5684eab6fc4131c9b5300ae865c85090502150377360ff8eba15d1afe0397a85596278e64a55c276b5c00ad92f,2023-01-18 09:05:00,Wednesday,30,NO CONTROLS,CLOUDY/OVERCAST,DAYLIGHT,OTHER NONCOLLISION,DRY,INJURY AND / OR TOW DUE TO CRASH,$500 OR LESS,DRIVING SKILLS/KNOWLEDGE/EXPERIENCE,2,INCAPACITATING INJURY,1.0,0.0,1.0,9,4,1,41.83915028,-87.64645204,"['01/18/2023', '09:05:00', 'AM']",INCAPACITATING INJURY without Device