CRASH_RECORD_ID,CRASH_DATE,Weekday,POSTED_SPEED_LIMIT,TRAFFIC_CONTROL_DEVICE,WEATHER_CONDITION,LIGHTING_CONDITION,FIRST_CRASH_TYPE,ROADWAY_SURFACE_COND,CRASH_TYPE,DAMAGE,PRIM_CONTRIBUTORY_CAUSE,NUM_UNITS,MOST_SEVERE_INJURY,INJURIES_TOTAL,INJURIES_FATAL,INJURIES_INCAPACITATING,CRASH_HOUR,CRASH_DAY_OF_WEEK,CRASH_MONTH,LATITUDE,LONGITUDE,CRASH_TIME,CATEGORIES
fc9b8cd1d9253879eeb316680d2a1b82418c61cd3ac5b935d3ca0f25c78c4ab2efb7738bc32a1d4a060eaf54fcedbac40524db81c91f6a161c592f92c6dbba74,2023-01-17 18:00:00,Tuesday,30,TRAFFIC SIGNAL,CLEAR,DUSK,PEDESTRIAN,DRY,INJURY AND / OR TOW DUE TO CRASH,$500 OR LESS,UNABLE TO DETERMINE,2,INCAPACITATING INJURY,2.0,0.0,1.0,18,3,1,41.86569055,-87.72025362,"['01/17/2023', '06:00:00', 'PM']",INCAPACITATING INJURY with Device
f85c201acba1aa972bd247c5c49daa8f8b2d52c72e620fb03da4e225829ca86dcd632a57f5e0157d2cac4f7c55d326054496f92ba13dc3eaad08c0fd78890080,2023-01-17 18:00:00,Tuesday,35,TRAFFIC SIGNAL,CLEAR,"DARKNESS, LIGHTED ROAD",TURNING,DRY,INJURY AND / OR TOW DUE TO CRASH,"OVER $1,500",IMPROPER TURNING/NO SIGNAL,2,INCAPACITATING INJURY,2.0,0.0,1.0,18,3,1,41.7514606,-87.58597199,"['01/17/2023', '06:00:00', 'PM']",INCAPACITATING INJURY with Device
06074ca39083ad59e8df0beaf9af2b60e1dadd4b29952fdab3f2284797933a316500d6c2882f6c00fb156a59bbfb0f59d62e739ae8228235105096e0b318dac5,2023-01-17 08:21:00,Tuesday,25,YIELD,CLEAR,DAYLIGHT,ANGLE,DRY,INJURY AND / OR TOW DUE TO CRASH,"OVER $1,500",IMPROPER LANE USAGE,2,INCAPACITATING INJURY,2.0,0.0,1.0,8,3,1,41.74924768,-87.64414929,"['01/17/2023', '08:21:00', 'AM']",INCAPACITATING INJURY with Device
437b0549f7300bbb480d5ae5ca998a6dd00636ca064ede924c1abb807d0bae26df28b9e51623a7f2eecfa2e24d1e1cd17afed11c6d48743cfdaf8ad9b3891c38,2023-01-17 07:12:00,Tuesday,30,NO CONTROLS,CLEAR,DAYLIGHT,SIDESWIPE SAME DIRECTION,DRY,INJURY AND / OR TOW DUE TO CRASH,"$501 - $1,500",DRIVING SKILLS/KNOWLEDGE/EXPERIENCE,2,INCAPACITATING INJURY,1.0,0.0,1.0,7,3,1,41.97075873,-87.76314718,"['01/17/2023', '07:12:00', 'AM']",INCAPACITATING INJURY without Device
c69e29f35861add042a4e5ab94137b28075afff496b62ea95933905f021a3b71e670c3cc90fc98793a0d6c099e0ce65caa39de714aaba7c436fbb86ddadba248,2023-01-16 18:55:00,Monday,35,TRAFFIC SIGNAL,RAIN,"DARKNESS, LIGHTED ROAD",PEDESTRIAN,WET,INJURY AND / OR TOW DUE TO CRASH,$500 OR LESS,UNABLE TO DETERMINE,2,INCAPACITATING INJURY,1.0,0.0,1.0,18,2,1,41.75075116,-87.64410779,"['01/16/2023', '06:55:00', 'PM']",INCAPACITATING INJURY with Device
59a78f8185f8f355b8d2125adcd0455c948efdcc100e39306d842cd0ea8d557afc830757c9b1004566d636aafd843d5f9249acbb8553f6704b903eb64a6e54e2,2023-01-16 00:33:00,Monday,35,TRAFFIC SIGNAL,CLEAR,"DARKNESS, LIGHTED ROAD",FIXED OBJECT,DRY,INJURY AND / OR TOW DUE TO CRASH,"OVER $1,500",FAILING TO REDUCE SPEED TO AVOID CRASH,1,INCAPACITATING INJURY,3.0,0.0,2.0,0,2,1,41.92266285,-87.67794486,"['01/16/2023', '12:33:00', 'AM']",INCAPACITATING INJURY with Device
dc40a77d5273ca5685e758b6499005599b3e76d8d4ede0a3f087476873672d8b676c4d88d5be034209cfb650907092429514b301d15dc753b549efc2f2c9d946,2023-01-15 19:55:00,Sunday,35,NO CONTROLS,CLEAR,"DARKNESS, LIGHTED ROAD",REAR END,DRY,INJURY AND / OR TOW DUE TO CRASH,"OVER $1,500",UNABLE TO DETERMINE,2,INCAPACITATING INJURY,1.0,0.0,1.0,19,1,1,41.85255389,-87.61336989,"['01/15/2023', '07:55:00', 'PM']",INCAPACITATING INJURY without Device
c2022a5b69948e92253199b2d1dae8ea256f0e8c523e85baf4ba2baeccf9ae49351edfa41ed741b0ceaa34bad6d2563e3732f733d4b876237a1881d5f9d8be8e,2023-01-15 13:35:00,Sunday,30,NO CONTROLS,CLEAR,DAYLIGHT,TURNING,DRY,INJURY AND / OR TOW DUE TO CRASH,"OVER $1,500",FAILING TO YIELD RIGHT-OF-WAY,2,INCAPACITATING INJURY,2.0,0.0,1.0,13,1,1,41.70541513,-87.61133548,"['01/15/2023', '01:35:00', 'PM']",INCAPACITATING INJURY without Device
fb7567767e2d2ea73e95ca3f7d46b4928d2ee1f635023efab15e1fde5149da58dab8481a54b8d79763466ccc6cc0e590582c7fc09074e59b7f4ebf5350a0b62d,2023-01-15 04:07:00,Sunday,30,NO CONTROLS,CLEAR,"DARKNESS, LIGHTED ROAD",SIDESWIPE SAME DIRECTION,DRY,INJURY AND / OR TOW DUE TO CRASH,"OVER $1,500",IMPROPER OVERTAKING/PASSING,2,INCAPACITATING INJURY,1.0,0.0,1.0,4,1,1,41.68399182,-87.72501728,"['01/15/2023', '04:07:00', 'AM']",INCAPACITATING INJURY without Device
1af0eadc0bfdf327885861e95dcefcca4e685fa491e9a4e3d23ee3b4863b77eca33dae7ac9839261d47f6bedd2b6724f140237540607efbe057ff77b19aaf3d0,2023-01-14 23:54:00,Saturday,30,STOP SIGN/FLASHER,CLEAR,"DARKNESS, LIGHTED ROAD",TURNING,DRY,INJURY AND / OR TOW DUE TO CRASH,"OVER $1,500",FAILING TO YIELD RIGHT-OF-WAY,2,INCAPACITATING INJURY,1.0,0.0,1.0,23,7,1,41.85803908,-87.65788508,"['01/14/2023', '11:54:00', 'PM']",INCAPACITATING INJURY with Device
95ac6905f294372adb5844ca6ab0411c716b1da6ad17e4bc28ceeaf16d82f3c8c37a7edac72bd7cdf84228ed7d5b9b61fd7b2c215b779490900dd003063d6a53,2023-01-14 19:04:00,Saturday,30,NO CONTROLS,CLEAR,"DARKNESS, LIGHTED ROAD",PARKED MOTOR VEHICLE,DRY,INJURY AND / OR TOW DUE TO CRASH,"OVER $1,500",UNABLE TO DETERMINE,3,INCAPACITATING INJURY,1.0,0.0,1.0,19,7,1,41.8151167,-87.67014556,"['01/14/2023', '07:04:00', 'PM']",INCAPACITATING INJURY without Device
17f045398990042565a2665a67bf3db51791ae37cf586af9b36e4149c0916717173977f95145553efbf61de17f0bf885da6524dbf1dad13991bcda2da9e63bd1,2023-01-14 15:14:00,Saturday,30,TRAFFIC SIGNAL,CLEAR,DAYLIGHT,ANGLE,DRY,INJURY AND / OR TOW DUE TO CRASH,"OVER $1,500",DISREGARDING TRAFFIC SIGNALS,3,INCAPACITATING INJURY,3.0,0.0,1.0,15,7,1,41.82394884,-87.61667242,"['01/14/2023', '03:14:00', 'PM']",INCAPACITATING INJURY with Device
d2173f851005c6c2581c1e049ab5e612e3696557eb8e60bc76decb319e140912146495b9c780ed4a3c23d15c412a38336484e5eda4f0fdec8244bddb61429b08,2023-01-14 11:00:00,Saturday,30,NO CONTROLS,CLEAR,DAYLIGHT,FIXED OBJECT,DRY,INJURY AND / OR TOW DUE TO CRASH,"OVER $1,500",UNABLE TO DETERMINE,1,INCAPACITATING INJURY,1.0,0.0,1.0,11,7,1,41.67538448,-87.5752379,"['01/14/2023', '11:00:00', 'AM']",INCAPACITATING INJURY without Device
34be8449d36324b10972926920693669f1596601c176944b5f8f49222837cf9735877ebf866b9f3c556239cd87967149b5ec2e5806f08bb03ff3d86ea89e2626,2023-01-14 06:09:00,Saturday,40,NO CONTROLS,CLEAR,"DARKNESS, LIGHTED ROAD",HEAD ON,DRY,INJURY AND / OR TOW DUE TO CRASH,"OVER $1,500",UNABLE TO DETERMINE,3,INCAPACITATING INJURY,1.0,0.0,1.0,6,7,1,41.9975196,-87.77443004,"['01/14/2023', '06:09:00', 'AM']",INCAPACITATING INJURY without Device
a3344d088ed70b878e9992b10b96570ef34548f746e0bbce2941403f12e238c29d97aa6f8b974ccc874517f30be2bea2533c9f18093a9d18882f454e4fd0b086,2023-01-14 03:08:00,Saturday,30,NO CONTROLS,CLEAR,"DARKNESS, LIGHTED ROAD",FIXED OBJECT,DRY,INJURY AND / OR TOW DUE TO CRASH,"OVER $1,500","OPERATING VEHICLE IN ERRATIC, RECKLESS, CARELESS, NEGLIGENT OR AGGRESSIVE MANNER",1,INCAPACITATING INJURY,1.0,0.0,1.0,3,7,1,41.88517472,-87.67442281,"['01/14/2023', '03:08:00', 'AM']",INCAPACITATING INJURY without Device
cdb2d3def566d3681c211b566b57a549539ed299ffb6280be9856f860ce01f1bb79ab2c2f96d79f54f0be87bc46cc830576f335a0b84a831a1eb517f634baa70,2023-01-14 03:00:00,Saturday,30,NO CONTROLS,CLEAR,"DARKNESS, LIGHTED ROAD",OTHER OBJECT,DRY,INJURY AND / OR TOW DUE TO CRASH,"OVER $1,500",UNABLE TO DETERMINE,1,INCAPACITATING INJURY,1.0,0.0,1.0,3,7,1,41.80122255,-87.68674543,"['01/14/2023', '03:00:00', 'AM']",INCAPACITATING INJURY without Device
e84dbab08474c843b316fb81c85357498f8c03bf057b4be728a086aa16fd8340b5b90a33e0cd20736dca39b655b7db5d90db5ec5a162d0246a69bcb0b1211ea7,2023-01-14 02:35:00,Saturday,30,NO CONTROLS,CLEAR,"DARKNESS, LIGHTED ROAD",FIXED OBJECT,DRY,INJURY AND / OR TOW DUE TO CRASH,"OVER $1,500",FAILING TO REDUCE SPEED TO AVOID CRASH,1,INCAPACITATING INJURY,2.0,0.0,2.0,2,7,1,41.91206735,-87.7047988,"['01/14/2023', '02:35:00', 'AM']",INCAPACITATING INJURY without Device
3eeb9c59549ff48d1e0fd945d349d59c9d3654659a50bd469c3600836891977387b6eac85604ed177b69ab0e3cac66a1d63c361db158af857079c86aa03e32e1,2023-01-13 14:59:00,Friday,30,YIELD,BLOWING SNOW,DAYLIGHT,ANGLE,WET,INJURY AND / OR TOW DUE TO CRASH,"OVER $1,500",UNABLE TO DETERMINE,2,INCAPACITATING INJURY,1.0,0.0,1.0,14,6,1,41.76088724,-87.56211191,"['01/13/2023', '02:59:00', 'PM']",INCAPACITATING INJURY with Device
4843c628d79b3ee813db69a63d9cff3e14814e3cd75e60cad43ba1184fc8134bc3e238a698378f526750910f6315803d3350468a4535cef63c85b84ffa30d328,2023-01-12 16:20:00,Thursday,30,TRAFFIC SIGNAL,CLEAR,DAYLIGHT,ANGLE,DRY,INJURY AND / OR TOW DUE TO CRASH,"OVER $1,500",DISREGARDING TRAFFIC SIGNALS,2,INCAPACITATING INJURY,1.0,0.0,1.0,16,5,1,41.89318763,-87.63131472,"['01/12/2023', '04:20:00', 'PM']",INCAPACITATING INJURY with Device
76d885c6153519904da8a178a297a61906b9bd79555da9dfdbea8dfec936ccddd8febe52440692b76aa3c30abf6043189744a3ffbac061b20541e9fd42a26ce7,2023-01-12 01:50:00,Thursday,30,NO CONTROLS,CLEAR,"DARKNESS, LIGHTED ROAD",HEAD ON,DRY,INJURY AND / OR TOW DUE TO CRASH,"OVER $1,500",UNABLE TO DETERMINE,2,INCAPACITATING INJURY,4.0,0.0,2.0,1,5,1,41.82057,-87.74335976,"['01/12/2023', '01:50:00', 'AM']",INCAPACITATING INJURY without Device
33ff99f9cc917156971e39c98becea6187bd6282c1befa4aed0126357da920c269a29acb71607a533fdfcf93cb4d8751a4aa8b76373444f180e44af5c6da1859,2023-01-11 22:00:00,Wednesday,30,STOP SIGN/FLASHER,CLEAR,"DARKNESS, LIGHTED ROAD",ANGLE,DRY,INJURY AND / OR TOW DUE TO CRASH,"OVER $1,500",UNABLE TO DETERMINE,2,INCAPACITATING INJURY,1.0,0.0,1.0,22,4,1,41.88753136,-87.73739718,"['01/11/2023', '10:00:00', 'PM']",INCAPACITATING INJURY with Device
668adea0b82d6b4f858d980a1f75d9b36ff282a9203cf3bc892adbd7784965ee14914fd3adccff1b6ed19eb7d1e6b9c89706d96a534937d3e30aa6f1d6f5709b,2023-01-11 21:00:00,Wednesday,25,TRAFFIC SIGNAL,CLEAR,"DARKNESS, LIGHTED ROAD",PEDESTRIAN,DRY,INJURY AND / OR TOW DUE TO CRASH,"OVER $1,500",DISREGARDING TRAFFIC SIGNALS,2,INCAPACITATING INJURY,1.0,0.0,1.0,21,4,1,41.76552854,-87.62962704,"['01/11/2023', '09:00:00', 'PM']",INCAPACITATING INJURY with Device
db42c6299d87e55c82efb94a3631d8cb71c80b6ec23a0c3c806bdcf3654e8c575097a491b7c36622fd6ee0cd463855d23bb9bed64af8fb466de07125ac12aa49,2023-01-11 15:33:00,Wednesday,30,TRAFFIC SIGNAL,CLEAR,DAYLIGHT,TURNING,DRY,INJURY AND / OR TOW DUE TO CRASH,"OVER $1,500",FAILING TO YIELD RIGHT-OF-WAY,2,INCAPACITATING INJURY,2.0,0.0,2.0,15,4,1,41.77261544,-87.63009968,"['01/11/2023', '03:33:00', 'PM']",INCAPACITATING INJURY with Device
f626bf76d15b236d99bbbfb78a4ff6d758367c8480475d8ed49a09a1ad7996a3605c03ff5c9f39a0153d7e07adb6b71c6112e937ebbf1495ba628b1e95e4d18e,2023-01-11 14:55:00,Wednesday,30,NO CONTROLS,CLOUDY/OVERCAST,DAYLIGHT,REAR END,DRY,INJURY AND / OR TOW DUE TO CRASH,"$501 - $1,500",FOLLOWING TOO CLOSELY,3,INCAPACITATING INJURY,1.0,0.0,1.0,14,4,1,41.86881415,-87.74261739,"['01/11/2023', '02:55:00', 'PM']",INCAPACITATING INJURY without Device
37075297676e646d9166ca1d50b0aa490eca65c41355c924e4e3aeba40d8023e47565219be8c7660677b0a8e6f2b7072338583a1649c26b8628472af0a166208,2023-01-10 23:45:00,Tuesday,30,NO CONTROLS,CLEAR,"DARKNESS, LIGHTED ROAD",PEDESTRIAN,DRY,INJURY AND / OR TOW DUE TO CRASH,"OVER $1,500",UNABLE TO DETERMINE,2,FATAL,1.0,1.0,0.0,23,3,1,41.88498728,-87.71529495,"['01/10/2023', '11:45:00', 'PM']",FATAL without Device
9158a29494a42d4b5cf0f8dd0356a3515cef451313a49671ee5d5cb8499c01c255d7a6b17d65ab0e07250e54bcc377041573d897ac415bd30e0fd4c91ac0f34f,2023-01-10 18:01:00,Tuesday,30,PEDESTRIAN CROSSING SIGN,CLEAR,"DARKNESS, LIGHTED ROAD",PEDESTRIAN,DRY,INJURY AND / OR TOW DUE TO CRASH,"OVER $1,500",UNABLE TO DETERMINE,2,INCAPACITATING INJURY,1.0,0.0,1.0,18,3,1,41.83690122,-87.71708919,"['01/10/2023', '06:01:00', 'PM']",INCAPACITATING INJURY with Device
534a5d89f0ce21883e39e74e2de288929bec386d7c2b6ba692c9e54228ffef81360514083e51816559593dac198a8ddef3274b2bcf916fc16d138708add53bcb,2023-01-10 16:35:00,Tuesday,30,TRAFFIC SIGNAL,CLEAR,DUSK,HEAD ON,DRY,INJURY AND / OR TOW DUE TO CRASH,"OVER $1,500",FAILING TO YIELD RIGHT-OF-WAY,2,INCAPACITATING INJURY,1.0,0.0,1.0,16,3,1,41.99730203,-87.70919581,"['01/10/2023', '04:35:00', 'PM']",INCAPACITATING INJURY with Device
1300e387bf200c871c32c0b4e53eaaa80fc97beda968dc0e0637036ec2c5ef270b6ee58d2076a6f36a1cf78a53968d86adad03baf1a1762e16495f97e7fb6b7e,2023-01-10 08:15:00,Tuesday,30,NO CONTROLS,CLEAR,DAYLIGHT,REAR END,DRY,INJURY AND / OR TOW DUE TO CRASH,"OVER $1,500",FOLLOWING TOO CLOSELY,3,INCAPACITATING INJURY,2.0,0.0,1.0,8,3,1,41.90326285,-87.7194317,"['01/10/2023', '08:15:00', 'AM']",INCAPACITATING INJURY without Device
3749add5d9c4ac209bf18966b39fddf0d8f3179cb59e4ec2c31d82a0a9e51ccdaf8598abef2162559f7f1c7c597cdc32906a27f31d5113f7afc5e5724a1dee22,2023-01-10 00:35:00,Tuesday,30,NO CONTROLS,CLEAR,"DARKNESS, LIGHTED ROAD",FIXED OBJECT,DRY,INJURY AND / OR TOW DUE TO CRASH,"OVER $1,500",UNABLE TO DETERMINE,1,FATAL,1.0,1.0,0.0,0,3,1,41.78643593,-87.68499232,"['01/10/2023', '12:35:00', 'AM']",FATAL without Device
f2fba77bfcdd20528e3aab77184219289975b890b67add341212bb291549d7ca08385ab0bf6d5c20281b077d8932944f72234e401a398fe0cbdac66dc7f370a2,2023-01-09 19:19:00,Monday,30,STOP SIGN/FLASHER,CLEAR,DAWN,TURNING,DRY,INJURY AND / OR TOW DUE TO CRASH,"OVER $1,500",UNDER THE INFLUENCE OF ALCOHOL/DRUGS (USE WHEN ARREST IS EFFECTED),2,INCAPACITATING INJURY,3.0,0.0,1.0,19,2,1,41.77770475,-87.65430121,"['01/09/2023', '07:19:00', 'PM']",INCAPACITATING INJURY with Device
0c707cf5feb47964b8f6b1d6222d23630fb7c11031bd918e9c1d78381e2d5c5950813bbd0d12c8c9d3e37f0b7c63b966af743b9693abceff1bfd59a989ae93dd,2023-01-09 18:24:00,Monday,35,TRAFFIC SIGNAL,CLEAR,DARKNESS,PEDESTRIAN,DRY,INJURY AND / OR TOW DUE TO CRASH,$500 OR LESS,FAILING TO YIELD RIGHT-OF-WAY,2,INCAPACITATING INJURY,1.0,0.0,1.0,18,2,1,41.96081756,-87.72965814,"['01/09/2023', '06:24:00', 'PM']",INCAPACITATING INJURY with Device
4dcf4218213a600cdcfd50b1a1fdbb665112b27f3ff86db43cfea9b07f7b4a4f61e0b55a023e909021712210293c24a8221436a1ad4bf99572e54bcb91c2ced2,2023-01-09 17:58:00,Monday,30,NO CONTROLS,CLEAR,"DARKNESS, LIGHTED ROAD",PEDESTRIAN,DRY,INJURY AND / OR TOW DUE TO CRASH,$500 OR LESS,FAILING TO YIELD RIGHT-OF-WAY,3,INCAPACITATING INJURY,1.0,0.0,1.0,17,2,1,42.01781732,-87.68087593,"['01/09/2023', '05:58:00', 'PM']",INCAPACITATING INJURY without Device
455bbe8d5a7a4f91086980a7741770fa17c45c8cdae1ce4846b6b3125b4a463da47c87f2851f90b1a21b825a0a95c171d26d24c154dc012363766611f4a72832,2023-01-09 17:26:00,Monday,30,STOP SIGN/FLASHER,CLEAR,DARKNESS,REAR TO SIDE,DRY,INJURY AND / OR TOW DUE TO CRASH,"OVER $1,500",FAILING TO YIELD RIGHT-OF-WAY,2,INCAPACITATING INJURY,1.0,0.0,1.0,17,2,1,41.7685839,-87.66892317,"['01/09/2023', '05:26:00', 'PM']",INCAPACITATING INJURY with Device
4e0d0190b079ea4d0fc9454b8c044b4fd9484690064cf27a37f070dc92fb039f4adfa7fecd10a6f1f00f9970d9686bf6ce420361b0a40f3fcabea1264b89adbb,2023-01-09 17:25:00,Monday,15,NO CONTROLS,CLEAR,"DARKNESS, LIGHTED ROAD",PARKED MOTOR VEHICLE,DRY,INJURY AND / OR TOW DUE TO CRASH,"OVER $1,500",UNABLE TO DETERMINE,2,INCAPACITATING INJURY,1.0,0.0,1.0,17,2,1,41.68349766,-87.6450827,"['01/09/2023', '05:25:00', 'PM']",INCAPACITATING INJURY without Device
ed74c75ef42d9d08a9badf9c37d3f14173ccb881b716c4f8402ce115403980305edb5e52665d35415006fc6f2009cb886eed28210cdb432ce52c3f5c709da2af,2023-01-09 10:56:00,Monday,30,STOP SIGN/FLASHER,CLEAR,DAYLIGHT,ANGLE,DRY,INJURY AND / OR TOW DUE TO CRASH,"OVER $1,500",DISREGARDING STOP SIGN,2,INCAPACITATING INJURY,1.0,0.0,1.0,10,2,1,41.91095599,-87.79254825,"['01/09/2023', '10:56:00', 'AM']",INCAPACITATING INJURY with Device
ee70d0cf0003eebf43dc2eb9e00834dcccf2e8d428dcff905500d9d48b742ff72d30eb0225c0b7bb193533044e908dd96591797253ebc401daeed6f85cfde333,2023-01-09 09:50:00,Monday,30,TRAFFIC SIGNAL,CLEAR,DAYLIGHT,TURNING,DRY,INJURY AND / OR TOW DUE TO CRASH,"OVER $1,500",UNABLE TO DETERMINE,2,INCAPACITATING INJURY,2.0,0.0,2.0,9,2,1,41.92839572,-87.68791214,"['01/09/2023', '09:50:00', 'AM']",INCAPACITATING INJURY with Device
e8fbab66d4fa8b9eff8eddb87b9561fcb981b26215401f31f4ba781b0a82bb999daed6087811f62d5bfe6c2ad1aa3d1b28958eea5036d7e120107d7562be7f42,2023-01-09 02:30:00,Monday,30,NO CONTROLS,CLEAR,"DARKNESS, LIGHTED ROAD",PARKED MOTOR VEHICLE,DRY,INJURY AND / OR TOW DUE TO CRASH,"OVER $1,500","OPERATING VEHICLE IN ERRATIC, RECKLESS, CARELESS, NEGLIGENT OR AGGRESSIVE MANNER",2,INCAPACITATING INJURY,1.0,0.0,1.0,2,2,1,41.87774101,-87.67982255,"['01/09/2023', '02:30:00', 'AM']",INCAPACITATING INJURY without Device
69f3c07738074a1f15b7782c44d9ecbf894d73477df87df753ec44347a60481d875a3e31ad936adc8091691f0c566d6a199f9567305ef3a2520be2aca1fce7f1,2023-01-08 18:19:00,Sunday,30,TRAFFIC SIGNAL,CLEAR,"DARKNESS, LIGHTED ROAD",SIDESWIPE SAME DIRECTION,DRY,INJURY AND / OR TOW DUE TO CRASH,"OVER $1,500",FAILING TO YIELD RIGHT-OF-WAY,3,INCAPACITATING INJURY,3.0,0.0,2.0,18,1,1,42.01246411,-87.6782886,"['01/08/2023', '06:19:00', 'PM']",INCAPACITATING INJURY with Device
70c25cd3920d4f5379e1d427e0c55fc27a01240f9c12b654f26ceea33bb723d5506b83720ec751bf4f7664e34304d9de3fae439944865d3e3175aac23ea891dc,2023-01-08 17:50:00,Sunday,30,TRAFFIC SIGNAL,CLEAR,DARKNESS,REAR END,DRY,INJURY AND / OR TOW DUE TO CRASH,"OVER $1,500",FOLLOWING TOO CLOSELY,2,INCAPACITATING INJURY,1.0,0.0,1.0,17,1,1,41.8384753,-87.62186311,"['01/08/2023', '05:50:00', 'PM']",INCAPACITATING INJURY with Device
86cee8c51dac804351bd1198506b6341d7648c8c5a733375029e92ebad73eb643ef7c96ce2558ee956063dd840102ae1e56dbc4b0659a2934f11977016589ca3,2023-01-08 07:38:00,Sunday,30,TRAFFIC SIGNAL,CLEAR,DAYLIGHT,FIXED OBJECT,DRY,INJURY AND / OR TOW DUE TO CRASH,"OVER $1,500",PHYSICAL CONDITION OF DRIVER,1,INCAPACITATING INJURY,1.0,0.0,1.0,7,1,1,41.89926251,-87.71114806,"['01/08/2023', '07:38:00', 'AM']",INCAPACITATING INJURY with Device
9675ed971a89f7645bda437aa88658dbcdcf5742d86f9b092bd2b263afe2a31bfa6fabbc0bdcda31126169b3725e3e555fb16f87b08cf0cd851d94b17d7b6345,2023-01-08 02:58:00,Sunday,30,TRAFFIC SIGNAL,CLEAR,"DARKNESS, LIGHTED ROAD",ANGLE,DRY,INJURY AND / OR TOW DUE TO CRASH,"OVER $1,500",DISREGARDING TRAFFIC SIGNALS,2,INCAPACITATING INJURY,2.0,0.0,1.0,2,1,1,41.7729455,-87.61068618,"['01/08/2023', '02:58:00', 'AM']",INCAPACITATING INJURY with Device
319a2a53fd6246a706bef09e81d9d8afa83572d360628f996df854be13c0d40bfa251e5ac653052734a3c32c2d61487d6c078d15e1aa807ac68b4fa6dbe42229,2023-01-08 00:39:00,Sunday,35,NO CONTROLS,CLEAR,DARKNESS,HEAD ON,DRY,INJURY AND / OR TOW DUE TO CRASH,"OVER $1,500",FAILING TO REDUCE SPEED TO AVOID CRASH,2,INCAPACITATING INJURY,3.0,0.0,1.0,0,1,1,41.75133872,-87.58953472,"['01/08/2023', '12:39:00', 'AM']",INCAPACITATING INJURY without Device
dfbd3eedef00c4a01ab46ac419d717ae14f9cd554c71ae0e552209617c18556f01648a4ee3802162befcfde3b54f7e837bc7214fa8fa838c57e4e3469d540b5c,2023-01-07 23:30:00,Saturday,30,NO CONTROLS,CLEAR,"DARKNESS, LIGHTED ROAD",SIDESWIPE SAME DIRECTION,DRY,INJURY AND / OR TOW DUE TO CRASH,"OVER $1,500",UNABLE TO DETERMINE,2,INCAPACITATING INJURY,2.0,0.0,1.0,23,7,1,41.69278881,-87.62090332,"['01/07/2023', '11:30:00', 'PM']",INCAPACITATING INJURY without Device
8e0799e7af603efd827b1b116b5cd572fbdd9b4a1cfd77b9c8a6f2e1ffd38cf27e56d023a3f0eda68760c67aad7dd3f69774800759d06dc687f5c4e96f369e10,2023-01-07 23:18:00,Saturday,30,TRAFFIC SIGNAL,CLEAR,"DARKNESS, LIGHTED ROAD",ANGLE,DRY,INJURY AND / OR TOW DUE TO CRASH,"OVER $1,500",DISREGARDING TRAFFIC SIGNALS,2,INCAPACITATING INJURY,1.0,0.0,1.0,23,7,1,41.73660156,-87.6049681,"['01/07/2023', '11:18:00', 'PM']",INCAPACITATING INJURY with Device
1bd845b02da9b13691ea65ee4f1f61fae55b612286ae9ad5cf73d518af08d59a39f78ab66e7e39d18bf99aec46f8f8d0a553462a55300af1c8df15d755cfae7e,2023-01-07 22:00:00,Saturday,30,STOP SIGN/FLASHER,CLEAR,"DARKNESS, LIGHTED ROAD",ANGLE,DRY,INJURY AND / OR TOW DUE TO CRASH,"OVER $1,500",UNABLE TO DETERMINE,3,INCAPACITATING INJURY,1.0,0.0,1.0,22,7,1,41.92122704,-87.79531564,"['01/07/2023', '10:00:00', 'PM']",INCAPACITATING INJURY with Device
ef94d1bc47eae03438436ad09a7295b4652f4c7d553de5626856b1e916dbea4ccdf9f5f56f126040c06b58cba4f4ae1ee8ec15b36c0d6dfef812deb9d65d5cb7,2023-01-07 21:16:00,Saturday,20,NO CONTROLS,CLEAR,"DARKNESS, LIGHTED ROAD",PARKED MOTOR VEHICLE,DRY,INJURY AND / OR TOW DUE TO CRASH,"OVER $1,500",PHYSICAL CONDITION OF DRIVER,2,INCAPACITATING INJURY,2.0,0.0,1.0,21,7,1,41.80900814,-87.66755557,"['01/07/2023', '09:16:00', 'PM']",INCAPACITATING INJURY without Device
f0dac4aa226ae4f0690c2aec82adf49d71c309390a9169aae901a51f6937d265736a29b90ca6219bb60d5538ffca88680d80e1452ba949996f60670ba3ac7c13,2023-01-06 19:58:00,Friday,30,TRAFFIC SIGNAL,CLEAR,"DARKNESS, LIGHTED ROAD",TURNING,DRY,INJURY AND / OR TOW DUE TO CRASH,"OVER $1,500",IMPROPER TURNING/NO SIGNAL,2,INCAPACITATING INJURY,1.0,0.0,1.0,19,6,1,41.75705939,-87.58563502,"['01/06/2023', '07:58:00', 'PM']",INCAPACITATING INJURY with Device