CRASH_RECORD_ID,CRASH_DATE,Weekday,POSTED_SPEED_LIMIT,TRAFFIC_CONTROL_DEVICE,WEATHER_CONDITION,LIGHTING_CONDITION,FIRST_CRASH_TYPE,ROADWAY_SURFACE_COND,CRASH_TYPE,DAMAGE,PRIM_CONTRIBUTORY_CAUSE,NUM_UNITS,MOST_SEVERE_INJURY,INJURIES_TOTAL,INJURIES_FATAL,INJURIES_INCAPACITATING,CRASH_HOUR,CRASH_DAY_OF_WEEK,CRASH_MONTH,LATITUDE,LONGITUDE,CRASH_TIME,CATEGORIES
18abe819b8d2a9df9bdef8ac292235f4b52b4d492d0ff49adfc8f5f7de706a9fa895dfa815b5ab20072bce3e2299557c69746245d10d23703e8cdc9e34782482,2023-01-06 18:00:00,Friday,30,TRAFFIC SIGNAL,CLEAR,DUSK,ANGLE,DRY,INJURY AND / OR TOW DUE TO CRASH,"OVER $1,500",UNABLE TO DETERMINE,3,INCAPACITATING INJURY,2.0,0.0,2.0,18,6,1,41.75150375,-87.58543744,"['01/06/2023', '06:00:00', 'PM']",INCAPACITATING INJURY with Device
91b460e8dbe057a25ca06153edf7849402c933d97dd893bc8ee31caefdf05291875b35aca91d3d202ca634f9a7a39ab5c3bb5cf81cd640a7abf9133669877082,2023-01-06 18:00:00,Friday,30,NO CONTROLS,CLEAR,"DARKNESS, LIGHTED ROAD",FIXED OBJECT,DRY,INJURY AND / OR TOW DUE TO CRASH,"OVER $1,500",UNABLE TO DETERMINE,1,INCAPACITATING INJURY,2.0,0.0,1.0,18,6,1,41.88541378,-87.72700857,"['01/06/2023', '06:00:00', 'PM']",INCAPACITATING INJURY without Device
98f526836d459e22d7c30ecafce27daf3c2de05521d78ca92abb6d1c9c1522fc51f9abadbf60f848a29d02f56195bffc5ea8202f0e8a3df5076ab5e02315db62,2023-01-06 17:30:00,Friday,30,TRAFFIC SIGNAL,CLEAR,"DARKNESS, LIGHTED ROAD",PEDESTRIAN,DRY,INJURY AND / OR TOW DUE TO CRASH,"$501 - $1,500",UNABLE TO DETERMINE,2,INCAPACITATING INJURY,1.0,0.0,1.0,17,6,1,41.75151298,-87.57612577,"['01/06/2023', '05:30:00', 'PM']",INCAPACITATING INJURY with Device
f9897733e295f68784ea13620fbd8af5b6fd56b9c24ef291875e68390d9d6a98320708275e52181037c399d98b51faf89e15db96d7462bf0895bbafa3c89f72e,2023-01-06 15:08:00,Friday,30,NO CONTROLS,CLEAR,DAYLIGHT,PARKED MOTOR VEHICLE,DRY,INJURY AND / OR TOW DUE TO CRASH,"OVER $1,500",UNABLE TO DETERMINE,4,FATAL,1.0,1.0,0.0,15,6,1,41.94065584,-87.80669373,"['01/06/2023', '03:08:00', 'PM']",FATAL without Device
df6d5d5751cbbf9cc57ac45b2ee026990c81f7ef7e6e8036b15c798b0a4748a160eff688c2d99437d9e61b9379e1b5d60dda17db182f4226ec08dfcfc724d49c,2023-01-05 16:45:00,Thursday,30,TRAFFIC SIGNAL,CLOUDY/OVERCAST,"DARKNESS, LIGHTED ROAD",PEDESTRIAN,WET,INJURY AND / OR TOW DUE TO CRASH,"OVER $1,500",FAILING TO YIELD RIGHT-OF-WAY,2,INCAPACITATING INJURY,1.0,0.0,1.0,16,5,1,41.96803936,-87.74028389,"['01/05/2023', '04:45:00', 'PM']",INCAPACITATING INJURY with Device
90358d536179b822a3f7510c8fb60ea745bf930d5c2ab1cd7f8d56477f67197a412cbab476369a135da05c1ccc0361c188c487754d6fb95684bdac0002ccdf2d,2023-01-05 13:10:00,Thursday,30,TRAFFIC SIGNAL,CLOUDY/OVERCAST,DAYLIGHT,TURNING,DRY,INJURY AND / OR TOW DUE TO CRASH,"OVER $1,500",IMPROPER TURNING/NO SIGNAL,4,INCAPACITATING INJURY,4.0,0.0,4.0,13,5,1,41.88312652,-87.63958775,"['01/05/2023', '01:10:00', 'PM']",INCAPACITATING INJURY with Device
e4b5ab1ce63cfcbd14fc38070ed5315a8e44ca7ba16f78cb353587c3f507ed10fe7ae3b700689c0503f47bdad23c0cb6937ad5131977b7bc1b4c63c83ef10f8b,2023-01-05 13:00:00,Thursday,10,NO CONTROLS,CLEAR,DAYLIGHT,PEDESTRIAN,DRY,INJURY AND / OR TOW DUE TO CRASH,"OVER $1,500",FAILING TO YIELD RIGHT-OF-WAY,2,INCAPACITATING INJURY,1.0,0.0,1.0,13,5,1,41.87398795,-87.67299741,"['01/05/2023', '01:00:00', 'PM']",INCAPACITATING INJURY without Device
80c9783baad82aded810420c3a7e760d0c317cae5231dcaa1009b02d6a8df6e785fb2829c8c39b0bfd1e2a4010dc48f22d27c7361dbb44fb96c33a638276ef47,2023-01-05 11:30:00,Thursday,25,NO CONTROLS,RAIN,DAYLIGHT,FIXED OBJECT,WET,INJURY AND / OR TOW DUE TO CRASH,"OVER $1,500",FAILING TO YIELD RIGHT-OF-WAY,1,INCAPACITATING INJURY,3.0,0.0,3.0,11,5,1,41.89932228,-87.61873843,"['01/05/2023', '11:30:00', 'AM']",INCAPACITATING INJURY without Device
a820dca92ecc01f4caed78a88d9570578fe4a0789e612f2030c9641c78b1d7c79454a23f7e562c95e0dfdeace3c36945334dedbea5b08acba94abb062613a40a,2023-01-05 09:00:00,Thursday,35,NO CONTROLS,CLEAR,DAYLIGHT,REAR END,WET,INJURY AND / OR TOW DUE TO CRASH,"$501 - $1,500",UNABLE TO DETERMINE,2,INCAPACITATING INJURY,1.0,0.0,1.0,9,5,1,41.94624432,-87.6883928,"['01/05/2023', '09:00:00', 'AM']",INCAPACITATING INJURY without Device
b4f5c11b0b03e1d2b2a17b845c9ae77256f8bfcea3022ad03629ec34935906527af67b98fe875a88dd998a7fcf013c986586009e35b3d46ab745d9612ffe50cd,2023-01-04 20:07:00,Wednesday,30,TRAFFIC SIGNAL,CLOUDY/OVERCAST,"DARKNESS, LIGHTED ROAD",PEDALCYCLIST,UNKNOWN,INJURY AND / OR TOW DUE TO CRASH,"OVER $1,500",UNABLE TO DETERMINE,2,INCAPACITATING INJURY,1.0,0.0,1.0,20,4,1,41.89916545,-87.72634406,"['01/04/2023', '08:07:00', 'PM']",INCAPACITATING INJURY with Device
1f0cafca3ea46ae86def5392688733931c7c8157bb276e873336f0d180c2469812fce51135127ff099f739c2053a287cccd972e116b0dfe8e73b0c67174b2fe3,2023-01-04 19:15:00,Wednesday,30,NO CONTROLS,CLEAR,"DARKNESS, LIGHTED ROAD",PEDESTRIAN,DRY,INJURY AND / OR TOW DUE TO CRASH,"OVER $1,500",UNABLE TO DETERMINE,2,FATAL,1.0,1.0,0.0,19,4,1,41.70301647,-87.64285907,"['01/04/2023', '07:15:00', 'PM']",FATAL without Device
6a74adfa82b393b67d5e5e9d96abf9ed4d63e6f0330d2ce96e0d7397d6d3bd90a86c78821a59e71a72c875a7cfeb0ada549b84f448421aaf84e985a6b755f133,2023-01-04 17:39:00,Wednesday,35,NO CONTROLS,RAIN,"DARKNESS, LIGHTED ROAD",FIXED OBJECT,WET,INJURY AND / OR TOW DUE TO CRASH,"OVER $1,500",NOT APPLICABLE,1,FATAL,3.0,1.0,1.0,17,4,1,41.88586211,-87.62685865,"['01/04/2023', '05:39:00', 'PM']",FATAL without Device
84c49c61578d1666267846a29c4cae9f820dc7250d3c65895624c5b0faada35c747478353edcf8515f76412348ccef70a6ff457ca2da3818576b0a82b337e87e,2023-01-03 23:24:00,Tuesday,30,STOP SIGN/FLASHER,FOG/SMOKE/HAZE,DUSK,FIXED OBJECT,WET,INJURY AND / OR TOW DUE TO CRASH,"OVER $1,500",DISREGARDING TRAFFIC SIGNALS,1,INCAPACITATING INJURY,2.0,0.0,2.0,23,3,1,41.99064167,-87.67534701,"['01/03/2023', '11:24:00', 'PM']",INCAPACITATING INJURY with Device
4cd3cd4fa9e3e157ec6440fd243239b45433d06e8a39e128fe5b67fb99dcb991923fbd1484ffaeb584ed7fa42cb0ac81d24ca588046792c532f7649bef39b4c3,2023-01-03 21:30:00,Tuesday,20,NO CONTROLS,FOG/SMOKE/HAZE,DARKNESS,PARKED MOTOR VEHICLE,WET,INJURY AND / OR TOW DUE TO CRASH,"$501 - $1,500",UNABLE TO DETERMINE,2,INCAPACITATING INJURY,1.0,0.0,1.0,21,3,1,41.88365886,-87.73571994,"['01/03/2023', '09:30:00', 'PM']",INCAPACITATING INJURY without Device
6f595f7b9925c89b4e679c9de928603cb355691bff4c173c593ae6d25b6e71626ba0e1eee618d091950540f33cb8031bbc2322cb61ee8ddbccb9e332177bcccb,2023-01-03 14:15:00,Tuesday,40,NO CONTROLS,RAIN,DAYLIGHT,FIXED OBJECT,WET,INJURY AND / OR TOW DUE TO CRASH,"OVER $1,500",PHYSICAL CONDITION OF DRIVER,1,INCAPACITATING INJURY,1.0,0.0,1.0,14,3,1,41.90075297,-87.624235,"['01/03/2023', '02:15:00', 'PM']",INCAPACITATING INJURY without Device
5d681f79f0201e825bdc8c29080dda0c7f83b32ad6a3389951a80317043cb4061811030e2b944375d923db72e4e83b71c55d3fecb5b3ce882cc338f9565763c8,2023-01-03 13:22:00,Tuesday,30,TRAFFIC SIGNAL,RAIN,DAYLIGHT,TURNING,WET,INJURY AND / OR TOW DUE TO CRASH,"OVER $1,500",FAILING TO YIELD RIGHT-OF-WAY,3,INCAPACITATING INJURY,1.0,0.0,1.0,13,3,1,41.77957044,-87.66429388,"['01/03/2023', '01:22:00', 'PM']",INCAPACITATING INJURY with Device
af44dc992639a6eb0ad1c506fa5a74c596c3d30eddfc94e271ab0e3d033e80eb0d7a1a9448d81ed4124b5e73c02c85045d05776b01095173a6cc50e1d99dada5,2023-01-03 08:30:00,Tuesday,30,NO CONTROLS,RAIN,DAYLIGHT,REAR END,WET,INJURY AND / OR TOW DUE TO CRASH,"OVER $1,500",UNABLE TO DETERMINE,2,INCAPACITATING INJURY,1.0,0.0,1.0,8,3,1,41.88700707,-87.74536727,"['01/03/2023', '08:30:00', 'AM']",INCAPACITATING INJURY without Device
2e6178fa12d7e830826608821884a9d25c1bdb69ac2681d9d4de1fe661be05c1c2678f5959dd210502bf3c44e25c46eab07a66d97653b5a9a6adc75391245dec,2023-01-03 06:56:00,Tuesday,30,TRAFFIC SIGNAL,CLEAR,DAYLIGHT,REAR END,WET,INJURY AND / OR TOW DUE TO CRASH,"OVER $1,500",UNABLE TO DETERMINE,2,INCAPACITATING INJURY,1.0,0.0,1.0,6,3,1,41.76073152,-87.74164179,"['01/03/2023', '06:56:00', 'AM']",INCAPACITATING INJURY with Device
33a385f24487bb5a5884f86b0b0d5449daa9508c1895efcf086b0d3b527f8fa72decc730f5f9f4ce0d43c1876175ea206c7199a75b5d658efcf7a0d81b7fe35a,2023-01-03 05:36:00,Tuesday,30,TRAFFIC SIGNAL,RAIN,"DARKNESS, LIGHTED ROAD",PEDESTRIAN,WET,INJURY AND / OR TOW DUE TO CRASH,"OVER $1,500",DISREGARDING TRAFFIC SIGNALS,2,FATAL,1.0,1.0,0.0,5,3,1,41.73617002,-87.62501116,"['01/03/2023', '05:36:00', 'AM']",FATAL with Device
0cc072e07b92c852397c44b1336428bc252129808ee6c8bc56c5d9620d40295f6abd8a3fa0ad5ae0c5c01e1d449b3b74db75029e31d25af3d284d6fddcb2ac90,2023-01-03 01:20:00,Tuesday,30,NO CONTROLS,RAIN,"DARKNESS, LIGHTED ROAD",REAR END,WET,INJURY AND / OR TOW DUE TO CRASH,"OVER $1,500",FAILING TO REDUCE SPEED TO AVOID CRASH,2,INCAPACITATING INJURY,1.0,0.0,1.0,1,3,1,41.7514606,-87.58597199,"['01/03/2023', '01:20:00', 'AM']",INCAPACITATING INJURY without Device
433b0408d2e87e239a59a7f3e1335ea00585a1bc9344ac74c3d73db57d53edb553783a826fcfc421959211f8527a9034004ff6e836dde68d7c4aa484dd9db31f,2023-01-02 22:10:00,Monday,30,TRAFFIC SIGNAL,FOG/SMOKE/HAZE,"DARKNESS, LIGHTED ROAD",PEDESTRIAN,WET,INJURY AND / OR TOW DUE TO CRASH,"OVER $1,500",UNABLE TO DETERMINE,3,FATAL,1.0,1.0,0.0,22,2,1,41.75089105,-87.62596851,"['01/02/2023', '10:10:00', 'PM']",FATAL with Device
30c22f521a0138b5d8f26386072a8c31a30e48d5a352320d1538a115028b010700a2cb80428ac99a0fd3a0b6526855abe73559c4a3ec4af17a974c6b99ce2f5e,2023-01-02 19:50:00,Monday,30,NO CONTROLS,CLEAR,"DARKNESS, LIGHTED ROAD",HEAD ON,DRY,INJURY AND / OR TOW DUE TO CRASH,"OVER $1,500",UNABLE TO DETERMINE,5,INCAPACITATING INJURY,2.0,0.0,2.0,19,2,1,41.81625202,-87.69459532,"['01/02/2023', '07:50:00', 'PM']",INCAPACITATING INJURY without Device
a292d2c624aca757468abdd0fdee9febde9239a67aa50fe046742813343f717d475ce032f3dcac3d1146e752307ebd4eb3d61a02a710d89ae8fd905db9ae817e,2023-01-02 14:40:00,Monday,30,NO CONTROLS,CLOUDY/OVERCAST,DAYLIGHT,REAR END,DRY,INJURY AND / OR TOW DUE TO CRASH,"OVER $1,500",NOT APPLICABLE,2,INCAPACITATING INJURY,1.0,0.0,1.0,14,2,1,41.91768234,-87.74599633,"['01/02/2023', '02:40:00', 'PM']",INCAPACITATING INJURY without Device
b6b35c87d752dcccb2a37dba23ba76d67898cd72d66141ee1bee5c4258ba75cfa07cff2a6bc07401ed45175edc05933f03bce804d231c56d66f3eb92052f9eff,2023-01-02 14:03:00,Monday,20,NO CONTROLS,CLEAR,DAYLIGHT,FIXED OBJECT,DRY,INJURY AND / OR TOW DUE TO CRASH,"OVER $1,500",UNABLE TO DETERMINE,1,INCAPACITATING INJURY,1.0,0.0,1.0,14,2,1,41.8217252,-87.62654237,"['01/02/2023', '02:03:00', 'PM']",INCAPACITATING INJURY without Device
49377ff46045bf56a351bfdb5453a3eb82a576c1dcb675748caf1497049ad4e036cc6035eb4c5a0319b229b2aa26bdddebe10caa006f2a31dff7a732d06d06e6,2023-01-02 13:41:00,Monday,30,TRAFFIC SIGNAL,CLEAR,DAYLIGHT,ANGLE,DRY,INJURY AND / OR TOW DUE TO CRASH,"OVER $1,500","VISION OBSCURED (SIGNS, TREE LIMBS, BUILDINGS, ETC.)",2,INCAPACITATING INJURY,1.0,0.0,1.0,13,2,1,41.82350664,-87.64607817,"['01/02/2023', '01:41:00', 'PM']",INCAPACITATING INJURY with Device
69a89acfba027308af3481299c11689a7ab8ec507238d97c6b4991e0645eafc2e111f7dd64f11af7f9f7c5cecdde76f4cc70cb71b84b9bce15d72acab5b3c6af,2023-01-02 12:28:00,Monday,35,TRAFFIC SIGNAL,CLEAR,DAYLIGHT,REAR END,DRY,INJURY AND / OR TOW DUE TO CRASH,"OVER $1,500","OPERATING VEHICLE IN ERRATIC, RECKLESS, CARELESS, NEGLIGENT OR AGGRESSIVE MANNER",3,INCAPACITATING INJURY,2.0,0.0,1.0,12,2,1,41.76570032,-87.61057227,"['01/02/2023', '12:28:00', 'PM']",INCAPACITATING INJURY with Device
42226b11010406d5434c6e4b9aba01af7c427619c986534edaf764c314a4ea7170577d02c829b4eb906b18bf29f0cd9c653677931d28d3f1f2a350bbb6ca9138,2023-01-02 11:55:00,Monday,35,NO CONTROLS,CLEAR,DAYLIGHT,HEAD ON,DRY,INJURY AND / OR TOW DUE TO CRASH,"OVER $1,500",UNABLE TO DETERMINE,2,INCAPACITATING INJURY,1.0,0.0,1.0,11,2,1,41.78684722,-87.64976482,"['01/02/2023', '11:55:00', 'AM']",INCAPACITATING INJURY without Device
388e3e87e27466b95df5fd020185fac5ea462da7916e60dacc22346125f61ab369a6b1d555ebd3c6d80e14ca12385c3582b581254e0a5dbe9af497d6e96a3df1,2023-01-02 08:48:00,Monday,30,TRAFFIC SIGNAL,CLEAR,DAYLIGHT,PEDESTRIAN,DRY,INJURY AND / OR TOW DUE TO CRASH,"$501 - $1,500",FAILING TO YIELD RIGHT-OF-WAY,2,INCAPACITATING INJURY,1.0,0.0,1.0,8,2,1,41.94604892,-87.75677571,"['01/02/2023', '08:48:00', 'AM']",INCAPACITATING INJURY with Device
7099826d7ca1bac8548acb0a56ac06c1aa1c0f65ae443dd4f43dd094d11c9ad822a0dc3f6f8709e22f18a0e003ee14bcf6f8aec9543b7b44638f371438ea5acd,2023-01-02 04:10:00,Monday,30,NO CONTROLS,CLEAR,"DARKNESS, LIGHTED ROAD",PARKED MOTOR VEHICLE,WET,INJURY AND / OR TOW DUE TO CRASH,"OVER $1,500","OPERATING VEHICLE IN ERRATIC, RECKLESS, CARELESS, NEGLIGENT OR AGGRESSIVE MANNER",2,INCAPACITATING INJURY,4.0,0.0,1.0,4,2,1,41.96783518,-87.70983157,"['01/02/2023', '04:10:00', 'AM']",INCAPACITATING INJURY without Device
732c5382b60d246150fc82df080de1436501b3ea4b1460a3e5961a310caed4afc24c188fe4f880a9f1195e12d0c1c342c4228ea920fbd51a0d290dde1553cdbd,2023-01-02 01:41:00,Monday,35,NO CONTROLS,CLEAR,"DARKNESS, LIGHTED ROAD",PEDESTRIAN,DRY,INJURY AND / OR TOW DUE TO CRASH,"OVER $1,500",IMPROPER LANE USAGE,6,FATAL,2.0,1.0,0.0,1,2,1,41.76198585,-87.67360614,"['01/02/2023', '01:41:00', 'AM']",FATAL without Device
6bdf6e8586fc60f2c631d5332cb2a6a497bf0a6c73b6b06a6a21a267275f57e904d054a24aace42cb5c2199868ce749364f69e63713a46f8cc3b8298424876a2,2023-01-02 00:10:00,Monday,30,NO CONTROLS,CLEAR,DARKNESS,PEDESTRIAN,DRY,INJURY AND / OR TOW DUE TO CRASH,"OVER $1,500",UNABLE TO DETERMINE,2,INCAPACITATING INJURY,1.0,0.0,1.0,0,2,1,41.88011335,-87.76633027,"['01/02/2023', '12:10:00', 'AM']",INCAPACITATING INJURY without Device
c18452782b21f465011ef5e4c233043f9cda79f6a67997981fac21bd2b189063d6d3b5de6984bd1070067d4a6a881d5ecb79402ee0a3e26c7fe935fc5cedbc1c,2023-01-01 19:46:00,Sunday,30,TRAFFIC SIGNAL,CLEAR,"DARKNESS, LIGHTED ROAD",ANGLE,DRY,INJURY AND / OR TOW DUE TO CRASH,"OVER $1,500",DISREGARDING TRAFFIC SIGNALS,2,INCAPACITATING INJURY,2.0,0.0,1.0,19,1,1,41.77966134,-87.64463774,"['01/01/2023', '07:46:00', 'PM']",INCAPACITATING INJURY with Device
726b0695868734a08a70159aca7863fd7bb0ea584fc87b91f632037fb15a10bd7bc5faa7186b6306bac747bfa9035c04b09d40556226fa5640551daeb019c408,2023-01-01 17:57:00,Sunday,30,TRAFFIC SIGNAL,CLEAR,"DARKNESS, LIGHTED ROAD",PEDESTRIAN,DRY,INJURY AND / OR TOW DUE TO CRASH,$500 OR LESS,FAILING TO YIELD RIGHT-OF-WAY,2,INCAPACITATING INJURY,1.0,0.0,1.0,17,1,1,42.00773413,-87.67351954,"['01/01/2023', '05:57:00', 'PM']",INCAPACITATING INJURY with Device
e6bc1956f352103426fa2eca5cb01fd3e247789f0a723d02e3dafdb7b8292b64c17e9b08a1f17604dc59205a22d683030322b225dbbaceee3d6c80e130460808,2023-01-01 15:18:00,Sunday,30,TRAFFIC SIGNAL,CLEAR,DAYLIGHT,PEDESTRIAN,DRY,INJURY AND / OR TOW DUE TO CRASH,"OVER $1,500",UNABLE TO DETERMINE,2,INCAPACITATING INJURY,1.0,0.0,1.0,15,1,1,41.93216678,-87.70267127,"['01/01/2023', '03:18:00', 'PM']",INCAPACITATING INJURY with Device
47b2f25bc397c6711a32003118968c66e108543ae419d24f8d979c7309768d1c0d42a0e07a5fe4e60484cb71668bcaa24ff7d57cfc00cdc51c1d3a5eb813abc3,2023-01-01 10:20:00,Sunday,30,TRAFFIC SIGNAL,CLEAR,DAYLIGHT,FIXED OBJECT,WET,INJURY AND / OR TOW DUE TO CRASH,"OVER $1,500",EQUIPMENT - VEHICLE CONDITION,1,INCAPACITATING INJURY,1.0,0.0,1.0,10,1,1,41.74463633,-87.56120291,"['01/01/2023', '10:20:00', 'AM']",INCAPACITATING INJURY with Device
0ef509de6a48df5117c070d14190983be85cdff98789231fa45dfd73bd7aca958dfa6c63ca2ff98a77813ee66d65ac0b6bcaede094c56ff625ebd3f50e192ed1,2023-01-01 08:19:00,Sunday,30,STOP SIGN/FLASHER,FOG/SMOKE/HAZE,DAYLIGHT,ANGLE,WET,INJURY AND / OR TOW DUE TO CRASH,"OVER $1,500",DISREGARDING STOP SIGN,2,INCAPACITATING INJURY,3.0,0.0,1.0,8,1,1,41.81103208,-87.62140462,"['01/01/2023', '08:19:00', 'AM']",INCAPACITATING INJURY with Device
58d707a5e97b1613261615b4666be4457b7f93b6bf8ab2c9d461097ce22609724d88fc7dc8ea419a165b723f1ccf6cc3f29da2323e808ab37aa6b3faf59e5da5,2022-12-31 23:28:00,Saturday,30,TRAFFIC SIGNAL,CLEAR,"DARKNESS, LIGHTED ROAD",TURNING,DRY,INJURY AND / OR TOW DUE TO CRASH,"OVER $1,500",IMPROPER TURNING/NO SIGNAL,2,INCAPACITATING INJURY,1.0,0.0,1.0,23,7,12,41.86980688,-87.64367009,"['12/31/2022', '11:28:00', 'PM']",INCAPACITATING INJURY with Device
b9276d4cbf5cc9264784384f39994372ca50ba0aa4ab865780214065495bbc4017706a28335e920191dbea0001ec837736c4f9212ca2eb232b7d17da47a8224f,2022-12-31 22:00:00,Saturday,30,NO CONTROLS,CLEAR,"DARKNESS, LIGHTED ROAD",PEDALCYCLIST,DRY,INJURY AND / OR TOW DUE TO CRASH,$500 OR LESS,DRIVING SKILLS/KNOWLEDGE/EXPERIENCE,2,INCAPACITATING INJURY,1.0,0.0,1.0,22,7,12,41.9489662,-87.64968333,"['12/31/2022', '10:00:00', 'PM']",INCAPACITATING INJURY without Device
10148bb408e4c89e716e7435ef61408993df32fd6aef69d28733b1437f84bbab47a2dcc0d5e07ec881fa89797d3876de9e0812f9150a3488c40be6e8ab6cd45f,2022-12-31 19:25:00,Saturday,30,NO CONTROLS,CLEAR,"DARKNESS, LIGHTED ROAD",TURNING,DRY,INJURY AND / OR TOW DUE TO CRASH,"OVER $1,500",FAILING TO YIELD RIGHT-OF-WAY,2,INCAPACITATING INJURY,5.0,0.0,2.0,19,7,12,41.92482283,-87.68516623,"['12/31/2022', '07:25:00', 'PM']",INCAPACITATING INJURY without Device
bad0614dbf4a87ca5f4e42e95bf1127417b0532f08b9cb38de7a02a076cfa7d9679231e4ec86dbd58fa98a73435612956bfd86548b38172b2e0d16a7c21fe7ca,2022-12-31 13:10:00,Saturday,30,TRAFFIC SIGNAL,CLEAR,DAYLIGHT,PEDESTRIAN,DRY,INJURY AND / OR TOW DUE TO CRASH,"OVER $1,500",UNABLE TO DETERMINE,2,INCAPACITATING INJURY,1.0,0.0,1.0,13,7,12,41.86626853,-87.70816077,"['12/31/2022', '01:10:00', 'PM']",INCAPACITATING INJURY with Device
e212a88524adc4a370b6e39673490522560659ba575ff9e41be67cfa8edd5f0cb71e384d95b1405434b0fbb4f00c58a8fd91e91fa18a285c0c180c040a655684,2022-12-31 12:42:00,Saturday,30,NO CONTROLS,CLEAR,DAYLIGHT,PEDALCYCLIST,DRY,INJURY AND / OR TOW DUE TO CRASH,"OVER $1,500",UNABLE TO DETERMINE,2,INCAPACITATING INJURY,1.0,0.0,1.0,12,7,12,41.80096348,-87.70362281,"['12/31/2022', '12:42:00', 'PM']",INCAPACITATING INJURY without Device
236c14dfcfd27e142897bd154f04398a2ae96ee0966113cd7f45f1220c2fc3116bc31fd027bae5e0cb5c0b08cef6bc4e3500e1527794fa0bc48138d2f57da7e4,2022-12-31 02:58:00,Saturday,40,NO CONTROLS,CLEAR,"DARKNESS, LIGHTED ROAD",ANGLE,DRY,INJURY AND / OR TOW DUE TO CRASH,"OVER $1,500",EQUIPMENT - VEHICLE CONDITION,4,INCAPACITATING INJURY,7.0,0.0,4.0,2,7,12,41.9107295,-87.62614411,"['12/31/2022', '02:58:00', 'AM']",INCAPACITATING INJURY without Device
3ad2f4f689d95f52cd3a5130cb41c86534827ebfb159b4c0a4461169aa726eab98943ff38dd3d08ea63303ae04d5ca8733acd50cec74eeea6a5df2a14a22a230,2022-12-31 02:35:00,Saturday,40,NO CONTROLS,CLEAR,"DARKNESS, LIGHTED ROAD",FIXED OBJECT,DRY,INJURY AND / OR TOW DUE TO CRASH,"OVER $1,500",UNABLE TO DETERMINE,1,INCAPACITATING INJURY,1.0,0.0,1.0,2,7,12,41.65729348,-87.55943797,"['12/31/2022', '02:35:00', 'AM']",INCAPACITATING INJURY without Device
76423bbb821b023b6b989c7ef136392373e61b3388339596c6c95200503fbe8e3e9bfac4077575c9893ac72af83733b9063fc79920156f09592a6c7d8e3ea32b,2022-12-30 22:40:00,Friday,30,TRAFFIC SIGNAL,CLEAR,"DARKNESS, LIGHTED ROAD",TURNING,DRY,INJURY AND / OR TOW DUE TO CRASH,"OVER $1,500",UNABLE TO DETERMINE,3,INCAPACITATING INJURY,1.0,0.0,1.0,22,6,12,41.72610038,-87.58491552,"['12/30/2022', '10:40:00', 'PM']",INCAPACITATING INJURY with Device
c19a1ad83504902cbcf3ee431a0af78605286bb9a897b41bf54faafea292060fe345f98afcf01cfcdcac124876dd52b013e3e200eb7283b3673a600c73325f8d,2022-12-30 15:30:00,Friday,30,NO CONTROLS,CLEAR,DAYLIGHT,PARKED MOTOR VEHICLE,DRY,INJURY AND / OR TOW DUE TO CRASH,"OVER $1,500",NOT APPLICABLE,3,INCAPACITATING INJURY,1.0,0.0,1.0,15,6,12,41.71961267,-87.6238045,"['12/30/2022', '03:30:00', 'PM']",INCAPACITATING INJURY without Device
a18c8d5f8c7dfa765fea2935977cc9174996f10653d7e364d1e81584531eae4435daa54e7fcb03c0506756c31ddce6e61e282604275a29bf92949ac8868bbfb5,2022-12-30 12:30:00,Friday,35,STOP SIGN/FLASHER,CLEAR,DAYLIGHT,PEDESTRIAN,WET,INJURY AND / OR TOW DUE TO CRASH,"OVER $1,500",FAILING TO YIELD RIGHT-OF-WAY,2,INCAPACITATING INJURY,1.0,0.0,1.0,12,6,12,41.80400012,-87.73341549,"['12/30/2022', '12:30:00', 'PM']",INCAPACITATING INJURY with Device
6cbfa2368dfc89297bd4421c34da77834c785abcb754b0236b364efb0e847f37ea936ea923d21bda83a58378cdb948e472e16cd197563384324dbd64fa9ffa69,2022-12-30 02:42:00,Friday,30,TRAFFIC SIGNAL,UNKNOWN,"DARKNESS, LIGHTED ROAD",ANGLE,WET,INJURY AND / OR TOW DUE TO CRASH,"OVER $1,500",FAILING TO YIELD RIGHT-OF-WAY,2,INCAPACITATING INJURY,1.0,0.0,1.0,2,6,12,41.96205489,-87.65517246,"['12/30/2022', '02:42:00', 'AM']",INCAPACITATING INJURY with Device
e882844193870e529ca174aa2050fe06a0050bc417ce057a2e478bcea7bdf3a40398231dbfe438ca2ef90ee27dbd933d0856c3d2b29e339ab0f762f94952dd6f,2022-12-30 02:29:00,Friday,35,NO CONTROLS,OTHER,"DARKNESS, LIGHTED ROAD",FIXED OBJECT,WET,INJURY AND / OR TOW DUE TO CRASH,"OVER $1,500",UNABLE TO DETERMINE,1,INCAPACITATING INJURY,2.0,0.0,2.0,2,6,12,41.69448733,-87.62540736,"['12/30/2022', '02:29:00', 'AM']",INCAPACITATING INJURY without Device
ab4b4fc6715f0fd033a6e3c90c3ce55fbb0bfa4e361ddee8ab862713d89c7d8764931455583fab9f076cc5b53eb56fc979710a71d099cca03adcc520ae7fc534,2022-12-29 22:39:00,Thursday,30,STOP SIGN/FLASHER,OTHER,"DARKNESS, LIGHTED ROAD",ANGLE,WET,INJURY AND / OR TOW DUE TO CRASH,"OVER $1,500",UNABLE TO DETERMINE,2,INCAPACITATING INJURY,2.0,0.0,2.0,22,5,12,41.9743961,-87.81704561,"['12/29/2022', '10:39:00', 'PM']",INCAPACITATING INJURY with Device