CRASH_RECORD_ID,CRASH_DATE,Weekday,POSTED_SPEED_LIMIT,TRAFFIC_CONTROL_DEVICE,WEATHER_CONDITION,LIGHTING_CONDITION,FIRST_CRASH_TYPE,ROADWAY_SURFACE_COND,CRASH_TYPE,DAMAGE,PRIM_CONTRIBUTORY_CAUSE,NUM_UNITS,MOST_SEVERE_INJURY,INJURIES_TOTAL,INJURIES_FATAL,INJURIES_INCAPACITATING,CRASH_HOUR,CRASH_DAY_OF_WEEK,CRASH_MONTH,LATITUDE,LONGITUDE,CRASH_TIME,CATEGORIES
7cc3234b03dbc6b3875c8a6eac2798ff061272108ca071c7e3acc8758aacee62b1799a5e9b60d51e09a127634cd2a5363c251883975df8f4993bcb2e9323cb06,2022-12-29 21:24:00,Thursday,30,STOP SIGN/FLASHER,CLEAR,"DARKNESS, LIGHTED ROAD",PEDESTRIAN,WET,INJURY AND / OR TOW DUE TO CRASH,$500 OR LESS,NOT APPLICABLE,2,INCAPACITATING INJURY,1.0,0.0,1.0,21,5,12,41.96165923,-87.67098769,"['12/29/2022', '09:24:00', 'PM']",INCAPACITATING INJURY with Device
181a5d9c927170dbd6f8e941dc66be516f7bcb72ccb666d383509934fe45c72f5fc2cd15f94a08df16836db2cafebaef9e07ceea30ba97d9134249ed955e2ef5,2022-12-29 18:40:00,Thursday,30,TRAFFIC SIGNAL,CLEAR,"DARKNESS, LIGHTED ROAD",PEDESTRIAN,WET,INJURY AND / OR TOW DUE TO CRASH,"OVER $1,500",FAILING TO YIELD RIGHT-OF-WAY,3,FATAL,2.0,1.0,1.0,18,5,12,41.72130883,-87.66254001,"['12/29/2022', '06:40:00', 'PM']",FATAL with Device
c6bbe3590b974fd438e7a0e943c1459fcabca141a5cb55b71d8ce19981d08ec30105df42b662d0bde7084a016ace6dd95c02b306a038c9280e798e1a9b4a534d,2022-12-29 18:20:00,Thursday,35,NO CONTROLS,CLEAR,"DARKNESS, LIGHTED ROAD",PEDESTRIAN,DRY,INJURY AND / OR TOW DUE TO CRASH,"OVER $1,500",UNABLE TO DETERMINE,2,INCAPACITATING INJURY,1.0,0.0,1.0,18,5,12,41.71042465,-87.64671885,"['12/29/2022', '06:20:00', 'PM']",INCAPACITATING INJURY without Device
8fa802d5c115e7be0e9fa25ca292e4c7a2b7edabcc631713aa17869e09161462b867311f027234bd09cc86c4f5dc9cc61c0a53abb7cddababc7f21ce947874cf,2022-12-29 16:41:00,Thursday,30,NO CONTROLS,CLEAR,"DARKNESS, LIGHTED ROAD",TURNING,WET,INJURY AND / OR TOW DUE TO CRASH,"OVER $1,500",FAILING TO REDUCE SPEED TO AVOID CRASH,2,INCAPACITATING INJURY,3.0,0.0,2.0,16,5,12,41.8987345,-87.74574493,"['12/29/2022', '04:41:00', 'PM']",INCAPACITATING INJURY without Device
33a71de702cc89617ee511fcac16590f6b40f9ba83722d2c982a29abcb596e69e549c4d6db7a9542e8e5da49826d02d85114e3260b68161f97da0bcc85406e43,2022-12-29 15:25:00,Thursday,30,NO CONTROLS,CLOUDY/OVERCAST,DAYLIGHT,REAR END,WET,INJURY AND / OR TOW DUE TO CRASH,$500 OR LESS,FAILING TO YIELD RIGHT-OF-WAY,3,INCAPACITATING INJURY,1.0,0.0,1.0,15,5,12,41.73622834,-87.55016425,"['12/29/2022', '03:25:00', 'PM']",INCAPACITATING INJURY without Device
1c27c445f867ac15a8f935bad4c822f19c7df483ad898d4e2687b31ea0a27c42e4176edcab217ef71730c89d6847edcb210ec9e395b92a922318651a25344fb5,2022-12-29 09:55:00,Thursday,30,TRAFFIC SIGNAL,CLEAR,DAYLIGHT,ANGLE,WET,INJURY AND / OR TOW DUE TO CRASH,"OVER $1,500",FAILING TO YIELD RIGHT-OF-WAY,2,INCAPACITATING INJURY,1.0,0.0,1.0,9,5,12,41.88575802,-87.64292192,"['12/29/2022', '09:55:00', 'AM']",INCAPACITATING INJURY with Device
65fe941f94d56e2b8b7e71177fe71356837d4d620391c11e0399ad49d0eaad98e6c59d4618c523d4f698aed4893ea775462016e9ef790a1a9df8a97c62700e71,2022-12-29 09:15:00,Thursday,30,TRAFFIC SIGNAL,CLOUDY/OVERCAST,DAYLIGHT,PEDESTRIAN,WET,INJURY AND / OR TOW DUE TO CRASH,$500 OR LESS,FAILING TO YIELD RIGHT-OF-WAY,2,INCAPACITATING INJURY,1.0,0.0,1.0,9,5,12,41.73661397,-87.61444973,"['12/29/2022', '09:15:00', 'AM']",INCAPACITATING INJURY with Device
cbe52a582e4293fdc87f9aa15920683f8e8a7636d96c390b89ba47ab581be1f792a1b355e5e208ad77e46e98504582c2aa8111217864026f4aafe80919905b46,2022-12-28 19:54:00,Wednesday,30,TRAFFIC SIGNAL,CLEAR,DARKNESS,OVERTURNED,WET,INJURY AND / OR TOW DUE TO CRASH,"OVER $1,500",UNABLE TO DETERMINE,1,INCAPACITATING INJURY,1.0,0.0,1.0,19,4,12,41.66610728,-87.5587104,"['12/28/2022', '07:54:00', 'PM']",INCAPACITATING INJURY with Device
6f7ee491e3eceaef1d963695ff3265d6cea38867985e56ef09afee415e87a77d9771bb3cd6e3513304108902af207c73d96b97c4092303ce3216fa52efe0b5ae,2022-12-28 13:07:00,Wednesday,30,TRAFFIC SIGNAL,CLEAR,DAYLIGHT,REAR END,DRY,INJURY AND / OR TOW DUE TO CRASH,"OVER $1,500",FAILING TO REDUCE SPEED TO AVOID CRASH,2,INCAPACITATING INJURY,1.0,0.0,1.0,13,4,12,41.87553265,-87.63380389,"['12/28/2022', '01:07:00', 'PM']",INCAPACITATING INJURY with Device
0f29644ccab2fdf9ff68fa22a2596b30ef97e472d64bd22b28fb85fbe947e00f48a8acf744c0df7175d7402186c532978e542412ebda34a290d48e289d5fff83,2022-12-28 00:10:00,Wednesday,30,TRAFFIC SIGNAL,SNOW,"DARKNESS, LIGHTED ROAD",FIXED OBJECT,SNOW OR SLUSH,INJURY AND / OR TOW DUE TO CRASH,"OVER $1,500",UNABLE TO DETERMINE,1,INCAPACITATING INJURY,1.0,0.0,1.0,0,4,12,41.74486392,-87.61494668,"['12/28/2022', '12:10:00', 'AM']",INCAPACITATING INJURY with Device
4f8542f296ba995b95ba5c271b0e24986f94f149784b6f2e7eb61f7f302e432676a2ce5a4c4441f2f2109d31477a1e433d5cf150106160d0fd0a44d17be2f885,2022-12-27 18:10:00,Tuesday,30,STOP SIGN/FLASHER,CLEAR,"DARKNESS, LIGHTED ROAD",ANGLE,WET,INJURY AND / OR TOW DUE TO CRASH,"OVER $1,500",FAILING TO YIELD RIGHT-OF-WAY,2,INCAPACITATING INJURY,1.0,0.0,1.0,18,3,12,41.97008604,-87.71591729,"['12/27/2022', '06:10:00', 'PM']",INCAPACITATING INJURY with Device
b9d4924e448e40b04b83fe7a0ec1085e609a14d2f6908e2abbe841c69c9a1510449cd9c1d6a1faf386e26bb8e2e086e2ceab63e54119cd3f5f6148f4026c48aa,2022-12-27 10:02:00,Tuesday,30,NO CONTROLS,CLEAR,DAYLIGHT,FIXED OBJECT,WET,INJURY AND / OR TOW DUE TO CRASH,"OVER $1,500",UNABLE TO DETERMINE,1,INCAPACITATING INJURY,1.0,0.0,1.0,10,3,12,41.88728124,-87.7549057,"['12/27/2022', '10:02:00', 'AM']",INCAPACITATING INJURY without Device
16d7b743c2cadf22a7ab9ee1095d936d07c688e8d4a30795d1e0eb24e543c9dd369453b88c79d8583ea817553be0552141c911cff325cb2a3404c682e625f0b6,2022-12-27 01:00:00,Tuesday,30,TRAFFIC SIGNAL,UNKNOWN,"DARKNESS, LIGHTED ROAD",SIDESWIPE SAME DIRECTION,UNKNOWN,INJURY AND / OR TOW DUE TO CRASH,"OVER $1,500",IMPROPER LANE USAGE,2,INCAPACITATING INJURY,1.0,0.0,1.0,1,3,12,41.82336759,-87.67393359,"['12/27/2022', '01:00:00', 'AM']",INCAPACITATING INJURY with Device
a9a04f90f4b1fa879a4edd344a0fcc576f0508a28c52dd223230209fddc246985148cd0a3e7ea51215c5547e88a655b7b69f4e539ee3bff3e00b41fab58837ed,2022-12-25 22:30:00,Sunday,20,NO CONTROLS,SNOW,"DARKNESS, LIGHTED ROAD",PARKED MOTOR VEHICLE,SNOW OR SLUSH,INJURY AND / OR TOW DUE TO CRASH,"OVER $1,500",NOT APPLICABLE,2,FATAL,1.0,1.0,0.0,22,1,12,41.70449188,-87.66191466,"['12/25/2022', '10:30:00', 'PM']",FATAL without Device
a8871036d45b6e615de2db6aa1450df7caeb9155306ec90d5ad31e0e2138797ed0ae99c97b10c9ebf34f83521d832274ac2cfe9115164d657514bc9ce9539ceb,2022-12-25 18:25:00,Sunday,30,NO CONTROLS,OTHER,"DARKNESS, LIGHTED ROAD",FIXED OBJECT,WET,INJURY AND / OR TOW DUE TO CRASH,"OVER $1,500",WEATHER,1,INCAPACITATING INJURY,1.0,0.0,1.0,18,1,12,41.86795079,-87.70586558,"['12/25/2022', '06:25:00', 'PM']",INCAPACITATING INJURY without Device
e7da09a8d51e1489d18e176264fe9be85402715aa3d5ef9ae6bb4621916bcfa198d424aec8fe63272e15ff40e0b4b190c61a76dd0cca11b81b7323aff0a8ffc7,2022-12-25 12:27:00,Sunday,30,NO CONTROLS,CLEAR,DAYLIGHT,SIDESWIPE OPPOSITE DIRECTION,WET,INJURY AND / OR TOW DUE TO CRASH,"OVER $1,500",DRIVING ON WRONG SIDE/WRONG WAY,4,INCAPACITATING INJURY,2.0,0.0,2.0,12,1,12,41.91435805,-87.69695975,"['12/25/2022', '12:27:00', 'PM']",INCAPACITATING INJURY without Device
1b602233396b47de4982a45bf8e9d462714344e76f45e15ce8251b5f85c329ebcff7ae90bab40598f8393fa88bd50fbf74e10b85c1b1520292ca93ba4f8b0536,2022-12-25 10:38:00,Sunday,30,TRAFFIC SIGNAL,SNOW,DAYLIGHT,FIXED OBJECT,WET,INJURY AND / OR TOW DUE TO CRASH,"OVER $1,500",UNABLE TO DETERMINE,2,INCAPACITATING INJURY,1.0,0.0,1.0,10,1,12,41.88670882,-87.74527583,"['12/25/2022', '10:38:00', 'AM']",INCAPACITATING INJURY with Device
42c68e8a492929f4d82fb74a937689e8b95f23754b49ee6aad80912878e1dce209aa9e319884aeb01ffe6aeaecbf9a13363adad5adea64167fe31d343965a71b,2022-12-25 01:04:00,Sunday,30,TRAFFIC SIGNAL,CLEAR,DAYLIGHT,PEDESTRIAN,WET,INJURY AND / OR TOW DUE TO CRASH,"OVER $1,500",FAILING TO YIELD RIGHT-OF-WAY,2,INCAPACITATING INJURY,1.0,0.0,1.0,1,1,12,41.96820018,-87.71320847,"['12/25/2022', '01:04:00', 'AM']",INCAPACITATING INJURY with Device
34c9bb95862847bb4a67f1f121bc19de0798227dca42c287e210ebc7efca240cdf9c34f1569c057016a86fc0663f3428960e11cf042a2723c6f7f7aee630d76a,2022-12-24 23:00:00,Saturday,30,NO CONTROLS,SNOW,"DARKNESS, LIGHTED ROAD",FIXED OBJECT,SNOW OR SLUSH,INJURY AND / OR TOW DUE TO CRASH,"OVER $1,500",WEATHER,1,INCAPACITATING INJURY,1.0,0.0,1.0,23,7,12,41.84625846,-87.64871182,"['12/24/2022', '11:00:00', 'PM']",INCAPACITATING INJURY without Device
9cbb426fcd8d88dfdcccbdc02bdea85ec26376890151c2931edf5d9a8db3ad3c25525074f333096ea19c4699834cdc331fd5be02ad51a39bcde2089d9188c14e,2022-12-24 12:55:00,Saturday,30,STOP SIGN/FLASHER,CLEAR,DAYLIGHT,ANGLE,DRY,INJURY AND / OR TOW DUE TO CRASH,"OVER $1,500",UNABLE TO DETERMINE,2,INCAPACITATING INJURY,2.0,0.0,2.0,12,7,12,41.98279065,-87.78431954,"['12/24/2022', '12:55:00', 'PM']",INCAPACITATING INJURY with Device
512521b5bd02db63c9f9402b516cfa722cb766cbfd173d0b573a02e903865d4778f303d4d17f528eb51b33fe7e5e63571190b83278ef0598c68b16e271c39002,2022-12-24 10:25:00,Saturday,30,NO CONTROLS,CLEAR,DAYLIGHT,PEDESTRIAN,WET,INJURY AND / OR TOW DUE TO CRASH,$500 OR LESS,NOT APPLICABLE,2,INCAPACITATING INJURY,1.0,0.0,1.0,10,7,12,41.92421898,-87.7560263,"['12/24/2022', '10:25:00', 'AM']",INCAPACITATING INJURY without Device
5fdc0634b0f2b98ba6b27d44be0242fd416ef9d84f39360b3875523d6eb42b2c98abaf348944bd9ed62194fdd1ebb21fabbf781474fab0d5d6f4ad932fc1a6e4,2022-12-24 07:22:00,Saturday,30,TRAFFIC SIGNAL,CLEAR,DAYLIGHT,ANGLE,DRY,INJURY AND / OR TOW DUE TO CRASH,"OVER $1,500",DRIVING SKILLS/KNOWLEDGE/EXPERIENCE,2,INCAPACITATING INJURY,5.0,0.0,1.0,7,7,12,41.89259323,-87.62433405,"['12/24/2022', '07:22:00', 'AM']",INCAPACITATING INJURY with Device
71bbd9564bd90cf6bd71840224eeff89a094f4cb7197176f23af8fb661b88aa6216775f623057cf404745e25b8451f35dd9b18d7cefbf413fe01cfe0a11ebb30,2022-12-24 01:53:00,Saturday,25,TRAFFIC SIGNAL,CLEAR,"DARKNESS, LIGHTED ROAD",TURNING,WET,INJURY AND / OR TOW DUE TO CRASH,"OVER $1,500",DISREGARDING TRAFFIC SIGNALS,2,INCAPACITATING INJURY,2.0,0.0,2.0,1,7,12,41.77285891,-87.61552915,"['12/24/2022', '01:53:00', 'AM']",INCAPACITATING INJURY with Device
9d35e7c50f967eeee970dd9431486112079b74cdf3d6a87cb1f37daedfe6ce265b7e32d2cf66f23291e357f3c5155fef82a1e1cff7c05e19fe8aae9ac22b9c83,2022-12-24 00:56:00,Saturday,25,NO CONTROLS,SNOW,"DARKNESS, LIGHTED ROAD",FIXED OBJECT,SNOW OR SLUSH,INJURY AND / OR TOW DUE TO CRASH,"OVER $1,500",PHYSICAL CONDITION OF DRIVER,1,FATAL,2.0,1.0,0.0,0,7,12,41.92551934,-87.79422481,"['12/24/2022', '12:56:00', 'AM']",FATAL without Device
6757474fda97ae2d9df6fce9af1a775219776e13db641ead81d70864fd6dc0928e49980429a3b4f2c518d97203dc616f391fe722e9d38c89d91b9fcfbab746a7,2022-12-23 16:04:00,Friday,15,NO CONTROLS,BLOWING SNOW,DARKNESS,PEDESTRIAN,SNOW OR SLUSH,INJURY AND / OR TOW DUE TO CRASH,"OVER $1,500",UNABLE TO DETERMINE,2,INCAPACITATING INJURY,1.0,0.0,1.0,16,6,12,41.75851162,-87.60178461,"['12/23/2022', '04:04:00', 'PM']",INCAPACITATING INJURY without Device
607c75839d6e14f28c3db4112326024fddd643655ddb188d22a9815305fdc921d3a101bd17b64866e99242892e1f1378ca945d7866133aa8905e6718e29289e4,2022-12-23 00:07:00,Friday,30,NO CONTROLS,SNOW,"DARKNESS, LIGHTED ROAD",FIXED OBJECT,SNOW OR SLUSH,INJURY AND / OR TOW DUE TO CRASH,$500 OR LESS,WEATHER,1,INCAPACITATING INJURY,1.0,0.0,1.0,0,6,12,41.86693125,-87.65395861,"['12/23/2022', '12:07:00', 'AM']",INCAPACITATING INJURY without Device
e1a1cc43878283ff8146bc25a1e94057addc905403e085db90086de983f3638412c764dcac1dbc35f42e804a36a2e4fbc04810fa9cfb58ba4401cc4a7c42782b,2022-12-22 21:03:00,Thursday,30,NO CONTROLS,SNOW,"DARKNESS, LIGHTED ROAD",PARKED MOTOR VEHICLE,SNOW OR SLUSH,INJURY AND / OR TOW DUE TO CRASH,"OVER $1,500",NOT APPLICABLE,3,INCAPACITATING INJURY,1.0,0.0,1.0,21,5,12,41.84098735,-87.70487164,"['12/22/2022', '09:03:00', 'PM']",INCAPACITATING INJURY without Device
f40753785e382d37118ad65acdd39d481d147d0beacdac48bca49578b000267508edf1e53080cc6c5b7540e2fb5c279f0dd761b825c650f3b003392618f4f2d0,2022-12-22 15:00:00,Thursday,35,NO CONTROLS,SNOW,DAYLIGHT,SIDESWIPE OPPOSITE DIRECTION,SNOW OR SLUSH,INJURY AND / OR TOW DUE TO CRASH,"OVER $1,500",NOT APPLICABLE,3,INCAPACITATING INJURY,1.0,0.0,1.0,15,5,12,41.99750974,-87.78291482,"['12/22/2022', '03:00:00', 'PM']",INCAPACITATING INJURY without Device
5108d61230e11ee135b6eca391b1a827638bf7c81d794536973eaf312b9a49d149e34efef0864df882f1cf7e960f1921fcde49175f10fbc9426df4e3e6682e29,2022-12-21 23:40:00,Wednesday,30,NO CONTROLS,CLEAR,"DARKNESS, LIGHTED ROAD",SIDESWIPE SAME DIRECTION,DRY,INJURY AND / OR TOW DUE TO CRASH,"OVER $1,500",FOLLOWING TOO CLOSELY,2,FATAL,2.0,1.0,0.0,23,4,12,41.77137415,-87.71541856,"['12/21/2022', '11:40:00', 'PM']",FATAL without Device
fa01ec1185b66a12b5f03e31db30f6258820c847689452b3becae4d0f0e7545dacb6afc7ce9659665f82e04962432561e5986203ab6d36fdae55519e863999b8,2022-12-21 20:57:00,Wednesday,30,NO CONTROLS,CLEAR,"DARKNESS, LIGHTED ROAD",REAR END,DRY,INJURY AND / OR TOW DUE TO CRASH,"OVER $1,500",UNABLE TO DETERMINE,2,INCAPACITATING INJURY,2.0,0.0,1.0,20,4,12,41.78693165,-87.64511245,"['12/21/2022', '08:57:00', 'PM']",INCAPACITATING INJURY without Device
76cffbca5a096a48cec7466a26c1aa73471968b90ea7f2689602d2cf3029c274b1032e151db34f165ca91e68213de8c2da6a09d6c4228bb9a46e0e32b40308b8,2022-12-21 18:20:00,Wednesday,30,NO CONTROLS,CLEAR,DUSK,OTHER NONCOLLISION,DRY,INJURY AND / OR TOW DUE TO CRASH,$500 OR LESS,FAILING TO YIELD RIGHT-OF-WAY,2,INCAPACITATING INJURY,1.0,0.0,1.0,18,4,12,41.90908632,-87.67727938,"['12/21/2022', '06:20:00', 'PM']",INCAPACITATING INJURY without Device
f0fdb62389d7777282c36b3a3394fee93164e2a0573ab88617901ca4684a09a2127235f75ef9180b45d744a6efa4932be9a57866e22521024968f7a27615f4b3,2022-12-21 18:10:00,Wednesday,30,TRAFFIC SIGNAL,CLEAR,"DARKNESS, LIGHTED ROAD",PEDALCYCLIST,DRY,INJURY AND / OR TOW DUE TO CRASH,"OVER $1,500",FAILING TO YIELD RIGHT-OF-WAY,2,INCAPACITATING INJURY,1.0,0.0,1.0,18,4,12,41.95351,-87.73026212,"['12/21/2022', '06:10:00', 'PM']",INCAPACITATING INJURY with Device
411e91cb3fda73c8150bfd88840708118a19a1542eea940511802afd9118bd64782ff52b2fc3ee8d264e13c44e770f4072d506a89d21156d6af65bc0b94c9d39,2022-12-21 00:52:00,Wednesday,30,NO CONTROLS,CLEAR,"DARKNESS, LIGHTED ROAD",OVERTURNED,DRY,INJURY AND / OR TOW DUE TO CRASH,"OVER $1,500",UNABLE TO DETERMINE,1,INCAPACITATING INJURY,1.0,0.0,1.0,0,4,12,41.7428286,-87.57596725,"['12/21/2022', '12:52:00', 'AM']",INCAPACITATING INJURY without Device
fb5e595aa73b5ab8c31e1de4b4b197be389d1acfb34ffc3078723d0c6432a1f8da6e79d9ded4d73eb37d4c968ab93fb256d185f93d44673f6397dc9311523f29,2022-12-20 17:49:00,Tuesday,30,TRAFFIC SIGNAL,CLEAR,"DARKNESS, LIGHTED ROAD",PEDESTRIAN,DRY,INJURY AND / OR TOW DUE TO CRASH,"OVER $1,500",FAILING TO YIELD RIGHT-OF-WAY,2,INCAPACITATING INJURY,1.0,0.0,1.0,17,3,12,41.82384964,-87.61278314,"['12/20/2022', '05:49:00', 'PM']",INCAPACITATING INJURY with Device
4c6676e838105cd25a0301478b9742fb763111092a7c2086f74ff77c47b9cc53f0ef063c49a7d6227c399f704693450029ec7daf498fe413e67e5fb54ff16260,2022-12-20 15:00:00,Tuesday,30,TRAFFIC SIGNAL,CLOUDY/OVERCAST,DAYLIGHT,PEDESTRIAN,DRY,INJURY AND / OR TOW DUE TO CRASH,"OVER $1,500",FAILING TO YIELD RIGHT-OF-WAY,2,INCAPACITATING INJURY,1.0,0.0,1.0,15,3,12,41.8339635,-87.67552159,"['12/20/2022', '03:00:00', 'PM']",INCAPACITATING INJURY with Device
a4f5a01e7fc73512c21839918b1bb72dc6cedafb12fc8d4381996a2920b2483b71a28a759116bfcc6662def705faa89020a12f7ea135f2156f8401f0e1a1d1e3,2022-12-20 14:00:00,Tuesday,30,TRAFFIC SIGNAL,CLOUDY/OVERCAST,DAYLIGHT,ANGLE,DRY,INJURY AND / OR TOW DUE TO CRASH,"OVER $1,500",PHYSICAL CONDITION OF DRIVER,2,INCAPACITATING INJURY,1.0,0.0,1.0,14,3,12,41.86695147,-87.6568268,"['12/20/2022', '02:00:00', 'PM']",INCAPACITATING INJURY with Device
cb9dd86bee7311ce436cf58f9b46b2095bb2a753a290c6d99d9587fc23adedbe142aeefea1cf9c8c00b873037b36710559c41a1131a46f077bb463681546f09f,2022-12-20 09:45:00,Tuesday,30,TRAFFIC SIGNAL,UNKNOWN,DAYLIGHT,FIXED OBJECT,UNKNOWN,INJURY AND / OR TOW DUE TO CRASH,"OVER $1,500",UNABLE TO DETERMINE,1,INCAPACITATING INJURY,1.0,0.0,1.0,9,3,12,41.88843209,-87.62442469,"['12/20/2022', '09:45:00', 'AM']",INCAPACITATING INJURY with Device
0f15974465ed1f212a29d2e43eedbf82e51c8d8332ed51ad812a9e5749e7e89cd95e981e913ea7b068906e6bd9ffd9cee0d1ccdf7a4b2a0ad09439786785a204,2022-12-20 08:00:00,Tuesday,35,TRAFFIC SIGNAL,CLEAR,DAYLIGHT,REAR END,DRY,INJURY AND / OR TOW DUE TO CRASH,"OVER $1,500",FOLLOWING TOO CLOSELY,3,INCAPACITATING INJURY,2.0,0.0,2.0,8,3,12,41.77006935,-87.61165199,"['12/20/2022', '08:00:00', 'AM']",INCAPACITATING INJURY with Device
dabb486bf3297f2683707c86f85e75c45f423defb7cd9c79ac069a748e76a42916e534e12a335aae562d498bfc83a04d8db58fb3d38c4f2c8bc7b1fd9c6cb328,2022-12-20 06:40:00,Tuesday,30,NO CONTROLS,CLEAR,"DARKNESS, LIGHTED ROAD",PEDESTRIAN,DRY,INJURY AND / OR TOW DUE TO CRASH,$500 OR LESS,UNABLE TO DETERMINE,2,INCAPACITATING INJURY,1.0,0.0,1.0,6,3,12,41.96843111,-87.72076005,"['12/20/2022', '06:40:00', 'AM']",INCAPACITATING INJURY without Device
be5164debb0c22898881dc94bd3875ef9b9d549eaefee6ed69a34d2c7057c37d345da3e82afe45a31f58626d48fb61f8d94acbe39a3a7e569b484f90014a9ba0,2022-12-20 05:50:00,Tuesday,30,NO CONTROLS,CLEAR,"DARKNESS, LIGHTED ROAD",TURNING,DRY,INJURY AND / OR TOW DUE TO CRASH,"OVER $1,500",FAILING TO YIELD RIGHT-OF-WAY,2,INCAPACITATING INJURY,2.0,0.0,1.0,5,3,12,41.86577745,-87.76011977,"['12/20/2022', '05:50:00', 'AM']",INCAPACITATING INJURY without Device
eea8e7e72041030d82afb572ca602a4a5eec95007249245a49ca8782189513e2d2ff8031598cf555a84349b78dd9c8fb3b947d76358ef59aa58ef6e50c5b229c,2022-12-19 18:20:00,Monday,30,NO CONTROLS,CLEAR,"DARKNESS, LIGHTED ROAD",REAR END,DRY,INJURY AND / OR TOW DUE TO CRASH,"OVER $1,500",IMPROPER OVERTAKING/PASSING,2,INCAPACITATING INJURY,2.0,0.0,1.0,18,2,12,41.69296991,-87.72025563,"['12/19/2022', '06:20:00', 'PM']",INCAPACITATING INJURY without Device
3e8ee58b184c8d4b970635993e9fb054308a3f6b4ed18190d3d67f5d069bd265d49586c7887c530baf91479404a3e7f025be0e726d3f5a755bc6b8afb0a62513,2022-12-19 01:15:00,Monday,30,NO CONTROLS,SNOW,"DARKNESS, LIGHTED ROAD",FIXED OBJECT,SNOW OR SLUSH,INJURY AND / OR TOW DUE TO CRASH,"OVER $1,500",UNABLE TO DETERMINE,1,FATAL,1.0,1.0,0.0,1,2,12,41.8016789,-87.63441151,"['12/19/2022', '01:15:00', 'AM']",FATAL without Device
c358fe05a722aa7a99a1c50dfcaced960d11adf8f983b2b058a7694258e493a208a30cd2e0a3c707ffce37c22557f398a6098a4f8ac6a3f7ec224fe31c75b61d,2022-12-19 00:30:00,Monday,20,NO CONTROLS,CLEAR,"DARKNESS, LIGHTED ROAD",PARKED MOTOR VEHICLE,DRY,INJURY AND / OR TOW DUE TO CRASH,"OVER $1,500",UNABLE TO DETERMINE,3,INCAPACITATING INJURY,1.0,0.0,1.0,0,2,12,41.75254464,-87.72759542,"['12/19/2022', '12:30:00', 'AM']",INCAPACITATING INJURY without Device
53e91af0fb9019c36e575bc9d56b4659b0e4a04a297d253d48c25e0bcafdb00a83addade1857cfc06e121256818bc4c105b6bd020fd2c3d380ce76fb7030df69,2022-12-18 19:50:00,Sunday,35,NO CONTROLS,CLEAR,DARKNESS,HEAD ON,DRY,INJURY AND / OR TOW DUE TO CRASH,"OVER $1,500",NOT APPLICABLE,2,INCAPACITATING INJURY,2.0,0.0,1.0,19,1,12,41.9827941,-87.7807934,"['12/18/2022', '07:50:00', 'PM']",INCAPACITATING INJURY without Device
059ad758937807ccaf0028f28b768738a452f5b0b4ac8fd82c942eeedff9cb58d3497308f9e4a75e8e7864bbea5614b5d22d7ec76091b2493727c85ce8f539da,2022-12-18 06:40:00,Sunday,30,NO CONTROLS,CLEAR,DAWN,PARKED MOTOR VEHICLE,DRY,INJURY AND / OR TOW DUE TO CRASH,"OVER $1,500",FAILING TO REDUCE SPEED TO AVOID CRASH,3,FATAL,1.0,1.0,0.0,6,1,12,41.93859851,-87.7559564,"['12/18/2022', '06:40:00', 'AM']",FATAL without Device
f2eaafcc4a0c4bff28751ff24173a24119ca4e02026b9a9b8c6a95d681ec1dba726f7228c975d47ed1aa5d22d449497572d4adc440896273712dc203081bc6fb,2022-12-18 05:52:00,Sunday,30,OTHER WARNING SIGN,CLEAR,"DARKNESS, LIGHTED ROAD",FIXED OBJECT,DRY,INJURY AND / OR TOW DUE TO CRASH,"OVER $1,500",UNABLE TO DETERMINE,1,INCAPACITATING INJURY,4.0,0.0,1.0,5,1,12,41.8514624,-87.73919487,"['12/18/2022', '05:52:00', 'AM']",INCAPACITATING INJURY with Device
d9e366a312050beed35757501f792c6b6934e6b66bac767504afcd6bbe5742766743b913638717404fe9fab01241ffac356cbf11b8208750b45cee757fbbebf3,2022-12-18 03:01:00,Sunday,30,NO CONTROLS,CLEAR,"DARKNESS, LIGHTED ROAD",FIXED OBJECT,WET,INJURY AND / OR TOW DUE TO CRASH,"OVER $1,500",FAILING TO REDUCE SPEED TO AVOID CRASH,1,INCAPACITATING INJURY,1.0,0.0,1.0,3,1,12,41.73969729,-87.58512291,"['12/18/2022', '03:01:00', 'AM']",INCAPACITATING INJURY without Device
441f73eb3cf869e53deb9a48f3ee14892f4c7a02de229162265b3592a14f5615da67b1b18d0a53d26bf0df44cfaa6b59eabf06ec075bf01a55568508824d8944,2022-12-18 02:38:00,Sunday,30,NO CONTROLS,CLEAR,"DARKNESS, LIGHTED ROAD",SIDESWIPE SAME DIRECTION,OTHER,INJURY AND / OR TOW DUE TO CRASH,"OVER $1,500",IMPROPER OVERTAKING/PASSING,2,FATAL,4.0,1.0,3.0,2,1,12,41.88712166,-87.7521484,"['12/18/2022', '02:38:00', 'AM']",FATAL without Device