CRASH_RECORD_ID,CRASH_DATE,Weekday,POSTED_SPEED_LIMIT,TRAFFIC_CONTROL_DEVICE,WEATHER_CONDITION,LIGHTING_CONDITION,FIRST_CRASH_TYPE,ROADWAY_SURFACE_COND,CRASH_TYPE,DAMAGE,PRIM_CONTRIBUTORY_CAUSE,NUM_UNITS,MOST_SEVERE_INJURY,INJURIES_TOTAL,INJURIES_FATAL,INJURIES_INCAPACITATING,CRASH_HOUR,CRASH_DAY_OF_WEEK,CRASH_MONTH,LATITUDE,LONGITUDE,CRASH_TIME,CATEGORIES
89ff6f04e75e8d6a422172c7bab6b216e98cb3743a9565286894fab70e32d5548bade21e20b448e9188748adadf124e8772ab98d00750ffc818b8a760417c1fb,2022-12-17 07:45:00,Saturday,30,NO CONTROLS,CLEAR,DAYLIGHT,HEAD ON,WET,INJURY AND / OR TOW DUE TO CRASH,"OVER $1,500",IMPROPER OVERTAKING/PASSING,2,INCAPACITATING INJURY,1.0,0.0,1.0,7,7,12,41.69924989,-87.55969614,"['12/17/2022', '07:45:00', 'AM']",INCAPACITATING INJURY without Device
89c9a19bc211e926c2819882c98be314126d889f84de9d7966ba630271dad798e07fbfae770b39cd6ae4d66cf5b124416c907847039b0d714f74334004c8370b,2022-12-16 16:55:00,Friday,30,TRAFFIC SIGNAL,CLOUDY/OVERCAST,DARKNESS,PEDESTRIAN,WET,INJURY AND / OR TOW DUE TO CRASH,"OVER $1,500","VISION OBSCURED (SIGNS, TREE LIMBS, BUILDINGS, ETC.)",2,INCAPACITATING INJURY,1.0,0.0,1.0,16,6,12,41.93174236,-87.72712439,"['12/16/2022', '04:55:00', 'PM']",INCAPACITATING INJURY with Device
a45ffb56911db61d1cfee41eb512f6c56b24bc082155bf6cdb1b5ed528536ce47452e06c876c9d059251797af18f016c87391d57534eecab5447d930d1338e3f,2022-12-16 14:00:00,Friday,30,STOP SIGN/FLASHER,SNOW,DAYLIGHT,ANGLE,WET,INJURY AND / OR TOW DUE TO CRASH,"OVER $1,500",FAILING TO YIELD RIGHT-OF-WAY,3,INCAPACITATING INJURY,3.0,0.0,3.0,14,6,12,41.86482834,-87.63931421,"['12/16/2022', '02:00:00', 'PM']",INCAPACITATING INJURY with Device
92bfb5db579adde86535e84d374d4736f9132da886a6e7379a2473763af5b18639c692c1c1242de3e4b6f18997399fdc3583c6d36028708240e8d972450e516c,2022-12-16 13:40:00,Friday,20,STOP SIGN/FLASHER,SNOW,DAYLIGHT,PEDESTRIAN,SNOW OR SLUSH,INJURY AND / OR TOW DUE TO CRASH,"OVER $1,500",FAILING TO REDUCE SPEED TO AVOID CRASH,2,INCAPACITATING INJURY,1.0,0.0,1.0,13,6,12,41.86643601,-87.61399834,"['12/16/2022', '01:40:00', 'PM']",INCAPACITATING INJURY with Device
ef17bde2222f1b33d639979d382a9cdaa6390959daf23d460fff7c2063b6656db7c060a60ed3129bdda98ff8c5b347e4d29d9dda541b014c4427fce2aa47311a,2022-12-16 12:55:00,Friday,30,STOP SIGN/FLASHER,SNOW,DAYLIGHT,PEDESTRIAN,SNOW OR SLUSH,INJURY AND / OR TOW DUE TO CRASH,"OVER $1,500",UNABLE TO DETERMINE,2,INCAPACITATING INJURY,1.0,0.0,1.0,12,6,12,41.75952113,-87.56025357,"['12/16/2022', '12:55:00', 'PM']",INCAPACITATING INJURY with Device
57ad69b660f43e65f2b471a4b88a2b097a3a6b9f940dd72dcec4940775ef3e95fa5681b04d59824c11ed242b59f1b855f682e18974f10e714eb2243352a46c95,2022-12-16 12:21:00,Friday,25,NO CONTROLS,SNOW,DAYLIGHT,PEDESTRIAN,WET,INJURY AND / OR TOW DUE TO CRASH,$500 OR LESS,FAILING TO YIELD RIGHT-OF-WAY,2,INCAPACITATING INJURY,1.0,0.0,1.0,12,6,12,41.77410624,-87.66392648,"['12/16/2022', '12:21:00', 'PM']",INCAPACITATING INJURY without Device
4cabf117e8971384d554f3057f0e4a6fea3acf48042f6b3b7556d67ed5228cc4c0c9aca5d96f874b8f264304dfad535193c59d6ef4029e5cdfa7010e73d1a0ff,2022-12-16 10:30:00,Friday,30,PEDESTRIAN CROSSING SIGN,UNKNOWN,DAYLIGHT,PEDESTRIAN,UNKNOWN,INJURY AND / OR TOW DUE TO CRASH,"OVER $1,500",UNABLE TO DETERMINE,2,INCAPACITATING INJURY,1.0,0.0,1.0,10,6,12,41.87941549,-87.63360576,"['12/16/2022', '10:30:00', 'AM']",INCAPACITATING INJURY with Device
bc8e18d90738e23eef8ecba9c135422d82fa0be65ede64230fe1b65bd43605a3d4a381d7fad02a116bd0ddb76b280c2782cbcc6b4ce5868a0f6ae8b4037fec0c,2022-12-15 23:34:00,Thursday,30,NO CONTROLS,SNOW,"DARKNESS, LIGHTED ROAD",OTHER OBJECT,WET,INJURY AND / OR TOW DUE TO CRASH,"OVER $1,500",UNABLE TO DETERMINE,1,INCAPACITATING INJURY,2.0,0.0,2.0,23,5,12,41.91690057,-87.73931337,"['12/15/2022', '11:34:00', 'PM']",INCAPACITATING INJURY without Device
d60b1302b6ea77b7d5eb4c84ed135d61b8e6b77327c8062a46d21bfa894b29918cac341388f1ab308554e667baf33ff679702852e7568fd62493bd3ff9c5ce6e,2022-12-15 17:10:00,Thursday,30,NO CONTROLS,SNOW,"DARKNESS, LIGHTED ROAD",PEDESTRIAN,WET,INJURY AND / OR TOW DUE TO CRASH,$500 OR LESS,FAILING TO YIELD RIGHT-OF-WAY,2,INCAPACITATING INJURY,1.0,0.0,1.0,17,5,12,41.75417935,-87.6442807,"['12/15/2022', '05:10:00', 'PM']",INCAPACITATING INJURY without Device
4f587da1a50121698db6dc1306cb1b627f4944e4f84a6176276d852a3e037608f5d0def1570054d1684870f5f1a017dd4aa934dfd508cddcdcf12c6b04f4ec81,2022-12-15 14:20:00,Thursday,30,NO CONTROLS,CLEAR,DAYLIGHT,SIDESWIPE SAME DIRECTION,DRY,INJURY AND / OR TOW DUE TO CRASH,"$501 - $1,500",UNABLE TO DETERMINE,2,INCAPACITATING INJURY,1.0,0.0,1.0,14,5,12,41.93878815,-87.74163133,"['12/15/2022', '02:20:00', 'PM']",INCAPACITATING INJURY without Device
8d449d9150c7de576d976e9970b9c8457b55aa566410ee7c9c75808a105ddaee9e49d894b676ad4f574377c9fce89cc134fe4a17dbbe783e86f47945db7e7c9c,2022-12-15 13:50:00,Thursday,35,TRAFFIC SIGNAL,RAIN,DAYLIGHT,HEAD ON,WET,INJURY AND / OR TOW DUE TO CRASH,"OVER $1,500",FAILING TO REDUCE SPEED TO AVOID CRASH,3,INCAPACITATING INJURY,1.0,0.0,1.0,13,5,12,41.80831505,-87.68541556,"['12/15/2022', '01:50:00', 'PM']",INCAPACITATING INJURY with Device
ea3f94a84b1f7e97eabdc7ed314025c43050b3ff47ff2013163147e0f4452b889e1ea456d75999a40e328e3636bde934ff62b3af4465b17aeecbe4798eb8a27d,2022-12-15 12:54:00,Thursday,30,TRAFFIC SIGNAL,CLOUDY/OVERCAST,DAYLIGHT,ANGLE,DRY,INJURY AND / OR TOW DUE TO CRASH,"OVER $1,500","OPERATING VEHICLE IN ERRATIC, RECKLESS, CARELESS, NEGLIGENT OR AGGRESSIVE MANNER",4,INCAPACITATING INJURY,3.0,0.0,1.0,12,5,12,41.68473462,-87.66144687,"['12/15/2022', '12:54:00', 'PM']",INCAPACITATING INJURY with Device
c70183839265f879aec6054d2a9d1fe2141f2c08609b668e5f7f11dc82ac4ebd08e172273e9e90cc7fd491fa1500e1d5de184b641e9bafe0fa1d26d32722135e,2022-12-15 05:50:00,Thursday,30,TRAFFIC SIGNAL,RAIN,"DARKNESS, LIGHTED ROAD",PEDESTRIAN,WET,INJURY AND / OR TOW DUE TO CRASH,$500 OR LESS,FAILING TO YIELD RIGHT-OF-WAY,2,FATAL,1.0,1.0,0.0,5,5,12,41.84370299,-87.72467961,"['12/15/2022', '05:50:00', 'AM']",FATAL with Device
dae427015acb8e0d956104e2cecd9000ecc8315d41725e42d88904f39b7f3b84b520670eec9eb452e5d0f29822eb043aadf1368c5e7fe8582787ae48cf90c1d0,2022-12-15 00:50:00,Thursday,30,TRAFFIC SIGNAL,RAIN,"DARKNESS, LIGHTED ROAD",ANGLE,WET,INJURY AND / OR TOW DUE TO CRASH,"OVER $1,500",DISREGARDING TRAFFIC SIGNALS,2,INCAPACITATING INJURY,3.0,0.0,1.0,0,5,12,41.93044068,-87.68550709,"['12/15/2022', '12:50:00', 'AM']",INCAPACITATING INJURY with Device
f7c94f33e9ffca9a7a06fb7adb1bd3e25418dd4f80e94419398f57c2d29a6335687adf3cd68337dc47707819e3fd2e2bbf357a66eaf65c38ace2d0a3a0cee555,2022-12-14 20:33:00,Wednesday,30,NO CONTROLS,RAIN,"DARKNESS, LIGHTED ROAD",PARKED MOTOR VEHICLE,WET,INJURY AND / OR TOW DUE TO CRASH,"OVER $1,500",FAILING TO REDUCE SPEED TO AVOID CRASH,3,INCAPACITATING INJURY,2.0,0.0,1.0,20,4,12,41.79583173,-87.63200659,"['12/14/2022', '08:33:00', 'PM']",INCAPACITATING INJURY without Device
f4009564407f60653ca6de070e1e66a2d0b259b6f382704b80b477b131364f96f7b011d486540245d06c05f1171cbf7cb930284bbdba77c01da045816bf3470b,2022-12-14 20:07:00,Wednesday,30,TRAFFIC SIGNAL,RAIN,"DARKNESS, LIGHTED ROAD",PEDESTRIAN,WET,INJURY AND / OR TOW DUE TO CRASH,$500 OR LESS,WEATHER,2,INCAPACITATING INJURY,1.0,0.0,1.0,20,4,12,41.87466255,-87.62766344,"['12/14/2022', '08:07:00', 'PM']",INCAPACITATING INJURY with Device
d970d03b526268ed915ee52f262078fd006bba06728aaf3e580d9b55c7b29ca7c3fe4af0b863697540b9644aa3656f4bb211bdd0407ba668c34f4c0c4709da61,2022-12-14 19:15:00,Wednesday,30,NO CONTROLS,FREEZING RAIN/DRIZZLE,"DARKNESS, LIGHTED ROAD",PEDESTRIAN,WET,INJURY AND / OR TOW DUE TO CRASH,"OVER $1,500",NOT APPLICABLE,2,FATAL,1.0,1.0,0.0,19,4,12,41.8659742,-87.74490349,"['12/14/2022', '07:15:00', 'PM']",FATAL without Device
4958eeaf64a2041546ab297a3607a6604152c2070d29741146b16fd0c042a95d1aedb8e518615bcb76542f6ffa9ad95662e0c6eb26022566e1178fecec59b863,2022-12-14 18:00:00,Wednesday,35,NO CONTROLS,RAIN,"DARKNESS, LIGHTED ROAD",PEDESTRIAN,WET,INJURY AND / OR TOW DUE TO CRASH,$500 OR LESS,UNABLE TO DETERMINE,2,INCAPACITATING INJURY,1.0,0.0,1.0,18,4,12,41.99599967,-87.68997363,"['12/14/2022', '06:00:00', 'PM']",INCAPACITATING INJURY without Device
1d679819dd8f87a53f919f0b61774d937ad994e74951cd3557811ca43110ffc77664538f4b082c39018133c86f35030bfcab227553597e6abc88b94f760228f7,2022-12-14 16:51:00,Wednesday,30,NO CONTROLS,RAIN,"DARKNESS, LIGHTED ROAD",PEDESTRIAN,WET,INJURY AND / OR TOW DUE TO CRASH,$500 OR LESS,NOT APPLICABLE,2,INCAPACITATING INJURY,1.0,0.0,1.0,16,4,12,42.01212966,-87.70197457,"['12/14/2022', '04:51:00', 'PM']",INCAPACITATING INJURY without Device
e57f7f174a2c96dae0366cedf5e03c0dcef5402b30f4f8791636755138250578d98314229a690ddd97c12fa26c2325bf18e8abcbf9a28bb4ce6221ea1805f5e0,2022-12-14 15:15:00,Wednesday,30,TRAFFIC SIGNAL,RAIN,DAYLIGHT,ANGLE,WET,INJURY AND / OR TOW DUE TO CRASH,"OVER $1,500",DISREGARDING TRAFFIC SIGNALS,4,INCAPACITATING INJURY,4.0,0.0,2.0,15,4,12,41.94359816,-87.82888324,"['12/14/2022', '03:15:00', 'PM']",INCAPACITATING INJURY with Device
d3ab3ee5e525c11351fc002a29d664aebc5805c5135e88fc927aebf8d29e6fbb1225703731cafdf4e14ac77efde80ee3b8cc85f1cd9bea69743168455e09bacd,2022-12-13 16:39:00,Tuesday,30,NO CONTROLS,CLEAR,DARKNESS,ANGLE,DRY,INJURY AND / OR TOW DUE TO CRASH,"OVER $1,500",DISREGARDING STOP SIGN,2,INCAPACITATING INJURY,1.0,0.0,1.0,16,3,12,41.77432364,-87.63893157,"['12/13/2022', '04:39:00', 'PM']",INCAPACITATING INJURY without Device
d6d060eaf567d7db767623e7d42bf6d6cf54f63aeefbee9f06ac253a2f7aea2eb624ce5e7454c822df1a579b31dfa63bfcf15a9764da3b7080c77ff7ecb5172b,2022-12-13 12:50:00,Tuesday,30,NO CONTROLS,CLEAR,DAYLIGHT,PEDESTRIAN,DRY,INJURY AND / OR TOW DUE TO CRASH,$500 OR LESS,FAILING TO YIELD RIGHT-OF-WAY,2,INCAPACITATING INJURY,1.0,0.0,1.0,12,3,12,41.90590122,-87.6771905,"['12/13/2022', '12:50:00', 'PM']",INCAPACITATING INJURY without Device
06ed1b4efefcea44c028a33dd59da3e89c54a416cadb7cb11da392f65dd3b862f5e8c1d66e15baa6ce84c7c2730465dd687466296ce238b589bdfb12060eb554,2022-12-12 21:20:00,Monday,30,STOP SIGN/FLASHER,CLEAR,DAYLIGHT,ANGLE,UNKNOWN,INJURY AND / OR TOW DUE TO CRASH,"OVER $1,500",FAILING TO YIELD RIGHT-OF-WAY,2,INCAPACITATING INJURY,1.0,0.0,1.0,21,2,12,41.95035435,-87.70929213,"['12/12/2022', '09:20:00', 'PM']",INCAPACITATING INJURY with Device
b89fd07a86b9482a2b0106d10babb864544bdc8d06bae0c712d198315067bb69e6473c017b550709101c3f5afdd2240f34a3528c02546f164aa56948c39e6bd4,2022-12-12 20:35:00,Monday,30,TRAFFIC SIGNAL,CLEAR,"DARKNESS, LIGHTED ROAD",REAR END,UNKNOWN,INJURY AND / OR TOW DUE TO CRASH,"OVER $1,500",FOLLOWING TOO CLOSELY,2,INCAPACITATING INJURY,2.0,0.0,1.0,20,2,12,41.87200214,-87.75491749,"['12/12/2022', '08:35:00', 'PM']",INCAPACITATING INJURY with Device
cb277c08b879609bb76d679716c63bf3662e38db688942694bb220acd12e78d67105b8e71ddcb0da663c5d98bdae77e22e4d411c213d87ba95496431678395d0,2022-12-12 14:06:00,Monday,30,TRAFFIC SIGNAL,CLEAR,DAYLIGHT,TURNING,DRY,INJURY AND / OR TOW DUE TO CRASH,"OVER $1,500",UNABLE TO DETERMINE,2,INCAPACITATING INJURY,1.0,0.0,1.0,14,2,12,41.81700662,-87.69925984,"['12/12/2022', '02:06:00', 'PM']",INCAPACITATING INJURY with Device
c4cbcdea789b72dbce45c13d29d38b12130dc934e7275381154bc91a0284863381974173e6cc4d9bff3b3f58386e697724bcd840e7e28190e0682c8fc7670048,2022-12-12 10:10:00,Monday,30,NO CONTROLS,CLEAR,DAYLIGHT,TURNING,DRY,INJURY AND / OR TOW DUE TO CRASH,"OVER $1,500",DRIVING SKILLS/KNOWLEDGE/EXPERIENCE,2,INCAPACITATING INJURY,1.0,0.0,1.0,10,2,12,41.8660353,-87.66622297,"['12/12/2022', '10:10:00', 'AM']",INCAPACITATING INJURY without Device
a088c5623a2265f61cc4f613cd98fbb064b4add12b4239a04642f381ee80fbc37299e4247ece3833809555bc023444571d7a371ab52c6f8dec1d21a2de9855de,2022-12-12 02:08:00,Monday,30,TRAFFIC SIGNAL,CLEAR,DARKNESS,REAR END,DRY,INJURY AND / OR TOW DUE TO CRASH,"OVER $1,500",FOLLOWING TOO CLOSELY,3,INCAPACITATING INJURY,1.0,0.0,1.0,2,2,12,41.95274518,-87.78640479,"['12/12/2022', '02:08:00', 'AM']",INCAPACITATING INJURY with Device
bd5d21d37d5ecdb1aee29e4518b1a6c5e853ab3bf78fb25701d53532c94e818c74119b89c8d99b52524e0ab718d4afdfef0b4e1aee44aadf2a81d74687df913e,2022-12-11 21:32:00,Sunday,30,STOP SIGN/FLASHER,CLOUDY/OVERCAST,"DARKNESS, LIGHTED ROAD",TURNING,DRY,INJURY AND / OR TOW DUE TO CRASH,"OVER $1,500",UNABLE TO DETERMINE,4,INCAPACITATING INJURY,2.0,0.0,1.0,21,1,12,41.65358801,-87.61739612,"['12/11/2022', '09:32:00', 'PM']",INCAPACITATING INJURY with Device
bf6ac2a4171e4bf3b813b0f143915b442dba540de39dabd1834a90602af9983d35ea0ccb11b38b094161ce507514a207350275d92400a66628a2be141db27a38,2022-12-11 18:45:00,Sunday,45,NO CONTROLS,CLEAR,DUSK,FIXED OBJECT,DRY,INJURY AND / OR TOW DUE TO CRASH,"OVER $1,500",UNABLE TO DETERMINE,1,INCAPACITATING INJURY,1.0,0.0,1.0,18,1,12,41.79796105,-87.58091488,"['12/11/2022', '06:45:00', 'PM']",INCAPACITATING INJURY without Device
42d59cf0ea301459ad730ca1fc92b4b2127c40a68e4cdfb2cfaf74919073357e347ed1f839788ec27cb3ad905dfbea665797996259456544a35e2b701770026a,2022-12-11 14:45:00,Sunday,30,STOP SIGN/FLASHER,UNKNOWN,UNKNOWN,PEDESTRIAN,UNKNOWN,INJURY AND / OR TOW DUE TO CRASH,"OVER $1,500",UNABLE TO DETERMINE,2,INCAPACITATING INJURY,1.0,0.0,1.0,14,1,12,41.96627491,-87.70855457,"['12/11/2022', '02:45:00', 'PM']",INCAPACITATING INJURY with Device
9019f4fcdb642fb27b7a9f5edca1842c6b00c3699882c94118a97b1a9de66201033073de4069b8a454f22c233cdd3a47c8cb258a83b3a1aea0bec17f83a4c2c4,2022-12-11 08:01:00,Sunday,35,TRAFFIC SIGNAL,CLEAR,DAYLIGHT,REAR END,DRY,INJURY AND / OR TOW DUE TO CRASH,"OVER $1,500",PHYSICAL CONDITION OF DRIVER,2,INCAPACITATING INJURY,4.0,0.0,1.0,8,1,12,41.88045118,-87.74512888,"['12/11/2022', '08:01:00', 'AM']",INCAPACITATING INJURY with Device
d6e48388ecb393c0821fd63f20be04b7ec57dd2d4e520d10ed1995daa6ee3c6c85fa4773b0a3ac4ee5693145b08f98da0cc129273e42501e8527085dcbd7513d,2022-12-11 05:30:00,Sunday,30,NO CONTROLS,CLOUDY/OVERCAST,DARKNESS,PEDESTRIAN,WET,INJURY AND / OR TOW DUE TO CRASH,$500 OR LESS,PHYSICAL CONDITION OF DRIVER,3,INCAPACITATING INJURY,1.0,0.0,1.0,5,1,12,41.6761886,-87.62031031,"['12/11/2022', '05:30:00', 'AM']",INCAPACITATING INJURY without Device
79d0b55672fdd2cd8b5fe0711d5f58632a9f752463c4bdc3b34235edc0d06333f1c61f468eedb570c3d5cd329b9a5536e369910f5aacdbe13a95cb8f26fd4212,2022-12-10 22:15:00,Saturday,30,STOP SIGN/FLASHER,CLEAR,"DARKNESS, LIGHTED ROAD",ANGLE,DRY,INJURY AND / OR TOW DUE TO CRASH,"OVER $1,500",DISREGARDING STOP SIGN,2,INCAPACITATING INJURY,1.0,0.0,1.0,22,7,12,41.77345339,-87.70315684,"['12/10/2022', '10:15:00', 'PM']",INCAPACITATING INJURY with Device
46d2f84c0b44509bef1ca0985e99e52be852f7b97101e3072cc89b67e3433507320916668992ca724bb4746d293b68ac42f5b362be81f1ad822befcc304490b7,2022-12-10 21:34:00,Saturday,30,NO CONTROLS,FREEZING RAIN/DRIZZLE,"DARKNESS, LIGHTED ROAD",FIXED OBJECT,WET,INJURY AND / OR TOW DUE TO CRASH,"OVER $1,500",UNABLE TO DETERMINE,1,INCAPACITATING INJURY,1.0,0.0,1.0,21,7,12,41.923335,-87.6877428,"['12/10/2022', '09:34:00', 'PM']",INCAPACITATING INJURY without Device
bc158f38aa6a7c6ec70ba66439c6757811eb0fc42b1bb495e9360eab3ea78efbf6ec657c3279baa512e79bc384ed4d3f7fa2a12a4deca929844aaca47db8896f,2022-12-10 18:15:00,Saturday,30,TRAFFIC SIGNAL,RAIN,"DARKNESS, LIGHTED ROAD",ANGLE,WET,INJURY AND / OR TOW DUE TO CRASH,"$501 - $1,500",UNABLE TO DETERMINE,2,INCAPACITATING INJURY,2.0,0.0,2.0,18,7,12,41.77909355,-87.68866809,"['12/10/2022', '06:15:00', 'PM']",INCAPACITATING INJURY with Device
9ac8b7313f9b38f4c1b0549386d902aec8965bea0f8c528888d45d0940c6abcdd0b965eedbaf989fc70c90652532d2c286489d7e36bb632e715eb502c19b1582,2022-12-10 06:55:00,Saturday,30,TRAFFIC SIGNAL,CLOUDY/OVERCAST,DAYLIGHT,ANGLE,DRY,INJURY AND / OR TOW DUE TO CRASH,"OVER $1,500",DISREGARDING TRAFFIC SIGNALS,2,INCAPACITATING INJURY,1.0,0.0,1.0,6,7,12,41.77067874,-87.61250068,"['12/10/2022', '06:55:00', 'AM']",INCAPACITATING INJURY with Device
015df9cd5cff1f1a129c8845c5273934ead9f95cc6890b1122eefee383ee4fbd9ed6de88e583d59b202d72dd2d5f4df699f80d55e24f56537f76db9b21b45eb1,2022-12-10 01:12:00,Saturday,30,NO CONTROLS,CLEAR,"DARKNESS, LIGHTED ROAD",OTHER OBJECT,WET,INJURY AND / OR TOW DUE TO CRASH,"OVER $1,500",UNABLE TO DETERMINE,1,FATAL,1.0,1.0,0.0,1,7,12,41.93121325,-87.72710906,"['12/10/2022', '01:12:00', 'AM']",FATAL without Device
18d6ba4d0f058861d695bc1ac46a72a4beb3fec7060ff44f32e4a8a8c5d719d4375db0f7ffcad133df33c82c76ea15cc4200dd59c8d81bf85bdda9f672dbc8b5,2022-12-09 23:50:00,Friday,35,STOP SIGN/FLASHER,RAIN,DARKNESS,ANGLE,WET,INJURY AND / OR TOW DUE TO CRASH,"OVER $1,500",FAILING TO YIELD RIGHT-OF-WAY,2,INCAPACITATING INJURY,1.0,0.0,1.0,23,6,12,42.00335424,-87.81729036,"['12/09/2022', '11:50:00', 'PM']",INCAPACITATING INJURY with Device
05ca90937c8f199ddd8556876730ff13758de1a6de9cb856a72665837f4756de71ae1d79235b8099fe64c10c110f53cfd0b7ca66fd1d3af8add81a383ae78fcb,2022-12-09 23:00:00,Friday,40,NO CONTROLS,RAIN,"DARKNESS, LIGHTED ROAD",FIXED OBJECT,WET,INJURY AND / OR TOW DUE TO CRASH,"OVER $1,500",WEATHER,1,INCAPACITATING INJURY,1.0,0.0,1.0,23,6,12,41.90075297,-87.624235,"['12/09/2022', '11:00:00', 'PM']",INCAPACITATING INJURY without Device
d3a946a97ae7c1406caabaca57c2631a2701121a76cdbcde74dfad980d9dfbe97c3ce08dfb4c5392b32ef41c057e40aa0de6d7667f9ada41e20461e024eb3ef4,2022-12-09 22:45:00,Friday,30,STOP SIGN/FLASHER,RAIN,"DARKNESS, LIGHTED ROAD",ANGLE,WET,INJURY AND / OR TOW DUE TO CRASH,"OVER $1,500",DISREGARDING STOP SIGN,2,INCAPACITATING INJURY,1.0,0.0,1.0,22,6,12,41.88406597,-87.6719416,"['12/09/2022', '10:45:00', 'PM']",INCAPACITATING INJURY with Device
67622e2c495360904589c8318143d6a4c547952cf58c175c0ca13ba876ffab9d7f6322ecc7ad54e94d279f6f67c993f3d9fd9f2983278214f635592b9a98a7e9,2022-12-09 20:39:00,Friday,30,TRAFFIC SIGNAL,RAIN,"DARKNESS, LIGHTED ROAD",HEAD ON,WET,INJURY AND / OR TOW DUE TO CRASH,"OVER $1,500",IMPROPER OVERTAKING/PASSING,2,INCAPACITATING INJURY,2.0,0.0,1.0,20,6,12,41.84525018,-87.64397862,"['12/09/2022', '08:39:00', 'PM']",INCAPACITATING INJURY with Device
422a6696138d4f4f0725999301bf301331ab01f8e2d4db171882ec77af16988037d0a382ae4c5a40a619fe718cd054bfd8a66af1b121f2580be786f6c29cd78d,2022-12-09 19:25:00,Friday,30,TRAFFIC SIGNAL,RAIN,DARKNESS,HEAD ON,WET,INJURY AND / OR TOW DUE TO CRASH,"OVER $1,500",UNABLE TO DETERMINE,2,INCAPACITATING INJURY,1.0,0.0,1.0,19,6,12,41.86977272,-87.725161,"['12/09/2022', '07:25:00', 'PM']",INCAPACITATING INJURY with Device
76564152e251a16936894bb5fc7d54146945b10e75321159ef3a381563df85c712c9d52828bb21c8bff3b828e5695fb0646a7f18053083421b19a18ad6762036,2022-12-09 09:40:00,Friday,30,NO CONTROLS,RAIN,DAYLIGHT,REAR TO FRONT,WET,INJURY AND / OR TOW DUE TO CRASH,"OVER $1,500",UNABLE TO DETERMINE,2,INCAPACITATING INJURY,1.0,0.0,1.0,9,6,12,41.93160795,-87.69775578,"['12/09/2022', '09:40:00', 'AM']",INCAPACITATING INJURY without Device
cf3fbd33d01a7e3694a249c977bdd81c099ec54ab64afce9a043624c216ff44e41837f924f886008d2fa969c2b950d5e1e9442881325ae7d3d696f49f556bdc1,2022-12-09 07:40:00,Friday,30,STOP SIGN/FLASHER,RAIN,DAYLIGHT,PEDESTRIAN,SNOW OR SLUSH,INJURY AND / OR TOW DUE TO CRASH,"$501 - $1,500",UNABLE TO DETERMINE,2,INCAPACITATING INJURY,1.0,0.0,1.0,7,6,12,41.96928547,-87.75980631,"['12/09/2022', '07:40:00', 'AM']",INCAPACITATING INJURY with Device
3b6ad4b0d447ad5620866fe637d0e358a07886ee35c6c9b69a9caeb872826dace06fe6a40ec497c91c32ed0097ee4e437c8325e36e1f2d94c7853956ea28ddbf,2022-12-09 05:47:00,Friday,30,TRAFFIC SIGNAL,SLEET/HAIL,"DARKNESS, LIGHTED ROAD",TURNING,WET,INJURY AND / OR TOW DUE TO CRASH,"OVER $1,500",FAILING TO YIELD RIGHT-OF-WAY,2,INCAPACITATING INJURY,2.0,0.0,2.0,5,6,12,41.94617573,-87.74692156,"['12/09/2022', '05:47:00', 'AM']",INCAPACITATING INJURY with Device
84952ae235a0c760f520c20e7f36d79422288e5936e65ba1097fa4073a80d88d0630b8625fcd3d951f3478c928bf58fb3ec180c832b2a4580b918c65dbfbed10,2022-12-09 00:25:00,Friday,30,NO CONTROLS,CLEAR,"DARKNESS, LIGHTED ROAD",OVERTURNED,DRY,INJURY AND / OR TOW DUE TO CRASH,"OVER $1,500",UNABLE TO DETERMINE,1,INCAPACITATING INJURY,1.0,0.0,1.0,0,6,12,41.96178,-87.74742527,"['12/09/2022', '12:25:00', 'AM']",INCAPACITATING INJURY without Device
c286acc39184684eee7739189d25e0eb70182492cd05b5b974180ec510d0db7f65d7e4fd724f9babcd27cb64f550aa18c49dd8d359c9801e87a725d7c8e667b1,2022-12-08 21:55:00,Thursday,30,NO CONTROLS,CLEAR,"DARKNESS, LIGHTED ROAD",PEDALCYCLIST,DRY,INJURY AND / OR TOW DUE TO CRASH,$500 OR LESS,UNABLE TO DETERMINE,2,INCAPACITATING INJURY,1.0,0.0,1.0,21,5,12,41.8871706,-87.66188297,"['12/08/2022', '09:55:00', 'PM']",INCAPACITATING INJURY without Device
7a8b021e4adda86419f8e8a6fe12d3e6568ebfed2ecc92f07d7fd59aedcc937d91152592c8b7107544f2a8ea9b2acd81611d52b9e1159bb586e04abf9e2c0cbe,2022-12-08 17:25:00,Thursday,30,TRAFFIC SIGNAL,CLEAR,"DARKNESS, LIGHTED ROAD",TURNING,DRY,INJURY AND / OR TOW DUE TO CRASH,"OVER $1,500",UNABLE TO DETERMINE,2,INCAPACITATING INJURY,1.0,0.0,1.0,17,5,12,41.92801719,-87.74657166,"['12/08/2022', '05:25:00', 'PM']",INCAPACITATING INJURY with Device