CRASH_RECORD_ID,CRASH_DATE,Weekday,POSTED_SPEED_LIMIT,TRAFFIC_CONTROL_DEVICE,WEATHER_CONDITION,LIGHTING_CONDITION,FIRST_CRASH_TYPE,ROADWAY_SURFACE_COND,CRASH_TYPE,DAMAGE,PRIM_CONTRIBUTORY_CAUSE,NUM_UNITS,MOST_SEVERE_INJURY,INJURIES_TOTAL,INJURIES_FATAL,INJURIES_INCAPACITATING,CRASH_HOUR,CRASH_DAY_OF_WEEK,CRASH_MONTH,LATITUDE,LONGITUDE,CRASH_TIME,CATEGORIES
fd16cc43ed943f93333ccad9b086b5266be513eaa4a9af6c9458496b0e5cec86a42e2a714ca9a10d672da0c2e45051ad288659b28cccb9ccb3c69307b786d065,2022-12-08 11:15:00,Thursday,25,TRAFFIC SIGNAL,CLEAR,DAYLIGHT,REAR END,DRY,INJURY AND / OR TOW DUE TO CRASH,"OVER $1,500",FOLLOWING TOO CLOSELY,3,INCAPACITATING INJURY,1.0,0.0,1.0,11,5,12,41.96877857,-87.66814745,"['12/08/2022', '11:15:00', 'AM']",INCAPACITATING INJURY with Device
7159e436003e7ed0e59200065efbb13bf4d3641d1784e4b20bdc751fbfede36b061dea647776d42a67f1b06540a3b48abf61472f1cb3124ae0364933cda86e0c,2022-12-08 10:44:00,Thursday,30,NO CONTROLS,CLEAR,DAYLIGHT,PARKED MOTOR VEHICLE,DRY,INJURY AND / OR TOW DUE TO CRASH,"OVER $1,500",IMPROPER OVERTAKING/PASSING,2,INCAPACITATING INJURY,2.0,0.0,2.0,10,5,12,41.96076194,-87.73462558,"['12/08/2022', '10:44:00', 'AM']",INCAPACITATING INJURY without Device
8f68212b3b7019d507a375715411f9b470fb22c569ec6eb50d4bd41f59aace19c284d2ed8aa7343998a72ff1395d670e82f23a42928dbb8422c913782be97070,2022-12-08 06:00:00,Thursday,30,NO CONTROLS,CLEAR,DAWN,REAR END,DRY,INJURY AND / OR TOW DUE TO CRASH,"OVER $1,500",FOLLOWING TOO CLOSELY,3,INCAPACITATING INJURY,1.0,0.0,1.0,6,5,12,41.66042281,-87.58639179,"['12/08/2022', '06:00:00', 'AM']",INCAPACITATING INJURY without Device
6c47e775a25504f346c434295912e8ce1b7927a680fde0d3e530841128d510fe511b63fb8e49312a6bf03e1ab09d690759283828ff1a4f2aa937d4a578016c75,2022-12-08 00:55:00,Thursday,30,TRAFFIC SIGNAL,CLEAR,"DARKNESS, LIGHTED ROAD",PARKED MOTOR VEHICLE,DRY,INJURY AND / OR TOW DUE TO CRASH,"OVER $1,500",UNABLE TO DETERMINE,2,INCAPACITATING INJURY,1.0,0.0,1.0,0,5,12,41.88049675,-87.73582424,"['12/08/2022', '12:55:00', 'AM']",INCAPACITATING INJURY with Device
262120b4fec99f6cd21cb764adbcef59784f2086772605e80332b88aa7753cb8c0c227e92748ea14afeb2ac241c3916f99ffe2abfc5493034b41057ab14f75e4,2022-12-07 23:05:00,Wednesday,30,TRAFFIC SIGNAL,CLEAR,"DARKNESS, LIGHTED ROAD",PEDESTRIAN,DRY,INJURY AND / OR TOW DUE TO CRASH,"$501 - $1,500",DISREGARDING TRAFFIC SIGNALS,2,INCAPACITATING INJURY,1.0,0.0,1.0,23,4,12,41.74685012,-87.64407521,"['12/07/2022', '11:05:00', 'PM']",INCAPACITATING INJURY with Device
49e239c3b771de3295a321ccf31b0d77f86b73ec079913f24fb520dfcd32b6620edb70965947b88a6959c10835c30ee841bd0b9876ae219e0a84ac31b3c683fc,2022-12-07 20:11:00,Wednesday,30,NO CONTROLS,CLEAR,"DARKNESS, LIGHTED ROAD",FIXED OBJECT,DRY,INJURY AND / OR TOW DUE TO CRASH,"OVER $1,500",UNABLE TO DETERMINE,1,FATAL,1.0,1.0,0.0,20,4,12,41.97578974,-87.77123511,"['12/07/2022', '08:11:00', 'PM']",FATAL without Device
9ae354146227569655330543ca231f7161ee3f3060f7d05aead025fa3c1a5618a84ffa25d1c379c10acd820567dedbd97e943fd60c3ead2874e84869921984c2,2022-12-07 16:36:00,Wednesday,30,NO CONTROLS,CLEAR,"DARKNESS, LIGHTED ROAD",FIXED OBJECT,DRY,INJURY AND / OR TOW DUE TO CRASH,"OVER $1,500",UNABLE TO DETERMINE,1,INCAPACITATING INJURY,1.0,0.0,1.0,16,4,12,41.87614519,-87.69131957,"['12/07/2022', '04:36:00', 'PM']",INCAPACITATING INJURY without Device
b44847579ba59b0505275a18c8a20bbe7bbbd5b585ff10596cbee11e75230b3ba136706e86039743f6015a6002f9e896bd20c42aaa101945ac77d7922f0e3a2c,2022-12-06 11:16:00,Tuesday,30,NO CONTROLS,RAIN,DAYLIGHT,TURNING,WET,INJURY AND / OR TOW DUE TO CRASH,"OVER $1,500",FAILING TO YIELD RIGHT-OF-WAY,2,INCAPACITATING INJURY,1.0,0.0,1.0,11,3,12,41.70219806,-87.53634477,"['12/06/2022', '11:16:00', 'AM']",INCAPACITATING INJURY without Device
08c067a63ffbcb357e2a32240ece4910ab4285d6f32d1259da32fe0730368053ed84918e85fd145affdd18a5981a621bac2eb9e044478e8e0aebe5d59198d286,2022-12-05 22:46:00,Monday,40,NO CONTROLS,RAIN,"DARKNESS, LIGHTED ROAD",REAR END,WET,INJURY AND / OR TOW DUE TO CRASH,"OVER $1,500",UNABLE TO DETERMINE,2,INCAPACITATING INJURY,1.0,0.0,1.0,22,2,12,41.89115238,-87.61374793,"['12/05/2022', '10:46:00', 'PM']",INCAPACITATING INJURY without Device
1d7b8dd091029db05dd1d7347ac49f0c182c3c46b54e809a07506ad2ed3ab4757b516567f7ef13429157a261dbf716a5539fb3b4513bedeb638f08e4e911092e,2022-12-05 18:05:00,Monday,30,TRAFFIC SIGNAL,CLEAR,"DARKNESS, LIGHTED ROAD",TURNING,DRY,INJURY AND / OR TOW DUE TO CRASH,"OVER $1,500",FOLLOWING TOO CLOSELY,3,INCAPACITATING INJURY,2.0,0.0,1.0,18,2,12,41.89673656,-87.62699713,"['12/05/2022', '06:05:00', 'PM']",INCAPACITATING INJURY with Device
294508bd2335d881fde50edd514c25ad482c90e7cc3ec8ea0035b20fa041b327ae5fd1601a6407a67aab4a4bf2d156487dd6372b2e0f2baecb4262fdc77740f3,2022-12-05 17:00:00,Monday,30,TRAFFIC SIGNAL,CLEAR,"DARKNESS, LIGHTED ROAD",REAR END,DRY,INJURY AND / OR TOW DUE TO CRASH,"OVER $1,500",FOLLOWING TOO CLOSELY,2,INCAPACITATING INJURY,1.0,0.0,1.0,17,2,12,41.91066083,-87.65411567,"['12/05/2022', '05:00:00', 'PM']",INCAPACITATING INJURY with Device
7f000e68a6cedef284947cab1ede966a47d0ec8a9d307f6240c3d08723ddb0f1a9cfb0ce4d3861361ee432218a0dbb302bccce77a9c8e551f884ffdd8ac14a84,2022-12-05 15:30:00,Monday,30,NO CONTROLS,CLEAR,DAYLIGHT,SIDESWIPE SAME DIRECTION,DRY,INJURY AND / OR TOW DUE TO CRASH,"OVER $1,500",UNABLE TO DETERMINE,4,INCAPACITATING INJURY,1.0,0.0,1.0,15,2,12,41.73518805,-87.70946191,"['12/05/2022', '03:30:00', 'PM']",INCAPACITATING INJURY without Device
792edb100269b06307b8c7cfb2c547b2dbf4438d5758517dd8b73e2e56e02253f3475a0f67a23400c43c1aeddaadca895d992674184afeb72e528c0c040beed7,2022-12-05 09:49:00,Monday,30,NO CONTROLS,CLEAR,DAYLIGHT,PARKED MOTOR VEHICLE,DRY,INJURY AND / OR TOW DUE TO CRASH,"OVER $1,500",NOT APPLICABLE,3,INCAPACITATING INJURY,1.0,0.0,1.0,9,2,12,41.89949815,-87.75931027,"['12/05/2022', '09:49:00', 'AM']",INCAPACITATING INJURY without Device
3320537e85d76495a21916f093380b58ec3d6d837af43266df8aa91457e1686892bd1dd4544ec8abe4b89924a6999af9555d8ebfef70793aa458d4b2e70ee620,2022-12-05 09:20:00,Monday,30,NO CONTROLS,CLEAR,DAYLIGHT,FIXED OBJECT,DRY,INJURY AND / OR TOW DUE TO CRASH,"OVER $1,500",UNABLE TO DETERMINE,1,INCAPACITATING INJURY,2.0,0.0,1.0,9,2,12,41.95405943,-87.67780237,"['12/05/2022', '09:20:00', 'AM']",INCAPACITATING INJURY without Device
c7e9857be14af26889b5c4fa9b092b47ae354e6e11f68a609a046f248b76cdefe094cfc20b02a21eadfad492fbd59c2c2c782bb764cb899cfe598c418575c931,2022-12-05 05:50:00,Monday,15,NO CONTROLS,CLEAR,DAWN,FIXED OBJECT,DRY,INJURY AND / OR TOW DUE TO CRASH,"OVER $1,500",FAILING TO REDUCE SPEED TO AVOID CRASH,1,INCAPACITATING INJURY,2.0,0.0,1.0,5,2,12,41.86967087,-87.74361616,"['12/05/2022', '05:50:00', 'AM']",INCAPACITATING INJURY without Device
a3893c8f1b4b6ac955b43fdc445cbbaf6a78f9910fc8ea7f34e3e58e2ddd06fb9419c841fb1a8c0bb29a1673b692f6aded316f5340c03f1ddd418578809925fe,2022-12-05 00:12:00,Monday,30,NO CONTROLS,CLEAR,"DARKNESS, LIGHTED ROAD",HEAD ON,DRY,INJURY AND / OR TOW DUE TO CRASH,"OVER $1,500",DRIVING ON WRONG SIDE/WRONG WAY,2,INCAPACITATING INJURY,3.0,0.0,1.0,0,2,12,41.72232541,-87.57914614,"['12/05/2022', '12:12:00', 'AM']",INCAPACITATING INJURY without Device
bfd4fbf400c9e8f7337ba0b43288048d1e1ea9220ab648616eb91c31e2d3e3ce82325369f24bcca717af359d0abf74bcc27a6862aa46c02454f97072f174c544,2022-12-04 21:39:00,Sunday,30,NO CONTROLS,CLEAR,DARKNESS,PARKED MOTOR VEHICLE,DRY,INJURY AND / OR TOW DUE TO CRASH,"OVER $1,500",UNABLE TO DETERMINE,3,INCAPACITATING INJURY,2.0,0.0,2.0,21,1,12,41.89882634,-87.70763403,"['12/04/2022', '09:39:00', 'PM']",INCAPACITATING INJURY without Device
7178e2179aec7bae3b5cb4ed391c1c043c7ec48fbd05d7cc8a84adfccd6b298ae7775d10aafec9221df1996225ca4e84061f52bbf9bc1628c93ec311b950119a,2022-12-04 17:59:00,Sunday,30,TRAFFIC SIGNAL,CLEAR,"DARKNESS, LIGHTED ROAD",PEDESTRIAN,DRY,INJURY AND / OR TOW DUE TO CRASH,"OVER $1,500",DISREGARDING TRAFFIC SIGNALS,2,INCAPACITATING INJURY,1.0,0.0,1.0,17,1,12,41.89099213,-87.61491067,"['12/04/2022', '05:59:00', 'PM']",INCAPACITATING INJURY with Device
45f48d41ba1ea037b6ea66c3f8f5ae66a7fbf7f2e60e80259380a14041744115bfaf7a85c9ae38ad9c5d5389c1ad5b241ab4b27c42c606baef1009ffdb1d9a63,2022-12-04 17:30:00,Sunday,20,STOP SIGN/FLASHER,CLEAR,DUSK,PEDALCYCLIST,UNKNOWN,INJURY AND / OR TOW DUE TO CRASH,"OVER $1,500",DISREGARDING STOP SIGN,2,INCAPACITATING INJURY,1.0,0.0,1.0,17,1,12,41.90490547,-87.69193643,"['12/04/2022', '05:30:00', 'PM']",INCAPACITATING INJURY with Device
1da14c9a93b666ed72d48f918fc1a20ec2d2778caa36f78d82c82cf6ac3e2fd793b7376b9d6dc9679d221b5e72d563f95a302850a2d11a4357be392f3f301b20,2022-12-04 10:25:00,Sunday,30,NO CONTROLS,CLEAR,DAYLIGHT,ANGLE,DRY,INJURY AND / OR TOW DUE TO CRASH,"OVER $1,500",FAILING TO YIELD RIGHT-OF-WAY,2,INCAPACITATING INJURY,2.0,0.0,1.0,10,1,12,41.75070587,-87.66965379,"['12/04/2022', '10:25:00', 'AM']",INCAPACITATING INJURY without Device
f0f2a66490890a05d8a873860f126b5eea9fb1f18050276ff322b13863c567c36520fdc114d20fb975f759078f9dfebe507061de8f15ba9285f1c67fa13f83e9,2022-12-04 08:08:00,Sunday,35,NO CONTROLS,CLEAR,DAYLIGHT,FIXED OBJECT,DRY,INJURY AND / OR TOW DUE TO CRASH,"OVER $1,500",ROAD ENGINEERING/SURFACE/MARKING DEFECTS,1,FATAL,1.0,1.0,0.0,8,1,12,41.80182977,-87.74314245,"['12/04/2022', '08:08:00', 'AM']",FATAL without Device
1492fdd4f225356546c7f5317f1c9bc2b699c432db2d8b592ed1867acb8cc4795d4d53aa3f4b323ce6fc141481c7f4247dfe984157ea92033a575be438d89d76,2022-12-04 07:45:00,Sunday,35,NO CONTROLS,CLEAR,DAYLIGHT,TURNING,DRY,INJURY AND / OR TOW DUE TO CRASH,"$501 - $1,500",UNABLE TO DETERMINE,2,INCAPACITATING INJURY,1.0,0.0,1.0,7,1,12,41.9607182,-87.73849302,"['12/04/2022', '07:45:00', 'AM']",INCAPACITATING INJURY without Device
3b025508d23727affee27fa1c802fbf6bfd55c57b0f01c554cb8c1319a6afa275ab5c1c8e2d1244dbc48a4e6ddeff619c52a602186518dc5233a5123db24713c,2022-12-04 05:07:00,Sunday,30,NO CONTROLS,CLEAR,"DARKNESS, LIGHTED ROAD",FIXED OBJECT,DRY,INJURY AND / OR TOW DUE TO CRASH,"OVER $1,500",DRIVING SKILLS/KNOWLEDGE/EXPERIENCE,1,INCAPACITATING INJURY,1.0,0.0,1.0,5,1,12,41.76937233,-87.61939589,"['12/04/2022', '05:07:00', 'AM']",INCAPACITATING INJURY without Device
39ae9847254fbce5cf7e13e88059c2fbae6f9751857033b4760e5858bc2925c3738255760914c92d4a685be3336a10eb6e76699cc5790abd0eb17454fca63ddc,2022-12-04 01:52:00,Sunday,30,TRAFFIC SIGNAL,CLEAR,"DARKNESS, LIGHTED ROAD",ANGLE,DRY,INJURY AND / OR TOW DUE TO CRASH,"OVER $1,500",DRIVING ON WRONG SIDE/WRONG WAY,2,INCAPACITATING INJURY,1.0,0.0,1.0,1,1,12,41.88449949,-87.63523358,"['12/04/2022', '01:52:00', 'AM']",INCAPACITATING INJURY with Device
d1138a846e01af1a3085d74e48cef62cb339917abbb0481a1d498afd4878679756682f1a2ba24136d7de2691b54f7b420636325a2820c43ba5d760160c31e31f,2022-12-03 23:00:00,Saturday,25,NO CONTROLS,CLEAR,"DARKNESS, LIGHTED ROAD",PEDESTRIAN,DRY,INJURY AND / OR TOW DUE TO CRASH,"OVER $1,500",UNABLE TO DETERMINE,2,FATAL,1.0,1.0,0.0,23,7,12,41.68874712,-87.67989866,"['12/03/2022', '11:00:00', 'PM']",FATAL without Device
26dc5eb980965d15a313acde032eac338e0addc1f0d5c868df24313411c70f1334668e57d11394426ac6459dcf8be02c8e08c85355cdc7699b4a2a1d8e93ac2e,2022-12-03 21:40:00,Saturday,35,YIELD,CLEAR,"DARKNESS, LIGHTED ROAD",PEDALCYCLIST,DRY,INJURY AND / OR TOW DUE TO CRASH,"OVER $1,500",FAILING TO YIELD RIGHT-OF-WAY,2,INCAPACITATING INJURY,1.0,0.0,1.0,21,7,12,41.87174062,-87.62767068,"['12/03/2022', '09:40:00', 'PM']",INCAPACITATING INJURY with Device
9b0bd9b795d10cbcd2c06b946aa02a5c9059309a875921810285faf3055bcf24da9b49695ce00cee8c43566fc49d1989b684c1b12470492df8d48e2c876014b8,2022-12-03 19:55:00,Saturday,30,NO CONTROLS,UNKNOWN,UNKNOWN,PEDESTRIAN,UNKNOWN,INJURY AND / OR TOW DUE TO CRASH,"OVER $1,500",UNABLE TO DETERMINE,2,FATAL,1.0,1.0,0.0,19,7,12,41.76779762,-87.58581992,"['12/03/2022', '07:55:00', 'PM']",FATAL without Device
8192a5bc90b4ff2e3862476c64a148f965a3b3a4d24f5a4d7dd73589ab074973493038d42baee40a4a2e8bab4df0f07c1bb41662528c96024dd4863d5062b4e7,2022-12-03 11:50:00,Saturday,30,TRAFFIC SIGNAL,CLEAR,DAYLIGHT,ANGLE,DRY,INJURY AND / OR TOW DUE TO CRASH,"OVER $1,500",UNABLE TO DETERMINE,2,INCAPACITATING INJURY,2.0,0.0,2.0,11,7,12,41.98276175,-87.80679487,"['12/03/2022', '11:50:00', 'AM']",INCAPACITATING INJURY with Device
deb474d384a2cf64b780739f15aa4c5f3b8c9774d0be6ca4456187504b064cc14d1ee16563ee115215407241ae2e81d5f96e4ef3801cbbf5d8c8d342e54d1ada,2022-12-03 11:32:00,Saturday,30,TRAFFIC SIGNAL,CLEAR,DAYLIGHT,TURNING,DRY,INJURY AND / OR TOW DUE TO CRASH,"OVER $1,500",DISREGARDING TRAFFIC SIGNALS,2,INCAPACITATING INJURY,1.0,0.0,1.0,11,7,12,41.99078621,-87.67976037,"['12/03/2022', '11:32:00', 'AM']",INCAPACITATING INJURY with Device
9bdac008fceb0cb3db45b714cda033bae9cf2323a94809a24652ea9c4d9857a79714ddae8eca5201d8ec2ce3343bc860bd57f7295aa2770352ce4f680342c05d,2022-12-03 10:20:00,Saturday,20,TRAFFIC SIGNAL,CLEAR,DAYLIGHT,PEDESTRIAN,DRY,INJURY AND / OR TOW DUE TO CRASH,"OVER $1,500",DISREGARDING TRAFFIC SIGNALS,2,INCAPACITATING INJURY,1.0,0.0,1.0,10,7,12,41.83124311,-87.61694054,"['12/03/2022', '10:20:00', 'AM']",INCAPACITATING INJURY with Device
29c1393c64375ec390a8bcbc60b5580f439e5e5a5812e61e15d9ccede95bced9b9ca58929cfb50b952e8a1f577e568a52fbc2f72000ec8414c2ebbd8b06d620f,2022-12-03 01:15:00,Saturday,30,TRAFFIC SIGNAL,CLEAR,"DARKNESS, LIGHTED ROAD",ANGLE,DRY,INJURY AND / OR TOW DUE TO CRASH,"OVER $1,500",DISREGARDING TRAFFIC SIGNALS,2,INCAPACITATING INJURY,1.0,0.0,1.0,1,7,12,41.87412037,-87.735363,"['12/03/2022', '01:15:00', 'AM']",INCAPACITATING INJURY with Device
3bf2c91ad5916d41e309d02c275e830786330578946c7918b2e5cbed4f742b1d1a9613136da2f916ddddcfaf61ebeb2e3f0afd51acc492fbcdd47de2adbb2230,2022-12-02 23:23:00,Friday,30,TRAFFIC SIGNAL,OTHER,"DARKNESS, LIGHTED ROAD",PEDESTRIAN,WET,INJURY AND / OR TOW DUE TO CRASH,"OVER $1,500",PHYSICAL CONDITION OF DRIVER,6,FATAL,2.0,2.0,0.0,23,6,12,41.8810884,-87.7454464,"['12/02/2022', '11:23:00', 'PM']",FATAL with Device
9885d5fc53cd4d2613eb0858c587464531e8bc578456c70c0a29678f07e07d8689b04639de99db4278a2b0c8a03660bb2626ac49f3c1ad50452ca7268e1a403f,2022-12-02 23:18:00,Friday,15,NO CONTROLS,CLEAR,"DARKNESS, LIGHTED ROAD",PARKED MOTOR VEHICLE,WET,INJURY AND / OR TOW DUE TO CRASH,"OVER $1,500",NOT APPLICABLE,4,FATAL,2.0,1.0,0.0,23,6,12,41.8759868,-87.74527326,"['12/02/2022', '11:18:00', 'PM']",FATAL without Device
6fcdc037eed3d5651af248c03fa254e3206942cf31250e0e0fdd81bbbd1824d70f91e6f57033238b024a0d29a9e9c3e6cecd834f78ff876b810762f8b4d9188e,2022-12-02 19:25:00,Friday,35,NO CONTROLS,RAIN,DARKNESS,REAR END,WET,INJURY AND / OR TOW DUE TO CRASH,"OVER $1,500",FAILING TO REDUCE SPEED TO AVOID CRASH,2,INCAPACITATING INJURY,1.0,0.0,1.0,19,6,12,41.9525037,-87.84636088,"['12/02/2022', '07:25:00', 'PM']",INCAPACITATING INJURY without Device
0e866c6efb9e21a1bbf3c4ce33895d5746ad5a7b196f3c6e5d46192ebdf28a01ca842571d506145df83f7788dd3ce25c68d942e85c5baae9fab79588492c941a,2022-12-02 18:40:00,Friday,30,STOP SIGN/FLASHER,CLEAR,"DARKNESS, LIGHTED ROAD",TURNING,DRY,INJURY AND / OR TOW DUE TO CRASH,"$501 - $1,500",UNABLE TO DETERMINE,2,INCAPACITATING INJURY,1.0,0.0,1.0,18,6,12,41.71412565,-87.64285255,"['12/02/2022', '06:40:00', 'PM']",INCAPACITATING INJURY with Device
abf52a5e870d3fa93d1eef446909f314073ba8c26018cabf01a0c37166e51bd1433c293367d3b4e78382d233b36a0f8bca54aef59c77751c8c3084faba9830a4,2022-12-02 17:50:00,Friday,35,NO CONTROLS,CLEAR,"DARKNESS, LIGHTED ROAD",ANGLE,DRY,INJURY AND / OR TOW DUE TO CRASH,"OVER $1,500",DISREGARDING STOP SIGN,2,INCAPACITATING INJURY,1.0,0.0,1.0,17,6,12,41.7195862,-87.64059047,"['12/02/2022', '05:50:00', 'PM']",INCAPACITATING INJURY without Device
5ef8effd0e536bd1a1b246b411d7b09322d172ba1d478e30cfc669b1d65cd90b51001292566e32d43738fa3fbb170799f18baab630a7f465aebb9f9feaa7d6dd,2022-12-02 17:06:00,Friday,30,TRAFFIC SIGNAL,CLEAR,"DARKNESS, LIGHTED ROAD",ANGLE,DRY,INJURY AND / OR TOW DUE TO CRASH,"OVER $1,500",FAILING TO YIELD RIGHT-OF-WAY,2,INCAPACITATING INJURY,2.0,0.0,2.0,17,6,12,41.87583508,-87.62421289,"['12/02/2022', '05:06:00', 'PM']",INCAPACITATING INJURY with Device
7ef73b22e32a2c1fe4169b60647ec180c47b578f398c880493e47cfc9119bf8aa7df787fc58c56745951a32715ac6430d2a1b76d6ef2feec5026e8b490326132,2022-12-02 08:35:00,Friday,30,TRAFFIC SIGNAL,CLEAR,DAYLIGHT,PEDALCYCLIST,DRY,INJURY AND / OR TOW DUE TO CRASH,$500 OR LESS,UNABLE TO DETERMINE,2,INCAPACITATING INJURY,1.0,0.0,1.0,8,6,12,41.85204392,-87.6930594,"['12/02/2022', '08:35:00', 'AM']",INCAPACITATING INJURY with Device
527aa91266a3e4390a1c721191b6f8e1b62def9c66e37f3c039078c952298a9a0085e2ccfcbc4ff0099d44f34c901c8ecafd8692f2cc1d16470ca3971bafc63d,2022-12-02 07:30:00,Friday,30,TRAFFIC SIGNAL,CLEAR,DAYLIGHT,SIDESWIPE SAME DIRECTION,DRY,INJURY AND / OR TOW DUE TO CRASH,"OVER $1,500",FAILING TO YIELD RIGHT-OF-WAY,2,INCAPACITATING INJURY,1.0,0.0,1.0,7,6,12,41.9245348,-87.73173009,"['12/02/2022', '07:30:00', 'AM']",INCAPACITATING INJURY with Device
2f215c81eda8712342673efad7c5565880c7b84afcefcf8dea1255115952b98c940beaeca0d31f205c139c7eb5d02a8fdafd328755b217fdc390f3f4a33e3cd1,2022-11-30 21:30:00,Wednesday,30,NO CONTROLS,CLEAR,DARKNESS,OTHER OBJECT,DRY,INJURY AND / OR TOW DUE TO CRASH,"OVER $1,500",UNABLE TO DETERMINE,2,INCAPACITATING INJURY,1.0,0.0,1.0,21,4,11,41.88136125,-87.68087824,"['11/30/2022', '09:30:00', 'PM']",INCAPACITATING INJURY without Device
66a05037d92250ed7ebe366e8860b1d63200f73286217ff8a66f5d984cc02e67ac42f3f3d6a77dc456785ef16b4710a709680aed34bcad90e7d676347475dad9,2022-11-30 20:29:00,Wednesday,30,NO CONTROLS,CLEAR,DAYLIGHT,PEDESTRIAN,DRY,INJURY AND / OR TOW DUE TO CRASH,"OVER $1,500",UNABLE TO DETERMINE,2,INCAPACITATING INJURY,1.0,0.0,1.0,20,4,11,41.70784764,-87.58056131,"['11/30/2022', '08:29:00', 'PM']",INCAPACITATING INJURY without Device
c3cd5e3047f70d7ea2b7171d28d0b556829cb9fd0b761a75662e14fdee533f5493cc2c7d3b40f81e781da5456a238740f2fb6534ca7af5f778635780c8af15bb,2022-11-30 17:39:00,Wednesday,30,TRAFFIC SIGNAL,CLEAR,DUSK,ANGLE,DRY,INJURY AND / OR TOW DUE TO CRASH,"OVER $1,500",UNABLE TO DETERMINE,2,INCAPACITATING INJURY,1.0,0.0,1.0,17,4,11,41.87609111,-87.6961294,"['11/30/2022', '05:39:00', 'PM']",INCAPACITATING INJURY with Device
33613ad9fb133061407d28b9b18067fc52743ba936a68b7945cd33716390bb1b90aed1871666fb6776b38a8f60a2ec30975990b5f4050708c8a43aae72bb7b13,2022-11-30 15:00:00,Wednesday,30,TRAFFIC SIGNAL,CLEAR,DAYLIGHT,PEDESTRIAN,UNKNOWN,INJURY AND / OR TOW DUE TO CRASH,"OVER $1,500",UNABLE TO DETERMINE,2,INCAPACITATING INJURY,1.0,0.0,1.0,15,4,11,41.74542534,-87.60492672,"['11/30/2022', '03:00:00', 'PM']",INCAPACITATING INJURY with Device
9bd91568e53d2bc8ee432f7d4e6e09882fb126677c827e78c053fd85cccd4b67400585cb95e47e959dd0cff97badd3c30f652e80ec61921a8987b1df5cf05cbf,2022-11-30 14:56:00,Wednesday,30,TRAFFIC SIGNAL,CLEAR,DAYLIGHT,ANGLE,DRY,INJURY AND / OR TOW DUE TO CRASH,"OVER $1,500",DISREGARDING TRAFFIC SIGNALS,2,INCAPACITATING INJURY,1.0,0.0,1.0,14,4,11,41.88239319,-87.7552877,"['11/30/2022', '02:56:00', 'PM']",INCAPACITATING INJURY with Device
8bde91067c2e6d66a5443177c6eddbb4f241cbed1a08398d308f1b70cafde57928f9db37210b7dc6dd592d71ee3d230698a34dfe5344268646f06ba78bf5d3ca,2022-11-30 11:30:00,Wednesday,15,NO CONTROLS,CLOUDY/OVERCAST,DAYLIGHT,PEDESTRIAN,DRY,INJURY AND / OR TOW DUE TO CRASH,$500 OR LESS,FAILING TO YIELD RIGHT-OF-WAY,2,INCAPACITATING INJURY,1.0,0.0,1.0,11,4,11,41.84676661,-87.61717578,"['11/30/2022', '11:30:00', 'AM']",INCAPACITATING INJURY without Device
44d6cd867fa2a984d601f862e5f9ae7694c1bb9c54c8d07a4afcae14d45c4b95d67af53d69cafa40a6956d350035b343a56ce0c322e25d1e1edede93e7bded97,2022-11-30 07:00:00,Wednesday,30,NO CONTROLS,CLEAR,DAYLIGHT,PARKED MOTOR VEHICLE,DRY,INJURY AND / OR TOW DUE TO CRASH,"OVER $1,500",UNABLE TO DETERMINE,2,INCAPACITATING INJURY,1.0,0.0,1.0,7,4,11,41.75726669,-87.62327495,"['11/30/2022', '07:00:00', 'AM']",INCAPACITATING INJURY without Device
872076a22b39c76d1914e7a49d668319b548178a3943e1f3c045785d2cd1b6c9767b0c1bd564e6cf1e53e004557e7a558664f292985d06a46eeaa2fecfb814df,2022-11-29 21:20:00,Tuesday,30,NO CONTROLS,RAIN,"DARKNESS, LIGHTED ROAD",TURNING,WET,INJURY AND / OR TOW DUE TO CRASH,"OVER $1,500",UNABLE TO DETERMINE,2,INCAPACITATING INJURY,4.0,0.0,3.0,21,3,11,41.77566337,-87.74232781,"['11/29/2022', '09:20:00', 'PM']",INCAPACITATING INJURY without Device
f023595c30f1357fafd1136dbd3a791c6dfda94b58a41b41357ddf50f116d7ad654941e68ff52ae0a4f419c75c26cf22a411ef854e479d40f03fc5d65c0f317f,2022-11-29 19:45:00,Tuesday,30,NO CONTROLS,RAIN,"DARKNESS, LIGHTED ROAD",PEDESTRIAN,WET,INJURY AND / OR TOW DUE TO CRASH,$500 OR LESS,FAILING TO YIELD RIGHT-OF-WAY,3,INCAPACITATING INJURY,2.0,0.0,1.0,19,3,11,41.84532317,-87.64295995,"['11/29/2022', '07:45:00', 'PM']",INCAPACITATING INJURY without Device