CRASH_RECORD_ID,CRASH_DATE,Weekday,POSTED_SPEED_LIMIT,TRAFFIC_CONTROL_DEVICE,WEATHER_CONDITION,LIGHTING_CONDITION,FIRST_CRASH_TYPE,ROADWAY_SURFACE_COND,CRASH_TYPE,DAMAGE,PRIM_CONTRIBUTORY_CAUSE,NUM_UNITS,MOST_SEVERE_INJURY,INJURIES_TOTAL,INJURIES_FATAL,INJURIES_INCAPACITATING,CRASH_HOUR,CRASH_DAY_OF_WEEK,CRASH_MONTH,LATITUDE,LONGITUDE,CRASH_TIME,CATEGORIES
21a496f3df012a25e3fd6da90b0d271abcaec9fa0d1b999827ad33234b541565e16e3aadd1ed6b73627a54320ccbe25285b340140653e5b6626f189299bb4b84,2022-11-29 12:33:00,Tuesday,30,TRAFFIC SIGNAL,CLEAR,DAYLIGHT,REAR END,DRY,INJURY AND / OR TOW DUE TO CRASH,"OVER $1,500",UNABLE TO DETERMINE,2,INCAPACITATING INJURY,2.0,0.0,1.0,12,3,11,41.86650119,-87.6861576,"['11/29/2022', '12:33:00', 'PM']",INCAPACITATING INJURY with Device
a80d01d03ba98156d311f57ba0a578e225b9521b2841b8d53f0e2f322ceb87edfc7ae4b7a429c02494a2c253838da4f767c16f338c4b7805b5e8002fb827b649,2022-11-28 16:50:00,Monday,35,STOP SIGN/FLASHER,CLEAR,"DARKNESS, LIGHTED ROAD",ANGLE,DRY,INJURY AND / OR TOW DUE TO CRASH,"OVER $1,500","OPERATING VEHICLE IN ERRATIC, RECKLESS, CARELESS, NEGLIGENT OR AGGRESSIVE MANNER",2,INCAPACITATING INJURY,1.0,0.0,1.0,16,2,11,41.77371674,-87.69584562,"['11/28/2022', '04:50:00', 'PM']",INCAPACITATING INJURY with Device
38a8d2efb5a91f4ab99f61e52fdabc638a5cdd1d89d7d1698db3953849f483facb0d9e4d63778cfcda82eaccd29137cbb786065e21e55fb1769394c2c93ad70b,2022-11-28 16:07:00,Monday,30,NO CONTROLS,CLEAR,DAYLIGHT,ANGLE,DRY,INJURY AND / OR TOW DUE TO CRASH,"OVER $1,500","EVASIVE ACTION DUE TO ANIMAL, OBJECT, NONMOTORIST",3,INCAPACITATING INJURY,2.0,0.0,1.0,16,2,11,41.73645505,-87.61467291,"['11/28/2022', '04:07:00', 'PM']",INCAPACITATING INJURY without Device
bbb9cd47db8130e3a88294d7b15fba189a10f8e89c83fa641b8539c01aa79cfec8da1ff3e09bf2cf6cd3a6ac1274b9595c35c7b5b7f3d99d583c77d5fcbe7e33,2022-11-28 13:39:00,Monday,30,STOP SIGN/FLASHER,CLEAR,DAYLIGHT,PEDESTRIAN,DRY,INJURY AND / OR TOW DUE TO CRASH,"OVER $1,500",FAILING TO YIELD RIGHT-OF-WAY,2,INCAPACITATING INJURY,1.0,0.0,1.0,13,2,11,41.86632009,-87.70326013,"['11/28/2022', '01:39:00', 'PM']",INCAPACITATING INJURY with Device
eb0826178baf846ec08f62aa3ff7c467cd2c4a55f97a1a1c96fb2aa6f59217c15c911a587d426077e19a8aa6ea21ebe99468e98cc6b712ecd9bbb2b1bed63d5b,2022-11-28 07:49:00,Monday,35,TRAFFIC SIGNAL,CLEAR,DAYLIGHT,TURNING,DRY,INJURY AND / OR TOW DUE TO CRASH,"OVER $1,500",FAILING TO YIELD RIGHT-OF-WAY,2,INCAPACITATING INJURY,1.0,0.0,1.0,7,2,11,41.78046953,-87.59167243,"['11/28/2022', '07:49:00', 'AM']",INCAPACITATING INJURY with Device
6c8f5b147d0d2cbedbbcc92e103e6ccb5b62d7bf1ec4d84153b507593c748f32007b7bc7ec018865c14fd1e7e39e6562d3766bf1b326a7f1e86d8055caa1e4f2,2022-11-28 06:22:00,Monday,30,TRAFFIC SIGNAL,CLEAR,DAYLIGHT,PEDALCYCLIST,DRY,INJURY AND / OR TOW DUE TO CRASH,$500 OR LESS,UNABLE TO DETERMINE,2,INCAPACITATING INJURY,1.0,0.0,1.0,6,2,11,41.89112692,-87.64747245,"['11/28/2022', '06:22:00', 'AM']",INCAPACITATING INJURY with Device
9293f212ffcda94932b22b8029a41d558cde45f262b58e5d34ed16ed1f3bd55460ac78e7e1b2da0499313dcc6f8d042e1a821af2cc75e0469d737d337ea06f66,2022-11-27 23:05:00,Sunday,30,TRAFFIC SIGNAL,CLEAR,"DARKNESS, LIGHTED ROAD",ANGLE,DRY,INJURY AND / OR TOW DUE TO CRASH,"OVER $1,500",FAILING TO YIELD RIGHT-OF-WAY,2,INCAPACITATING INJURY,4.0,0.0,4.0,23,1,11,41.69211289,-87.65989895,"['11/27/2022', '11:05:00', 'PM']",INCAPACITATING INJURY with Device
7ed005e6e9c24ecbb72e1f00de3c427fc9ebe3da1a39d8ac3703df729f4ae76cd66571e926a2a141c1a67c2f42242ea0b2f38c35f9c874d625d4fe78922b86b9,2022-11-27 22:00:00,Sunday,30,TRAFFIC SIGNAL,CLEAR,"DARKNESS, LIGHTED ROAD",TURNING,DRY,INJURY AND / OR TOW DUE TO CRASH,"OVER $1,500",UNABLE TO DETERMINE,2,INCAPACITATING INJURY,3.0,0.0,2.0,22,1,11,41.77853807,-87.74235588,"['11/27/2022', '10:00:00', 'PM']",INCAPACITATING INJURY with Device
5e6f9b98e5a20f3df32dd04fefeabbd7627a0fb77d51c66af1dc2c1f4b679c1902720c3affa099356ee74a9d808ba8e6072d29c95213d8f29dde0ef970e287db,2022-11-27 10:18:00,Sunday,30,NO CONTROLS,RAIN,DUSK,SIDESWIPE SAME DIRECTION,WET,INJURY AND / OR TOW DUE TO CRASH,"OVER $1,500",IMPROPER OVERTAKING/PASSING,2,INCAPACITATING INJURY,1.0,0.0,1.0,10,1,11,41.73785672,-87.6446472,"['11/27/2022', '10:18:00', 'AM']",INCAPACITATING INJURY without Device
50ecc4540aa4b50f6dfc0b1dac94e8aa2575567892640900c429e7cf460f93edbca6ddfc37649d9da1b3c604de75a21083ed2e17c3f2fc0db429f195d5419ccf,2022-11-27 04:15:00,Sunday,30,NO CONTROLS,RAIN,"DARKNESS, LIGHTED ROAD",PARKED MOTOR VEHICLE,WET,INJURY AND / OR TOW DUE TO CRASH,"OVER $1,500",FAILING TO REDUCE SPEED TO AVOID CRASH,4,INCAPACITATING INJURY,1.0,0.0,1.0,4,1,11,41.79420523,-87.66043132,"['11/27/2022', '04:15:00', 'AM']",INCAPACITATING INJURY without Device
b9889f32680c2a9979c4027a36b88203014d7ca9661787f91a31aa527871c656b577b76b8889324e665d739c4a7a6e19872eee50e133610af86201c196d0964d,2022-11-27 04:00:00,Sunday,25,NO CONTROLS,RAIN,"DARKNESS, LIGHTED ROAD",HEAD ON,WET,INJURY AND / OR TOW DUE TO CRASH,"OVER $1,500",DRIVING ON WRONG SIDE/WRONG WAY,2,INCAPACITATING INJURY,1.0,0.0,1.0,4,1,11,41.88374154,-87.71613023,"['11/27/2022', '04:00:00', 'AM']",INCAPACITATING INJURY without Device
b16df9b2373b4311455421d0755c1011090b02ede3e0f261a5a4481faf221f750f69a144488150a68cb4c3e9a98f9128d9b00bd85504291506309d7a189d1f11,2022-11-26 17:02:00,Saturday,30,STOP SIGN/FLASHER,CLEAR,DUSK,PEDALCYCLIST,DRY,INJURY AND / OR TOW DUE TO CRASH,"OVER $1,500",DISREGARDING STOP SIGN,2,INCAPACITATING INJURY,1.0,0.0,1.0,17,7,11,41.75716255,-87.56016614,"['11/26/2022', '05:02:00', 'PM']",INCAPACITATING INJURY with Device
eed5a5504a2f935d8243790438627e501d7318f1dd5f83bcacfb8ac54bcb53462191bfff65565b48f4f0856fa47f558ce2c337bde067ad8c8a71b29e8015256b,2022-11-26 14:42:00,Saturday,30,TRAFFIC SIGNAL,CLEAR,DAYLIGHT,PEDESTRIAN,DRY,INJURY AND / OR TOW DUE TO CRASH,"OVER $1,500","VISION OBSCURED (SIGNS, TREE LIMBS, BUILDINGS, ETC.)",2,INCAPACITATING INJURY,1.0,0.0,1.0,14,7,11,41.98358304,-87.6699427,"['11/26/2022', '02:42:00', 'PM']",INCAPACITATING INJURY with Device
ef55c7f69bb712632ceeacffd5c73847b2674288de6a5ed0d516e872620463b8edd1a9663f19ef0a9114666021701a3add002ddd0e2d7c1c4f2982d4bddd9cae,2022-11-26 13:55:00,Saturday,30,TRAFFIC SIGNAL,CLEAR,DAYLIGHT,PEDESTRIAN,DRY,INJURY AND / OR TOW DUE TO CRASH,"OVER $1,500",UNABLE TO DETERMINE,2,INCAPACITATING INJURY,1.0,0.0,1.0,13,7,11,41.73726781,-87.55148919,"['11/26/2022', '01:55:00', 'PM']",INCAPACITATING INJURY with Device
4649e006386ca9fbf801f001382e4fd31487823ebf7ae52ef735bf212eb04d057d2e44c6535bcfb6ece384a62e2bb36799ad654d99071a15eb42f4851e03c3ec,2022-11-26 04:30:00,Saturday,30,NO CONTROLS,CLEAR,DARKNESS,FIXED OBJECT,DRY,INJURY AND / OR TOW DUE TO CRASH,"OVER $1,500",UNABLE TO DETERMINE,1,INCAPACITATING INJURY,2.0,0.0,1.0,4,7,11,41.77743056,-87.61540925,"['11/26/2022', '04:30:00', 'AM']",INCAPACITATING INJURY without Device
b509119d640d2a513b335d85d2598185e977cfff0bbf8c0acb3f411b7031baf3a56faff72f22d7b053c7373d6cdfd9f00696f166ea09e7167122f24a1262a98d,2022-11-25 23:46:00,Friday,30,NO CONTROLS,CLEAR,DUSK,FIXED OBJECT,DRY,INJURY AND / OR TOW DUE TO CRASH,"OVER $1,500",UNABLE TO DETERMINE,1,INCAPACITATING INJURY,2.0,0.0,1.0,23,6,11,41.7578521,-87.66346312,"['11/25/2022', '11:46:00', 'PM']",INCAPACITATING INJURY without Device
0f1aa4a27aee7c8868cc3158ea250f857fd4b07826c5040bf83c91aae5ef455f9549217f9ae54cfff8d92e7ec9a16c71c74bc7869af7a3151c6b36513e3e485f,2022-11-25 17:50:00,Friday,30,TRAFFIC SIGNAL,CLEAR,"DARKNESS, LIGHTED ROAD",REAR END,DRY,INJURY AND / OR TOW DUE TO CRASH,"$501 - $1,500",FOLLOWING TOO CLOSELY,2,INCAPACITATING INJURY,1.0,0.0,1.0,17,6,11,41.96127305,-87.68397097,"['11/25/2022', '05:50:00', 'PM']",INCAPACITATING INJURY with Device
c32c1b4d83862b09dcd97cffc1449b277b86f3fc354d875765bba34459ddb9fb4250508c5059d5fec1963a7da9fb48faf4a6146940cf5622c71966a16e709279,2022-11-25 17:37:00,Friday,30,TRAFFIC SIGNAL,CLEAR,"DARKNESS, LIGHTED ROAD",PEDESTRIAN,DRY,INJURY AND / OR TOW DUE TO CRASH,"OVER $1,500",FAILING TO REDUCE SPEED TO AVOID CRASH,2,INCAPACITATING INJURY,1.0,0.0,1.0,17,6,11,41.9532069,-87.77356697,"['11/25/2022', '05:37:00', 'PM']",INCAPACITATING INJURY with Device
8d6e1a5226e1fcb6f022821d06ff5e8968857f54c21019b8781ecc85a463834f218f94706d38eda7b39b1af6c821dc9f854bb4ad441bf82867bfc25b9f37d627,2022-11-25 12:51:00,Friday,30,NO CONTROLS,CLEAR,DAYLIGHT,ANGLE,DRY,INJURY AND / OR TOW DUE TO CRASH,"OVER $1,500",DRIVING SKILLS/KNOWLEDGE/EXPERIENCE,2,INCAPACITATING INJURY,1.0,0.0,1.0,12,6,11,41.93191425,-87.75658678,"['11/25/2022', '12:51:00', 'PM']",INCAPACITATING INJURY without Device
04bc6d418af210e61675ef000c393930873bb5f6a859c380bd01a772c7c46947ddbff7825316f937ebb691bf6a2897eb01290588d0007322450c898f633ea3b9,2022-11-25 09:20:00,Friday,45,NO CONTROLS,CLEAR,DAYLIGHT,REAR END,DRY,INJURY AND / OR TOW DUE TO CRASH,"OVER $1,500",FAILING TO REDUCE SPEED TO AVOID CRASH,2,INCAPACITATING INJURY,1.0,0.0,1.0,9,6,11,41.83111177,-87.60627454,"['11/25/2022', '09:20:00', 'AM']",INCAPACITATING INJURY without Device
32cffc12c66efeb40423ec744abfe8176382f6cf21c8e0bb8aa34ef9389df35f84b34c940afca59b8d5816df38f155c49dfd015ffecf44389ea764542d017429,2022-11-25 00:00:00,Friday,25,TRAFFIC SIGNAL,CLEAR,"DARKNESS, LIGHTED ROAD",REAR TO SIDE,DRY,INJURY AND / OR TOW DUE TO CRASH,"OVER $1,500",FAILING TO YIELD RIGHT-OF-WAY,5,INCAPACITATING INJURY,3.0,0.0,2.0,0,6,11,41.80555217,-87.6228873,"['11/25/2022', '12:00:00', 'AM']",INCAPACITATING INJURY with Device
d0ff6d76c0d5c786d1773eec0e9526a6e35bc81bc95949f180223dc1c16e50405b987cc2837e73ac905da223fe0d4691bd3f3caec8230f8af788b44a1603cc60,2022-11-24 23:18:00,Thursday,30,TRAFFIC SIGNAL,CLEAR,"DARKNESS, LIGHTED ROAD",ANGLE,DRY,INJURY AND / OR TOW DUE TO CRASH,"OVER $1,500",FAILING TO REDUCE SPEED TO AVOID CRASH,2,INCAPACITATING INJURY,2.0,0.0,2.0,23,5,11,41.73696313,-87.57586271,"['11/24/2022', '11:18:00', 'PM']",INCAPACITATING INJURY with Device
d81f61ccc80f66a2c098155c68f9f25261da860a82aeee6eb678daab042900a64301b22fb3d628e50d43b0b552bb178214b261542dcbff3bef3a6362eeb10a17,2022-11-24 12:55:00,Thursday,30,TRAFFIC SIGNAL,CLEAR,DAYLIGHT,REAR END,DRY,INJURY AND / OR TOW DUE TO CRASH,"OVER $1,500",UNDER THE INFLUENCE OF ALCOHOL/DRUGS (USE WHEN ARREST IS EFFECTED),3,INCAPACITATING INJURY,1.0,0.0,1.0,12,5,11,41.99019267,-87.73284963,"['11/24/2022', '12:55:00', 'PM']",INCAPACITATING INJURY with Device
e36cd124d39186ab7f3fae07bbc7d6ae6bc5aaec44c23f244fc01c49013db131aa3c7066026d096c015095f1735c241ad3d0d0921d8ac545b0d9ef6875f2868d,2022-11-24 11:35:00,Thursday,30,NO CONTROLS,CLEAR,DAYLIGHT,PEDESTRIAN,DRY,INJURY AND / OR TOW DUE TO CRASH,"OVER $1,500",UNABLE TO DETERMINE,2,INCAPACITATING INJURY,1.0,0.0,1.0,11,5,11,41.93931852,-87.72704503,"['11/24/2022', '11:35:00', 'AM']",INCAPACITATING INJURY without Device
06862f434e4161ec9f0b3d290808f9836968e252c23f34acdc0e2e6fc4c4fde1a487b8aaafbadf29cebb519f0e21adde28d7a192926d3af3324f971357764907,2022-11-24 06:50:00,Thursday,30,STOP SIGN/FLASHER,CLEAR,DAYLIGHT,TURNING,DRY,INJURY AND / OR TOW DUE TO CRASH,"OVER $1,500",FAILING TO YIELD RIGHT-OF-WAY,6,INCAPACITATING INJURY,2.0,0.0,1.0,6,5,11,41.81741987,-87.68481948,"['11/24/2022', '06:50:00', 'AM']",INCAPACITATING INJURY with Device
89ede1c084f73bcda4ceb5cba3218cec65736af207e9a188390dc75e91fa377a53554d3a372b58c74f5ec9308124209e89f067255b9c6ff830e24da6ff132452,2022-11-24 01:45:00,Thursday,35,NO CONTROLS,CLEAR,"DARKNESS, LIGHTED ROAD",OTHER OBJECT,DRY,INJURY AND / OR TOW DUE TO CRASH,"OVER $1,500",UNABLE TO DETERMINE,1,INCAPACITATING INJURY,2.0,0.0,2.0,1,5,11,41.80782627,-87.73567,"['11/24/2022', '01:45:00', 'AM']",INCAPACITATING INJURY without Device
f9d5fab792b2325e404b1e940424f6667b2a614d8ba13e97b97f9c22cdb1f441d6cace9a2f55cd7c1547cf128da5a16a9e5fc0e9031ea8fd19ea97590cc2094e,2022-11-23 21:27:00,Wednesday,25,NO CONTROLS,CLEAR,"DARKNESS, LIGHTED ROAD",PARKED MOTOR VEHICLE,DRY,INJURY AND / OR TOW DUE TO CRASH,"OVER $1,500",UNDER THE INFLUENCE OF ALCOHOL/DRUGS (USE WHEN ARREST IS EFFECTED),3,INCAPACITATING INJURY,1.0,0.0,1.0,21,4,11,41.97499778,-87.79530486,"['11/23/2022', '09:27:00', 'PM']",INCAPACITATING INJURY without Device
afe987f51bb071233ba8ee9aa4d26674fb78afe0f207d3c54c10a7be3aeeb26127f59dc58ed6cce26b22157578d1faa5ca3e755fe00310e85b5c3fa31e5717de,2022-11-23 20:01:00,Wednesday,25,NO CONTROLS,CLEAR,"DARKNESS, LIGHTED ROAD",FIXED OBJECT,DRY,INJURY AND / OR TOW DUE TO CRASH,"OVER $1,500",UNABLE TO DETERMINE,1,INCAPACITATING INJURY,1.0,0.0,1.0,20,4,11,41.94362784,-87.80186304,"['11/23/2022', '08:01:00', 'PM']",INCAPACITATING INJURY without Device
d62398e4e8a287b6948ba6de7809dd71948f1aad164de6420b1a75d513cc84e6c04a5398847051d497cb78895c9b2d426df83ef2417fecd65cec37c86ebf4170,2022-11-23 17:15:00,Wednesday,30,TRAFFIC SIGNAL,CLEAR,DUSK,SIDESWIPE SAME DIRECTION,DRY,INJURY AND / OR TOW DUE TO CRASH,"OVER $1,500",UNABLE TO DETERMINE,2,INCAPACITATING INJURY,1.0,0.0,1.0,17,4,11,41.99738217,-87.78807767,"['11/23/2022', '05:15:00', 'PM']",INCAPACITATING INJURY with Device
09aa8d6e2906482df6717671a532324d3667b00920b363a65face81089921576c5175803211ef1fc902662b7cb7df5e7268ab8491eb4fb4444a888fac30c888a,2022-11-23 17:00:00,Wednesday,30,TRAFFIC SIGNAL,CLEAR,DUSK,ANGLE,DRY,INJURY AND / OR TOW DUE TO CRASH,"OVER $1,500",UNABLE TO DETERMINE,9,FATAL,17.0,2.0,6.0,17,4,11,41.73675996,-87.60476457,"['11/23/2022', '05:00:00', 'PM']",FATAL with Device
fae917517391e22ddcf0d00ae8d4d843358c2ca1b1b1ac0309cdc61c0e8143d4167702a9d5f583ef3c804a801b893f4ee065f20876a00e8fb1952e7682e7d524,2022-11-23 16:43:00,Wednesday,25,NO CONTROLS,CLEAR,"DARKNESS, LIGHTED ROAD",REAR END,DRY,INJURY AND / OR TOW DUE TO CRASH,"OVER $1,500",FOLLOWING TOO CLOSELY,2,INCAPACITATING INJURY,2.0,0.0,2.0,16,4,11,41.92691173,-87.73682487,"['11/23/2022', '04:43:00', 'PM']",INCAPACITATING INJURY without Device
f893b35c298e3ebff98f0d8732e654356eb633b2a7a4e91dff7840950653a59ed4425e88c043f99c43185eef41242abd2a4e4705e9c8a4aca98dd211a4f2eaf4,2022-11-23 12:35:00,Wednesday,30,TRAFFIC SIGNAL,CLEAR,DAYLIGHT,SIDESWIPE SAME DIRECTION,DRY,INJURY AND / OR TOW DUE TO CRASH,"OVER $1,500",UNABLE TO DETERMINE,2,INCAPACITATING INJURY,2.0,0.0,2.0,12,4,11,41.87340585,-87.72033139,"['11/23/2022', '12:35:00', 'PM']",INCAPACITATING INJURY with Device
de0d9415e7a9ff15dc105c3af3a835a955225b751ffd0f3e95cd22eac92eb13af0b71a72175a877fb94d6d4745a246abf36fbd42e6f0bd0b2850f7be11e7f01a,2022-11-23 12:33:00,Wednesday,30,NO CONTROLS,CLEAR,DAYLIGHT,FIXED OBJECT,DRY,INJURY AND / OR TOW DUE TO CRASH,"OVER $1,500",PHYSICAL CONDITION OF DRIVER,1,INCAPACITATING INJURY,1.0,0.0,1.0,12,4,11,41.93114475,-87.71703004,"['11/23/2022', '12:33:00', 'PM']",INCAPACITATING INJURY without Device
ad0f06db2246b4436dcdef84297feb2d0af0ded627e04d533343190ff9d8cc63ecce94ac0ff806370839c2781132b7e1ab4b29da023cded64d26951a820906ee,2022-11-23 10:50:00,Wednesday,45,NO CONTROLS,CLEAR,DAYLIGHT,REAR END,DRY,INJURY AND / OR TOW DUE TO CRASH,"OVER $1,500",UNABLE TO DETERMINE,4,INCAPACITATING INJURY,1.0,0.0,1.0,10,4,11,41.87575626,-87.61751568,"['11/23/2022', '10:50:00', 'AM']",INCAPACITATING INJURY without Device
b4d148dbd7787af24f646d48e3b3d79506510c3e5cd299e29d303a896b412303e180242147b9d345bb77125a4254e6c8edc3bb2c69b84cfcba058ff7557d4dcc,2022-11-23 07:30:00,Wednesday,35,NO CONTROLS,CLEAR,DAYLIGHT,PARKED MOTOR VEHICLE,DRY,INJURY AND / OR TOW DUE TO CRASH,"OVER $1,500",IMPROPER TURNING/NO SIGNAL,2,INCAPACITATING INJURY,1.0,0.0,1.0,7,4,11,41.76362817,-87.62269488,"['11/23/2022', '07:30:00', 'AM']",INCAPACITATING INJURY without Device
2aa8ad74e6418b94ab94d7e5b376395897f2686f1b812e3c92352b1d3276280c5857bfd69b4d7c755abdfe1d0eea4670e014d86d8d36b3086099412dd807270e,2022-11-23 06:55:00,Wednesday,30,TRAFFIC SIGNAL,CLEAR,DAYLIGHT,TURNING,DRY,INJURY AND / OR TOW DUE TO CRASH,"OVER $1,500",UNABLE TO DETERMINE,3,INCAPACITATING INJURY,3.0,0.0,2.0,6,4,11,41.75335698,-87.70264255,"['11/23/2022', '06:55:00', 'AM']",INCAPACITATING INJURY with Device
5b5c225fcf97b7f99e51febc1f4db6bb42a244524eb58a93f3a6120e1c32db0a0de4904d56ac4b7c3de4a1cfcea59de8fd8cea8e0ca0fbc6a462353fb25e0417,2022-11-23 06:41:00,Wednesday,30,NO CONTROLS,CLEAR,DAYLIGHT,PEDESTRIAN,DRY,INJURY AND / OR TOW DUE TO CRASH,"OVER $1,500",UNABLE TO DETERMINE,2,FATAL,1.0,1.0,0.0,6,4,11,41.8090956,-87.69437934,"['11/23/2022', '06:41:00', 'AM']",FATAL without Device
8324bdb7d7efcbb8a6e41c00b0bdd9d98a2a2e190bdbb5695634d350c6cafb3badc80ee946cff2cefac3b5db8889ad321ac241eacf50729868312fe1b109b75b,2022-11-23 05:47:00,Wednesday,35,TRAFFIC SIGNAL,CLEAR,DAYLIGHT,TURNING,DRY,INJURY AND / OR TOW DUE TO CRASH,"$501 - $1,500",DISREGARDING TRAFFIC SIGNALS,3,INCAPACITATING INJURY,3.0,0.0,1.0,5,4,11,41.87931428,-87.63713818,"['11/23/2022', '05:47:00', 'AM']",INCAPACITATING INJURY with Device
40d747db900633814c55a3740c4f75b16c7292336042a57d379fe9962251eef06b8f26b81fc88bdc4fb34d2d96214ab1710f7d9c04279bece9c77ce87724707b,2022-11-22 20:40:00,Tuesday,30,NO CONTROLS,CLEAR,"DARKNESS, LIGHTED ROAD",TURNING,DRY,INJURY AND / OR TOW DUE TO CRASH,"OVER $1,500",FAILING TO YIELD RIGHT-OF-WAY,2,INCAPACITATING INJURY,1.0,0.0,1.0,20,3,11,41.9420431,-87.78606518,"['11/22/2022', '08:40:00', 'PM']",INCAPACITATING INJURY without Device
fb93e6e60f71d51d61e2ccfee4d7840dec21fb83b6f2aad83504da945455f3878601fc1d923ce1e8277bcfe31e9a3b7051121495ea028c381a3813e12cfe8c54,2022-11-22 16:30:00,Tuesday,35,STOP SIGN/FLASHER,CLEAR,UNKNOWN,PEDESTRIAN,DRY,INJURY AND / OR TOW DUE TO CRASH,"OVER $1,500",UNABLE TO DETERMINE,2,INCAPACITATING INJURY,1.0,0.0,1.0,16,3,11,41.76938508,-87.72876871,"['11/22/2022', '04:30:00', 'PM']",INCAPACITATING INJURY with Device
2c0036ada03cbe40244af1faf4462b4c2910865116a1671f7297d9ffd8298700e0eb9d67586e278ac9a229a91d7c72579cb8c3d6e8b4aa005ffa843c1b9e6789,2022-11-22 13:00:00,Tuesday,35,YIELD,CLEAR,DAYLIGHT,PEDESTRIAN,DRY,INJURY AND / OR TOW DUE TO CRASH,$500 OR LESS,UNABLE TO DETERMINE,2,INCAPACITATING INJURY,1.0,0.0,1.0,13,3,11,41.7996599,-87.58834206,"['11/22/2022', '01:00:00', 'PM']",INCAPACITATING INJURY with Device
59b7d89965e3919ff7e1d8c46bcaa424a5dedae89f2fd45099069aef897f248ef4fb7044a427275f56897a125c1dc9ae241f0f85f517c4d837e03b287162b6c3,2022-11-22 12:20:00,Tuesday,35,NO CONTROLS,CLEAR,DAYLIGHT,ANGLE,DRY,INJURY AND / OR TOW DUE TO CRASH,"OVER $1,500",DISREGARDING STOP SIGN,2,INCAPACITATING INJURY,3.0,0.0,3.0,12,3,11,41.77051697,-87.6155337,"['11/22/2022', '12:20:00', 'PM']",INCAPACITATING INJURY without Device
2a010c64cda64c0150b5eb4d48b651673242940a0f1ac0dbcab099b706edd260f329881a6041ceb836b6a26f20099cf5f3296575e36732e8df2374389feb10b2,2022-11-21 20:45:00,Monday,45,TRAFFIC SIGNAL,CLEAR,"DARKNESS, LIGHTED ROAD",ANGLE,DRY,INJURY AND / OR TOW DUE TO CRASH,"OVER $1,500",DISREGARDING TRAFFIC SIGNALS,3,INCAPACITATING INJURY,1.0,0.0,1.0,20,2,11,41.95517597,-87.89307885,"['11/21/2022', '08:45:00', 'PM']",INCAPACITATING INJURY with Device
31cad77237879e178750acd934e6931f59d98eebe695653c7333e857db0ad5b87f99ad9c3665f53367191a5f5dcbdbade670a49c7c1f9aabf6287d2f86c09fce,2022-11-21 20:33:00,Monday,30,TRAFFIC SIGNAL,CLEAR,"DARKNESS, LIGHTED ROAD",PEDESTRIAN,DRY,INJURY AND / OR TOW DUE TO CRASH,"OVER $1,500",UNABLE TO DETERMINE,2,FATAL,1.0,1.0,0.0,20,2,11,41.87001124,-87.72546431,"['11/21/2022', '08:33:00', 'PM']",FATAL with Device
6009d308666aa0f877ef22802a90ce6abf279c78d3d28944261da7cb7de8026b757b4ce364115d4a9bbad57627ae6b02c9a7416cca9444c8e8487f976a2a7d60,2022-11-21 19:38:00,Monday,30,NO CONTROLS,CLEAR,"DARKNESS, LIGHTED ROAD",PARKED MOTOR VEHICLE,DRY,INJURY AND / OR TOW DUE TO CRASH,"OVER $1,500",PHYSICAL CONDITION OF DRIVER,3,INCAPACITATING INJURY,1.0,0.0,1.0,19,2,11,41.83523472,-87.64119349,"['11/21/2022', '07:38:00', 'PM']",INCAPACITATING INJURY without Device
a9c99d93980ca2ed218b1b359c47db156c3eafbefa5afc7f17bb907365e9bd1b1f9915fc065aba06190d2881b1a292aaa09bc53d476b8e3443cf4a6f6fe8c8bc,2022-11-21 17:35:00,Monday,30,NO CONTROLS,CLEAR,"DARKNESS, LIGHTED ROAD",SIDESWIPE SAME DIRECTION,DRY,INJURY AND / OR TOW DUE TO CRASH,"OVER $1,500",PHYSICAL CONDITION OF DRIVER,2,INCAPACITATING INJURY,1.0,0.0,1.0,17,2,11,41.74396968,-87.72158935,"['11/21/2022', '05:35:00', 'PM']",INCAPACITATING INJURY without Device
7011cfd22f637f37ceeb558e3f9499d659ae79c5da2630ff6be5fbb50e689fff33f2f0fe79acfe32548f45632fc649d27cf5f8793fc9440a55900878e757df13,2022-11-21 16:31:00,Monday,30,TRAFFIC SIGNAL,CLEAR,DUSK,PEDESTRIAN,UNKNOWN,INJURY AND / OR TOW DUE TO CRASH,$500 OR LESS,IMPROPER TURNING/NO SIGNAL,2,INCAPACITATING INJURY,1.0,0.0,1.0,16,2,11,41.89305843,-87.63553769,"['11/21/2022', '04:31:00', 'PM']",INCAPACITATING INJURY with Device
7be3db11faa09a4d85691909e2128b2f62ebf755adc9169eaf2c94a2b69a7698c4e4b7877f261d8e423f951df12af182d52c6b06ca325a7e17c1f5c61e851440,2022-11-21 14:55:00,Monday,30,NO CONTROLS,CLEAR,DAYLIGHT,PEDALCYCLIST,DRY,INJURY AND / OR TOW DUE TO CRASH,"OVER $1,500",UNABLE TO DETERMINE,2,INCAPACITATING INJURY,1.0,0.0,1.0,14,2,11,41.76437901,-87.5824635,"['11/21/2022', '02:55:00', 'PM']",INCAPACITATING INJURY without Device