CRASH_RECORD_ID,CRASH_DATE,Weekday,POSTED_SPEED_LIMIT,TRAFFIC_CONTROL_DEVICE,WEATHER_CONDITION,LIGHTING_CONDITION,FIRST_CRASH_TYPE,ROADWAY_SURFACE_COND,CRASH_TYPE,DAMAGE,PRIM_CONTRIBUTORY_CAUSE,NUM_UNITS,MOST_SEVERE_INJURY,INJURIES_TOTAL,INJURIES_FATAL,INJURIES_INCAPACITATING,CRASH_HOUR,CRASH_DAY_OF_WEEK,CRASH_MONTH,LATITUDE,LONGITUDE,CRASH_TIME,CATEGORIES
10d6cf1b079199b6b5f9202e7f3685a0cff3ce4fd254ba95c78452fb818c45204779f7ab70b3b28af8c291ddaf8a1c79d425344b305f3ad639ae0e7abb51a490,2022-11-10 09:37:00,Thursday,30,NO CONTROLS,CLEAR,DAYLIGHT,PEDESTRIAN,DRY,INJURY AND / OR TOW DUE TO CRASH,"OVER $1,500","OPERATING VEHICLE IN ERRATIC, RECKLESS, CARELESS, NEGLIGENT OR AGGRESSIVE MANNER",2,INCAPACITATING INJURY,1.0,0.0,1.0,9,5,11,41.80160187,-87.61788339,"['11/10/2022', '09:37:00', 'AM']",INCAPACITATING INJURY without Device
e9dd9e957bd99f84cf584bc4f98158b8d9d21d6b3ec1fe1141ee76b8a4c88936ed3854efcf08b6a38ebfe78935ef6e673f2e700e9069f62a18ebd39e3e2bf165,2022-11-10 02:35:00,Thursday,35,NO CONTROLS,CLEAR,"DARKNESS, LIGHTED ROAD",TURNING,DRY,INJURY AND / OR TOW DUE TO CRASH,"OVER $1,500",IMPROPER TURNING/NO SIGNAL,2,FATAL,1.0,1.0,0.0,2,5,11,41.81144347,-87.60675334,"['11/10/2022', '02:35:00', 'AM']",FATAL without Device
4f4744673ab4da0f24a945d487aa70fbe4499cfe7b195d9924c2e292a4b284c053f875f87fa9530f27729efae5b911f2a5833ee478530d29fae98812f4fde6e5,2022-11-09 15:40:00,Wednesday,30,NO CONTROLS,CLEAR,DAYLIGHT,TURNING,DRY,INJURY AND / OR TOW DUE TO CRASH,"OVER $1,500",FAILING TO YIELD RIGHT-OF-WAY,2,INCAPACITATING INJURY,1.0,0.0,1.0,15,4,11,41.88166887,-87.64731407,"['11/09/2022', '03:40:00', 'PM']",INCAPACITATING INJURY without Device
d9177132dc971a1238864d3983987fa02bff95f5ee090f3ce508f4e952645243fc2c6fc97ad53fafd6bd4cfc09aefaaeace71d1833a01f97858d3481ce0e0f04,2022-11-09 12:34:00,Wednesday,30,TRAFFIC SIGNAL,UNKNOWN,DAYLIGHT,PEDESTRIAN,UNKNOWN,INJURY AND / OR TOW DUE TO CRASH,"OVER $1,500",UNABLE TO DETERMINE,2,INCAPACITATING INJURY,1.0,0.0,1.0,12,4,11,41.8812705,-87.68653594,"['11/09/2022', '12:34:00', 'PM']",INCAPACITATING INJURY with Device
f748fca93950a9ac8d153df2ab0f2ca5f9aa5b402b984d5eb88dcad9212cfc6fba4cd71b4bbdbfb619a70220689dea990cf4c96e07b57b90ea7792b533099ebc,2022-11-09 09:10:00,Wednesday,25,TRAFFIC SIGNAL,CLEAR,DAYLIGHT,ANGLE,DRY,INJURY AND / OR TOW DUE TO CRASH,"OVER $1,500",EQUIPMENT - VEHICLE CONDITION,2,INCAPACITATING INJURY,1.0,0.0,1.0,9,4,11,41.88731419,-87.75536944,"['11/09/2022', '09:10:00', 'AM']",INCAPACITATING INJURY with Device
3a8233fd5a96bc7edeb57fbe5ad2f9b815a4e47a35469207a8c18d73f8dcd79425f2c1564c97e99fac4390374066ea2ce567f909db5bd292ea8d8c368d8e3b77,2022-11-09 08:00:00,Wednesday,30,NO CONTROLS,CLEAR,DAYLIGHT,PEDESTRIAN,DRY,INJURY AND / OR TOW DUE TO CRASH,"OVER $1,500",UNABLE TO DETERMINE,2,INCAPACITATING INJURY,1.0,0.0,1.0,8,4,11,41.77898329,-87.66406107,"['11/09/2022', '08:00:00', 'AM']",INCAPACITATING INJURY without Device
e47b772b7c0a2e7ab6676213c5cf76675d58606479d0d10befcbd9b123f5cd42723ff65850825cce422bf30502cd953867806be2e48ea544bfd2ac825b6fc5c1,2022-11-08 22:20:00,Tuesday,30,TRAFFIC SIGNAL,CLEAR,"DARKNESS, LIGHTED ROAD",ANGLE,DRY,INJURY AND / OR TOW DUE TO CRASH,"OVER $1,500",DISREGARDING TRAFFIC SIGNALS,2,INCAPACITATING INJURY,4.0,0.0,3.0,22,3,11,41.80193189,-87.62117126,"['11/08/2022', '10:20:00', 'PM']",INCAPACITATING INJURY with Device
01c740c2fe8c4f0d6f5087d39465822a661c34759793ea393b1cf2a4d942aac2b97e6b43a18562c799c3c7dd9f9b2a58568795358c30392aed3b86057dc1f33a,2022-11-08 20:48:00,Tuesday,30,TRAFFIC SIGNAL,CLEAR,"DARKNESS, LIGHTED ROAD",TURNING,DRY,INJURY AND / OR TOW DUE TO CRASH,"OVER $1,500",DISREGARDING TRAFFIC SIGNALS,2,INCAPACITATING INJURY,4.0,0.0,1.0,20,3,11,41.87683881,-87.74949109,"['11/08/2022', '08:48:00', 'PM']",INCAPACITATING INJURY with Device
2a433965a489c07b00fe35db6945031218a682580d835262f84ab7ac77c05377e07736f364287e4a82c52fae1e92373f995e89ab0d9ec2c23e20759fb2033447,2022-11-08 15:30:00,Tuesday,30,NO CONTROLS,CLEAR,DAYLIGHT,REAR TO SIDE,DRY,INJURY AND / OR TOW DUE TO CRASH,"OVER $1,500",DRIVING SKILLS/KNOWLEDGE/EXPERIENCE,2,INCAPACITATING INJURY,1.0,0.0,1.0,15,3,11,41.76539361,-87.62505048,"['11/08/2022', '03:30:00', 'PM']",INCAPACITATING INJURY without Device
a1e597ca232633b81eb3ced03861c4c0a0dbc3eddc94e5e8220149b3b3651e356d964c0905180b548ece9850768d97830d26fdb3d5c9b5aee458486ee035113a,2022-11-08 15:25:00,Tuesday,30,TRAFFIC SIGNAL,CLEAR,DAYLIGHT,PEDESTRIAN,DRY,INJURY AND / OR TOW DUE TO CRASH,"$501 - $1,500",FAILING TO YIELD RIGHT-OF-WAY,2,INCAPACITATING INJURY,1.0,0.0,1.0,15,3,11,41.84427444,-87.71484461,"['11/08/2022', '03:25:00', 'PM']",INCAPACITATING INJURY with Device
f8d4dd843769bac65c943008afa971e9d0bdce27b6784cf5596cc0e55bc252b33e3e94fdb07a92375b562a4535575719fe88542f0f89c2dd9dc33914ae7b19b6,2022-11-08 12:05:00,Tuesday,30,TRAFFIC SIGNAL,CLEAR,DAYLIGHT,ANGLE,DRY,INJURY AND / OR TOW DUE TO CRASH,"OVER $1,500",FAILING TO YIELD RIGHT-OF-WAY,2,INCAPACITATING INJURY,1.0,0.0,1.0,12,3,11,41.74415164,-87.58594507,"['11/08/2022', '12:05:00', 'PM']",INCAPACITATING INJURY with Device
e2cb6d459a6e44849a05f959f9cb828528b2b3269f72ae35b6137b5436e6af5d65f90dcd091d6dff34cf402900e474d6977cc592ec5e55a23accd1b6bc4c725b,2022-11-08 11:20:00,Tuesday,30,TRAFFIC SIGNAL,CLEAR,DAYLIGHT,ANGLE,DRY,INJURY AND / OR TOW DUE TO CRASH,"OVER $1,500",UNABLE TO DETERMINE,2,INCAPACITATING INJURY,3.0,0.0,1.0,11,3,11,41.80304684,-87.66496864,"['11/08/2022', '11:20:00', 'AM']",INCAPACITATING INJURY with Device
41c405482f094532a0af6f1e9cee25dfdd2e3fe66d40f2a18e2d989e1c352b387efc62f3f8dfdcd1ad87eb9e0fa231225578fad4b0350d749857b976de18f99d,2022-11-07 21:13:00,Monday,30,NO CONTROLS,CLEAR,"DARKNESS, LIGHTED ROAD",REAR TO SIDE,DRY,INJURY AND / OR TOW DUE TO CRASH,"OVER $1,500",FAILING TO YIELD RIGHT-OF-WAY,2,INCAPACITATING INJURY,1.0,0.0,1.0,21,2,11,41.93132565,-87.75383505,"['11/07/2022', '09:13:00', 'PM']",INCAPACITATING INJURY without Device
5b916866b2fcb3cd1e8555f2360b5a945a5e520bc3fe384360fca0e489e8ed860856816df6e3f12f0c3f6648110c17e9514b1031ef5201824fe6ab5be803fa3e,2022-11-07 19:14:00,Monday,30,NO CONTROLS,CLEAR,"DARKNESS, LIGHTED ROAD",PEDALCYCLIST,DRY,INJURY AND / OR TOW DUE TO CRASH,"OVER $1,500",UNABLE TO DETERMINE,2,INCAPACITATING INJURY,1.0,0.0,1.0,19,2,11,41.9169782,-87.73260544,"['11/07/2022', '07:14:00', 'PM']",INCAPACITATING INJURY without Device
6c08de5d2ca70e203b8669ad9d7c640b8b5fd4fbcf4b17a29e254bb492354ec36ab9d3dc99db2b0b1f232491986232884474c6bde7afd35660d6249cd404b4a3,2022-11-07 17:02:00,Monday,30,NO CONTROLS,CLEAR,DUSK,PEDESTRIAN,DRY,INJURY AND / OR TOW DUE TO CRASH,$500 OR LESS,UNABLE TO DETERMINE,2,INCAPACITATING INJURY,1.0,0.0,1.0,17,2,11,41.9013635,-87.75560686,"['11/07/2022', '05:02:00', 'PM']",INCAPACITATING INJURY without Device
ab77c60eeb32dcdb29168b49087edfbc10c3391c29a46487d82534948b249d23d6e8e8442e28204343c14af1b8029a9782707e03fcdb071284b436ca2606d23e,2022-11-07 14:50:00,Monday,30,NO CONTROLS,CLEAR,DAYLIGHT,PARKED MOTOR VEHICLE,UNKNOWN,INJURY AND / OR TOW DUE TO CRASH,"OVER $1,500",UNABLE TO DETERMINE,2,INCAPACITATING INJURY,1.0,0.0,1.0,14,2,11,41.9755282,-87.78964754,"['11/07/2022', '02:50:00', 'PM']",INCAPACITATING INJURY without Device
a682d11657da12dc4b7c0ee97651b76099f927114455eb4eeac9eed54f7fe854ee7182a532f7461a015c410155e347bcca6c1d5d6a8723583ff0d120366972bb,2022-11-07 11:55:00,Monday,30,STOP SIGN/FLASHER,CLEAR,DAYLIGHT,REAR END,DRY,INJURY AND / OR TOW DUE TO CRASH,"$501 - $1,500",FOLLOWING TOO CLOSELY,2,INCAPACITATING INJURY,1.0,0.0,1.0,11,2,11,41.99721337,-87.76211752,"['11/07/2022', '11:55:00', 'AM']",INCAPACITATING INJURY with Device
628c8f4d30d4b82ca7f872009a5e97b7bc45d5b0ef2a6f8818c3b811d01a59a8571699b7e6a34763a59c6153dcc81bc98bf288185567e559ccae879b0ba1d30a,2022-11-07 01:35:00,Monday,30,STOP SIGN/FLASHER,CLEAR,"DARKNESS, LIGHTED ROAD",ANGLE,DRY,INJURY AND / OR TOW DUE TO CRASH,"OVER $1,500",NOT APPLICABLE,2,INCAPACITATING INJURY,1.0,0.0,1.0,1,2,11,41.75612372,-87.63701569,"['11/07/2022', '01:35:00', 'AM']",INCAPACITATING INJURY with Device
0cda5b007b581fe58555f135ec473232e87837a53514b3c82698ac44fb736febdfd07942e0afd36241da324159309d8ac69c7de211e0d9a9c9c49f0e10ef539e,2022-11-06 18:30:00,Sunday,30,NO CONTROLS,CLEAR,DAYLIGHT,TURNING,DRY,INJURY AND / OR TOW DUE TO CRASH,"OVER $1,500",FOLLOWING TOO CLOSELY,2,INCAPACITATING INJURY,1.0,0.0,1.0,18,1,11,41.80072726,-87.70391022,"['11/06/2022', '06:30:00', 'PM']",INCAPACITATING INJURY without Device
4eb52f0689d14fff7bf2938acb7f4a2cbb248510f2bb00e821ada26e60a0578141208f482ee900ccf3165d72dfc4937e8ed2cd7e5dfe4997e8a5c039df9fc679,2022-11-06 16:00:00,Sunday,30,NO CONTROLS,CLEAR,DAYLIGHT,TURNING,DRY,INJURY AND / OR TOW DUE TO CRASH,"OVER $1,500",FAILING TO YIELD RIGHT-OF-WAY,2,INCAPACITATING INJURY,1.0,0.0,1.0,16,1,11,41.75797987,-87.74150654,"['11/06/2022', '04:00:00', 'PM']",INCAPACITATING INJURY without Device
5e014bcb236356749b1d0dac0602ae9857a77184c881d03797422746a2c1c204944fe33f85e9a06b29fcebda638403537e68d000efc3ad4858ae7279c49877e3,2022-11-06 12:57:00,Sunday,30,NO CONTROLS,CLEAR,DAYLIGHT,PEDALCYCLIST,DRY,INJURY AND / OR TOW DUE TO CRASH,$500 OR LESS,UNABLE TO DETERMINE,3,INCAPACITATING INJURY,1.0,0.0,1.0,12,1,11,41.93984335,-87.65125514,"['11/06/2022', '12:57:00', 'PM']",INCAPACITATING INJURY without Device
2971af95ecced34cdd75fb38b5362978fcfa5f883fcc57166176f4d7803f36dde53d4048e851c7028a69443f73ce33b7bacbf5abf0bbc863dce1b5c39bc43bc5,2022-11-06 11:12:00,Sunday,30,TRAFFIC SIGNAL,CLEAR,DAYLIGHT,REAR END,DRY,INJURY AND / OR TOW DUE TO CRASH,"OVER $1,500",FOLLOWING TOO CLOSELY,2,INCAPACITATING INJURY,1.0,0.0,1.0,11,1,11,41.85293397,-87.63021424,"['11/06/2022', '11:12:00', 'AM']",INCAPACITATING INJURY with Device
e1cde280c5ca1605ff6ad39a40e3ffb9adfd8b7775740de127e5a35598c2771e79ac03ff96397b283ccff07d08c506a64fa28f83462bed7bfc2807eb8fee95e4,2022-11-06 03:12:00,Sunday,30,NO CONTROLS,CLEAR,"DARKNESS, LIGHTED ROAD",TURNING,DRY,INJURY AND / OR TOW DUE TO CRASH,"OVER $1,500",FAILING TO YIELD RIGHT-OF-WAY,2,INCAPACITATING INJURY,3.0,0.0,2.0,3,1,11,41.82481677,-87.68654958,"['11/06/2022', '03:12:00', 'AM']",INCAPACITATING INJURY without Device
f101cb12570b40f1f88943bdb2a8fbbd70322d183af383e15bbbc1670e3c7ca3ae5be91858a6f0920ac0f1fcd45bf1ffd35c56e59b830afb951e1a1b9539c1a1,2022-11-06 02:55:00,Sunday,30,STOP SIGN/FLASHER,CLEAR,"DARKNESS, LIGHTED ROAD",FIXED OBJECT,DRY,INJURY AND / OR TOW DUE TO CRASH,"OVER $1,500",UNABLE TO DETERMINE,1,INCAPACITATING INJURY,4.0,0.0,1.0,2,1,11,41.91585688,-87.67772562,"['11/06/2022', '02:55:00', 'AM']",INCAPACITATING INJURY with Device
3dcc350b30a4bd413a755619eb936d2ff3a2f417b30e0378415c9f3029922ac2bc18c61502eef90ffd40d1f66e280b6cdb35ce6f4d11367d97086e0175fd4bb2,2022-11-06 00:13:00,Sunday,30,NO CONTROLS,CLEAR,"DARKNESS, LIGHTED ROAD",PARKED MOTOR VEHICLE,DRY,INJURY AND / OR TOW DUE TO CRASH,"OVER $1,500",UNABLE TO DETERMINE,2,INCAPACITATING INJURY,1.0,0.0,1.0,0,1,11,41.95861434,-87.74761379,"['11/06/2022', '12:13:00', 'AM']",INCAPACITATING INJURY without Device
b5048c3699cefee63837eb79433e6b377c7dd1f904219040f6cae686dfb28be01c3458c0c945552e7acbeca99a8846310f2a50f6b939b49ce85b9a77feb938ec,2022-11-05 20:00:00,Saturday,30,STOP SIGN/FLASHER,CLEAR,DUSK,PEDESTRIAN,DRY,INJURY AND / OR TOW DUE TO CRASH,$500 OR LESS,UNABLE TO DETERMINE,2,INCAPACITATING INJURY,1.0,0.0,1.0,20,7,11,41.90913144,-87.63859257,"['11/05/2022', '08:00:00', 'PM']",INCAPACITATING INJURY with Device
7d83e4a5b1a4f15fec067ccd235761595a220c99ac0b9e8704eb3586c1a9abfa9edfc1b29615b798f19191cb2895927295f3da0c5922a7753f2227ecb8ec56f1,2022-11-05 17:28:00,Saturday,30,NO CONTROLS,CLOUDY/OVERCAST,DAYLIGHT,REAR END,WET,INJURY AND / OR TOW DUE TO CRASH,"OVER $1,500",DRIVING SKILLS/KNOWLEDGE/EXPERIENCE,2,INCAPACITATING INJURY,1.0,0.0,1.0,17,7,11,41.70815708,-87.5680768,"['11/05/2022', '05:28:00', 'PM']",INCAPACITATING INJURY without Device
6ecbd89bef186fc651f5b2ccfba072407d42f0cd54f9dde050d735c087c0a573b79df906d4f9a3f2a5882200f87a2e6032b2a1114727bb410e6c920e00d334ed,2022-11-05 02:40:00,Saturday,30,NO CONTROLS,RAIN,"DARKNESS, LIGHTED ROAD",SIDESWIPE SAME DIRECTION,WET,INJURY AND / OR TOW DUE TO CRASH,"OVER $1,500",IMPROPER LANE USAGE,2,INCAPACITATING INJURY,1.0,0.0,1.0,2,7,11,41.77803305,-87.75713054,"['11/05/2022', '02:40:00', 'AM']",INCAPACITATING INJURY without Device
b9768ee1c3f097b244ee1dc0ac6ac3f42509b7753b598a0148f7f0f8adac8d4d063b885a2e7f729daba1d8cb17a9a6f7a3f90647ea38de2384df9bd7d6f42328,2022-11-03 18:40:00,Thursday,30,TRAFFIC SIGNAL,CLEAR,"DARKNESS, LIGHTED ROAD",PEDESTRIAN,DRY,INJURY AND / OR TOW DUE TO CRASH,$500 OR LESS,UNABLE TO DETERMINE,2,INCAPACITATING INJURY,1.0,0.0,1.0,18,5,11,41.70604297,-87.71854993,"['11/03/2022', '06:40:00', 'PM']",INCAPACITATING INJURY with Device
87a5295caaceb17d2a5037d89cd3e37b55f06a42264336cd7288c6314bb705022ed8d1c763f5744d1045bf854f41adaf99ab6e39e47f428626ad6159a1f07ac6,2022-11-03 17:09:00,Thursday,30,NO CONTROLS,CLEAR,DAYLIGHT,PEDESTRIAN,DRY,INJURY AND / OR TOW DUE TO CRASH,"OVER $1,500",UNABLE TO DETERMINE,2,INCAPACITATING INJURY,1.0,0.0,1.0,17,5,11,41.87085297,-87.71953108,"['11/03/2022', '05:09:00', 'PM']",INCAPACITATING INJURY without Device
4d8e47268c86e73e9f9fabf4e76277952128853537ff7f3cfb95af8c20a081d3f567ae664ad9c69b0134faf431be6c4441155309780033a6a7be6d066966b050,2022-11-03 15:57:00,Thursday,30,NO CONTROLS,CLEAR,DAYLIGHT,PEDESTRIAN,DRY,INJURY AND / OR TOW DUE TO CRASH,$500 OR LESS,NOT APPLICABLE,2,INCAPACITATING INJURY,1.0,0.0,1.0,15,5,11,41.86557113,-87.77390653,"['11/03/2022', '03:57:00', 'PM']",INCAPACITATING INJURY without Device
f2f98a5f0c87510240bf07c8b3e83371a13ef1642dced4372a6c071ed64471724aec579f8236039d5fa955b104d235bede690fbbc46e45a5b37969b389e62653,2022-11-03 15:50:00,Thursday,30,NO CONTROLS,CLEAR,DAYLIGHT,PEDALCYCLIST,DRY,INJURY AND / OR TOW DUE TO CRASH,"OVER $1,500",UNABLE TO DETERMINE,2,INCAPACITATING INJURY,1.0,0.0,1.0,15,5,11,41.95002941,-87.71836238,"['11/03/2022', '03:50:00', 'PM']",INCAPACITATING INJURY without Device
5a8cba0659fe9c19baac748abe519a81ea20fdd827a194065b75880ca88f12323b0116b447291b94e67ef97358d11593295864e07ad33861b0b71e8760b1f150,2022-11-03 15:15:00,Thursday,30,NO CONTROLS,CLEAR,DAYLIGHT,TURNING,DRY,INJURY AND / OR TOW DUE TO CRASH,"OVER $1,500",FAILING TO YIELD RIGHT-OF-WAY,2,INCAPACITATING INJURY,2.0,0.0,1.0,15,5,11,41.82287737,-87.64119411,"['11/03/2022', '03:15:00', 'PM']",INCAPACITATING INJURY without Device
e433040106638e25abcbf701b65713c1782168a8f11fc9b6da2cd77e623968e8ca5034f8ae75991761046e5980b44b28bacce03ebadca28b1cb6e4ef2a65e5d4,2022-11-03 13:31:00,Thursday,30,TRAFFIC SIGNAL,CLEAR,DAYLIGHT,TURNING,DRY,INJURY AND / OR TOW DUE TO CRASH,"OVER $1,500",DRIVING SKILLS/KNOWLEDGE/EXPERIENCE,2,INCAPACITATING INJURY,1.0,0.0,1.0,13,5,11,41.90927313,-87.76532518,"['11/03/2022', '01:31:00', 'PM']",INCAPACITATING INJURY with Device
ee0ce4b43e5c40637147ea30554b7c71718dc5f9a4aa29e532b1adcceae382b98618f0d3d0b845d80df86e4b1e3ba4726233f640f6c7d23b06081622872faa35,2022-11-03 11:28:00,Thursday,30,TRAFFIC SIGNAL,CLEAR,DAYLIGHT,REAR END,DRY,INJURY AND / OR TOW DUE TO CRASH,"OVER $1,500",FOLLOWING TOO CLOSELY,2,INCAPACITATING INJURY,1.0,0.0,1.0,11,5,11,41.73562295,-87.68237035,"['11/03/2022', '11:28:00', 'AM']",INCAPACITATING INJURY with Device
b4d978677db7e39e77749b846d7670196166b7e7b3b9c2af4a48df3211bb063782b2c56ca0329b8a12c91a10a9e94840f17997231c24c4b71127592333896b0c,2022-11-02 19:55:00,Wednesday,35,NO CONTROLS,CLEAR,"DARKNESS, LIGHTED ROAD",OTHER OBJECT,DRY,INJURY AND / OR TOW DUE TO CRASH,"OVER $1,500",UNABLE TO DETERMINE,1,INCAPACITATING INJURY,1.0,0.0,1.0,19,4,11,41.69685522,-87.64237302,"['11/02/2022', '07:55:00', 'PM']",INCAPACITATING INJURY without Device
9f4e6991908965bdda81b6891c1890cbb025fa3f003b7baa915a006ab4e4eaffba79694bc2111cfc4509720f5b3066cac51d819be533a4cfa21248de9e856c39,2022-11-02 19:04:00,Wednesday,30,TRAFFIC SIGNAL,CLEAR,"DARKNESS, LIGHTED ROAD",TURNING,DRY,INJURY AND / OR TOW DUE TO CRASH,"OVER $1,500",DISREGARDING TRAFFIC SIGNALS,2,INCAPACITATING INJURY,3.0,0.0,1.0,19,4,11,41.75669384,-87.61502407,"['11/02/2022', '07:04:00', 'PM']",INCAPACITATING INJURY with Device
83591a60b10e6545b686b698c480d2b6d568da8be2c682be74688bdde78a4c094b70f5c2fdf39381ef3a4e97397753214a60fde3eb4b10b27ebbc601da12c4b3,2022-11-02 09:59:00,Wednesday,30,NO CONTROLS,CLEAR,DAYLIGHT,PEDALCYCLIST,DRY,INJURY AND / OR TOW DUE TO CRASH,"OVER $1,500",UNABLE TO DETERMINE,2,INCAPACITATING INJURY,1.0,0.0,1.0,9,4,11,41.91012979,-87.63482528,"['11/02/2022', '09:59:00', 'AM']",INCAPACITATING INJURY without Device
ceab94acb8cd77612356f55f35bff07ecd2b4c99df19205728a1ebdb4e6afdc1c5d492fa44c5e670ec26b2303766642b62f1ee4d1d97a89f2269a2879b2ef332,2022-11-02 09:45:00,Wednesday,30,STOP SIGN/FLASHER,CLEAR,DAYLIGHT,ANGLE,DRY,INJURY AND / OR TOW DUE TO CRASH,"$501 - $1,500",UNABLE TO DETERMINE,2,INCAPACITATING INJURY,2.0,0.0,2.0,9,4,11,41.98276175,-87.80679487,"['11/02/2022', '09:45:00', 'AM']",INCAPACITATING INJURY with Device
5ff89cc6a6f08e40f9ed37fed08446b9afb61e2c43ded1588ab2b615b5501a4347af01573a2e6979a87dcb6cc587ffa6f346df9c72263a540d727d257798945b,2022-11-02 09:41:00,Wednesday,30,TRAFFIC SIGNAL,CLEAR,DAYLIGHT,PEDESTRIAN,DRY,INJURY AND / OR TOW DUE TO CRASH,"OVER $1,500",UNABLE TO DETERMINE,2,INCAPACITATING INJURY,1.0,0.0,1.0,9,4,11,41.79316149,-87.72301053,"['11/02/2022', '09:41:00', 'AM']",INCAPACITATING INJURY with Device
db536d2d2778dff3dbbaa905fa3db622fa96d3389128b5ce6637811a6bf82cbfbc6e085c6751d36136fc071a7f7aad0a19dbb83da6470c41cb3181e0940c1527,2022-11-02 08:04:00,Wednesday,25,STOP SIGN/FLASHER,CLEAR,DAYLIGHT,PEDALCYCLIST,DRY,INJURY AND / OR TOW DUE TO CRASH,"OVER $1,500",FAILING TO YIELD RIGHT-OF-WAY,2,INCAPACITATING INJURY,1.0,0.0,1.0,8,4,11,41.9777461,-87.82197059,"['11/02/2022', '08:04:00', 'AM']",INCAPACITATING INJURY with Device
94844d1b5a661253a91a486a1673ceae62fb56b70e2c8c7eb8c80b7f2335a7e2238fe7a3b72792fe8e21b20048ff302c9cee843d19bc670da1594c0678917a66,2022-11-01 23:23:00,Tuesday,30,NO CONTROLS,CLEAR,DARKNESS,FIXED OBJECT,DRY,INJURY AND / OR TOW DUE TO CRASH,"OVER $1,500",UNABLE TO DETERMINE,1,INCAPACITATING INJURY,1.0,0.0,1.0,23,3,11,41.77163626,-87.71213971,"['11/01/2022', '11:23:00', 'PM']",INCAPACITATING INJURY without Device
8039fbd427b5518843424c092cd305f37f6bde4e1c08b3d15ee2c106e79c93c562c4790f497f7b4f36c2d987d66de987038454b37283775e0666914d2043b7ec,2022-11-01 22:00:00,Tuesday,30,STOP SIGN/FLASHER,CLEAR,"DARKNESS, LIGHTED ROAD",PEDALCYCLIST,DRY,INJURY AND / OR TOW DUE TO CRASH,"OVER $1,500",FAILING TO YIELD RIGHT-OF-WAY,2,INCAPACITATING INJURY,1.0,0.0,1.0,22,3,11,41.89990829,-87.6305534,"['11/01/2022', '10:00:00', 'PM']",INCAPACITATING INJURY with Device
cbd9474b9d2b12c88de19393fbee4b033857ef4626a8458c7d0fcbded65bc46029ef0185a2d4c9ef8171636a49d7baef41a5d2b0baa8528c452a492c7607c9b9,2022-11-01 20:40:00,Tuesday,30,NO CONTROLS,CLEAR,"DARKNESS, LIGHTED ROAD",ANGLE,DRY,INJURY AND / OR TOW DUE TO CRASH,"OVER $1,500",UNABLE TO DETERMINE,2,INCAPACITATING INJURY,1.0,0.0,1.0,20,3,11,41.94554285,-87.70703864,"['11/01/2022', '08:40:00', 'PM']",INCAPACITATING INJURY without Device
392dd1f19b4c93b52c6f8134213c00162ead270ccdcaf1cce21008217c6b8e83bdb5c9459501f8bd73c8959000502f05512506eab241fe6ca6b13f2f364fb04c,2022-11-01 19:08:00,Tuesday,30,TRAFFIC SIGNAL,CLEAR,"DARKNESS, LIGHTED ROAD",TURNING,DRY,INJURY AND / OR TOW DUE TO CRASH,"OVER $1,500",IMPROPER TURNING/NO SIGNAL,2,INCAPACITATING INJURY,1.0,0.0,1.0,19,3,11,41.87800941,-87.63709519,"['11/01/2022', '07:08:00', 'PM']",INCAPACITATING INJURY with Device
9e648879ed034ec2383195868f3f9bcc987d03fb7cfcb009814dfb046086d1e70941e604d0742bbbcccce78e43d89542d4b9a81e9fd6cd43dbd6536a37a60706,2022-11-01 18:06:00,Tuesday,30,NO CONTROLS,CLEAR,DUSK,PEDESTRIAN,DRY,INJURY AND / OR TOW DUE TO CRASH,"OVER $1,500",DRIVING SKILLS/KNOWLEDGE/EXPERIENCE,2,INCAPACITATING INJURY,1.0,0.0,1.0,18,3,11,41.66920525,-87.64147394,"['11/01/2022', '06:06:00', 'PM']",INCAPACITATING INJURY without Device
47178c8ea92590c55ec657f3daf697e2b682770b5639b3130a278bbb0c1392e9673f84a119b32ea30133a3ad7de85a9d831bb3e5a9d1fb04c4f45a38ff3aa7e3,2022-11-01 14:55:00,Tuesday,30,TRAFFIC SIGNAL,CLEAR,DAYLIGHT,ANGLE,DRY,INJURY AND / OR TOW DUE TO CRASH,"OVER $1,500",DISREGARDING TRAFFIC SIGNALS,3,INCAPACITATING INJURY,2.0,0.0,2.0,14,3,11,41.88181687,-87.73563617,"['11/01/2022', '02:55:00', 'PM']",INCAPACITATING INJURY with Device
35799fc2783382b1e8324946a637c2158cc38782550af7d744ab724e2aad9e6d1c62c4476922cb731cab5f7bd4ae29c037b7d840ff312b9088ae97b5793436ad,2022-11-01 13:00:00,Tuesday,30,PEDESTRIAN CROSSING SIGN,CLEAR,DAYLIGHT,PEDESTRIAN,DRY,INJURY AND / OR TOW DUE TO CRASH,$500 OR LESS,FAILING TO YIELD RIGHT-OF-WAY,2,INCAPACITATING INJURY,1.0,0.0,1.0,13,3,11,41.96680699,-87.68835468,"['11/01/2022', '01:00:00', 'PM']",INCAPACITATING INJURY with Device