CRASH_RECORD_ID,CRASH_DATE,Weekday,POSTED_SPEED_LIMIT,TRAFFIC_CONTROL_DEVICE,WEATHER_CONDITION,LIGHTING_CONDITION,FIRST_CRASH_TYPE,ROADWAY_SURFACE_COND,CRASH_TYPE,DAMAGE,PRIM_CONTRIBUTORY_CAUSE,NUM_UNITS,MOST_SEVERE_INJURY,INJURIES_TOTAL,INJURIES_FATAL,INJURIES_INCAPACITATING,CRASH_HOUR,CRASH_DAY_OF_WEEK,CRASH_MONTH,LATITUDE,LONGITUDE,CRASH_TIME,CATEGORIES
5fca6951d819278a8fc502f5d4821b5d07983c062336a546d29188b778007cb71bb55beaed212f4877949f4c2133a7f38ccac2391381e5c2216dc1f9832df261,2022-11-01 11:30:00,Tuesday,30,TRAFFIC SIGNAL,CLEAR,DAYLIGHT,REAR END,DRY,INJURY AND / OR TOW DUE TO CRASH,"OVER $1,500",FOLLOWING TOO CLOSELY,2,INCAPACITATING INJURY,1.0,0.0,1.0,11,3,11,41.80687109,-87.66507041,"['11/01/2022', '11:30:00', 'AM']",INCAPACITATING INJURY with Device
787f0cede36a5319e9c1c1f3b0c3221e757f72b5cb6d33540f983e76a4aa99429448c050088e3e388d086d7109aa7a2f6c85fd6dc9958c78ad550530c36f63d6,2022-11-01 10:10:00,Tuesday,30,STOP SIGN/FLASHER,CLEAR,DAYLIGHT,ANGLE,DRY,INJURY AND / OR TOW DUE TO CRASH,"OVER $1,500",FAILING TO YIELD RIGHT-OF-WAY,2,INCAPACITATING INJURY,2.0,0.0,2.0,10,3,11,41.65910446,-87.61517919,"['11/01/2022', '10:10:00', 'AM']",INCAPACITATING INJURY with Device
9d7ced669fa71409d1ff69136f28f3081f67d228a7c8a9025ee6033b2fa322061f94efa0b7b7e46f43a2b2ca4bb12162d17d42ea9e7888bc341ff65cb73f8b93,2022-11-01 07:45:00,Tuesday,30,PEDESTRIAN CROSSING SIGN,CLEAR,DAYLIGHT,PEDESTRIAN,DRY,INJURY AND / OR TOW DUE TO CRASH,"OVER $1,500",FAILING TO YIELD RIGHT-OF-WAY,2,INCAPACITATING INJURY,1.0,0.0,1.0,7,3,11,41.92723545,-87.65147599,"['11/01/2022', '07:45:00', 'AM']",INCAPACITATING INJURY with Device
105b9f65e7048052b8bc89987b75e34f4c065183727f9ad12f5fbb53e91fd6972c0721134c2b8564dd015053e87e0982e1eae5cda1f460a48ce8197b4ebed8eb,2022-11-01 00:08:00,Tuesday,30,TRAFFIC SIGNAL,CLEAR,"DARKNESS, LIGHTED ROAD",REAR TO SIDE,DRY,INJURY AND / OR TOW DUE TO CRASH,"OVER $1,500",DISREGARDING TRAFFIC SIGNALS,2,INCAPACITATING INJURY,7.0,0.0,1.0,0,3,11,41.89975079,-87.6724329,"['11/01/2022', '12:08:00', 'AM']",INCAPACITATING INJURY with Device
a5fc77b6ad3ae3a2f38a3396037c496e1be6298516cae429f1e9a8a5576b759a72afb10570c9b468fb1efc534146b550ab93c1c96909fec0309616649276e4f8,2022-10-31 18:50:00,Monday,30,NO CONTROLS,CLEAR,"DARKNESS, LIGHTED ROAD",FIXED OBJECT,DRY,INJURY AND / OR TOW DUE TO CRASH,"OVER $1,500",UNABLE TO DETERMINE,1,INCAPACITATING INJURY,1.0,0.0,1.0,18,2,10,41.77257849,-87.58591807,"['10/31/2022', '06:50:00', 'PM']",INCAPACITATING INJURY without Device
e6ec865385380084e853ea6e31b3573cfa6461b47642af459adb73465adf7176e894416c6d99d19278c33a0d3fef790f4b8e6583f237981ff3aeeed7d3b6063d,2022-10-31 18:40:00,Monday,30,TRAFFIC SIGNAL,CLEAR,"DARKNESS, LIGHTED ROAD",REAR END,DRY,INJURY AND / OR TOW DUE TO CRASH,"OVER $1,500",FOLLOWING TOO CLOSELY,2,INCAPACITATING INJURY,2.0,0.0,1.0,18,2,10,41.88012469,-87.62061305,"['10/31/2022', '06:40:00', 'PM']",INCAPACITATING INJURY with Device
3032a1160a82f09ebb2533a038eecfd2407f2a1f20ef14ff69eba389d5ab92f932680f919bdf33cf574317d7ef2492ef6b09dd70ce273c512f29c1675c1b8ff5,2022-10-31 16:30:00,Monday,30,NO CONTROLS,CLEAR,DAYLIGHT,PEDESTRIAN,DRY,INJURY AND / OR TOW DUE TO CRASH,"$501 - $1,500",UNABLE TO DETERMINE,2,INCAPACITATING INJURY,1.0,0.0,1.0,16,2,10,41.99285865,-87.74136876,"['10/31/2022', '04:30:00', 'PM']",INCAPACITATING INJURY without Device
2dd2cc3720765d03b20542010b7a69e290ce570f89b6a11b65905edbc3a03a0e9170550ae5c45bb404b744e7bf9082eef95e359b99f7db91e3c40a20da8b675f,2022-10-31 12:35:00,Monday,30,TRAFFIC SIGNAL,RAIN,DAYLIGHT,PEDESTRIAN,WET,INJURY AND / OR TOW DUE TO CRASH,"OVER $1,500",UNABLE TO DETERMINE,2,INCAPACITATING INJURY,1.0,0.0,1.0,12,2,10,41.76866055,-87.66396288,"['10/31/2022', '12:35:00', 'PM']",INCAPACITATING INJURY with Device
1244bf96aba32ef310a05afd0a090511db5b27badae7224edf8196f40036b5435cf258cbbae27148d0c3c127537175e1e2b26fc3f7ea25a05220d95b2f101786,2022-10-31 08:57:00,Monday,30,TRAFFIC SIGNAL,CLOUDY/OVERCAST,DAYLIGHT,PEDESTRIAN,WET,INJURY AND / OR TOW DUE TO CRASH,"$501 - $1,500",FAILING TO YIELD RIGHT-OF-WAY,2,INCAPACITATING INJURY,1.0,0.0,1.0,8,2,10,41.9542584,-87.67931392,"['10/31/2022', '08:57:00', 'AM']",INCAPACITATING INJURY with Device
16ea556aa2bfdc9b1ac8ea58d81351d46032e64101cd6ed84b43b7d9ba004faaa4e47ea367752bfec46ee8d30361f3e4260eb7186657b49482054bcbe48a8397,2022-10-30 21:25:00,Sunday,30,TRAFFIC SIGNAL,CLOUDY/OVERCAST,"DARKNESS, LIGHTED ROAD",ANGLE,WET,INJURY AND / OR TOW DUE TO CRASH,"OVER $1,500",DRIVING SKILLS/KNOWLEDGE/EXPERIENCE,2,INCAPACITATING INJURY,1.0,0.0,1.0,21,1,10,41.67743582,-87.66130132,"['10/30/2022', '09:25:00', 'PM']",INCAPACITATING INJURY with Device
6c1b76903457efe38017e2ea6724217502471189c1a7a23cf8083800caffd0f0e4b5eb5af647b07a9071e8faf469b5012acf6e44a1e4496adeedddd2482128f8,2022-10-30 19:40:00,Sunday,30,TRAFFIC SIGNAL,RAIN,"DARKNESS, LIGHTED ROAD",ANGLE,WET,INJURY AND / OR TOW DUE TO CRASH,"OVER $1,500",DISREGARDING TRAFFIC SIGNALS,2,INCAPACITATING INJURY,2.0,0.0,2.0,19,1,10,41.7562857,-87.63240666,"['10/30/2022', '07:40:00', 'PM']",INCAPACITATING INJURY with Device
aabfef7f9b4f625bcec1459f341b2545c439acd2b6e0cdd214dfb7e61538af9a842e8f47a0214d1a5c6e478c87d59f4c1bc71c2e229d44ea90a0c02878368c8e,2022-10-30 19:00:00,Sunday,30,TRAFFIC SIGNAL,RAIN,"DARKNESS, LIGHTED ROAD",PEDESTRIAN,WET,INJURY AND / OR TOW DUE TO CRASH,"OVER $1,500",FAILING TO YIELD RIGHT-OF-WAY,2,INCAPACITATING INJURY,1.0,0.0,1.0,19,1,10,41.8721644,-87.63075578,"['10/30/2022', '07:00:00', 'PM']",INCAPACITATING INJURY with Device
27ff457f4c03f9e6f48e2548d6bd47c0a664c1139c6537b9e2154189dfe00bf2deab64c1fcaf11dc02c774fc3b9a98bb1bce25391ba53e1339d7a64ec01b217b,2022-10-30 10:19:00,Sunday,35,TRAFFIC SIGNAL,CLEAR,DAYLIGHT,ANGLE,DRY,INJURY AND / OR TOW DUE TO CRASH,"OVER $1,500",DISREGARDING TRAFFIC SIGNALS,2,INCAPACITATING INJURY,6.0,0.0,1.0,10,1,10,41.77281768,-87.63002449,"['10/30/2022', '10:19:00', 'AM']",INCAPACITATING INJURY with Device
f23021b7ce03e8c40a22dc9f3a61ae830c920784f4893949fc2db7f1ad37afada11c914556854edc8b188fe3a637575875748ad1960b619b937a9d6360943dce,2022-10-30 05:10:00,Sunday,30,NO CONTROLS,CLEAR,"DARKNESS, LIGHTED ROAD",SIDESWIPE SAME DIRECTION,DRY,INJURY AND / OR TOW DUE TO CRASH,"OVER $1,500",UNABLE TO DETERMINE,2,INCAPACITATING INJURY,1.0,0.0,1.0,5,1,10,41.77465677,-87.64450595,"['10/30/2022', '05:10:00', 'AM']",INCAPACITATING INJURY without Device
b64a9fb9cb241456cb1257b6d82c7418110877119a4e00bd285a80a274014599221633486189e2d7851cc15b2b529905ef1540ec061bede9613069d340c32179,2022-10-30 02:45:00,Sunday,30,NO CONTROLS,CLEAR,"DARKNESS, LIGHTED ROAD",PARKED MOTOR VEHICLE,DRY,INJURY AND / OR TOW DUE TO CRASH,"OVER $1,500",UNABLE TO DETERMINE,2,INCAPACITATING INJURY,2.0,0.0,1.0,2,1,10,41.88126273,-87.68730792,"['10/30/2022', '02:45:00', 'AM']",INCAPACITATING INJURY without Device
ec3069f2b952d22261b20cdf2bba0df3b40f115695746825a6c0e4f6dd04a9ad9a18c29be817a92fbc758130cb412c72b96af4cc1fd0d96fa98944b9af1749cd,2022-10-30 00:27:00,Sunday,30,TRAFFIC SIGNAL,CLEAR,"DARKNESS, LIGHTED ROAD",ANGLE,DRY,INJURY AND / OR TOW DUE TO CRASH,"OVER $1,500",DISREGARDING TRAFFIC SIGNALS,4,INCAPACITATING INJURY,2.0,0.0,2.0,0,1,10,41.83460712,-87.62347145,"['10/30/2022', '12:27:00', 'AM']",INCAPACITATING INJURY with Device
5b83a89db9721a2966cf0e8cfbc42142eb8174f47d2c2e8f3a5f6c60556e5af5ebaddc9770835c5e11b4463511dd58ba7a5b18e9a406d96dfc996da8b32ec5b8,2022-10-29 22:24:00,Saturday,30,NO CONTROLS,CLEAR,"DARKNESS, LIGHTED ROAD",HEAD ON,DRY,INJURY AND / OR TOW DUE TO CRASH,"OVER $1,500",IMPROPER LANE USAGE,2,INCAPACITATING INJURY,5.0,0.0,2.0,22,7,10,41.7509131,-87.63303348,"['10/29/2022', '10:24:00', 'PM']",INCAPACITATING INJURY without Device
d3711ab518e57f50c5566073be6600e634a3f3001ff718de515b5b534161eb76ea193e4d8f38ec54c4888d2e91b7993d39aec75cfd7b61acf8dd1b87e975ee28,2022-10-29 20:26:00,Saturday,30,TRAFFIC SIGNAL,CLEAR,"DARKNESS, LIGHTED ROAD",PEDESTRIAN,DRY,INJURY AND / OR TOW DUE TO CRASH,"OVER $1,500",FAILING TO YIELD RIGHT-OF-WAY,3,INCAPACITATING INJURY,2.0,0.0,2.0,20,7,10,41.85085028,-87.62390129,"['10/29/2022', '08:26:00', 'PM']",INCAPACITATING INJURY with Device
172467b6028b12ee94089c520d5868efcd0b5432263ed1ccb5821eeeeac686d491b6bdca11d0cd855e695bdef6e386db0b13d7317205dca0437b1aca92b710a9,2022-10-29 19:20:00,Saturday,25,NO CONTROLS,CLEAR,"DARKNESS, LIGHTED ROAD",PEDALCYCLIST,DRY,INJURY AND / OR TOW DUE TO CRASH,$500 OR LESS,IMPROPER OVERTAKING/PASSING,2,INCAPACITATING INJURY,1.0,0.0,1.0,19,7,10,41.92440236,-87.75600929,"['10/29/2022', '07:20:00', 'PM']",INCAPACITATING INJURY without Device
ab765dbc7a6ab91293bd55536b56978e2cc86a1e04d009aa9357cd3def22dcf41a26487223bfe16f276793e7bda804024ec9ca1466f7b8b9e663941ab0e7a065,2022-10-29 17:10:00,Saturday,30,STOP SIGN/FLASHER,CLEAR,UNKNOWN,ANGLE,DRY,INJURY AND / OR TOW DUE TO CRASH,"OVER $1,500",FAILING TO YIELD RIGHT-OF-WAY,2,INCAPACITATING INJURY,1.0,0.0,1.0,17,7,10,41.95391177,-87.71673108,"['10/29/2022', '05:10:00', 'PM']",INCAPACITATING INJURY with Device
053cdc7a2fe7a2e4e116fa8712ff1c0339d37aa186bdee5f63c54d708822b64c2db74710757d3962fc1d6a3e038841f1b2835be51b926a028ada163890fa78ca,2022-10-29 16:00:00,Saturday,30,STOP SIGN/FLASHER,CLEAR,DAYLIGHT,PEDALCYCLIST,DRY,INJURY AND / OR TOW DUE TO CRASH,"OVER $1,500",DISREGARDING STOP SIGN,2,INCAPACITATING INJURY,1.0,0.0,1.0,16,7,10,41.93788048,-87.81007828,"['10/29/2022', '04:00:00', 'PM']",INCAPACITATING INJURY with Device
a97ced1436f1a0feb80e0c08b7bffc590d59276de099cb080abc328292afbf0fa4ca8c45d6fdb53467da1caaa78842642773845fc4b0dde105149e1bdd46452b,2022-10-29 15:50:00,Saturday,30,TRAFFIC SIGNAL,CLEAR,DAYLIGHT,TURNING,DRY,INJURY AND / OR TOW DUE TO CRASH,"OVER $1,500",FAILING TO YIELD RIGHT-OF-WAY,2,INCAPACITATING INJURY,2.0,0.0,2.0,15,7,10,41.79345553,-87.68388458,"['10/29/2022', '03:50:00', 'PM']",INCAPACITATING INJURY with Device
5d06ad4c01e41a24a66819425d81d50f44c0a6334c564177f20b097a31cf68a6726bcf2e3571586e1f2afe0cef8c5a3fc9ab3fb4641e545d74fb49912e7a9d84,2022-10-29 14:27:00,Saturday,30,NO CONTROLS,CLEAR,DAYLIGHT,REAR END,DRY,INJURY AND / OR TOW DUE TO CRASH,"OVER $1,500",NOT APPLICABLE,6,INCAPACITATING INJURY,3.0,0.0,3.0,14,7,10,41.8586567,-87.67659689,"['10/29/2022', '02:27:00', 'PM']",INCAPACITATING INJURY without Device
5054c54e9f0ff6916f726348e8d0965a5b5d122e061b1cbfe77c919c1127c4a7d6689570cff11608e45b79e539b3a537dd0ba779aa8aa2c20d8acb4a903d1ac7,2022-10-29 11:20:00,Saturday,35,DELINEATORS,CLEAR,DAYLIGHT,REAR END,DRY,INJURY AND / OR TOW DUE TO CRASH,"OVER $1,500",UNABLE TO DETERMINE,4,INCAPACITATING INJURY,2.0,0.0,1.0,11,7,10,41.89578193,-87.6163197,"['10/29/2022', '11:20:00', 'AM']",INCAPACITATING INJURY with Device
e182e0af50768e5c19d8d6586270fa6fe15e5f424cfb44e14026e579a5f134a288aba73f6d3a634ab55a52db36f0db13b5f7547ad4687ae1e5933f71a70910f8,2022-10-29 10:45:00,Saturday,30,TRAFFIC SIGNAL,CLEAR,DAYLIGHT,ANGLE,DRY,INJURY AND / OR TOW DUE TO CRASH,"OVER $1,500",IMPROPER OVERTAKING/PASSING,3,INCAPACITATING INJURY,3.0,0.0,2.0,10,7,10,41.83713685,-87.70467361,"['10/29/2022', '10:45:00', 'AM']",INCAPACITATING INJURY with Device
ec804989af220cef15eaf32e4478cbc5d961fbdc1103b5257265d15f0a8dd8559fe4fdce2810b11b2a69adad7a25479b97da627585a735bc59592aa800af018f,2022-10-29 05:36:00,Saturday,30,NO CONTROLS,CLEAR,"DARKNESS, LIGHTED ROAD",REAR END,DRY,INJURY AND / OR TOW DUE TO CRASH,"OVER $1,500",FAILING TO REDUCE SPEED TO AVOID CRASH,3,INCAPACITATING INJURY,3.0,0.0,1.0,5,7,10,41.79402361,-87.6745464,"['10/29/2022', '05:36:00', 'AM']",INCAPACITATING INJURY without Device
1c34e10953d46cba7ae752b09514aa5d5ee422914c8459322cce9966dcee009853fc4a05b6c89bf3f3b744061b8275785a5770a04817f1ac470fbfdcbc7ac955,2022-10-29 05:00:00,Saturday,30,NO CONTROLS,CLEAR,"DARKNESS, LIGHTED ROAD",OTHER OBJECT,DRY,INJURY AND / OR TOW DUE TO CRASH,"OVER $1,500",ROAD CONSTRUCTION/MAINTENANCE,1,INCAPACITATING INJURY,1.0,0.0,1.0,5,7,10,41.8578522,-87.70528043,"['10/29/2022', '05:00:00', 'AM']",INCAPACITATING INJURY without Device
4cabe43d1521cb47bb5015b71d7447d9d995bb8b8776661fd6a57d66a65fa5e6df60280c9560bbf82a358b462dc4e319c4be82201b42aabeb26583268fb9bd3b,2022-10-29 03:50:00,Saturday,30,NO CONTROLS,CLEAR,"DARKNESS, LIGHTED ROAD",SIDESWIPE OPPOSITE DIRECTION,DRY,INJURY AND / OR TOW DUE TO CRASH,"OVER $1,500",PHYSICAL CONDITION OF DRIVER,4,INCAPACITATING INJURY,1.0,0.0,1.0,3,7,10,41.83182862,-87.72409631,"['10/29/2022', '03:50:00', 'AM']",INCAPACITATING INJURY without Device
e1a530db4f6195c2c0edd607e875ed9c6f4fef50baac6f14a2f1c0861fe9747255b3b11f4f8bf9f1431ce1be768687033addbb67982158dd8fbcdc4e3855601a,2022-10-28 19:50:00,Friday,30,NO CONTROLS,CLEAR,DAYLIGHT,PEDESTRIAN,DRY,INJURY AND / OR TOW DUE TO CRASH,"$501 - $1,500",UNABLE TO DETERMINE,2,INCAPACITATING INJURY,1.0,0.0,1.0,19,6,10,41.69631368,-87.59663224,"['10/28/2022', '07:50:00', 'PM']",INCAPACITATING INJURY without Device
3a7586a8e9e8f1e538674edd11f1c8f56fb70aec0af34dc3527ab7f169f4ed58c5636453e407d0181f6b57804a2ec32e291c7aa3bc0118bf9aa9ec176bf1fbf6,2022-10-28 07:43:00,Friday,30,TRAFFIC SIGNAL,CLEAR,DAYLIGHT,PEDESTRIAN,DRY,INJURY AND / OR TOW DUE TO CRASH,"OVER $1,500",FAILING TO REDUCE SPEED TO AVOID CRASH,2,INCAPACITATING INJURY,1.0,0.0,1.0,7,6,10,41.89263707,-87.62040272,"['10/28/2022', '07:43:00', 'AM']",INCAPACITATING INJURY with Device
9e05691cc2fa5811d7bf08c670e39c2fd5c248b2cc9bda1eb6952644884144a707ed16c4b09ec055a46d4d03609ce3ce28e99345183c06ec0a7a5282fcf0d3c7,2022-10-28 06:39:00,Friday,30,NO CONTROLS,CLEAR,"DARKNESS, LIGHTED ROAD",SIDESWIPE OPPOSITE DIRECTION,DRY,INJURY AND / OR TOW DUE TO CRASH,"OVER $1,500",PHYSICAL CONDITION OF DRIVER,3,INCAPACITATING INJURY,1.0,0.0,1.0,6,6,10,41.94796455,-87.72759283,"['10/28/2022', '06:39:00', 'AM']",INCAPACITATING INJURY without Device
9e420f17566514c6afa03b47942a6706843f8a0c195bb6e48a99c0a529e79d67edd843edbe66747735d2e3f6fa77159d80b0c9cb3d20567f16dd5632317d9703,2022-10-27 15:37:00,Thursday,30,NO CONTROLS,CLEAR,DAYLIGHT,TURNING,DRY,INJURY AND / OR TOW DUE TO CRASH,"OVER $1,500",UNABLE TO DETERMINE,2,INCAPACITATING INJURY,1.0,0.0,1.0,15,5,10,41.86567131,-87.76690105,"['10/27/2022', '03:37:00', 'PM']",INCAPACITATING INJURY without Device
7d28fe668cea6710004a7264d5f83ffb61e45ea750a0314ce054f2b6d4b6b64e6aa95344c99033565ba36f7ee509f8693c41bd7319d79e87d3521df3a448b7a9,2022-10-27 15:24:00,Thursday,30,NO CONTROLS,CLEAR,DAYLIGHT,SIDESWIPE SAME DIRECTION,DRY,INJURY AND / OR TOW DUE TO CRASH,"$501 - $1,500",FAILING TO YIELD RIGHT-OF-WAY,2,INCAPACITATING INJURY,1.0,0.0,1.0,15,5,10,41.77995038,-87.6391234,"['10/27/2022', '03:24:00', 'PM']",INCAPACITATING INJURY without Device
914ecc0f9047e2a085701ad042e86617475b4b49278312a911873d90debcad6a8e9076a2669635b96b07325dfc2a85137539cb2d3f6d8ee1f28c2dbe145faed8,2022-10-27 12:35:00,Thursday,30,STOP SIGN/FLASHER,CLEAR,DAYLIGHT,PEDESTRIAN,DRY,INJURY AND / OR TOW DUE TO CRASH,$500 OR LESS,FAILING TO YIELD RIGHT-OF-WAY,2,INCAPACITATING INJURY,1.0,0.0,1.0,12,5,10,41.90155212,-87.63006264,"['10/27/2022', '12:35:00', 'PM']",INCAPACITATING INJURY with Device
6e1d090832eea997cb5a761499513f7f15fe57dba0a431bdf10f3fcea920edab32a6e25dbd124355cf27f6817819e3324cf7edac1e37601bba2cfd4e5c4c6332,2022-10-27 12:30:00,Thursday,25,NO CONTROLS,CLEAR,DAYLIGHT,PEDESTRIAN,DRY,INJURY AND / OR TOW DUE TO CRASH,"OVER $1,500",NOT APPLICABLE,2,FATAL,1.0,1.0,0.0,12,5,10,41.80868396,-87.69925421,"['10/27/2022', '12:30:00', 'PM']",FATAL without Device
502be3a87daa359bf7f3ce9f4a5b8088df9e5589b4c39ef79a76dc0d1483f7e974af109c1c4092811a1654c553450cd77df14022d1033ebf5387521c78f2951a,2022-10-27 09:53:00,Thursday,30,NO CONTROLS,CLEAR,DAYLIGHT,PEDESTRIAN,UNKNOWN,INJURY AND / OR TOW DUE TO CRASH,"OVER $1,500",UNABLE TO DETERMINE,2,INCAPACITATING INJURY,1.0,0.0,1.0,9,5,10,41.76877739,-87.6559935,"['10/27/2022', '09:53:00', 'AM']",INCAPACITATING INJURY without Device
c12613261d7fb545ff00156c13ee915a2ad2ab93f13cf960da98bf2ffb0f59be3b73129d081175406a383dfb2547c5434827ea0127370617bb41038605007eb6,2022-10-27 08:45:00,Thursday,30,NO CONTROLS,CLEAR,DAYLIGHT,TURNING,DRY,INJURY AND / OR TOW DUE TO CRASH,"OVER $1,500",FAILING TO YIELD RIGHT-OF-WAY,3,INCAPACITATING INJURY,1.0,0.0,1.0,8,5,10,41.85168365,-87.66790796,"['10/27/2022', '08:45:00', 'AM']",INCAPACITATING INJURY without Device
cea065ee3941fb1dd657f9190787adf53427663c0767b8afa20e51be2ec8a81d01ceb41e18979180d6926efc21e480250f7ad8d1024e1ac2293ddfcf1bb10fb1,2022-10-27 08:00:00,Thursday,20,NO CONTROLS,CLEAR,DAYLIGHT,PEDESTRIAN,DRY,INJURY AND / OR TOW DUE TO CRASH,"OVER $1,500",FAILING TO YIELD RIGHT-OF-WAY,2,INCAPACITATING INJURY,1.0,0.0,1.0,8,5,10,41.96492076,-87.69439144,"['10/27/2022', '08:00:00', 'AM']",INCAPACITATING INJURY without Device
d7f42c18465b07463cffcfa103c60fc22152928a6ec9db00f4eda1ba0c4e09629e15e63a3d69100b468660848f42717deb901c0a81e049181919e940f6cc50af,2022-10-27 01:03:00,Thursday,30,TRAFFIC SIGNAL,CLEAR,"DARKNESS, LIGHTED ROAD",ANGLE,DRY,INJURY AND / OR TOW DUE TO CRASH,"OVER $1,500",DISREGARDING TRAFFIC SIGNALS,2,INCAPACITATING INJURY,3.0,0.0,1.0,1,5,10,41.74284998,-87.67310736,"['10/27/2022', '01:03:00', 'AM']",INCAPACITATING INJURY with Device
3bf69f1fbc849e51b2051b57f94deddfa2c94d09b8f95e11e39afd7526cfb07523fc01572964aabbc46a69d2fa95c23c87bf8ce9bcf8bed6a320018c97e8b44d,2022-10-26 22:45:00,Wednesday,30,TRAFFIC SIGNAL,CLEAR,"DARKNESS, LIGHTED ROAD",ANGLE,DRY,INJURY AND / OR TOW DUE TO CRASH,"OVER $1,500",UNABLE TO DETERMINE,2,INCAPACITATING INJURY,1.0,0.0,1.0,22,4,10,42.01217318,-87.69984398,"['10/26/2022', '10:45:00', 'PM']",INCAPACITATING INJURY with Device
6d6a54b1aec3a356a31ab044e369cd1350d795aaa9d98bf181c469f7c75819a1fd786750a11a7cb0785e494c84d0211ee65448e71ced4b63b63df2a24b4e46b0,2022-10-26 19:53:00,Wednesday,25,STOP SIGN/FLASHER,CLEAR,"DARKNESS, LIGHTED ROAD",PARKED MOTOR VEHICLE,DRY,INJURY AND / OR TOW DUE TO CRASH,"OVER $1,500",PHYSICAL CONDITION OF DRIVER,2,FATAL,1.0,1.0,0.0,19,4,10,42.01006334,-87.66808383,"['10/26/2022', '07:53:00', 'PM']",FATAL with Device
acf82f7db11c71c7d8882f41bc41a442c05f807130ff9ab9083c8bbc656044894c36575075f7eea218967faffd88496c8026edfb6d3c596140d3e65252effa8e,2022-10-26 18:22:00,Wednesday,30,NO CONTROLS,CLEAR,DUSK,PEDALCYCLIST,DRY,INJURY AND / OR TOW DUE TO CRASH,"OVER $1,500",DISTRACTION - FROM INSIDE VEHICLE,2,INCAPACITATING INJURY,1.0,0.0,1.0,18,4,10,41.9081903,-87.68243294,"['10/26/2022', '06:22:00', 'PM']",INCAPACITATING INJURY without Device
3c8b72bd971f04bf20a2ea986e8371e81026306d4faaa62652d23841f8d9cd6735727e90a264788683e31806f1db655f30aa11019e28a6e09b2c495452c8b7b9,2022-10-26 15:16:00,Wednesday,30,STOP SIGN/FLASHER,CLEAR,DAYLIGHT,REAR END,DRY,INJURY AND / OR TOW DUE TO CRASH,"$501 - $1,500",FOLLOWING TOO CLOSELY,2,INCAPACITATING INJURY,1.0,0.0,1.0,15,4,10,41.74030203,-87.63937683,"['10/26/2022', '03:16:00', 'PM']",INCAPACITATING INJURY with Device
17a27a2694a4e2084dfab42c4c530b6cdbb04d23ebece70779f08f9cc0272d6ed599205c49a0243c1671a1d15a8907b72b997fd9a3b4e32997ac558b00b84008,2022-10-26 12:17:00,Wednesday,30,NO CONTROLS,CLEAR,DAYLIGHT,PARKED MOTOR VEHICLE,DRY,INJURY AND / OR TOW DUE TO CRASH,"OVER $1,500",PHYSICAL CONDITION OF DRIVER,2,INCAPACITATING INJURY,1.0,0.0,1.0,12,4,10,41.98726385,-87.65544679,"['10/26/2022', '12:17:00', 'PM']",INCAPACITATING INJURY without Device
5b011054ed4b0455b549da308f8722c827559e3bd5b6b7236299fe11d15ecfa26b8ff1a262b476508aa4ff79d58307f46a9c8ca3a51cc8aa59a7d1292539fd17,2022-10-26 11:30:00,Wednesday,30,STOP SIGN/FLASHER,CLEAR,DAYLIGHT,PEDESTRIAN,DRY,INJURY AND / OR TOW DUE TO CRASH,"$501 - $1,500",FAILING TO YIELD RIGHT-OF-WAY,2,INCAPACITATING INJURY,1.0,0.0,1.0,11,4,10,41.89097397,-87.65705112,"['10/26/2022', '11:30:00', 'AM']",INCAPACITATING INJURY with Device
85d1f0201be5060109074abbef0fb8df44ce25455c4538061c4c362e653737988c6beb5975491f522394c197305547fdb3c3f5da6b5a2ee383b1b650b20a8748,2022-10-25 23:05:00,Tuesday,30,TRAFFIC SIGNAL,RAIN,"DARKNESS, LIGHTED ROAD",OTHER OBJECT,WET,INJURY AND / OR TOW DUE TO CRASH,"$501 - $1,500",UNABLE TO DETERMINE,2,INCAPACITATING INJURY,1.0,0.0,1.0,23,3,10,41.89169611,-87.63414591,"['10/25/2022', '11:05:00', 'PM']",INCAPACITATING INJURY with Device
3e078c3b287921afd1a60b7ee1cdb52c8a2366a48fa88f3e10aeae628a642f3cb1bb3ae7d5784ce3cd2ee2012a440432cc1b86085ed8fceeaf2426e627c88fe3,2022-10-25 17:06:00,Tuesday,30,TRAFFIC SIGNAL,RAIN,DAYLIGHT,ANGLE,WET,INJURY AND / OR TOW DUE TO CRASH,"OVER $1,500",UNABLE TO DETERMINE,2,INCAPACITATING INJURY,1.0,0.0,1.0,17,3,10,41.82295429,-87.68501299,"['10/25/2022', '05:06:00', 'PM']",INCAPACITATING INJURY with Device
3bc7279686c65f0efcdf4497f2036b1e6b2865ffdef512388d463f20e66d95695ccaefce36e52f55316087762743a7e6c2d5ead7274668cce08b4da3195eb8ca,2022-10-25 16:28:00,Tuesday,30,TRAFFIC SIGNAL,RAIN,DAYLIGHT,PEDESTRIAN,WET,INJURY AND / OR TOW DUE TO CRASH,"OVER $1,500",UNABLE TO DETERMINE,2,INCAPACITATING INJURY,1.0,0.0,1.0,16,3,10,41.78379147,-87.61585767,"['10/25/2022', '04:28:00', 'PM']",INCAPACITATING INJURY with Device