CRASH_RECORD_ID,CRASH_DATE,Weekday,POSTED_SPEED_LIMIT,TRAFFIC_CONTROL_DEVICE,WEATHER_CONDITION,LIGHTING_CONDITION,FIRST_CRASH_TYPE,ROADWAY_SURFACE_COND,CRASH_TYPE,DAMAGE,PRIM_CONTRIBUTORY_CAUSE,NUM_UNITS,MOST_SEVERE_INJURY,INJURIES_TOTAL,INJURIES_FATAL,INJURIES_INCAPACITATING,CRASH_HOUR,CRASH_DAY_OF_WEEK,CRASH_MONTH,LATITUDE,LONGITUDE,CRASH_TIME,CATEGORIES
2fe423bbcb654c9f8d41c948b9b236b7f1646cc4590c0b29d8d5ae7e467493d8c7a405cb2b111373f24c9e9f75460f04b2a943b410b2acf5b95ffb2708d5d4e1,2022-10-18 13:35:00,Tuesday,30,STOP SIGN/FLASHER,CLEAR,DAYLIGHT,REAR END,DRY,INJURY AND / OR TOW DUE TO CRASH,"OVER $1,500",UNABLE TO DETERMINE,2,INCAPACITATING INJURY,2.0,0.0,2.0,13,3,10,41.8832719,-87.74304136,"['10/18/2022', '01:35:00', 'PM']",INCAPACITATING INJURY with Device
cce4d2bd01b06843e8856da23b514878e2ca0168b47f6bcb8a74fb191f34a0e069d164f7ca23d2c39d8c5182a4f119a9cf041817a7d13d62ba5852ca238136cd,2022-10-17 23:25:00,Monday,30,TRAFFIC SIGNAL,CLEAR,"DARKNESS, LIGHTED ROAD",TURNING,DRY,INJURY AND / OR TOW DUE TO CRASH,"OVER $1,500","VISION OBSCURED (SIGNS, TREE LIMBS, BUILDINGS, ETC.)",3,INCAPACITATING INJURY,2.0,0.0,2.0,23,2,10,41.930917,-87.80641251,"['10/17/2022', '11:25:00', 'PM']",INCAPACITATING INJURY with Device
2a34bb4b539596ba7b2202b27b1019e226a8de34527a2ba79a8ee67e809978122467c9dd0699ca2e801ab5a37979ec2e0f8a732d6ace43d362ac76755d4d930e,2022-10-17 20:20:00,Monday,30,TRAFFIC SIGNAL,CLEAR,"DARKNESS, LIGHTED ROAD",PEDESTRIAN,DRY,INJURY AND / OR TOW DUE TO CRASH,"OVER $1,500",FAILING TO YIELD RIGHT-OF-WAY,2,INCAPACITATING INJURY,1.0,0.0,1.0,20,2,10,41.88730926,-87.76496157,"['10/17/2022', '08:20:00', 'PM']",INCAPACITATING INJURY with Device
f8a6a75e05e4bc7e89c1be34fc5afcd6ddb42b00bedd6a3f265782beb6281e4d69483e0f29f627b1bd4d3547797c1dd57ab6bbd553a77c44027f18d0d15b2338,2022-10-17 20:02:00,Monday,30,STOP SIGN/FLASHER,CLEAR,"DARKNESS, LIGHTED ROAD",PEDESTRIAN,DRY,INJURY AND / OR TOW DUE TO CRASH,"OVER $1,500",FAILING TO YIELD RIGHT-OF-WAY,3,INCAPACITATING INJURY,2.0,0.0,1.0,20,2,10,41.86571874,-87.6223643,"['10/17/2022', '08:02:00', 'PM']",INCAPACITATING INJURY with Device
5791eba79304ef458b6b79114e0e649b4e09d761da4cfd2db8fc27291c937b78e32a5d8ec703e07f94ccaf80ecdef791f882c4faa50f0336c7e6f43329ada80c,2022-10-17 16:45:00,Monday,25,STOP SIGN/FLASHER,CLOUDY/OVERCAST,DAYLIGHT,ANGLE,DRY,INJURY AND / OR TOW DUE TO CRASH,"OVER $1,500",DISREGARDING STOP SIGN,2,INCAPACITATING INJURY,1.0,0.0,1.0,16,2,10,41.95881927,-87.75747437,"['10/17/2022', '04:45:00', 'PM']",INCAPACITATING INJURY with Device
9eeaa3e1fae07c722dc817104495b2682303bca8b06e7e75b8a9fb0ab47cdb3923478f3e1b78faf005ed67d1b3be139f7944bc255b92eef6dce7dad35797ce87,2022-10-17 09:36:00,Monday,30,TRAFFIC SIGNAL,CLEAR,DAYLIGHT,SIDESWIPE OPPOSITE DIRECTION,DRY,INJURY AND / OR TOW DUE TO CRASH,"OVER $1,500",UNABLE TO DETERMINE,5,INCAPACITATING INJURY,1.0,0.0,1.0,9,2,10,41.82454769,-87.68471384,"['10/17/2022', '09:36:00', 'AM']",INCAPACITATING INJURY with Device
c4e0c63dc8bc53b859b2df59afcb0ca7646eed8a2880f94a73ac96baf7b4b7f4f785d8d05531a0046f93a1049902bedc698656190b3232f3161c43c5ae7bd7ab,2022-10-17 07:42:00,Monday,30,NO CONTROLS,CLEAR,DAYLIGHT,REAR END,DRY,INJURY AND / OR TOW DUE TO CRASH,"OVER $1,500",FOLLOWING TOO CLOSELY,2,INCAPACITATING INJURY,1.0,0.0,1.0,7,2,10,41.80776422,-87.74056712,"['10/17/2022', '07:42:00', 'AM']",INCAPACITATING INJURY without Device
aba3391bcd5b07dd3454a8637b7995db3338af24e7441125df36dc9c9b861bc46c56e0d316b0261ed124cca987b05fd1dfb00df13d5a2505ba273a140a4d7d16,2022-10-17 03:30:00,Monday,30,TRAFFIC SIGNAL,CLEAR,"DARKNESS, LIGHTED ROAD",ANGLE,DRY,INJURY AND / OR TOW DUE TO CRASH,"OVER $1,500",DISREGARDING TRAFFIC SIGNALS,2,INCAPACITATING INJURY,3.0,0.0,1.0,3,2,10,41.77313937,-87.6249914,"['10/17/2022', '03:30:00', 'AM']",INCAPACITATING INJURY with Device
7af21d2495155160b24ca6c99d80dcfdcd034b611d725ee89a25a02db1160e8b16b41711a76ef72e09154d06bba23862fedc14eaebcf97073b0b2f4dc1659ded,2022-10-17 01:50:00,Monday,30,STOP SIGN/FLASHER,CLEAR,"DARKNESS, LIGHTED ROAD",PEDESTRIAN,DRY,INJURY AND / OR TOW DUE TO CRASH,"OVER $1,500",UNABLE TO DETERMINE,2,INCAPACITATING INJURY,1.0,0.0,1.0,1,2,10,41.77903743,-87.69232035,"['10/17/2022', '01:50:00', 'AM']",INCAPACITATING INJURY with Device
d456ddf6cd77bfc82a791e852adef83f048c44e77b2c1aa9d47a0239070b0d085bddefcdbdd688e12da190bee094d3781279b71d40f5120c86288e18af75edda,2022-10-17 01:48:00,Monday,30,NO CONTROLS,CLEAR,"DARKNESS, LIGHTED ROAD",FIXED OBJECT,DRY,INJURY AND / OR TOW DUE TO CRASH,"OVER $1,500",UNABLE TO DETERMINE,1,FATAL,1.0,1.0,0.0,1,2,10,41.76881982,-87.68321123,"['10/17/2022', '01:48:00', 'AM']",FATAL without Device
bdd5ab0c2b8d2f64e0d63c00a00e389069b0a0331ead0f46980d5809e6d6b0d110835c126f21b1622ce0decafbb5aba998daf6aa083e339571d926b1087f50bb,2022-10-16 02:47:00,Sunday,15,NO CONTROLS,CLEAR,"DARKNESS, LIGHTED ROAD",PEDESTRIAN,DRY,INJURY AND / OR TOW DUE TO CRASH,"OVER $1,500",UNABLE TO DETERMINE,2,INCAPACITATING INJURY,1.0,0.0,1.0,2,1,10,41.80854059,-87.68489713,"['10/16/2022', '02:47:00', 'AM']",INCAPACITATING INJURY without Device
c9dc59617f480ee543bc0b5ad2925fc2ea7403c07dec628fae0189657acee5812093cf1b107c8349a2761c2b0bb2a7e0e1736cafa62e302c44b26e5fdb99e00b,2022-10-15 23:30:00,Saturday,35,TRAFFIC SIGNAL,CLEAR,"DARKNESS, LIGHTED ROAD",REAR END,DRY,INJURY AND / OR TOW DUE TO CRASH,"OVER $1,500",IMPROPER LANE USAGE,2,INCAPACITATING INJURY,2.0,0.0,2.0,23,7,10,41.8926379,-87.62534141,"['10/15/2022', '11:30:00', 'PM']",INCAPACITATING INJURY with Device
041bb10e709623557da6d3721d3d4bc1a86c517838826763ad8ef1be71da9c345f99b2ec1db9ff9c5bb0c94374c2db203e983f76551a799b6c5d23d886ef6aa4,2022-10-15 18:42:00,Saturday,20,NO CONTROLS,CLEAR,DUSK,REAR TO SIDE,DRY,INJURY AND / OR TOW DUE TO CRASH,"OVER $1,500",UNABLE TO DETERMINE,2,INCAPACITATING INJURY,2.0,0.0,1.0,18,7,10,41.76958131,-87.71777242,"['10/15/2022', '06:42:00', 'PM']",INCAPACITATING INJURY without Device
de5deea866edfe254de160ea7ee96c7b1ded0628904c2bd1e80afb0864afe6f2f7f06ee2cb9ee8c6754b7eb7a777416dae51b6a90a194094f2607493737bcfb7,2022-10-15 16:32:00,Saturday,35,TRAFFIC SIGNAL,CLEAR,DAYLIGHT,PEDESTRIAN,DRY,INJURY AND / OR TOW DUE TO CRASH,"OVER $1,500",UNABLE TO DETERMINE,2,INCAPACITATING INJURY,1.0,0.0,1.0,16,7,10,41.79877804,-87.74289903,"['10/15/2022', '04:32:00', 'PM']",INCAPACITATING INJURY with Device
f3a4c123d6bbb857f30cd38f6501eb5afbc50ff81380cf6b4e0c07d2b0216e3e344297ca18a8976d596306526b93aa964d9782649d89631a99bd5f7850a776c5,2022-10-15 15:45:00,Saturday,30,NO CONTROLS,CLEAR,DAYLIGHT,TURNING,DRY,INJURY AND / OR TOW DUE TO CRASH,"OVER $1,500",FAILING TO REDUCE SPEED TO AVOID CRASH,2,FATAL,5.0,2.0,0.0,15,7,10,41.84401744,-87.65278326,"['10/15/2022', '03:45:00', 'PM']",FATAL without Device
4e42f07fcba3a21b120aff514c14a40931691af726721a5f7e6b81da969c28002b7e8a2f806b60d931fc749814a1d1451d4baf49c9cb4304b499d6dae2428e74,2022-10-15 14:50:00,Saturday,30,PEDESTRIAN CROSSING SIGN,CLEAR,DAYLIGHT,PEDESTRIAN,DRY,INJURY AND / OR TOW DUE TO CRASH,$500 OR LESS,UNABLE TO DETERMINE,2,INCAPACITATING INJURY,1.0,0.0,1.0,14,7,10,41.85244209,-87.64663684,"['10/15/2022', '02:50:00', 'PM']",INCAPACITATING INJURY with Device
7a35a68939d83293aab6c7f8f81c936af9a0758a2a44c503d27685d8ba1fc78723c07c501734dc99ce761df173c9df6befda2f1026338e75e2e1e6a41269d368,2022-10-15 14:30:00,Saturday,35,TRAFFIC SIGNAL,CLEAR,DAYLIGHT,REAR END,DRY,INJURY AND / OR TOW DUE TO CRASH,"OVER $1,500",UNABLE TO DETERMINE,2,INCAPACITATING INJURY,1.0,0.0,1.0,14,7,10,41.95173151,-87.83680754,"['10/15/2022', '02:30:00', 'PM']",INCAPACITATING INJURY with Device
f9ad2f457341a0f3a0f77725d38b46f33ed8c5c390a0714ff9816fa9d06a2e8f74b98aece49b21b1b19d94b53eba8236996816791a0840f5dde5bdce4d1ed3f7,2022-10-15 13:45:00,Saturday,30,NO CONTROLS,CLEAR,DAYLIGHT,TURNING,DRY,INJURY AND / OR TOW DUE TO CRASH,"OVER $1,500",IMPROPER TURNING/NO SIGNAL,2,INCAPACITATING INJURY,2.0,0.0,1.0,13,7,10,41.87786848,-87.74504053,"['10/15/2022', '01:45:00', 'PM']",INCAPACITATING INJURY without Device
13278f3a106562fbac9f6d3aef1497bcf835065223be3a24c2b20a9d4aedf604cf42b3f8a9c871ffe8db50ba1a01707e755cce1fb6152f5c904f5b5ebfd2cf82,2022-10-15 12:59:00,Saturday,30,NO CONTROLS,CLEAR,DAYLIGHT,ANGLE,DRY,INJURY AND / OR TOW DUE TO CRASH,"OVER $1,500",FAILING TO YIELD RIGHT-OF-WAY,3,INCAPACITATING INJURY,1.0,0.0,1.0,12,7,10,41.86188597,-87.69448806,"['10/15/2022', '12:59:00', 'PM']",INCAPACITATING INJURY without Device
99a0c0438fad1dcbf6a8347317fc10d76a488f51ea241edf1c4bc616a57a9fe83e933dd7229901bb592b582a811e4a4f6f27ae964cd1a9dc14119494a6e7ae2a,2022-10-15 10:35:00,Saturday,35,NO CONTROLS,CLEAR,DAYLIGHT,HEAD ON,DRY,INJURY AND / OR TOW DUE TO CRASH,"OVER $1,500",IMPROPER LANE USAGE,2,INCAPACITATING INJURY,2.0,0.0,2.0,10,7,10,41.87062194,-87.74505246,"['10/15/2022', '10:35:00', 'AM']",INCAPACITATING INJURY without Device
7ce764f86605491096d0b317ecc057e19d4b72c07f395e88afe69553aa3a35b4ee39f2b7906762b70d993ae5426b7d9c3a1e2f4eb180d965149e73b8e7863de1,2022-10-14 23:05:00,Friday,35,NO CONTROLS,CLEAR,"DARKNESS, LIGHTED ROAD",FIXED OBJECT,WET,INJURY AND / OR TOW DUE TO CRASH,"OVER $1,500",FAILING TO REDUCE SPEED TO AVOID CRASH,1,INCAPACITATING INJURY,2.0,0.0,2.0,23,6,10,41.98555677,-87.65336148,"['10/14/2022', '11:05:00', 'PM']",INCAPACITATING INJURY without Device
b5faedb0f92a608d47081adbaed6bd7609498dd6b3acb93c3f34476754dac3f50965d7ffcd11320f2e36cf173df2452f48eae9892031164dad29065933db834c,2022-10-14 22:05:00,Friday,25,NO CONTROLS,RAIN,"DARKNESS, LIGHTED ROAD",TURNING,WET,INJURY AND / OR TOW DUE TO CRASH,$500 OR LESS,IMPROPER TURNING/NO SIGNAL,2,INCAPACITATING INJURY,1.0,0.0,1.0,22,6,10,41.99746955,-87.69848682,"['10/14/2022', '10:05:00', 'PM']",INCAPACITATING INJURY without Device
2fd850d8388ea5d9fcc5b94fa2ff8d43e6719eb81984017a08087535d0572f0f15ef21f732bddea180a3159113d0c913fc3cb9f2b272e3b77ec081f1f6828bef,2022-10-14 18:30:00,Friday,30,NO CONTROLS,CLEAR,DARKNESS,PARKED MOTOR VEHICLE,DRY,INJURY AND / OR TOW DUE TO CRASH,"OVER $1,500",UNABLE TO DETERMINE,2,INCAPACITATING INJURY,1.0,0.0,1.0,18,6,10,41.6892686,-87.7008852,"['10/14/2022', '06:30:00', 'PM']",INCAPACITATING INJURY without Device
9fa6ddc0401a1a61b4e6bc5899438a7e8bbace3213565c94502fef9e65df29d7e463a62513a218d52608f291a274a17155e1ec6ca3ce038edcfd7427c53053a2,2022-10-14 04:11:00,Friday,30,TRAFFIC SIGNAL,CLEAR,"DARKNESS, LIGHTED ROAD",ANGLE,DRY,INJURY AND / OR TOW DUE TO CRASH,"OVER $1,500",FAILING TO YIELD RIGHT-OF-WAY,4,INCAPACITATING INJURY,6.0,0.0,2.0,4,6,10,41.9691062,-87.64976661,"['10/14/2022', '04:11:00', 'AM']",INCAPACITATING INJURY with Device
6c3d6cb969800a4173ec4cf8cba39018e6d30fda5e580a6a7ed65e6b251fb2b263e835e5f4951008d50a8de9bfdf325bff947ea7e5e1b8d8947a76b3b71dae07,2022-10-14 01:28:00,Friday,30,NO CONTROLS,CLEAR,"DARKNESS, LIGHTED ROAD",PEDESTRIAN,DRY,INJURY AND / OR TOW DUE TO CRASH,"OVER $1,500",UNABLE TO DETERMINE,2,INCAPACITATING INJURY,1.0,0.0,1.0,1,6,10,41.75096174,-87.61764205,"['10/14/2022', '01:28:00', 'AM']",INCAPACITATING INJURY without Device
e2d37f5f94e7a56de31bf4daad1b1ae8bfe532fde2cf364de91ac47131aa8dca98824bc9578b604ccc4b9dc6f41cadeb5584d2017adc39b2247eb942c9ab24fd,2022-10-14 01:10:00,Friday,30,STOP SIGN/FLASHER,CLEAR,DARKNESS,PARKED MOTOR VEHICLE,DRY,INJURY AND / OR TOW DUE TO CRASH,"OVER $1,500",PHYSICAL CONDITION OF DRIVER,2,INCAPACITATING INJURY,1.0,0.0,1.0,1,6,10,41.86367092,-87.73013309,"['10/14/2022', '01:10:00', 'AM']",INCAPACITATING INJURY with Device
7eca6cadbe2f14df2f011303b8f79bd3243dc6d19b5c97a30a719e1f6700e02aa21e3b686f7c4625506c511cc11d22641ce7dd2b2e499d0948cf8920202ec552,2022-10-13 19:10:00,Thursday,30,STOP SIGN/FLASHER,CLEAR,DARKNESS,ANGLE,DRY,INJURY AND / OR TOW DUE TO CRASH,"OVER $1,500",UNABLE TO DETERMINE,2,INCAPACITATING INJURY,2.0,0.0,1.0,19,5,10,41.85109207,-87.69558576,"['10/13/2022', '07:10:00', 'PM']",INCAPACITATING INJURY with Device
ef71cdd2ce81e33e986ff65cb136f6836dafe7a618d9aa7f0b77ee71b54d039f48a31b4ac43ffda2caadac85c6ee7eb443cc2ab01ed04a98d7d9e90fce75de57,2022-10-13 14:50:00,Thursday,30,STOP SIGN/FLASHER,CLEAR,DAYLIGHT,ANGLE,DRY,INJURY AND / OR TOW DUE TO CRASH,"OVER $1,500",FAILING TO YIELD RIGHT-OF-WAY,2,INCAPACITATING INJURY,1.0,0.0,1.0,14,5,10,41.88622528,-87.64440752,"['10/13/2022', '02:50:00', 'PM']",INCAPACITATING INJURY with Device
274f6a4803ba308b5b7d11c6c165b989f9bca29852523da82a67f7be876c090e2e4dae304c8b3815202ba7261bc66190cb092b1116f5dcab6744609b345c53cd,2022-10-13 01:34:00,Thursday,25,TRAFFIC SIGNAL,CLEAR,"DARKNESS, LIGHTED ROAD",REAR END,DRY,INJURY AND / OR TOW DUE TO CRASH,"OVER $1,500",DISREGARDING OTHER TRAFFIC SIGNS,2,INCAPACITATING INJURY,2.0,0.0,1.0,1,5,10,41.87670574,-87.64705636,"['10/13/2022', '01:34:00', 'AM']",INCAPACITATING INJURY with Device
95861b1a53ec3cb247fb71645c744ad58d8c3ca1ca0cd6efa90ec52ea5e1eb4ae37b0986bd4a6c610c90a6727ab6d131b46fc5edc31d3189e38c4c29c9933b5e,2022-10-12 17:11:00,Wednesday,30,STOP SIGN/FLASHER,CLEAR,DAYLIGHT,ANGLE,DRY,INJURY AND / OR TOW DUE TO CRASH,"OVER $1,500",FAILING TO YIELD RIGHT-OF-WAY,2,INCAPACITATING INJURY,5.0,0.0,1.0,17,4,10,41.90953137,-87.76197617,"['10/12/2022', '05:11:00', 'PM']",INCAPACITATING INJURY with Device
a763f619937e30a67ad95cbfeb02d4d9b0bf87be6216e7b8e42b2a421a2746d1f766e2fd916a9c21599567d0aac779c3137fa9fa25e799bda4573104218921e7,2022-10-12 07:41:00,Wednesday,30,TRAFFIC SIGNAL,RAIN,DAYLIGHT,SIDESWIPE SAME DIRECTION,WET,INJURY AND / OR TOW DUE TO CRASH,"OVER $1,500",IMPROPER LANE USAGE,2,INCAPACITATING INJURY,1.0,0.0,1.0,7,4,10,41.88181237,-87.63661606,"['10/12/2022', '07:41:00', 'AM']",INCAPACITATING INJURY with Device
3aa0ee647bac22b58a42480468f77b0b30e55209726039596e03c7b64060a2ae68d067f0233c95b0a4c673cf87a4cc2e34cc586d991dcb7ac800ea49d8cb381a,2022-10-12 07:25:00,Wednesday,25,NO CONTROLS,RAIN,"DARKNESS, LIGHTED ROAD",PEDALCYCLIST,WET,INJURY AND / OR TOW DUE TO CRASH,$500 OR LESS,IMPROPER TURNING/NO SIGNAL,2,INCAPACITATING INJURY,1.0,0.0,1.0,7,4,10,41.97035134,-87.66781377,"['10/12/2022', '07:25:00', 'AM']",INCAPACITATING INJURY without Device
b81aa2f59d2f573d9d4bcf1bf54262a1603ada0ff6f68ba82572853f85a00ba47e7d53ebf43a2bada6819f3d99486de251f9def0d640a4ba11e8f119280de82a,2022-10-11 20:50:00,Tuesday,25,NO CONTROLS,RAIN,DARKNESS,PARKED MOTOR VEHICLE,WET,INJURY AND / OR TOW DUE TO CRASH,"OVER $1,500",NOT APPLICABLE,2,INCAPACITATING INJURY,1.0,0.0,1.0,20,3,10,41.94866066,-87.75436199,"['10/11/2022', '08:50:00', 'PM']",INCAPACITATING INJURY without Device
221429e444f9f499583a8f27dfa606532330e39f26163eb4771ee9cfbc5253189c06c0b6f34d8b80600fa95d9bd409ddf3c879ebce7bd33769c8b98d8392c55f,2022-10-11 20:22:00,Tuesday,30,NO CONTROLS,RAIN,DARKNESS,PEDESTRIAN,WET,INJURY AND / OR TOW DUE TO CRASH,$500 OR LESS,FAILING TO YIELD RIGHT-OF-WAY,2,INCAPACITATING INJURY,1.0,0.0,1.0,20,3,10,42.01031654,-87.69005585,"['10/11/2022', '08:22:00', 'PM']",INCAPACITATING INJURY without Device
0531cdfd4139e8740a80b7f862ccb30c7ea7cec08570543cd6cc35754c27b63c1de36432c21acfcf389b7569f8c876cfb835428365423da51a923f3b2d7f39d9,2022-10-11 18:45:00,Tuesday,30,TRAFFIC SIGNAL,RAIN,"DARKNESS, LIGHTED ROAD",PEDESTRIAN,WET,INJURY AND / OR TOW DUE TO CRASH,$500 OR LESS,FAILING TO YIELD RIGHT-OF-WAY,2,INCAPACITATING INJURY,1.0,0.0,1.0,18,3,10,41.89561531,-87.70670533,"['10/11/2022', '06:45:00', 'PM']",INCAPACITATING INJURY with Device
8c5cd3f8728fdf3e5cfc8170204b10db1086a17c3a4f0303859f0cfe4903c5df4ad6faa48f797daafca2db60e5d80ad0f4a5b91b7bea63a35733327bee63aa5b,2022-10-11 18:27:00,Tuesday,30,NO CONTROLS,RAIN,"DARKNESS, LIGHTED ROAD",PEDESTRIAN,WET,INJURY AND / OR TOW DUE TO CRASH,"OVER $1,500",FAILING TO YIELD RIGHT-OF-WAY,3,INCAPACITATING INJURY,1.0,0.0,1.0,18,3,10,41.93852283,-87.77884387,"['10/11/2022', '06:27:00', 'PM']",INCAPACITATING INJURY without Device
af19bb8d6979c6823c0145fec70b288abbac4e012fc37abf608bab0973fcdd0d3f69f9f1187c8cf4c312fd41c371bbc6fd6ec0bf4465832581a1531527744a29,2022-10-11 17:10:00,Tuesday,30,NO CONTROLS,RAIN,DAYLIGHT,TURNING,WET,INJURY AND / OR TOW DUE TO CRASH,"$501 - $1,500",FAILING TO YIELD RIGHT-OF-WAY,2,INCAPACITATING INJURY,1.0,0.0,1.0,17,3,10,41.95396851,-87.688318,"['10/11/2022', '05:10:00', 'PM']",INCAPACITATING INJURY without Device
a8de61f3aee44db1575fcabaabe60e69aff41143c305b226cd1a85ebebd52077063977aa9b9b518c59d039e55ce9ecfd910df2f4a14af34b5fa8c1e52575c363,2022-10-11 16:00:00,Tuesday,30,NO CONTROLS,RAIN,DAYLIGHT,FIXED OBJECT,SNOW OR SLUSH,INJURY AND / OR TOW DUE TO CRASH,"OVER $1,500",UNABLE TO DETERMINE,1,INCAPACITATING INJURY,1.0,0.0,1.0,16,3,10,41.77549242,-87.57505477,"['10/11/2022', '04:00:00', 'PM']",INCAPACITATING INJURY without Device
b4cec58bd5fef8bc3b296691a0e9d1de70dfc2c932b64d2334e335d0ced9f095a82091009b285f378d13a9f799ebe947066ad510a52614c6d63d9bd0fe0aa4f7,2022-10-11 14:45:00,Tuesday,30,NO CONTROLS,RAIN,DAYLIGHT,FIXED OBJECT,WET,INJURY AND / OR TOW DUE TO CRASH,"OVER $1,500",WEATHER,1,INCAPACITATING INJURY,1.0,0.0,1.0,14,3,10,41.94913468,-87.76671964,"['10/11/2022', '02:45:00', 'PM']",INCAPACITATING INJURY without Device
0e3dbdb57dece868dccf4face2a13a2ac982e32b122cffedc346bb28686abf6c8985588b32aef73f73b1201f453ba33365de918db7afe6993bb902e88c6a157b,2022-10-11 10:19:00,Tuesday,30,TRAFFIC SIGNAL,CLEAR,DAYLIGHT,PEDESTRIAN,DRY,INJURY AND / OR TOW DUE TO CRASH,$500 OR LESS,"VISION OBSCURED (SIGNS, TREE LIMBS, BUILDINGS, ETC.)",2,INCAPACITATING INJURY,1.0,0.0,1.0,10,3,10,41.98961491,-87.66040284,"['10/11/2022', '10:19:00', 'AM']",INCAPACITATING INJURY with Device
5be819ccdfef23903b2602f1a479ff7ce9b68267a75cf6db8b7e7fe471d8e7bbae993c039cab6fa3e0876e57698c23da85287ee6b827e71c87fb20e99a295cd1,2022-10-11 01:10:00,Tuesday,30,NO CONTROLS,CLEAR,"DARKNESS, LIGHTED ROAD",PEDESTRIAN,DRY,INJURY AND / OR TOW DUE TO CRASH,$500 OR LESS,UNABLE TO DETERMINE,2,INCAPACITATING INJURY,1.0,0.0,1.0,1,3,10,41.89478944,-87.75954728,"['10/11/2022', '01:10:00', 'AM']",INCAPACITATING INJURY without Device
3330dc41e3a81165f3a550c92f75119f4e12ff875fb1e52627e2b8564438a41c7aecf1e7334bce45af908796a290e2070fb532fea50b8905e522c3c435e79220,2022-10-10 16:03:00,Monday,30,STOP SIGN/FLASHER,CLEAR,DAYLIGHT,ANGLE,DRY,INJURY AND / OR TOW DUE TO CRASH,"OVER $1,500",UNABLE TO DETERMINE,2,INCAPACITATING INJURY,1.0,0.0,1.0,16,2,10,41.74285488,-87.6714335,"['10/10/2022', '04:03:00', 'PM']",INCAPACITATING INJURY with Device
e0061f819e245aef8ef29127d1b5b82646cf1d15b755f1b320b43f1e16d088d925adebe05e6e58834ead3a5173ed8c83719bc1229b497ac55cfc894da5253eb9,2022-10-10 10:22:00,Monday,30,STOP SIGN/FLASHER,CLEAR,DAYLIGHT,PEDESTRIAN,DRY,INJURY AND / OR TOW DUE TO CRASH,"$501 - $1,500",FAILING TO YIELD RIGHT-OF-WAY,2,INCAPACITATING INJURY,1.0,0.0,1.0,10,2,10,41.96092975,-87.72042588,"['10/10/2022', '10:22:00', 'AM']",INCAPACITATING INJURY with Device
f8c2aabef9e04e7b4c8d8fd6ba9a9679f17ff7ab6d2e33200c897a8c16cd95be331a21401f442c522b05dbf0ea662a002c8fdfd209a2b890214d7115f8d5ee65,2022-10-10 07:34:00,Monday,30,NO CONTROLS,CLEAR,DAYLIGHT,HEAD ON,DRY,INJURY AND / OR TOW DUE TO CRASH,"OVER $1,500","VISION OBSCURED (SIGNS, TREE LIMBS, BUILDINGS, ETC.)",2,INCAPACITATING INJURY,2.0,0.0,1.0,7,2,10,41.96097001,-87.73572307,"['10/10/2022', '07:34:00', 'AM']",INCAPACITATING INJURY without Device
5611d27a6d3e970c9f0b36d80609ce533d5acae883524a4b0104c0f5c3facc51fcfdbe49d6164dcd707aad74a8d11aac9e7aa98d97a4d76fda2f5af5a7403cc7,2022-10-09 18:50:00,Sunday,30,TRAFFIC SIGNAL,CLEAR,"DARKNESS, LIGHTED ROAD",PEDESTRIAN,DRY,INJURY AND / OR TOW DUE TO CRASH,"OVER $1,500",NOT APPLICABLE,2,INCAPACITATING INJURY,1.0,0.0,1.0,18,1,10,41.70754258,-87.60654847,"['10/09/2022', '06:50:00', 'PM']",INCAPACITATING INJURY with Device
d5a6d8e9caf4ded1706aa83503dd1b966646fdc3393b93c9e4c701259bbb2f33d3a85da5e1f165405f1b7cbe69bba27aa270b7c4cc4e31dc5e13c5460839d6e3,2022-10-09 14:27:00,Sunday,30,TRAFFIC SIGNAL,CLEAR,DAYLIGHT,PEDESTRIAN,DRY,INJURY AND / OR TOW DUE TO CRASH,$500 OR LESS,DRIVING SKILLS/KNOWLEDGE/EXPERIENCE,2,INCAPACITATING INJURY,1.0,0.0,1.0,14,1,10,41.75102047,-87.61510225,"['10/09/2022', '02:27:00', 'PM']",INCAPACITATING INJURY with Device
abac8bb37cd2d61e0c6dca876c9cc2925397699af9f7eb0780bba7367546de7194213b046d6b5458078573e399db66720152ffa948bc4a1f7470a68574c186da,2022-10-09 14:26:00,Sunday,35,TRAFFIC SIGNAL,CLEAR,DAYLIGHT,ANGLE,DRY,INJURY AND / OR TOW DUE TO CRASH,"OVER $1,500",DISREGARDING TRAFFIC SIGNALS,3,INCAPACITATING INJURY,3.0,0.0,2.0,14,1,10,41.74375863,-87.6247497,"['10/09/2022', '02:26:00', 'PM']",INCAPACITATING INJURY with Device
1b546c6278f092b38f00ee50932cbc6e03f461de3e9fd7b8f9426871faad087a256a700453741466bab432d33146034c143924c155085aaf93e66da8b7d51deb,2022-10-08 21:00:00,Saturday,30,NO CONTROLS,CLEAR,DARKNESS,PEDESTRIAN,DRY,INJURY AND / OR TOW DUE TO CRASH,"$501 - $1,500",UNABLE TO DETERMINE,2,INCAPACITATING INJURY,1.0,0.0,1.0,21,7,10,41.76513159,-87.64200392,"['10/08/2022', '09:00:00', 'PM']",INCAPACITATING INJURY without Device