CRASH_RECORD_ID,CRASH_DATE,Weekday,POSTED_SPEED_LIMIT,TRAFFIC_CONTROL_DEVICE,WEATHER_CONDITION,LIGHTING_CONDITION,FIRST_CRASH_TYPE,ROADWAY_SURFACE_COND,CRASH_TYPE,DAMAGE,PRIM_CONTRIBUTORY_CAUSE,NUM_UNITS,MOST_SEVERE_INJURY,INJURIES_TOTAL,INJURIES_FATAL,INJURIES_INCAPACITATING,CRASH_HOUR,CRASH_DAY_OF_WEEK,CRASH_MONTH,LATITUDE,LONGITUDE,CRASH_TIME,CATEGORIES
ae385a980fa5fda7b4b72a570a0a855546245c393ee293715f503db9bc5ac66419eaf391fd1754d9ba73ad933bc099ca30f14e357c84918b16c207c47fa3875a,2022-09-15 10:33:00,Thursday,30,NO CONTROLS,CLEAR,DAYLIGHT,PEDESTRIAN,DRY,INJURY AND / OR TOW DUE TO CRASH,"$501 - $1,500",UNABLE TO DETERMINE,2,INCAPACITATING INJURY,1.0,0.0,1.0,10,5,9,41.82474601,-87.68666197,"['09/15/2022', '10:33:00', 'AM']",INCAPACITATING INJURY without Device
77f0fa0f91e2054023eb549913d7715afb0012fc346449a261561d28cb32a8d8faf2b06b2790632e6751e9679f01a0806c5380b349cd3412ee0678c0c5b74aef,2022-09-15 08:35:00,Thursday,30,TRAFFIC SIGNAL,CLEAR,DAYLIGHT,REAR END,DRY,INJURY AND / OR TOW DUE TO CRASH,"$501 - $1,500",UNABLE TO DETERMINE,2,INCAPACITATING INJURY,1.0,0.0,1.0,8,5,9,41.94633017,-87.73934066,"['09/15/2022', '08:35:00', 'AM']",INCAPACITATING INJURY with Device
929e1a154915b557ea836b254761348db98206b12609228229c55e591bdafdc799a956b58489c0f8534aa042fb454bc13d4a1a5f46c24d0d11ab9d771a7f4b95,2022-09-15 08:25:00,Thursday,30,TRAFFIC SIGNAL,CLEAR,DAYLIGHT,TURNING,DRY,INJURY AND / OR TOW DUE TO CRASH,"OVER $1,500",DISREGARDING TRAFFIC SIGNALS,2,INCAPACITATING INJURY,2.0,0.0,2.0,8,5,9,41.77546429,-87.5730835,"['09/15/2022', '08:25:00', 'AM']",INCAPACITATING INJURY with Device
5939e99ed86bbaa6b1b5c0318f1399424d4a0e81ff76e34a31915e052fcb25d000d47a4e3d9ee97eab1194c241bab1b94c7a0e9741d817770a3ac6475a4c3871,2022-09-15 08:00:00,Thursday,30,STOP SIGN/FLASHER,CLEAR,DAYLIGHT,PEDALCYCLIST,DRY,INJURY AND / OR TOW DUE TO CRASH,"$501 - $1,500",UNABLE TO DETERMINE,2,INCAPACITATING INJURY,1.0,0.0,1.0,8,5,9,41.88916857,-87.64138583,"['09/15/2022', '08:00:00', 'AM']",INCAPACITATING INJURY with Device
06a2a3b3095a83779e9ef625cf397c2c954f95293bd21dd72d1f0f946995430bcb8eeb881036740091cb46259c65c885eb6d5028ce644277382cb093835af4ec,2022-09-14 19:46:00,Wednesday,30,NO CONTROLS,CLEAR,"DARKNESS, LIGHTED ROAD",PEDESTRIAN,DRY,INJURY AND / OR TOW DUE TO CRASH,"OVER $1,500",UNABLE TO DETERMINE,2,INCAPACITATING INJURY,1.0,0.0,1.0,19,4,9,41.82720231,-87.63156539,"['09/14/2022', '07:46:00', 'PM']",INCAPACITATING INJURY without Device
1ee8c692856c9de2ae251e4c294de5894a601b991f124926d56284f5cab4892da8cc725668086406dfa2d905288028101e1ee0ba54ec70e04e2705f5e49da248,2022-09-14 15:50:00,Wednesday,30,TRAFFIC SIGNAL,CLEAR,DAYLIGHT,PEDALCYCLIST,DRY,INJURY AND / OR TOW DUE TO CRASH,"$501 - $1,500","VISION OBSCURED (SIGNS, TREE LIMBS, BUILDINGS, ETC.)",2,INCAPACITATING INJURY,1.0,0.0,1.0,15,4,9,41.93029546,-87.68581874,"['09/14/2022', '03:50:00', 'PM']",INCAPACITATING INJURY with Device
84ddf0bcc9cc8243c6e6c5760007674b79b39e72febfebb39edd0173c1526c1646dad3700a2e7ecc408bdab847008f60184b14eda9e501d046d92b593ee5b035,2022-09-14 15:50:00,Wednesday,30,NO CONTROLS,CLEAR,DAYLIGHT,PEDESTRIAN,DRY,INJURY AND / OR TOW DUE TO CRASH,$500 OR LESS,UNABLE TO DETERMINE,2,INCAPACITATING INJURY,1.0,0.0,1.0,15,4,9,41.88317533,-87.75046905,"['09/14/2022', '03:50:00', 'PM']",INCAPACITATING INJURY without Device
770dfee9535f925a9a8f325deaaf1574cab27b96f8fe15e385192ab6aeb084512600186a33cd869f786bbfbe8a770bb646ab604b277f2a9ff4259e8a4064ec95,2022-09-14 13:28:00,Wednesday,30,STOP SIGN/FLASHER,CLEAR,DAYLIGHT,PEDALCYCLIST,DRY,INJURY AND / OR TOW DUE TO CRASH,"OVER $1,500",FAILING TO REDUCE SPEED TO AVOID CRASH,2,INCAPACITATING INJURY,1.0,0.0,1.0,13,4,9,41.83808664,-87.6543134,"['09/14/2022', '01:28:00', 'PM']",INCAPACITATING INJURY with Device
f662cda305c73a1f222bf1917224b56cb83350f1021c89410a1217c4a69074dbd6611b9be291257d299e1e77a69493a466cc0131cbf4c952703060b4deec05ec,2022-09-14 08:40:00,Wednesday,35,NO CONTROLS,CLEAR,DAYLIGHT,SIDESWIPE SAME DIRECTION,DRY,INJURY AND / OR TOW DUE TO CRASH,"OVER $1,500",UNABLE TO DETERMINE,2,INCAPACITATING INJURY,1.0,0.0,1.0,8,4,9,41.89444828,-87.72620305,"['09/14/2022', '08:40:00', 'AM']",INCAPACITATING INJURY without Device
b8cfe589f6bf89bc08f30158f766e5f1b2633fdebb93d48521db58322b0c6c99bf900f82d977a3aa30040cdb686a2725fc158809773027a7fc826975dc64a5a6,2022-09-14 08:29:00,Wednesday,30,TRAFFIC SIGNAL,CLEAR,DAYLIGHT,TURNING,DRY,INJURY AND / OR TOW DUE TO CRASH,"OVER $1,500",FAILING TO YIELD RIGHT-OF-WAY,2,INCAPACITATING INJURY,2.0,0.0,1.0,8,4,9,41.95273363,-87.79079455,"['09/14/2022', '08:29:00', 'AM']",INCAPACITATING INJURY with Device
797dca4c97c487c1122abfaaad83fba0d859d5c27ec7d3232a006b5a12ec3b6e85ffe6df7de71200ad6fa280612a9d9a379dda851422d923b15fd8bf0d692152,2022-09-14 01:55:00,Wednesday,30,STOP SIGN/FLASHER,CLEAR,"DARKNESS, LIGHTED ROAD",TURNING,DRY,INJURY AND / OR TOW DUE TO CRASH,"OVER $1,500",DISREGARDING TRAFFIC SIGNALS,2,INCAPACITATING INJURY,1.0,0.0,1.0,1,4,9,41.78031747,-87.60607456,"['09/14/2022', '01:55:00', 'AM']",INCAPACITATING INJURY with Device
6eb11e7db4511dbdf61f26a703501bf7945e284e93a026cb76ea0851184c604eb8ffdd0cdccf67de6695327b29330773e12eadc2c5f3199cc78fe59b39b5800e,2022-09-13 19:30:00,Tuesday,25,STOP SIGN/FLASHER,CLEAR,DARKNESS,ANGLE,DRY,INJURY AND / OR TOW DUE TO CRASH,"OVER $1,500",DISREGARDING STOP SIGN,3,INCAPACITATING INJURY,1.0,0.0,1.0,19,3,9,41.86444495,-87.71551209,"['09/13/2022', '07:30:00', 'PM']",INCAPACITATING INJURY with Device
40b88aebf39d422cf4f14fa5f99636e4a861a973cc020964558cc2b97f5b43b524635b2c5a43aaf9ecfaeb1c565936412f309541424d870f09a49414c4d4276e,2022-09-13 18:41:00,Tuesday,30,TRAFFIC SIGNAL,CLEAR,DAYLIGHT,TURNING,DRY,INJURY AND / OR TOW DUE TO CRASH,"OVER $1,500",IMPROPER TURNING/NO SIGNAL,2,INCAPACITATING INJURY,4.0,0.0,1.0,18,3,9,41.87370279,-87.62406676,"['09/13/2022', '06:41:00', 'PM']",INCAPACITATING INJURY with Device
dcd3f07d7e0be1b152da3d985367fadb50396757959f465af1c73f8c57b25d2cb4d415171d3094f658167536dcf3d9f816d7a9a7170172a4c0a981473259bc83,2022-09-13 15:40:00,Tuesday,30,NO CONTROLS,CLEAR,DAYLIGHT,PEDESTRIAN,DRY,INJURY AND / OR TOW DUE TO CRASH,"$501 - $1,500",DRIVING SKILLS/KNOWLEDGE/EXPERIENCE,2,INCAPACITATING INJURY,1.0,0.0,1.0,15,3,9,41.69183708,-87.67092176,"['09/13/2022', '03:40:00', 'PM']",INCAPACITATING INJURY without Device
85426651b1929646846b983c8b3c6f4ebc390ddfa9db5dacba34b2d4a41ae6ede168458e160108423201337706aa0989b27f33adeedae242ea3b67b20be8477b,2022-09-13 08:34:00,Tuesday,30,NO CONTROLS,CLEAR,DAYLIGHT,PEDESTRIAN,DRY,INJURY AND / OR TOW DUE TO CRASH,"OVER $1,500",FAILING TO YIELD RIGHT-OF-WAY,2,INCAPACITATING INJURY,2.0,0.0,1.0,8,3,9,41.99728106,-87.78415218,"['09/13/2022', '08:34:00', 'AM']",INCAPACITATING INJURY without Device
8932fe8d347da5d68403404cdc48f4d548cb0fd519a13a105883a450a7de6d709adefec0f2cd5a4b94b69e6569265a44de90d09322edacb5935a936dd5114753,2022-09-12 21:24:00,Monday,30,NO CONTROLS,CLEAR,"DARKNESS, LIGHTED ROAD",PEDESTRIAN,DRY,INJURY AND / OR TOW DUE TO CRASH,"OVER $1,500",UNABLE TO DETERMINE,2,FATAL,1.0,1.0,0.0,21,2,9,41.75104183,-87.6129789,"['09/12/2022', '09:24:00', 'PM']",FATAL without Device
19d0e7b70ef0a417bc28fb47061b5e51e147f7291677705ec38dacfd1fc76c2a79bf15dd0d175e9cfb4e13bbe4cb4ba1b62a135f00ac2c94d2a9e5d6b6681909,2022-09-12 20:50:00,Monday,25,STOP SIGN/FLASHER,CLEAR,"DARKNESS, LIGHTED ROAD",PEDESTRIAN,DRY,INJURY AND / OR TOW DUE TO CRASH,$500 OR LESS,DISREGARDING STOP SIGN,2,INCAPACITATING INJURY,1.0,0.0,1.0,20,2,9,41.80684762,-87.66750227,"['09/12/2022', '08:50:00', 'PM']",INCAPACITATING INJURY with Device
9354ef6bbef6b14cca4c975a2b05225c3a250aef106e42c00c2f05ed2a213f722612c5a8c4cddc4ce88adfb6c8d78b74c48baf2140f508d7367e323c385a0141,2022-09-12 20:20:00,Monday,30,TRAFFIC SIGNAL,CLEAR,DAYLIGHT,SIDESWIPE SAME DIRECTION,DRY,INJURY AND / OR TOW DUE TO CRASH,"OVER $1,500",IMPROPER LANE USAGE,3,INCAPACITATING INJURY,2.0,0.0,1.0,20,2,9,41.90276997,-87.70183868,"['09/12/2022', '08:20:00', 'PM']",INCAPACITATING INJURY with Device
b4e1d4a133dd5d03c12d0b7a63bc3433d6a8fc0e313b2dda3110548d971d762e4bccf4cdd5fabc7063c5f40182ee01d0bde09eef131a9cefde267b732845017e,2022-09-12 14:59:00,Monday,35,TRAFFIC SIGNAL,CLOUDY/OVERCAST,DAYLIGHT,ANGLE,DRY,INJURY AND / OR TOW DUE TO CRASH,"OVER $1,500",UNABLE TO DETERMINE,2,INCAPACITATING INJURY,2.0,0.0,1.0,14,2,9,41.7443693,-87.56627071,"['09/12/2022', '02:59:00', 'PM']",INCAPACITATING INJURY with Device
298461e7ff32eee3abd77ea1ef772de15cc210e448b8326ddcbf7bd77754011c4eeff367e6e2f4dd20f3c8a1a7cff0fbb98eafff0c2331dab0577b9c5ffbb0db,2022-09-12 13:56:00,Monday,30,TRAFFIC SIGNAL,CLEAR,DAYLIGHT,ANGLE,WET,INJURY AND / OR TOW DUE TO CRASH,"OVER $1,500",DISREGARDING TRAFFIC SIGNALS,2,INCAPACITATING INJURY,9.0,0.0,2.0,13,2,9,41.881985,-87.70628734,"['09/12/2022', '01:56:00', 'PM']",INCAPACITATING INJURY with Device
fbfd38532bc68f7a8e067fc5d57dd61c5dcd9df7984760cddbbf41fb717daf09e34027379bdf0b57d4f91661028894062b19d4cbd4f94cc1555dd0f68ad9b87a,2022-09-11 14:58:00,Sunday,25,TRAFFIC SIGNAL,RAIN,DAYLIGHT,TURNING,WET,INJURY AND / OR TOW DUE TO CRASH,"OVER $1,500",FAILING TO YIELD RIGHT-OF-WAY,2,INCAPACITATING INJURY,4.0,0.0,2.0,14,1,9,41.83097013,-87.62340212,"['09/11/2022', '02:58:00', 'PM']",INCAPACITATING INJURY with Device
bfa90efc2b33104a4f3fa6f9370c0f8e525d599c1f1da320a9c1d0414d76432886ab16c4a8178acde47c991ae6a08f5e35463c8464ecc6d2b018d776df7e37f8,2022-09-11 11:20:00,Sunday,30,TRAFFIC SIGNAL,RAIN,DAYLIGHT,PEDESTRIAN,WET,INJURY AND / OR TOW DUE TO CRASH,"OVER $1,500",FAILING TO YIELD RIGHT-OF-WAY,2,INCAPACITATING INJURY,1.0,0.0,1.0,11,1,9,41.97648167,-87.65483978,"['09/11/2022', '11:20:00', 'AM']",INCAPACITATING INJURY with Device
30d13c2a0d622a82fb56893d87cba5169d5838c3e2556f9681ee3561d5a666cb70e23a0e09547faaddeae31db682019254f15484823c7734015bf42f166d64ca,2022-09-11 03:15:00,Sunday,30,STOP SIGN/FLASHER,CLEAR,"DARKNESS, LIGHTED ROAD",TURNING,DRY,INJURY AND / OR TOW DUE TO CRASH,"OVER $1,500",DISREGARDING STOP SIGN,3,INCAPACITATING INJURY,2.0,0.0,2.0,3,1,9,41.73751858,-87.66325375,"['09/11/2022', '03:15:00', 'AM']",INCAPACITATING INJURY with Device
13c67befbdf0cfc5304fac14c0ef93415a0bf4e220451a8b35982a8105e49479e0adc3c8e5ac67872c89e99631179f2de89f9218e13b451913ca630636446a7b,2022-09-11 02:29:00,Sunday,40,NO CONTROLS,CLEAR,"DARKNESS, LIGHTED ROAD",HEAD ON,DRY,INJURY AND / OR TOW DUE TO CRASH,"OVER $1,500",DRIVING ON WRONG SIDE/WRONG WAY,2,FATAL,2.0,2.0,0.0,2,1,9,41.91841623,-87.62922482,"['09/11/2022', '02:29:00', 'AM']",FATAL without Device
0acf7998709cea9d94d3e53d1a08a74118f3f5b119bf2e4c951d914bd48a835d9681f26890a6c7a58ac90a919220391bdf11f61e81447d6c20d34bfe05b83938,2022-09-11 01:40:00,Sunday,30,STOP SIGN/FLASHER,CLEAR,"DARKNESS, LIGHTED ROAD",TURNING,DRY,INJURY AND / OR TOW DUE TO CRASH,"$501 - $1,500",UNABLE TO DETERMINE,2,INCAPACITATING INJURY,1.0,0.0,1.0,1,1,9,41.75969687,-87.64198027,"['09/11/2022', '01:40:00', 'AM']",INCAPACITATING INJURY with Device
4514ace7bc62bd34430412e2595d19c3a68a175324b2a4f5564721747aa9bf26ec7496a364396abd0b90a02cfc886849c6b8f03cfe55081d6612072ff79bfaca,2022-09-11 01:09:00,Sunday,30,NO CONTROLS,CLEAR,"DARKNESS, LIGHTED ROAD",HEAD ON,DRY,INJURY AND / OR TOW DUE TO CRASH,"OVER $1,500",FAILING TO REDUCE SPEED TO AVOID CRASH,2,INCAPACITATING INJURY,5.0,0.0,5.0,1,1,9,41.82120987,-87.70434018,"['09/11/2022', '01:09:00', 'AM']",INCAPACITATING INJURY without Device
80e06b46bc634002f976a34dfc9062b60ab49952722c2f2c2c879f629810ba0ac900dedb3d5b7f279221e5a57b82834c7eeaa0eeeb632e99e36d1e5c6c8b912f,2022-09-10 23:44:00,Saturday,30,TRAFFIC SIGNAL,CLEAR,"DARKNESS, LIGHTED ROAD",PEDALCYCLIST,DRY,INJURY AND / OR TOW DUE TO CRASH,"OVER $1,500",UNABLE TO DETERMINE,2,INCAPACITATING INJURY,1.0,0.0,1.0,23,7,9,41.76460891,-87.68338705,"['09/10/2022', '11:44:00', 'PM']",INCAPACITATING INJURY with Device
1c91ee2c22331e3c961037642dbe751093a1b0a69022733d8cb437829bde98b4c0876fec86fd4d51ea3d1b4380940e311eaac98144980a7001aacee7eefd9216,2022-09-10 20:39:00,Saturday,30,TRAFFIC SIGNAL,CLEAR,"DARKNESS, LIGHTED ROAD",ANGLE,DRY,INJURY AND / OR TOW DUE TO CRASH,"OVER $1,500",FAILING TO REDUCE SPEED TO AVOID CRASH,5,INCAPACITATING INJURY,6.0,0.0,1.0,20,7,9,41.79344626,-87.67434646,"['09/10/2022', '08:39:00', 'PM']",INCAPACITATING INJURY with Device
3345e3e3709957af6e0a7899ff4732353f1e9d094ff6ed0160fd4d3fd58581fd1b787672200644317c3787009094dee86afe7155a30b47e6fb0d1b63fb4a8612,2022-09-10 17:18:00,Saturday,30,STOP SIGN/FLASHER,CLEAR,DAYLIGHT,ANGLE,DRY,INJURY AND / OR TOW DUE TO CRASH,"OVER $1,500",FAILING TO YIELD RIGHT-OF-WAY,2,INCAPACITATING INJURY,1.0,0.0,1.0,17,7,9,41.7307414,-87.64361228,"['09/10/2022', '05:18:00', 'PM']",INCAPACITATING INJURY with Device
2db4638b203dbf03e7bede96b14ea50dee10c17fad4741480ba4b1055323d46cb728c37f0ff94ea1f2a60efcc82408813a548ee93bc04aa1254014e0a426c85a,2022-09-10 09:10:00,Saturday,30,TRAFFIC SIGNAL,CLEAR,DAYLIGHT,PEDESTRIAN,DRY,INJURY AND / OR TOW DUE TO CRASH,"OVER $1,500",DISREGARDING TRAFFIC SIGNALS,2,INCAPACITATING INJURY,1.0,0.0,1.0,9,7,9,41.91026903,-87.70201587,"['09/10/2022', '09:10:00', 'AM']",INCAPACITATING INJURY with Device
1b2d8d20409cbaaad21ab689a6c73e5914f8e53605f77ba8e13582dc2afc93da706dc9087420b7e9ca5211ea1456dc0345924bbbcb17ae6e8100b5619cdff361,2022-09-10 01:18:00,Saturday,30,FLASHING CONTROL SIGNAL,CLEAR,"DARKNESS, LIGHTED ROAD",PEDESTRIAN,DRY,INJURY AND / OR TOW DUE TO CRASH,"OVER $1,500",DISREGARDING TRAFFIC SIGNALS,2,INCAPACITATING INJURY,1.0,0.0,1.0,1,7,9,41.79422529,-87.62583602,"['09/10/2022', '01:18:00', 'AM']",INCAPACITATING INJURY with Device
9cd5faeef07c299a7e950061fdba2ac3704c16bfa0c09fe1f4cb62bf1fff820a3fae15e2da0beb7760cc46173bf53565be49aa13e4a6bd660f6e9f6d624e50f9,2022-09-10 01:12:00,Saturday,30,TRAFFIC SIGNAL,CLEAR,"DARKNESS, LIGHTED ROAD",ANGLE,DRY,INJURY AND / OR TOW DUE TO CRASH,"$501 - $1,500",DISREGARDING TRAFFIC SIGNALS,2,INCAPACITATING INJURY,1.0,0.0,1.0,1,7,9,41.88192917,-87.64418136,"['09/10/2022', '01:12:00', 'AM']",INCAPACITATING INJURY with Device
c17cf1204062ade51583b692cc9dca6ff580fe142e2c21516921875c011519000ce3d4865445f2d8d6b3e85716bbf03feae191abc6c826694552bdbf54f4dc6f,2022-09-09 23:26:00,Friday,30,TRAFFIC SIGNAL,CLEAR,"DARKNESS, LIGHTED ROAD",PEDALCYCLIST,UNKNOWN,INJURY AND / OR TOW DUE TO CRASH,$500 OR LESS,BICYCLE ADVANCING LEGALLY ON RED LIGHT,2,INCAPACITATING INJURY,1.0,0.0,1.0,23,6,9,41.94343231,-87.66891276,"['09/09/2022', '11:26:00', 'PM']",INCAPACITATING INJURY with Device
e7867345d0642f3a2671be4494af6682cf949ed73d82d0d240b7aee2710c967ef3e4560da9714d0a964684a6e8c2f31489c4d166ec0da5ae7874ee50f34c3396,2022-09-09 23:02:00,Friday,30,NO CONTROLS,CLEAR,"DARKNESS, LIGHTED ROAD",PEDESTRIAN,DRY,INJURY AND / OR TOW DUE TO CRASH,$500 OR LESS,FAILING TO YIELD RIGHT-OF-WAY,2,INCAPACITATING INJURY,1.0,0.0,1.0,23,6,9,41.91040567,-87.67558657,"['09/09/2022', '11:02:00', 'PM']",INCAPACITATING INJURY without Device
d615682ed62812264d05feed626153b8e28ce8c159a683558a442ddd7ddb446a3409b0e376d2915732977a5ba302bdb59fd90bbbdf32fd904edfc5bb62b627b7,2022-09-09 22:20:00,Friday,30,TRAFFIC SIGNAL,CLEAR,DAYLIGHT,PEDALCYCLIST,DRY,INJURY AND / OR TOW DUE TO CRASH,"OVER $1,500",NOT APPLICABLE,2,INCAPACITATING INJURY,1.0,0.0,1.0,22,6,9,41.88135862,-87.67678939,"['09/09/2022', '10:20:00', 'PM']",INCAPACITATING INJURY with Device
9d36f361ff6da18d1843f95ac82b9e390917ee570b4c79fa25bba12c1d741b81ec0298f02ee7012b82845f7ae6237b94e72cc413277306e0cbd2be4e273525ff,2022-09-09 22:00:00,Friday,35,NO CONTROLS,CLEAR,"DARKNESS, LIGHTED ROAD",PARKED MOTOR VEHICLE,DRY,INJURY AND / OR TOW DUE TO CRASH,"OVER $1,500",DISTRACTION - FROM OUTSIDE VEHICLE,3,INCAPACITATING INJURY,1.0,0.0,1.0,22,6,9,41.7711425,-87.57628861,"['09/09/2022', '10:00:00', 'PM']",INCAPACITATING INJURY without Device
76dbe313483d1959851122e416cd49931291f391fdb8feb31dd60025e6e01a38939bcc6fc4f2cc7f3b61f5b62be278bede40b60b1f96af3ad12b25bfa03e1004,2022-09-09 16:48:00,Friday,25,NO CONTROLS,CLEAR,DAYLIGHT,PARKED MOTOR VEHICLE,DRY,INJURY AND / OR TOW DUE TO CRASH,"OVER $1,500",FAILING TO YIELD RIGHT-OF-WAY,3,INCAPACITATING INJURY,3.0,0.0,3.0,16,6,9,41.75723104,-87.59941911,"['09/09/2022', '04:48:00', 'PM']",INCAPACITATING INJURY without Device
12fd0fabe01c7b4d1c6b073fce5813d940f6c0fbb607d76fec3f2b7af39bf971babcd396103358a934abeab22b46d77e31e28e73e45845262bfc095b194b1211,2022-09-09 07:48:00,Friday,30,TRAFFIC SIGNAL,CLEAR,DAYLIGHT,PEDESTRIAN,DRY,INJURY AND / OR TOW DUE TO CRASH,"OVER $1,500",DRIVING ON WRONG SIDE/WRONG WAY,2,INCAPACITATING INJURY,1.0,0.0,1.0,7,6,9,41.90302614,-87.63134877,"['09/09/2022', '07:48:00', 'AM']",INCAPACITATING INJURY with Device
30a44a08f7509537f35d8e12c75108b2f07f68b2062245269ab95769773c1ca193d6767578d079028ec3154f03ece33871793d61826ab980c48268aade0007f0,2022-09-09 06:27:00,Friday,30,NO CONTROLS,CLEAR,DAYLIGHT,SIDESWIPE SAME DIRECTION,DRY,INJURY AND / OR TOW DUE TO CRASH,"OVER $1,500",FAILING TO YIELD RIGHT-OF-WAY,2,INCAPACITATING INJURY,1.0,0.0,1.0,6,6,9,41.9089214,-87.6775678,"['09/09/2022', '06:27:00', 'AM']",INCAPACITATING INJURY without Device
f8783b84d379e1eba46c60ae06e01bf517789f44d50d2d0a8e1575fc964bd7aa27617a5c24b9817149a5c548f5bb9b5f9d80fba54a3df9643399522dc0ad77b6,2022-09-08 21:46:00,Thursday,30,TRAFFIC SIGNAL,CLEAR,"DARKNESS, LIGHTED ROAD",TURNING,DRY,INJURY AND / OR TOW DUE TO CRASH,"OVER $1,500",FAILING TO YIELD RIGHT-OF-WAY,2,INCAPACITATING INJURY,2.0,0.0,1.0,21,5,9,41.95295865,-87.7867085,"['09/08/2022', '09:46:00', 'PM']",INCAPACITATING INJURY with Device
c6e8c070fd34765c716e84b51fecfc859fde86f195d8991a2f21625642d705885eee925a68a950b7705b069daa01b24a408f39805060426329d97556f378f012,2022-09-08 20:17:00,Thursday,30,NO CONTROLS,CLEAR,"DARKNESS, LIGHTED ROAD",PEDESTRIAN,DRY,INJURY AND / OR TOW DUE TO CRASH,$500 OR LESS,FAILING TO YIELD RIGHT-OF-WAY,2,INCAPACITATING INJURY,1.0,0.0,1.0,20,5,9,41.94470585,-87.78618067,"['09/08/2022', '08:17:00', 'PM']",INCAPACITATING INJURY without Device
abb490b3b91257655f323a0297d64471ddc9cdb7406c53e501bfb881dd934b12e08e965d9bd077c8d0e6998022d94ce815bdcfff5085a33ec4d2d051623afca8,2022-09-08 16:38:00,Thursday,30,NO CONTROLS,CLEAR,DAYLIGHT,PEDALCYCLIST,DRY,INJURY AND / OR TOW DUE TO CRASH,"OVER $1,500",FAILING TO YIELD RIGHT-OF-WAY,2,INCAPACITATING INJURY,1.0,0.0,1.0,16,5,9,41.94872454,-87.66875804,"['09/08/2022', '04:38:00', 'PM']",INCAPACITATING INJURY without Device
643c587bbae60800977d9319420ce6d1c3795aba894b6c2f36f90d5d4c7a25b0e653d9ee3c3e8d4564be4eb3e9daead7f86981cf22c67da43ec4a3f222c98ede,2022-09-08 11:44:00,Thursday,30,NO CONTROLS,CLEAR,DAYLIGHT,TURNING,DRY,INJURY AND / OR TOW DUE TO CRASH,"OVER $1,500",FAILING TO YIELD RIGHT-OF-WAY,2,FATAL,1.0,1.0,0.0,11,5,9,41.89446403,-87.6528852,"['09/08/2022', '11:44:00', 'AM']",FATAL without Device
e433e77df47669de19296fb3dbad8b44f431142f2fd1387f2da59e43d3c38a0efc9af4c8da288b56b81fb582b1f5ee7587c239e1f97e9be4ecfed2d49b12b3cb,2022-09-08 09:20:00,Thursday,30,TRAFFIC SIGNAL,CLEAR,DAYLIGHT,PEDESTRIAN,DRY,INJURY AND / OR TOW DUE TO CRASH,"$501 - $1,500",FAILING TO YIELD RIGHT-OF-WAY,2,INCAPACITATING INJURY,1.0,0.0,1.0,9,5,9,41.82883082,-87.67997025,"['09/08/2022', '09:20:00', 'AM']",INCAPACITATING INJURY with Device
b47f5d4f6697ef52c232c44037533030b37d16e30023398eb21bdd6f010e3a968ced5649a7b652b53ee1009c52b73acc6cc5d612562b0d5d713e8febde6c5883,2022-09-08 08:54:00,Thursday,30,NO CONTROLS,CLEAR,DAYLIGHT,ANIMAL,DRY,INJURY AND / OR TOW DUE TO CRASH,"OVER $1,500",UNABLE TO DETERMINE,1,INCAPACITATING INJURY,1.0,0.0,1.0,8,5,9,41.92621796,-87.72207554,"['09/08/2022', '08:54:00', 'AM']",INCAPACITATING INJURY without Device
dc4aafca08566800a6d1e3c5e71155b13487ade45eb8385cdb0d933ac2c527a4b2eb4116212f9b22c650a4799ec49b3f06d727fe29536a837de719f28fedadd5,2022-09-07 19:37:00,Wednesday,30,NO CONTROLS,CLEAR,"DARKNESS, LIGHTED ROAD",PARKED MOTOR VEHICLE,DRY,INJURY AND / OR TOW DUE TO CRASH,"OVER $1,500",UNABLE TO DETERMINE,4,INCAPACITATING INJURY,1.0,0.0,1.0,19,4,9,41.74168851,-87.6512178,"['09/07/2022', '07:37:00', 'PM']",INCAPACITATING INJURY without Device
4bcf5ae59a3cdccdd22bf12d9442bc8bcfac7c35bddcbcda78241d7f515564de30b1d7f7e6a211d5eb7da8549ac76ebab34bdb2604af5667752c536ea77ad6d3,2022-09-07 15:00:00,Wednesday,30,TRAFFIC SIGNAL,CLEAR,DAYLIGHT,TURNING,DRY,INJURY AND / OR TOW DUE TO CRASH,"OVER $1,500",FAILING TO YIELD RIGHT-OF-WAY,2,INCAPACITATING INJURY,2.0,0.0,2.0,15,4,9,41.90391353,-87.63765253,"['09/07/2022', '03:00:00', 'PM']",INCAPACITATING INJURY with Device
8c61e3c66afeeb23d8894fda340f7c0a1b34017c1b4864b86fe0ff15ff994f8992ba1ae90c6c8a1b827391a8dd2de3e8ffadd33af93b5c2ef4b0a042942e287c,2022-09-07 11:38:00,Wednesday,30,TRAFFIC SIGNAL,CLEAR,DAYLIGHT,ANGLE,DRY,INJURY AND / OR TOW DUE TO CRASH,"OVER $1,500","OPERATING VEHICLE IN ERRATIC, RECKLESS, CARELESS, NEGLIGENT OR AGGRESSIVE MANNER",4,INCAPACITATING INJURY,3.0,0.0,1.0,11,4,9,41.92387069,-87.76604922,"['09/07/2022', '11:38:00', 'AM']",INCAPACITATING INJURY with Device