CRASH_RECORD_ID,CRASH_DATE,Weekday,POSTED_SPEED_LIMIT,TRAFFIC_CONTROL_DEVICE,WEATHER_CONDITION,LIGHTING_CONDITION,FIRST_CRASH_TYPE,ROADWAY_SURFACE_COND,CRASH_TYPE,DAMAGE,PRIM_CONTRIBUTORY_CAUSE,NUM_UNITS,MOST_SEVERE_INJURY,INJURIES_TOTAL,INJURIES_FATAL,INJURIES_INCAPACITATING,CRASH_HOUR,CRASH_DAY_OF_WEEK,CRASH_MONTH,LATITUDE,LONGITUDE,CRASH_TIME,CATEGORIES
7d6fff6dd0582d992520e69656e359b140783eb12c463ba94457053a996f16f3d640f19e5c56f246fa5ff3438017962869949d1a00a967df51e8f4f5cf511660,2022-09-07 10:58:00,Wednesday,30,NO CONTROLS,CLEAR,DAYLIGHT,PEDESTRIAN,DRY,INJURY AND / OR TOW DUE TO CRASH,$500 OR LESS,UNABLE TO DETERMINE,2,INCAPACITATING INJURY,1.0,0.0,1.0,10,4,9,41.97366126,-87.71336343,"['09/07/2022', '10:58:00', 'AM']",INCAPACITATING INJURY without Device
49ef378ec9cda177947e71c07a87f0fe6ad4c12cece26e9d33b7939cb1fdcdcc82032f367856dbceb82256b13772f6b34594aee29b8d37181ed5f3108769cf82,2022-09-07 09:00:00,Wednesday,30,NO CONTROLS,CLEAR,DAYLIGHT,PEDALCYCLIST,DRY,INJURY AND / OR TOW DUE TO CRASH,"OVER $1,500",FAILING TO YIELD RIGHT-OF-WAY,2,INCAPACITATING INJURY,1.0,0.0,1.0,9,4,9,41.99808762,-87.67074683,"['09/07/2022', '09:00:00', 'AM']",INCAPACITATING INJURY without Device
818fbc5e5f17e70ef6f6b37d537b8436a45f6a2f360c194622f5db91bb407a28d28e571eac6c0f67d058f7cd3637e04fb6c7543bf2784f19d47e65763a88cd14,2022-09-07 08:07:00,Wednesday,30,NO CONTROLS,CLEAR,DAYLIGHT,TURNING,DRY,INJURY AND / OR TOW DUE TO CRASH,"OVER $1,500","VISION OBSCURED (SIGNS, TREE LIMBS, BUILDINGS, ETC.)",2,INCAPACITATING INJURY,2.0,0.0,1.0,8,4,9,41.79286167,-87.70338926,"['09/07/2022', '08:07:00', 'AM']",INCAPACITATING INJURY without Device
8ffa040a0ea8fdf1f35609a4eda0da470ee133dfc7007963beaf72a66a3ce98556858434a6f3427cfb25e28e18310f8d953907ab4ba9b0f144d432711b868dd0,2022-09-06 16:00:00,Tuesday,30,TRAFFIC SIGNAL,CLEAR,DAYLIGHT,PEDESTRIAN,DRY,INJURY AND / OR TOW DUE TO CRASH,$500 OR LESS,NOT APPLICABLE,2,INCAPACITATING INJURY,1.0,0.0,1.0,16,3,9,41.7687809,-87.65436094,"['09/06/2022', '04:00:00', 'PM']",INCAPACITATING INJURY with Device
735af0e801481ba9c2f117cb553a3c4adb0c1ac7f9a861301f5fb3cf9010d016b4349e9be7a455b2332d20add32a5700794d0f47a8432c7bc5a30f0df6d12984,2022-09-06 09:58:00,Tuesday,30,NO CONTROLS,CLEAR,DAYLIGHT,FIXED OBJECT,DRY,INJURY AND / OR TOW DUE TO CRASH,"OVER $1,500",FAILING TO REDUCE SPEED TO AVOID CRASH,1,INCAPACITATING INJURY,1.0,0.0,1.0,9,3,9,41.90523903,-87.62452023,"['09/06/2022', '09:58:00', 'AM']",INCAPACITATING INJURY without Device
c9b1268ce74bac63e959c7536210b169f2cfdb2ede1184cfed50435224b15b4d731fa23bd5b36f973c3d48e1dc098f55f9bb1ae275424b85123cc47ab4888a62,2022-09-06 09:20:00,Tuesday,30,STOP SIGN/FLASHER,CLOUDY/OVERCAST,DAYLIGHT,REAR END,DRY,INJURY AND / OR TOW DUE TO CRASH,"OVER $1,500",FAILING TO REDUCE SPEED TO AVOID CRASH,3,INCAPACITATING INJURY,3.0,0.0,2.0,9,3,9,41.85409436,-87.6711437,"['09/06/2022', '09:20:00', 'AM']",INCAPACITATING INJURY with Device
60f579d7381e71f7b97609f6897633496146537f00b91f8f91d2dd9991be4399ba1692f7f950d4785eecf4eced42794a9f907f42d1a244fb43c7ee1dd8599a2d,2022-09-06 09:15:00,Tuesday,30,NO CONTROLS,CLEAR,DAYLIGHT,TURNING,DRY,INJURY AND / OR TOW DUE TO CRASH,"$501 - $1,500",NOT APPLICABLE,2,INCAPACITATING INJURY,1.0,0.0,1.0,9,3,9,41.84649307,-87.73741874,"['09/06/2022', '09:15:00', 'AM']",INCAPACITATING INJURY without Device
c393493f60b185fc8595dd6fa583cdefde45b7d848c6c1a0f237ef92ebf536b783d1a3e69eef90cd3b07b921f6a7d73e6e4b8962dda0e5059fd6f9be0f41c064,2022-09-06 09:10:00,Tuesday,35,NO CONTROLS,CLEAR,DAYLIGHT,TURNING,DRY,INJURY AND / OR TOW DUE TO CRASH,"$501 - $1,500",UNABLE TO DETERMINE,2,INCAPACITATING INJURY,1.0,0.0,1.0,9,3,9,41.84686697,-87.73704307,"['09/06/2022', '09:10:00', 'AM']",INCAPACITATING INJURY without Device
a75bde3280994eb1ea456a72cac562723ceeec956ce79aaf23043ff27ccc46fd5aed09f719d6010e5a0412858cb7bfb26bb6d3bd96e01bc9dad6d44d97893e90,2022-09-05 21:02:00,Monday,30,NO CONTROLS,CLEAR,"DARKNESS, LIGHTED ROAD",PARKED MOTOR VEHICLE,DRY,INJURY AND / OR TOW DUE TO CRASH,"OVER $1,500",PHYSICAL CONDITION OF DRIVER,5,INCAPACITATING INJURY,1.0,0.0,1.0,21,2,9,41.8022887,-87.6106233,"['09/05/2022', '09:02:00', 'PM']",INCAPACITATING INJURY without Device
428547c71867f9d3af6083148c677bf1b1709b20a001af1aa3bf2b292bdb9f46a23202d48c2b75e438a8d804fc971900329b0c601350e80bcecf5c2aa22a6324,2022-09-05 20:50:00,Monday,30,NO CONTROLS,CLEAR,"DARKNESS, LIGHTED ROAD",TURNING,DRY,INJURY AND / OR TOW DUE TO CRASH,"OVER $1,500",IMPROPER OVERTAKING/PASSING,2,INCAPACITATING INJURY,2.0,0.0,1.0,20,2,9,41.81768373,-87.6650402,"['09/05/2022', '08:50:00', 'PM']",INCAPACITATING INJURY without Device
d81236da038221ba2496a06b2bd1953a24e49774379e644c2ac4f054b43a46c57401c38b830f7e6a75a2f12aaf711a593d6e9b8190d81f43d18894708e17c569,2022-09-05 18:43:00,Monday,30,NO CONTROLS,CLEAR,DAYLIGHT,PARKED MOTOR VEHICLE,DRY,INJURY AND / OR TOW DUE TO CRASH,"OVER $1,500",UNABLE TO DETERMINE,3,INCAPACITATING INJURY,3.0,0.0,1.0,18,2,9,41.88180566,-87.73662655,"['09/05/2022', '06:43:00', 'PM']",INCAPACITATING INJURY without Device
e8ddf03ce4a13f4d1e150e2149ec96845e6281391a15183a00db891220fab71e3a2a16c3ead26612d3c7c695b1827394ede3f7a9c892dc8f2f6e3fd2d8ad7f79,2022-09-05 06:55:00,Monday,30,NO CONTROLS,CLOUDY/OVERCAST,DAYLIGHT,PARKED MOTOR VEHICLE,DRY,INJURY AND / OR TOW DUE TO CRASH,"OVER $1,500",UNABLE TO DETERMINE,3,INCAPACITATING INJURY,1.0,0.0,1.0,6,2,9,41.8709488,-87.69667705,"['09/05/2022', '06:55:00', 'AM']",INCAPACITATING INJURY without Device
140d4aa4c661cb491eb7c87277e7b55306df0e96bee7e8d608502aa8e4f5aaaa004c258747e3b9a3b1f875498ddaae470f73bfe88e0a0365c179957aacceb87a,2022-09-05 00:50:00,Monday,30,STOP SIGN/FLASHER,CLEAR,"DARKNESS, LIGHTED ROAD",PEDALCYCLIST,DRY,INJURY AND / OR TOW DUE TO CRASH,"$501 - $1,500",FAILING TO YIELD RIGHT-OF-WAY,2,INCAPACITATING INJURY,1.0,0.0,1.0,0,2,9,41.8953173,-87.71991034,"['09/05/2022', '12:50:00', 'AM']",INCAPACITATING INJURY with Device
e9b725e75277c2947300dfb2607f48a25ea8c7a0236abaddde06c68da3446f42587b180f2c87d3ffa4da60069371cac46c6a843f47ae026d4d96bee25d934a7a,2022-09-04 23:00:00,Sunday,25,NO CONTROLS,CLEAR,"DARKNESS, LIGHTED ROAD",TURNING,DRY,INJURY AND / OR TOW DUE TO CRASH,"OVER $1,500",FAILING TO YIELD RIGHT-OF-WAY,2,INCAPACITATING INJURY,1.0,0.0,1.0,23,1,9,41.8638008,-87.60937166,"['09/04/2022', '11:00:00', 'PM']",INCAPACITATING INJURY without Device
91aa334bbfe669ab75d76244fe65ff4810cf8fe8dbc29096db7c3019358783009c56c05ae4c7ed5130f40821bd6fa07f23bdee70e684bf1692d01aedcf7b4450,2022-09-04 20:10:00,Sunday,30,TRAFFIC SIGNAL,CLEAR,"DARKNESS, LIGHTED ROAD",PEDESTRIAN,DRY,INJURY AND / OR TOW DUE TO CRASH,$500 OR LESS,UNABLE TO DETERMINE,2,FATAL,1.0,1.0,0.0,20,1,9,41.87124253,-87.74507283,"['09/04/2022', '08:10:00', 'PM']",FATAL with Device
ccc6fc4ce4fb050189b3d025cb8938304f31ea1c6fd1796bb1a484b77fa9a92ce997d412ec593cd35a778ae7bb35f80f0515f2278dbea6abeb577d5e822efb44,2022-09-04 15:02:00,Sunday,55,NO CONTROLS,CLOUDY/OVERCAST,DAYLIGHT,SIDESWIPE SAME DIRECTION,WET,INJURY AND / OR TOW DUE TO CRASH,"OVER $1,500",EQUIPMENT - VEHICLE CONDITION,2,INCAPACITATING INJURY,1.0,0.0,1.0,15,1,9,41.90008102,-87.61921372,"['09/04/2022', '03:02:00', 'PM']",INCAPACITATING INJURY without Device
87e4e2ca8a25ab12e8d2c5cf8e4485805db232823ef22abdfe85668b2aa69d75919b8d8061099ec95c9d3f98a4db51f6786d7b0994f1ffaf28761ba2d3975e2d,2022-09-04 05:36:00,Sunday,15,NO CONTROLS,CLEAR,"DARKNESS, LIGHTED ROAD",PARKED MOTOR VEHICLE,DRY,INJURY AND / OR TOW DUE TO CRASH,"OVER $1,500",UNABLE TO DETERMINE,2,INCAPACITATING INJURY,2.0,0.0,1.0,5,1,9,41.7891897,-87.69230512,"['09/04/2022', '05:36:00', 'AM']",INCAPACITATING INJURY without Device
c4055628c1ceebb8111918774a33b2b405298dba99b41c83ba3b4289af77271582a06083cefb8a30c8c95146947dcf3d1407ddd0545aeeca06b256e36aa21787,2022-09-04 05:02:00,Sunday,30,NO CONTROLS,CLEAR,DAWN,PEDESTRIAN,DRY,INJURY AND / OR TOW DUE TO CRASH,"OVER $1,500",UNABLE TO DETERMINE,2,INCAPACITATING INJURY,1.0,0.0,1.0,5,1,9,41.90899562,-87.67553166,"['09/04/2022', '05:02:00', 'AM']",INCAPACITATING INJURY without Device
b364855aabe4c2bed0f8d781e4e8326ac538b6e6a07d5c9abf089dab1c05bf320966769a231b040441ecd24f119da8ccb37709bfc2520c6e9a5d9dcbbe4090c8,2022-09-04 04:40:00,Sunday,30,TRAFFIC SIGNAL,CLEAR,"DARKNESS, LIGHTED ROAD",ANGLE,DRY,INJURY AND / OR TOW DUE TO CRASH,"OVER $1,500",FAILING TO YIELD RIGHT-OF-WAY,2,INCAPACITATING INJURY,2.0,0.0,1.0,4,1,9,41.72225727,-87.58527557,"['09/04/2022', '04:40:00', 'AM']",INCAPACITATING INJURY with Device
ec10037f5eab857993c75c55fbf1e5e3d00f9bb4f6b8bf344f9ef8b67a345fc8edaf6bc93457eb6a5a9b74786fcab1bc2cf9bea429501c22cd79b633bf9f5461,2022-09-04 04:04:00,Sunday,30,TRAFFIC SIGNAL,CLEAR,"DARKNESS, LIGHTED ROAD",PEDESTRIAN,DRY,INJURY AND / OR TOW DUE TO CRASH,"OVER $1,500",UNABLE TO DETERMINE,2,INCAPACITATING INJURY,1.0,0.0,1.0,4,1,9,41.9172162,-87.72641457,"['09/04/2022', '04:04:00', 'AM']",INCAPACITATING INJURY with Device
7d392aae3934b03225dc3f6133f197f6f8cdf796dd3a135bec184c0f73586f674d8cd7dfaa31306ebbf152587b4664bfa70b5ed8257645662182602bac19f636,2022-09-04 02:33:00,Sunday,30,TRAFFIC SIGNAL,CLEAR,"DARKNESS, LIGHTED ROAD",TURNING,DRY,INJURY AND / OR TOW DUE TO CRASH,"OVER $1,500",FAILING TO YIELD RIGHT-OF-WAY,2,INCAPACITATING INJURY,2.0,0.0,1.0,2,1,9,41.93887186,-87.74672654,"['09/04/2022', '02:33:00', 'AM']",INCAPACITATING INJURY with Device
584eba8679214c000604cec8592416bbf68c043b4ea4221514cde1dcccc6bba4f28e0bfeeca05060d9f5a8aeed814753cf6587d195da87281ce50077747d380b,2022-09-04 01:50:00,Sunday,30,TRAFFIC SIGNAL,CLEAR,"DARKNESS, LIGHTED ROAD",ANGLE,UNKNOWN,INJURY AND / OR TOW DUE TO CRASH,"OVER $1,500",UNABLE TO DETERMINE,2,INCAPACITATING INJURY,2.0,0.0,1.0,1,1,9,41.88331786,-87.6347691,"['09/04/2022', '01:50:00', 'AM']",INCAPACITATING INJURY with Device
6eb07c9a45ef59f4bd068c28d556417b980c7a59b1d05ebfeadf17e9a4f96eef6d04b69958b5dd6391090eb3696dcb203185635df9e9406b389f63c561a2b576,2022-09-03 23:24:00,Saturday,30,NO CONTROLS,CLEAR,"DARKNESS, LIGHTED ROAD",FIXED OBJECT,DRY,INJURY AND / OR TOW DUE TO CRASH,"OVER $1,500",UNABLE TO DETERMINE,1,INCAPACITATING INJURY,1.0,0.0,1.0,23,7,9,41.82362511,-87.62490056,"['09/03/2022', '11:24:00', 'PM']",INCAPACITATING INJURY without Device
1f38c92d1bf66b6181df01af274071e724d89c8e8fb8287e23a8cc63e5af2a85f77ba4736b77bef9c53425d8be05d3933b61eda7c5ee42ee3ca87356952800d0,2022-09-03 22:25:00,Saturday,30,TRAFFIC SIGNAL,CLEAR,"DARKNESS, LIGHTED ROAD",TURNING,DRY,INJURY AND / OR TOW DUE TO CRASH,"OVER $1,500",FAILING TO YIELD RIGHT-OF-WAY,2,INCAPACITATING INJURY,4.0,0.0,4.0,22,7,9,41.73589862,-87.66312878,"['09/03/2022', '10:25:00', 'PM']",INCAPACITATING INJURY with Device
378255153bb685ad8ff618ad142c4a04932b934c6e2cdca23a6cab0b90015599770f94a7196aa657349cc2939fa4994597a65a73001c9d0e070284e8815ad3bb,2022-09-03 20:06:00,Saturday,30,NO CONTROLS,CLEAR,DARKNESS,PARKED MOTOR VEHICLE,DRY,INJURY AND / OR TOW DUE TO CRASH,"OVER $1,500",PHYSICAL CONDITION OF DRIVER,2,INCAPACITATING INJURY,1.0,0.0,1.0,20,7,9,41.90466907,-87.69395493,"['09/03/2022', '08:06:00', 'PM']",INCAPACITATING INJURY without Device
76fb39bb2d6c3d4fe7a85776419fa7fffc2928a4156cdb3702c59158dc533af5bd8ec7a6d7168a2c6b74a6310c1fd6fc186455d16d31a3449553711f754ca446,2022-09-03 17:15:00,Saturday,45,NO CONTROLS,CLEAR,DAYLIGHT,OTHER NONCOLLISION,DRY,INJURY AND / OR TOW DUE TO CRASH,"$501 - $1,500",EQUIPMENT - VEHICLE CONDITION,1,INCAPACITATING INJURY,1.0,0.0,1.0,17,7,9,41.9513325,-87.89824208,"['09/03/2022', '05:15:00', 'PM']",INCAPACITATING INJURY without Device
92ed9d0b794f5a9fe34c8e1cec94e1632ddc8d6145e09b1ee78e8e7569238cf602b6e396ebcd8ac7ebf088f3fc36224932dd2236619ab797d7dd3cc02fcee8fe,2022-09-03 14:10:00,Saturday,30,TRAFFIC SIGNAL,CLEAR,DAYLIGHT,TURNING,DRY,INJURY AND / OR TOW DUE TO CRASH,"OVER $1,500",DISREGARDING TRAFFIC SIGNALS,2,FATAL,1.0,1.0,0.0,14,7,9,41.79309769,-87.74556748,"['09/03/2022', '02:10:00', 'PM']",FATAL with Device
51fc81ffce152f10e0275a3b51a513d9919cd973de54bd7cb2bff7958d87256b7bbf70edad06dc0011d0829461b6520ff91816812456000eb6606383b3e5a92c,2022-09-03 13:49:00,Saturday,30,TRAFFIC SIGNAL,CLEAR,DAYLIGHT,PEDESTRIAN,DRY,INJURY AND / OR TOW DUE TO CRASH,$500 OR LESS,DRIVING SKILLS/KNOWLEDGE/EXPERIENCE,2,INCAPACITATING INJURY,1.0,0.0,1.0,13,7,9,41.9404429,-87.63863354,"['09/03/2022', '01:49:00', 'PM']",INCAPACITATING INJURY with Device
d3917668fc6105f31f1d071f193fb4c8b4ff1cb067a2c76f6cc3e7e715fc5451db1cd3eb3380ae6d602894e6c370e54c0abba56a0436da047a9be7cd64381c6e,2022-09-03 11:45:00,Saturday,20,NO CONTROLS,CLEAR,DAYLIGHT,PEDALCYCLIST,DRY,INJURY AND / OR TOW DUE TO CRASH,"$501 - $1,500",FAILING TO YIELD RIGHT-OF-WAY,2,INCAPACITATING INJURY,1.0,0.0,1.0,11,7,9,41.95782898,-87.66984688,"['09/03/2022', '11:45:00', 'AM']",INCAPACITATING INJURY without Device
590dcfe7c2d22272e457a2fba20f9293614d1c60a20e0f59b358af29ad123dbdd57ca8701880c1349f840a9dac30cb2e2b639bdd31e30c38a733ddf8d502d38a,2022-09-03 11:19:00,Saturday,10,NO CONTROLS,CLEAR,DAYLIGHT,PARKED MOTOR VEHICLE,DRY,INJURY AND / OR TOW DUE TO CRASH,"OVER $1,500",UNABLE TO DETERMINE,2,INCAPACITATING INJURY,1.0,0.0,1.0,11,7,9,41.89638448,-87.65541112,"['09/03/2022', '11:19:00', 'AM']",INCAPACITATING INJURY without Device
7f691df6ef0f640baab0e9edd45ef84fee0e144eb2b6134b01dfdc3421b4dd19c1e96bb9dea400dea1f0f297c55cb8085d3e55cbc80c97dc41ec43350dabd93c,2022-09-03 11:15:00,Saturday,30,NO CONTROLS,CLEAR,DAYLIGHT,PARKED MOTOR VEHICLE,DRY,INJURY AND / OR TOW DUE TO CRASH,"$501 - $1,500",FAILING TO REDUCE SPEED TO AVOID CRASH,3,INCAPACITATING INJURY,1.0,0.0,1.0,11,7,9,41.9227206,-87.73032893,"['09/03/2022', '11:15:00', 'AM']",INCAPACITATING INJURY without Device
cab120a566ab3c81bface630f76b3d1fc37cbfb2f216e30c0ea4dc8c2bb02ba079dd04dc61770091fd6cc4768e727d23ae8b03141925b8a2a5f09acb5d0bb4db,2022-09-03 01:37:00,Saturday,30,TRAFFIC SIGNAL,CLEAR,"DARKNESS, LIGHTED ROAD",ANGLE,DRY,INJURY AND / OR TOW DUE TO CRASH,"OVER $1,500",DISREGARDING TRAFFIC SIGNALS,2,INCAPACITATING INJURY,3.0,0.0,3.0,1,7,9,41.88071514,-87.62787608,"['09/03/2022', '01:37:00', 'AM']",INCAPACITATING INJURY with Device
f19c564985438af239de0dee667a9aa508222a5e34a47d9e47829d6e0bc0c234a59e2b7b1d1f4fbe130bab74878625742f65651ac57eb1812c9fadf09112075c,2022-09-02 22:20:00,Friday,30,TRAFFIC SIGNAL,CLEAR,DUSK,ANGLE,DRY,INJURY AND / OR TOW DUE TO CRASH,"OVER $1,500",FAILING TO YIELD RIGHT-OF-WAY,2,INCAPACITATING INJURY,3.0,0.0,1.0,22,6,9,41.75571944,-87.66371778,"['09/02/2022', '10:20:00', 'PM']",INCAPACITATING INJURY with Device
6e30041de34507c323c7a0cf99f052ec20c27454044c1846f3ee0df81a2e70789b5b44078726aef267c2bff32b93c155ef96f42d00e28eeec2f088292cadab5f,2022-09-02 17:09:00,Friday,30,TRAFFIC SIGNAL,CLEAR,DAYLIGHT,PEDESTRIAN,DRY,INJURY AND / OR TOW DUE TO CRASH,"OVER $1,500",FAILING TO YIELD RIGHT-OF-WAY,2,INCAPACITATING INJURY,1.0,0.0,1.0,17,6,9,41.84047083,-87.72459337,"['09/02/2022', '05:09:00', 'PM']",INCAPACITATING INJURY with Device
f4ba8ae3240a2cf47728a099263db3215de5ca5d1dda6e57790374c56bdfbbd4c5829df1c4637e5fe8ef7a3e3406e537d149aaad6b176aa5e684c2485b47a800,2022-09-02 17:06:00,Friday,30,NO CONTROLS,CLEAR,DAYLIGHT,TURNING,DRY,INJURY AND / OR TOW DUE TO CRASH,"OVER $1,500",UNABLE TO DETERMINE,2,INCAPACITATING INJURY,2.0,0.0,1.0,17,6,9,41.78638689,-87.6061905,"['09/02/2022', '05:06:00', 'PM']",INCAPACITATING INJURY without Device
13c3c8e3f10ea33867c641d50f1acc1cdeceff9d32bfa48d089e9e3bc35deb17c3a4bbd8c72a8cc442d8b434f554695b4913b82691927f74855e20fbaf541d97,2022-09-02 10:40:00,Friday,30,TRAFFIC SIGNAL,CLEAR,DAYLIGHT,PEDESTRIAN,DRY,INJURY AND / OR TOW DUE TO CRASH,"$501 - $1,500",DISREGARDING TRAFFIC SIGNALS,2,INCAPACITATING INJURY,1.0,0.0,1.0,10,6,9,41.8518245,-87.69304988,"['09/02/2022', '10:40:00', 'AM']",INCAPACITATING INJURY with Device
036ed127c0e5f3cd7756a59bc2b26338f053c5e6cf6f1bbb39781a34c9419c292c5ca48bebdb1a036aa8863f067f3c35321e60f9212f48e17124145f5b3cddb1,2022-09-01 23:15:00,Thursday,30,STOP SIGN/FLASHER,CLEAR,DARKNESS,PEDALCYCLIST,DRY,INJURY AND / OR TOW DUE TO CRASH,"$501 - $1,500",UNABLE TO DETERMINE,2,INCAPACITATING INJURY,1.0,0.0,1.0,23,5,9,41.94361137,-87.65436891,"['09/01/2022', '11:15:00', 'PM']",INCAPACITATING INJURY with Device
395c7bb8107098d968cb3300908b5e9e7bb449a79585e6ede7447ae3007fc3fb95c4c6bd30601cd2e0119c92dda165ca5d9e4a5ffd4c5d9fadfe1e91d8aa16df,2022-09-01 22:00:00,Thursday,35,NO CONTROLS,CLEAR,"DARKNESS, LIGHTED ROAD",PEDALCYCLIST,DRY,INJURY AND / OR TOW DUE TO CRASH,$500 OR LESS,FAILING TO YIELD RIGHT-OF-WAY,2,INCAPACITATING INJURY,1.0,0.0,1.0,22,5,9,41.86669873,-87.7446333,"['09/01/2022', '10:00:00', 'PM']",INCAPACITATING INJURY without Device
cd8e67e2a14d8c68a283ace2d804f0ac350a1ddb8c6dcbd4dd5ce7aea94ef1307c18aeef970b88b9b9a3d207dc61b1c3c899af797217837846d9259f067fac69,2022-09-01 21:47:00,Thursday,30,NO CONTROLS,CLEAR,"DARKNESS, LIGHTED ROAD",PARKED MOTOR VEHICLE,DRY,INJURY AND / OR TOW DUE TO CRASH,"OVER $1,500",UNDER THE INFLUENCE OF ALCOHOL/DRUGS (USE WHEN ARREST IS EFFECTED),5,INCAPACITATING INJURY,1.0,0.0,1.0,21,5,9,41.75593169,-87.64812534,"['09/01/2022', '09:47:00', 'PM']",INCAPACITATING INJURY without Device
fc4764a20b32d5caaeadb9672f5c166ef5f7b3bef85085677203ff1da61a4d34a9d07fc565f4b91b96a2e30165c6966b38706efa1eb548a75064dac4fbd40f17,2022-09-01 21:24:00,Thursday,30,STOP SIGN/FLASHER,CLEAR,"DARKNESS, LIGHTED ROAD",ANGLE,DRY,INJURY AND / OR TOW DUE TO CRASH,"OVER $1,500",FAILING TO YIELD RIGHT-OF-WAY,2,INCAPACITATING INJURY,3.0,0.0,3.0,21,5,9,41.86237057,-87.70805245,"['09/01/2022', '09:24:00', 'PM']",INCAPACITATING INJURY with Device
6db61e7902620f4db6d0fc30c7c8f5739aa356c61028fb34329a26f855d298701ba531db3e26e8a5174e9dc96843a43be6db426accd1a4eb232ddf7aba8e29bd,2022-09-01 19:26:00,Thursday,30,STOP SIGN/FLASHER,CLEAR,DUSK,REAR END,DRY,INJURY AND / OR TOW DUE TO CRASH,"OVER $1,500",UNABLE TO DETERMINE,3,INCAPACITATING INJURY,1.0,0.0,1.0,19,5,9,41.76866055,-87.66396288,"['09/01/2022', '07:26:00', 'PM']",INCAPACITATING INJURY with Device
23b6c1048596ac60f9d1910f5d90a2ed05332b1fd7926371b2992b8db40eda95e6196a1a41e40cc8efa28674f1d6a5fe649b8ec93066425f5d34d89e373ecd1e,2022-09-01 17:25:00,Thursday,30,TRAFFIC SIGNAL,CLEAR,DAYLIGHT,SIDESWIPE SAME DIRECTION,DRY,INJURY AND / OR TOW DUE TO CRASH,"OVER $1,500",UNABLE TO DETERMINE,2,INCAPACITATING INJURY,4.0,0.0,3.0,17,5,9,41.79044041,-87.58654687,"['09/01/2022', '05:25:00', 'PM']",INCAPACITATING INJURY with Device
60fc40476c4da1de25b53fb6987a83cccc17a2b5d9950252f0d910f6393a01cfffd461f2f07af4e21b29a676cdc4e6da86808722668a71ac7e7c4300b0d31414,2022-09-01 13:50:00,Thursday,30,STOP SIGN/FLASHER,CLEAR,DAYLIGHT,REAR END,DRY,INJURY AND / OR TOW DUE TO CRASH,"OVER $1,500",FAILING TO REDUCE SPEED TO AVOID CRASH,2,INCAPACITATING INJURY,1.0,0.0,1.0,13,5,9,41.73280152,-87.61457664,"['09/01/2022', '01:50:00', 'PM']",INCAPACITATING INJURY with Device
9c667d3eace49e1ced6152752441c745b44908e7443899abff16ba8f927011ae21dbfacd59c1991035f0a59b168fcb17e867ca1cca336a80ad5898b5ee7f0983,2022-09-01 09:45:00,Thursday,35,TRAFFIC SIGNAL,CLEAR,DAYLIGHT,PEDESTRIAN,DRY,INJURY AND / OR TOW DUE TO CRASH,"$501 - $1,500",FAILING TO YIELD RIGHT-OF-WAY,2,INCAPACITATING INJURY,1.0,0.0,1.0,9,5,9,41.78615531,-87.70349314,"['09/01/2022', '09:45:00', 'AM']",INCAPACITATING INJURY with Device
636cb0e051503e40428ae3007f64714c11c1bcd86d8f64aac20f55c757679458a2118a5a21f0bf5c46b7c4d328f9898c18643834a382981d66cff1eb8ecc72dc,2022-08-31 23:00:00,Wednesday,30,NO CONTROLS,CLEAR,"DARKNESS, LIGHTED ROAD",PEDESTRIAN,DRY,INJURY AND / OR TOW DUE TO CRASH,$500 OR LESS,FOLLOWING TOO CLOSELY,3,INCAPACITATING INJURY,2.0,0.0,1.0,23,4,8,41.77173634,-87.65414888,"['08/31/2022', '11:00:00', 'PM']",INCAPACITATING INJURY without Device
2b78c981a1e140c6f07344a6fcdbed494e997e9b23e609ea5eb7573fc17911e6e22956933e328ea256909a4eb7d7fc509e4383d7b12cb1f3e95a2db62858d1ee,2022-08-31 20:08:00,Wednesday,30,TRAFFIC SIGNAL,CLEAR,"DARKNESS, LIGHTED ROAD",PEDALCYCLIST,DRY,INJURY AND / OR TOW DUE TO CRASH,"$501 - $1,500",UNABLE TO DETERMINE,2,INCAPACITATING INJURY,1.0,0.0,1.0,20,4,8,41.93961611,-87.67850353,"['08/31/2022', '08:08:00', 'PM']",INCAPACITATING INJURY with Device
3e2a30d74770146694c819a2a087d46ea99b2030f952e4f923ae64240f35d7f79451a461165916090e529413008bc9a4bc0dbbecbd1421bfa32b8f3c277ec0f9,2022-08-31 18:46:00,Wednesday,30,STOP SIGN/FLASHER,CLEAR,DAYLIGHT,TURNING,DRY,INJURY AND / OR TOW DUE TO CRASH,"OVER $1,500",FAILING TO YIELD RIGHT-OF-WAY,2,INCAPACITATING INJURY,3.0,0.0,1.0,18,4,8,41.77256545,-87.64575454,"['08/31/2022', '06:46:00', 'PM']",INCAPACITATING INJURY with Device
a580957c8c364703c3c290b657538782daf87d94d10aab38b0f70bf908001f839b8b7caea7cd2c03ed4168e9be4aa3b5dc0337851068c65c10f5998595b29f62,2022-08-31 18:09:00,Wednesday,30,TRAFFIC SIGNAL,CLEAR,DAYLIGHT,PEDESTRIAN,DRY,INJURY AND / OR TOW DUE TO CRASH,$500 OR LESS,FAILING TO YIELD RIGHT-OF-WAY,2,INCAPACITATING INJURY,1.0,0.0,1.0,18,4,8,41.89225952,-87.63551823,"['08/31/2022', '06:09:00', 'PM']",INCAPACITATING INJURY with Device