CRASH_RECORD_ID,CRASH_DATE,Weekday,POSTED_SPEED_LIMIT,TRAFFIC_CONTROL_DEVICE,WEATHER_CONDITION,LIGHTING_CONDITION,FIRST_CRASH_TYPE,ROADWAY_SURFACE_COND,CRASH_TYPE,DAMAGE,PRIM_CONTRIBUTORY_CAUSE,NUM_UNITS,MOST_SEVERE_INJURY,INJURIES_TOTAL,INJURIES_FATAL,INJURIES_INCAPACITATING,CRASH_HOUR,CRASH_DAY_OF_WEEK,CRASH_MONTH,LATITUDE,LONGITUDE,CRASH_TIME,CATEGORIES
99852792f5786debbf22860df17783c6590f2986ddb225f0a97918d1e8a16c376ebc68b8b7fc79107b3992b6777c2833b27f4aaea9495d39df0dda65eb3207af,2022-08-31 16:44:00,Wednesday,30,STOP SIGN/FLASHER,CLEAR,DAYLIGHT,PEDESTRIAN,DRY,INJURY AND / OR TOW DUE TO CRASH,"OVER $1,500",UNABLE TO DETERMINE,2,INCAPACITATING INJURY,1.0,0.0,1.0,16,4,8,41.75893165,-87.6067831,"['08/31/2022', '04:44:00', 'PM']",INCAPACITATING INJURY with Device
89213bc2a81f710430d418f6860ff9db84e817d2080300e5f6b9dc1fc0345da9a4d2b30ce7308bfe9307fc550f2c73b2e577aa64dc3ae8f55faad8ce5228977e,2022-08-31 15:45:00,Wednesday,30,STOP SIGN/FLASHER,CLEAR,DAYLIGHT,ANGLE,DRY,INJURY AND / OR TOW DUE TO CRASH,"OVER $1,500",DISREGARDING STOP SIGN,2,INCAPACITATING INJURY,2.0,0.0,2.0,15,4,8,41.72444335,-87.56061961,"['08/31/2022', '03:45:00', 'PM']",INCAPACITATING INJURY with Device
56986dc4ce0c51f8cf1bec95c1abca46b1c78eb4064f713f3e6a8cc530c7935345b92f3bb40ff9dbddd4b31e92cb2506b7483ca4c61036194502b81d21f90282,2022-08-31 15:35:00,Wednesday,25,NO CONTROLS,CLEAR,DAYLIGHT,PEDESTRIAN,DRY,INJURY AND / OR TOW DUE TO CRASH,"OVER $1,500",FAILING TO REDUCE SPEED TO AVOID CRASH,2,INCAPACITATING INJURY,1.0,0.0,1.0,15,4,8,41.79992643,-87.7648076,"['08/31/2022', '03:35:00', 'PM']",INCAPACITATING INJURY without Device
4a67b707fe1261e2dfdcd941d02e3751f29f3f3629f572df9c55c3136c60cc9b00b5ca54a52de4681e69194f0cdbfdeff4c8b5265971936f9b67e6b345625f26,2022-08-31 14:05:00,Wednesday,30,NO CONTROLS,CLEAR,DAYLIGHT,PEDALCYCLIST,DRY,INJURY AND / OR TOW DUE TO CRASH,"OVER $1,500","OPERATING VEHICLE IN ERRATIC, RECKLESS, CARELESS, NEGLIGENT OR AGGRESSIVE MANNER",2,INCAPACITATING INJURY,1.0,0.0,1.0,14,4,8,41.7645066,-87.57006964,"['08/31/2022', '02:05:00', 'PM']",INCAPACITATING INJURY without Device
e88bab334f622f7a755a9cd3839f7ae82e267d0a2a8e42d4f5db666110e3853b14917702cda6a69b0834374c6f9de7357f59ab22f2b450a24400a0b1f1abad42,2022-08-31 08:30:00,Wednesday,30,NO CONTROLS,CLEAR,DAYLIGHT,REAR END,DRY,INJURY AND / OR TOW DUE TO CRASH,"OVER $1,500",IMPROPER OVERTAKING/PASSING,3,INCAPACITATING INJURY,1.0,0.0,1.0,8,4,8,41.75097456,-87.62948837,"['08/31/2022', '08:30:00', 'AM']",INCAPACITATING INJURY without Device
2c951355aee305d4a41523e469b56624bcc9f15ef6495daafaf4ecbf7f7b2caa3c2b3bd4678408d0b78baf2539b72ff3e2369f14a67ce03639412fa032d1e1b8,2022-08-31 07:25:00,Wednesday,30,NO CONTROLS,CLEAR,DAYLIGHT,ANGLE,DRY,INJURY AND / OR TOW DUE TO CRASH,"OVER $1,500",FAILING TO YIELD RIGHT-OF-WAY,2,INCAPACITATING INJURY,1.0,0.0,1.0,7,4,8,41.78620547,-87.69344227,"['08/31/2022', '07:25:00', 'AM']",INCAPACITATING INJURY without Device
33e5e1b6a06c4297cbca7ceb034954f1109c28aa78289becc2896c6f62d5ab6bfbe1ddb8a11f04f9b5caeb77269b1d87c7efc9467b2202e01a11dc4caf3b03d4,2022-08-30 22:36:00,Tuesday,35,NO CONTROLS,CLEAR,DARKNESS,PEDALCYCLIST,DRY,INJURY AND / OR TOW DUE TO CRASH,"OVER $1,500",UNABLE TO DETERMINE,2,INCAPACITATING INJURY,1.0,0.0,1.0,22,3,8,41.98283025,-87.76828237,"['08/30/2022', '10:36:00', 'PM']",INCAPACITATING INJURY without Device
9b5b237a9de742d2ca1e774c98ee56c4c4d8fc9b7d5f173ed735c2d7bde9b82225014a7f7957150e94b0e355f063e894f1cf197d8749a798c95a164292a8cce4,2022-08-30 20:30:00,Tuesday,30,NO CONTROLS,UNKNOWN,"DARKNESS, LIGHTED ROAD",PEDESTRIAN,UNKNOWN,INJURY AND / OR TOW DUE TO CRASH,$500 OR LESS,UNABLE TO DETERMINE,2,INCAPACITATING INJURY,1.0,0.0,1.0,20,3,8,41.97864097,-87.68940456,"['08/30/2022', '08:30:00', 'PM']",INCAPACITATING INJURY without Device
08062800fc62e32a479ffb3da833707fdcbf6c4bd2273266cf55b6198346bba70f643ebf57aac51edf06acb60aef3ab04490e39be61487ca6f5611c9df4b4282,2022-08-30 16:50:00,Tuesday,30,STOP SIGN/FLASHER,CLEAR,DAYLIGHT,ANGLE,DRY,INJURY AND / OR TOW DUE TO CRASH,"OVER $1,500",FAILING TO YIELD RIGHT-OF-WAY,2,INCAPACITATING INJURY,1.0,0.0,1.0,16,3,8,41.87515478,-87.67375588,"['08/30/2022', '04:50:00', 'PM']",INCAPACITATING INJURY with Device
6995853500703e1aefe5f1b757c6bae8bf085c58e06ae59551e33b7a5ea348f2d220981f30126e20214380f262263ada5522a4562726b6e3d35ed1dbe220640d,2022-08-30 16:15:00,Tuesday,30,STOP SIGN/FLASHER,CLEAR,DAYLIGHT,PEDALCYCLIST,DRY,INJURY AND / OR TOW DUE TO CRASH,"$501 - $1,500",FAILING TO YIELD RIGHT-OF-WAY,2,INCAPACITATING INJURY,1.0,0.0,1.0,16,3,8,41.72264099,-87.55399161,"['08/30/2022', '04:15:00', 'PM']",INCAPACITATING INJURY with Device
9ae5ce439316d8d9b51870f2d23434f9d8b6297b000b849394edf19b40b6356c6e31758952d0ce3a223491b2ebf0a4227de1030ce63abfb31dc43e044b9d39b3,2022-08-30 15:30:00,Tuesday,30,TRAFFIC SIGNAL,CLEAR,DAYLIGHT,ANGLE,DRY,INJURY AND / OR TOW DUE TO CRASH,"OVER $1,500",DISREGARDING TRAFFIC SIGNALS,2,INCAPACITATING INJURY,1.0,0.0,1.0,15,3,8,41.89420881,-87.66738223,"['08/30/2022', '03:30:00', 'PM']",INCAPACITATING INJURY with Device
e3b9590fa656e298da324282b9cbdc8e2338dab2d74e8c63fbb2c4041aaa6bacf2bc556b29545eabc74a852f262414e100167f450af08ddcbf76210aa8316455,2022-08-30 15:30:00,Tuesday,30,NO CONTROLS,CLEAR,DAYLIGHT,TURNING,DRY,INJURY AND / OR TOW DUE TO CRASH,"OVER $1,500",NOT APPLICABLE,2,INCAPACITATING INJURY,2.0,0.0,2.0,15,3,8,41.75194443,-87.67311934,"['08/30/2022', '03:30:00', 'PM']",INCAPACITATING INJURY without Device
a46e0a90f91eab81b9abd2e9c297001b8f204c15c6f56211fd9aff75b6f3e11899f7977836490893fec841caada384e3975d68fe412ec80928fac85d1468d34f,2022-08-30 11:52:00,Tuesday,45,NO CONTROLS,CLEAR,DAYLIGHT,OVERTURNED,DRY,INJURY AND / OR TOW DUE TO CRASH,"OVER $1,500",FAILING TO REDUCE SPEED TO AVOID CRASH,1,INCAPACITATING INJURY,1.0,0.0,1.0,11,3,8,41.83043936,-87.60576098,"['08/30/2022', '11:52:00', 'AM']",INCAPACITATING INJURY without Device
9c182181685b842bc81760cc6d9e5fd1e1682051f09342c566bf01cfd4d9917ee75317588bb80d3965d3ac7c95502a850226251a9a19c614f4ce5d69cd26cc97,2022-08-30 08:01:00,Tuesday,25,TRAFFIC SIGNAL,CLEAR,DAYLIGHT,TURNING,DRY,INJURY AND / OR TOW DUE TO CRASH,"OVER $1,500",FAILING TO YIELD RIGHT-OF-WAY,2,INCAPACITATING INJURY,1.0,0.0,1.0,8,3,8,41.90332043,-87.66170637,"['08/30/2022', '08:01:00', 'AM']",INCAPACITATING INJURY with Device
a08958590165e9d98ec6a2928155c8a45a9495934c99afc095ce6b452101daa3399b6137a3a1164a9f8c7d67febdab3911fb090a2a8362f4858a1e57f6f5ba7b,2022-08-30 07:47:00,Tuesday,30,TRAFFIC SIGNAL,CLEAR,DAYLIGHT,TURNING,DRY,INJURY AND / OR TOW DUE TO CRASH,"OVER $1,500",IMPROPER LANE USAGE,3,INCAPACITATING INJURY,1.0,0.0,1.0,7,3,8,41.8321338,-87.69472806,"['08/30/2022', '07:47:00', 'AM']",INCAPACITATING INJURY with Device
d43aa82641db9ddf3072cac967d377ee09f395a32cae2b73e0eb1df9564109df0c4e9663a8d8dec8989360d430a7ba63ce963e134e310f075d2669cab64d7c1b,2022-08-29 23:50:00,Monday,30,TRAFFIC SIGNAL,CLEAR,DARKNESS,PARKED MOTOR VEHICLE,DRY,INJURY AND / OR TOW DUE TO CRASH,"OVER $1,500",DISREGARDING TRAFFIC SIGNALS,3,INCAPACITATING INJURY,2.0,0.0,2.0,23,2,8,41.77984917,-87.63213749,"['08/29/2022', '11:50:00', 'PM']",INCAPACITATING INJURY with Device
590137c8fdf6f01ea5eaf5d8869f0b8eb93b08ca77d9f84eee64a3fae3360a57afdca00d8a04019af68308510c6728f994c3c7f22b56b602e703ddc49814590e,2022-08-29 21:59:00,Monday,30,TRAFFIC SIGNAL,CLEAR,"DARKNESS, LIGHTED ROAD",ANGLE,DRY,INJURY AND / OR TOW DUE TO CRASH,"OVER $1,500",UNDER THE INFLUENCE OF ALCOHOL/DRUGS (USE WHEN ARREST IS EFFECTED),6,INCAPACITATING INJURY,3.0,0.0,1.0,21,2,8,41.99445946,-87.67514596,"['08/29/2022', '09:59:00', 'PM']",INCAPACITATING INJURY with Device
332e7008a34f5fb711b3cea3bceeb98f0d8ec8d698540d7988553edbb80caba0fea04661e2aaeba5663538f4de6c175d68a6750849027cde81a61c4cebf2d828,2022-08-29 16:30:00,Monday,30,NO CONTROLS,CLEAR,DAYLIGHT,REAR END,DRY,INJURY AND / OR TOW DUE TO CRASH,"OVER $1,500",UNABLE TO DETERMINE,2,INCAPACITATING INJURY,1.0,0.0,1.0,16,2,8,41.99306487,-87.71392391,"['08/29/2022', '04:30:00', 'PM']",INCAPACITATING INJURY without Device
22a81283de6bf40d5b62fb1bbca51f8c2ec7b02855cf2ed431187dfa4cbb39091417af7b60c89c4948f9f12735102dfe973bc7991af0804f7c65ad9b1bed1fe1,2022-08-29 15:42:00,Monday,55,NO CONTROLS,CLOUDY/OVERCAST,DAYLIGHT,SIDESWIPE SAME DIRECTION,WET,INJURY AND / OR TOW DUE TO CRASH,"OVER $1,500",EQUIPMENT - VEHICLE CONDITION,2,INCAPACITATING INJURY,1.0,0.0,1.0,15,2,8,41.90248165,-87.62422104,"['08/29/2022', '03:42:00', 'PM']",INCAPACITATING INJURY without Device
1a2671f4b7d6b0004a28bd267b25106adccad31f6f2ce3ba0fa4c2c2ecd62b670d100688cb5081b8cf30ac0215f379e23bda7264d80a60956fd3c1b61fbb4a1f,2022-08-29 07:45:00,Monday,35,TRAFFIC SIGNAL,CLEAR,DAYLIGHT,TURNING,DRY,INJURY AND / OR TOW DUE TO CRASH,"OVER $1,500",FAILING TO YIELD RIGHT-OF-WAY,5,FATAL,1.0,1.0,0.0,7,2,8,41.90239931,-87.74583229,"['08/29/2022', '07:45:00', 'AM']",FATAL with Device
c9a853e4472a6efd223e06fe428d387296c46a93c8ef208450b14667f182e2653f2b9856560afc77d68eb2b57fa344fd55aee94e5d4e0b0dd329802a443db422,2022-08-28 20:40:00,Sunday,30,NO CONTROLS,CLEAR,"DARKNESS, LIGHTED ROAD",TURNING,DRY,INJURY AND / OR TOW DUE TO CRASH,"OVER $1,500",FAILING TO YIELD RIGHT-OF-WAY,2,INCAPACITATING INJURY,3.0,0.0,2.0,20,1,8,41.90985712,-87.7368056,"['08/28/2022', '08:40:00', 'PM']",INCAPACITATING INJURY without Device
bf0407ec431d2cd18a041feb1ca31eacd4713d608f9aa3483daf61aff3b795f0ac7b32004bfb7b16d14a0eb1bd9642859b03d3f31ea8f2c2f51ddf116268c9bf,2022-08-28 19:53:00,Sunday,30,TRAFFIC SIGNAL,CLEAR,"DARKNESS, LIGHTED ROAD",PEDALCYCLIST,DRY,INJURY AND / OR TOW DUE TO CRASH,"OVER $1,500",TURNING RIGHT ON RED,2,INCAPACITATING INJURY,1.0,0.0,1.0,19,1,8,41.93858919,-87.75681005,"['08/28/2022', '07:53:00', 'PM']",INCAPACITATING INJURY with Device
c219133f911303e8c0630576f1f3014bfaa6e48b2182e7f6527161570a699b1264b06d899827a8e1e7085de989328bf59f2f922d5eeecc9017e96f121440006f,2022-08-28 11:58:00,Sunday,30,TRAFFIC SIGNAL,CLEAR,DAYLIGHT,TURNING,DRY,INJURY AND / OR TOW DUE TO CRASH,"OVER $1,500",UNABLE TO DETERMINE,2,INCAPACITATING INJURY,1.0,0.0,1.0,11,1,8,41.93158187,-87.74644942,"['08/28/2022', '11:58:00', 'AM']",INCAPACITATING INJURY with Device
282a5bd3c9d31d997a00d2822d68367b4d695422632bfba07b2a755206ce4e9c6cb09b8cb3a3ba34ff69d03144a8bd148ba14f74ce08028fd73adc37628d8238,2022-08-28 01:35:00,Sunday,30,TRAFFIC SIGNAL,CLEAR,"DARKNESS, LIGHTED ROAD",ANGLE,DRY,INJURY AND / OR TOW DUE TO CRASH,"OVER $1,500",IMPROPER OVERTAKING/PASSING,3,FATAL,2.0,1.0,0.0,1,1,8,41.77487649,-87.7420245,"['08/28/2022', '01:35:00', 'AM']",FATAL with Device
2f87185ba19e0d4f049ce08665b3dbffd3a86b3a42dbcaa6dc72fb5eb99597a2aa5bde70360871d5416c7882703e426f8a31d5466953e7a0f546a7b936964a30,2022-08-27 23:50:00,Saturday,30,NO CONTROLS,CLEAR,DAYLIGHT,REAR END,DRY,INJURY AND / OR TOW DUE TO CRASH,"OVER $1,500","OPERATING VEHICLE IN ERRATIC, RECKLESS, CARELESS, NEGLIGENT OR AGGRESSIVE MANNER",2,INCAPACITATING INJURY,1.0,0.0,1.0,23,7,8,41.7514606,-87.58597199,"['08/27/2022', '11:50:00', 'PM']",INCAPACITATING INJURY without Device
9d13ec951b8406644596e2fdbcc7c2e72fc6efc8c3d5d662de54ad125c4570ed5a216cac195f8f9dac1137cad90cf24b28da45206eeae6c2ab0bb91af4772bf4,2022-08-27 17:17:00,Saturday,35,STOP SIGN/FLASHER,CLEAR,DAYLIGHT,PEDALCYCLIST,DRY,INJURY AND / OR TOW DUE TO CRASH,"OVER $1,500",UNABLE TO DETERMINE,2,INCAPACITATING INJURY,1.0,0.0,1.0,17,7,8,41.72237436,-87.58527627,"['08/27/2022', '05:17:00', 'PM']",INCAPACITATING INJURY with Device
af7ce17246a9844be7d60640f088923460f85110a31d3ab0892a0108dad738458a0c0b02cf5b6a25a45003373a02a5fb0db2796d17a45e98f5bb0260af8b9e82,2022-08-27 15:35:00,Saturday,30,STOP SIGN/FLASHER,CLEAR,DAYLIGHT,PEDALCYCLIST,DRY,INJURY AND / OR TOW DUE TO CRASH,"OVER $1,500",DISREGARDING STOP SIGN,2,FATAL,1.0,1.0,0.0,15,7,8,41.84556703,-87.63685509,"['08/27/2022', '03:35:00', 'PM']",FATAL with Device
2a7ade39e2bf629aa2f92b5ede613d47fb26e196b6f54e9a0f9dcc2dc13bbf31243a9123b7a354df7ce42ec21b1822fa52990e0d5f369e32e2faee2dc064ef3a,2022-08-26 22:35:00,Friday,30,NO CONTROLS,CLEAR,"DARKNESS, LIGHTED ROAD",PEDESTRIAN,DRY,INJURY AND / OR TOW DUE TO CRASH,"OVER $1,500","OPERATING VEHICLE IN ERRATIC, RECKLESS, CARELESS, NEGLIGENT OR AGGRESSIVE MANNER",2,INCAPACITATING INJURY,1.0,0.0,1.0,22,6,8,41.73756102,-87.71916759,"['08/26/2022', '10:35:00', 'PM']",INCAPACITATING INJURY without Device
5cf21671e3123d709cb4b59c2ee7426e7869bb5c1121935716d3b64002ec76adf27179ae96924df75cc46e86fa808a4c3ed4aca9ce364e46a77c604c2a519dd9,2022-08-26 16:23:00,Friday,30,TRAFFIC SIGNAL,CLEAR,DAYLIGHT,TURNING,UNKNOWN,INJURY AND / OR TOW DUE TO CRASH,"OVER $1,500",DISREGARDING TRAFFIC SIGNALS,4,INCAPACITATING INJURY,2.0,0.0,2.0,16,6,8,41.77966134,-87.64463774,"['08/26/2022', '04:23:00', 'PM']",INCAPACITATING INJURY with Device
033196639fbc27060a184b7598a14ad82c6d676b81c98dda9a3e7ee3bbaf9bd143fc54b071c9f82de83d72fd7067e5714722cdcf7460ec931cf6308221106f0c,2022-08-26 12:01:00,Friday,30,TRAFFIC SIGNAL,CLOUDY/OVERCAST,DAYLIGHT,PEDALCYCLIST,DRY,INJURY AND / OR TOW DUE TO CRASH,"OVER $1,500",FAILING TO REDUCE SPEED TO AVOID CRASH,2,INCAPACITATING INJURY,1.0,0.0,1.0,12,6,8,41.89504414,-87.75566533,"['08/26/2022', '12:01:00', 'PM']",INCAPACITATING INJURY with Device
570372dbf408c1293868116e66ae56c4945cbec979f36c47ff99aa676f0eb3d557ac4b3bf0fd19f2f648f3e61f437eec78a5bd526ecdab19a81d8fb1f2da88a7,2022-08-26 11:00:00,Friday,30,NO CONTROLS,CLEAR,DAYLIGHT,REAR END,DRY,INJURY AND / OR TOW DUE TO CRASH,"OVER $1,500",UNABLE TO DETERMINE,3,INCAPACITATING INJURY,1.0,0.0,1.0,11,6,8,41.79704039,-87.70624808,"['08/26/2022', '11:00:00', 'AM']",INCAPACITATING INJURY without Device
a4bd00e2c78f9521c7b546ecf3e29206147a2ef9e999bcd0a5c0c92386067ec022a1481123e4185875c070e67a6e9ef2678e748128b945b07620a98298d74e30,2022-08-26 10:40:00,Friday,30,NO CONTROLS,CLEAR,DAYLIGHT,HEAD ON,DRY,INJURY AND / OR TOW DUE TO CRASH,"$501 - $1,500",UNABLE TO DETERMINE,2,INCAPACITATING INJURY,1.0,0.0,1.0,10,6,8,41.80065817,-87.70881445,"['08/26/2022', '10:40:00', 'AM']",INCAPACITATING INJURY without Device
01314274b96e8487f727a6ba745b7d7e564d643caad82db4216f8bc4534ffe2ef40672c96bf0a732ecd90b41a49de19f9bc858c0564a0f0d8fc5cebc007eb5bb,2022-08-26 09:10:00,Friday,25,STOP SIGN/FLASHER,CLEAR,DAYLIGHT,PEDESTRIAN,DRY,INJURY AND / OR TOW DUE TO CRASH,$500 OR LESS,UNABLE TO DETERMINE,2,INCAPACITATING INJURY,1.0,0.0,1.0,9,6,8,41.92208104,-87.63660783,"['08/26/2022', '09:10:00', 'AM']",INCAPACITATING INJURY with Device
06cb40124f0d30c096a1c53c7e8adfbbb5f4195f81b8a154ef98cc8cbe29fdc28f67488d1f3b79d53b9e9d016ee6917eedc1acdce1a97a3696eb8a5e313e4c17,2022-08-26 07:30:00,Friday,30,NO CONTROLS,CLEAR,DAYLIGHT,HEAD ON,DRY,INJURY AND / OR TOW DUE TO CRASH,"OVER $1,500",IMPROPER LANE USAGE,2,INCAPACITATING INJURY,1.0,0.0,1.0,7,6,8,41.802083,-87.68439754,"['08/26/2022', '07:30:00', 'AM']",INCAPACITATING INJURY without Device
7bad6ea6898167f89a73ab155a9be864cecb44ffa45c83327d0d8a29155aef5eea1364b66bf3da6b12fb266eedd84d5529939dae0a7d61de7e019be6098c319e,2022-08-26 02:05:00,Friday,35,NO CONTROLS,CLEAR,"DARKNESS, LIGHTED ROAD",PEDESTRIAN,DRY,INJURY AND / OR TOW DUE TO CRASH,"OVER $1,500",FAILING TO REDUCE SPEED TO AVOID CRASH,2,INCAPACITATING INJURY,1.0,0.0,1.0,2,6,8,41.75129118,-87.59420866,"['08/26/2022', '02:05:00', 'AM']",INCAPACITATING INJURY without Device
1647560c999ec0bab6dd33a34b62dd1186213806164967b5ba4f31778281a2d2533b1bab21b17ff7165ced4b900a4e09e57ae74d6af3c3019bee9f45e3faf874,2022-08-25 21:38:00,Thursday,30,NO CONTROLS,CLEAR,"DARKNESS, LIGHTED ROAD",SIDESWIPE SAME DIRECTION,DRY,INJURY AND / OR TOW DUE TO CRASH,"OVER $1,500",IMPROPER TURNING/NO SIGNAL,2,INCAPACITATING INJURY,4.0,0.0,1.0,21,5,8,41.88077601,-87.73069838,"['08/25/2022', '09:38:00', 'PM']",INCAPACITATING INJURY without Device
dfd3a308cbb321de184d46a36e5f5c38be60201888cdd7691b41a0c6753f87a8469fa840efd7305e38e5d256c15fa7969cf7643e1edbae76179006982cac978f,2022-08-25 18:18:00,Thursday,30,TRAFFIC SIGNAL,CLEAR,DAYLIGHT,REAR END,DRY,INJURY AND / OR TOW DUE TO CRASH,"$501 - $1,500",FOLLOWING TOO CLOSELY,2,INCAPACITATING INJURY,1.0,0.0,1.0,18,5,8,41.94048802,-87.63798791,"['08/25/2022', '06:18:00', 'PM']",INCAPACITATING INJURY with Device
fca3c9e789b59d71c482d40fa1a147e0eb879fe9235e4a6015dce53ccfe0c1c2b21fb92fafe5f0d9a937eed73ae91517972fc566f00b0a4c97ba6f0b8889cbf2,2022-08-25 17:44:00,Thursday,30,NO CONTROLS,CLEAR,DAYLIGHT,REAR TO SIDE,DRY,INJURY AND / OR TOW DUE TO CRASH,"OVER $1,500",FAILING TO YIELD RIGHT-OF-WAY,2,INCAPACITATING INJURY,1.0,0.0,1.0,17,5,8,41.93865262,-87.7689932,"['08/25/2022', '05:44:00', 'PM']",INCAPACITATING INJURY without Device
bcebc5ba05a4f78f4628fd496a0960b6d813cfcc5d01b6ec89f60e1508099eff9237f7d787700e06f904796fed6367ce0c443df903f969d55ee4703868ade98e,2022-08-25 15:00:00,Thursday,20,STOP SIGN/FLASHER,CLEAR,DAYLIGHT,REAR TO FRONT,DRY,INJURY AND / OR TOW DUE TO CRASH,"OVER $1,500",IMPROPER BACKING,2,INCAPACITATING INJURY,1.0,0.0,1.0,15,5,8,41.96730915,-87.65960284,"['08/25/2022', '03:00:00', 'PM']",INCAPACITATING INJURY with Device
a69c4dd61e4f5715ba6cad4083db9ab2a67e752052a0d6f311821477bb0332c24cb6656b9cab695444be149170cf38559de5e94b475afc8f14640678c2409a22,2022-08-25 14:34:00,Thursday,30,TRAFFIC SIGNAL,CLEAR,DAYLIGHT,TURNING,DRY,INJURY AND / OR TOW DUE TO CRASH,"OVER $1,500",UNABLE TO DETERMINE,2,INCAPACITATING INJURY,1.0,0.0,1.0,14,5,8,41.99015359,-87.7187982,"['08/25/2022', '02:34:00', 'PM']",INCAPACITATING INJURY with Device
73e7e65eede3469b39fdd02189f44af5da4182dbab12137ce3cc66e525fb2221756cd50661b4c58f56adc15f93aec9e828eac3812db1ce754f964c57b95dee31,2022-08-25 11:05:00,Thursday,30,STOP SIGN/FLASHER,CLEAR,DAYLIGHT,PEDESTRIAN,DRY,INJURY AND / OR TOW DUE TO CRASH,$500 OR LESS,FAILING TO YIELD RIGHT-OF-WAY,2,INCAPACITATING INJURY,1.0,0.0,1.0,11,5,8,41.7859444,-87.71548892,"['08/25/2022', '11:05:00', 'AM']",INCAPACITATING INJURY with Device
84d5c24ef4a3f0f25497cc7877d29af497c2b75b7cd083d090f03a706a6b3f6607e002889463c52f8b4edce3983063e92d6143ce9aeb85b81eebaf5396e563ed,2022-08-25 00:10:00,Thursday,30,NO CONTROLS,CLEAR,"DARKNESS, LIGHTED ROAD",FIXED OBJECT,DRY,INJURY AND / OR TOW DUE TO CRASH,"OVER $1,500",EQUIPMENT - VEHICLE CONDITION,1,INCAPACITATING INJURY,1.0,0.0,1.0,0,5,8,41.65927874,-87.56284544,"['08/25/2022', '12:10:00', 'AM']",INCAPACITATING INJURY without Device
303939c03922003390b4cc6f7666413f835b9a1a1b454c55286e2863d390759ec9aca8d3de94292d7086df687c9db39027d561f113caa762a67404eec25e059b,2022-08-24 23:37:00,Wednesday,30,TRAFFIC SIGNAL,CLEAR,DARKNESS,ANGLE,DRY,INJURY AND / OR TOW DUE TO CRASH,"OVER $1,500",DISREGARDING TRAFFIC SIGNALS,2,INCAPACITATING INJURY,1.0,0.0,1.0,23,4,8,41.86746088,-87.63058401,"['08/24/2022', '11:37:00', 'PM']",INCAPACITATING INJURY with Device
d211139c7b47ccc0e4542b0ccddc7111f6783c76d5f3d11986646e420fee334aa8fea9fcbd6e76f8e0b32ea5323d37a488d7e740e4051846b0dad5dac074b9ae,2022-08-24 22:15:00,Wednesday,30,NO CONTROLS,CLEAR,"DARKNESS, LIGHTED ROAD",PEDALCYCLIST,DRY,INJURY AND / OR TOW DUE TO CRASH,"OVER $1,500",FAILING TO YIELD RIGHT-OF-WAY,2,INCAPACITATING INJURY,1.0,0.0,1.0,22,4,8,41.94513628,-87.64575917,"['08/24/2022', '10:15:00', 'PM']",INCAPACITATING INJURY without Device
ccc98fcae997119540ef058622556e0ec3e4daeab214a22e870f75984b0d6620d1653330761904cf7c8ba1094728d419188192358b5c3e95c85c26709a399afa,2022-08-24 13:35:00,Wednesday,30,TRAFFIC SIGNAL,CLEAR,DAYLIGHT,TURNING,DRY,INJURY AND / OR TOW DUE TO CRASH,"OVER $1,500",FAILING TO YIELD RIGHT-OF-WAY,4,INCAPACITATING INJURY,1.0,0.0,1.0,13,4,8,41.70672358,-87.65619454,"['08/24/2022', '01:35:00', 'PM']",INCAPACITATING INJURY with Device
19f1c4f18bd31eeed23872906454e6c612e688181a206758e9ee6e7260f93ebd54e94a0d6280ab5905f282c3251b916ebf7de326ba992832334bb9af4914fcb3,2022-08-24 07:31:00,Wednesday,35,TRAFFIC SIGNAL,CLEAR,DAYLIGHT,TURNING,DRY,INJURY AND / OR TOW DUE TO CRASH,"OVER $1,500",FAILING TO YIELD RIGHT-OF-WAY,2,INCAPACITATING INJURY,2.0,0.0,1.0,7,4,8,41.98627598,-87.83652226,"['08/24/2022', '07:31:00', 'AM']",INCAPACITATING INJURY with Device
dd109b3480e636aae046ac8e50b401f19105768ac601cd210704f22bd33f1dccecce72a0daeda5f8d7fa0a4ecf5a7ac4c0d95f3f23c6699d9394b720c9653b69,2022-08-24 07:10:00,Wednesday,30,TRAFFIC SIGNAL,CLEAR,DAYLIGHT,REAR END,DRY,INJURY AND / OR TOW DUE TO CRASH,"OVER $1,500",FAILING TO REDUCE SPEED TO AVOID CRASH,2,INCAPACITATING INJURY,2.0,0.0,1.0,7,4,8,41.69267598,-87.60844517,"['08/24/2022', '07:10:00', 'AM']",INCAPACITATING INJURY with Device
d4a1c939c0604f2ff2f8c981795fb91c01027a81e32478f6721080dcfdd283af717e014a142480aa5d4b4af27045b6fa4c5a7723a9d30567c4d340e728cb86c7,2022-08-23 23:35:00,Tuesday,30,NO CONTROLS,CLEAR,"DARKNESS, LIGHTED ROAD",REAR END,DRY,INJURY AND / OR TOW DUE TO CRASH,"OVER $1,500",UNABLE TO DETERMINE,2,INCAPACITATING INJURY,1.0,0.0,1.0,23,3,8,41.91909401,-87.74632397,"['08/23/2022', '11:35:00', 'PM']",INCAPACITATING INJURY without Device
9ea884857ae84ecd12a773c4b89b8c238ee0f379ecf21c3a93f6da1a790e8b4fe662e8af25235de554ec73ab789f86f4bcff8337a9ec2342a68e480ad9bcf6a4,2022-08-23 18:25:00,Tuesday,30,TRAFFIC SIGNAL,CLEAR,DAYLIGHT,TURNING,DRY,INJURY AND / OR TOW DUE TO CRASH,"OVER $1,500",UNABLE TO DETERMINE,2,INCAPACITATING INJURY,3.0,0.0,2.0,18,3,8,41.83713267,-87.70496712,"['08/23/2022', '06:25:00', 'PM']",INCAPACITATING INJURY with Device