CRASH_RECORD_ID,CRASH_DATE,Weekday,POSTED_SPEED_LIMIT,TRAFFIC_CONTROL_DEVICE,WEATHER_CONDITION,LIGHTING_CONDITION,FIRST_CRASH_TYPE,ROADWAY_SURFACE_COND,CRASH_TYPE,DAMAGE,PRIM_CONTRIBUTORY_CAUSE,NUM_UNITS,MOST_SEVERE_INJURY,INJURIES_TOTAL,INJURIES_FATAL,INJURIES_INCAPACITATING,CRASH_HOUR,CRASH_DAY_OF_WEEK,CRASH_MONTH,LATITUDE,LONGITUDE,CRASH_TIME,CATEGORIES
569fec9514700370811ddd89b7fddcd102374aeba75746ebf91ba7c7a62b9472b606fd0035b68c8e6c9961a2bae5db4b96edcdece39b9b7850e7ac7f01945d11,2022-08-23 05:00:00,Tuesday,30,TRAFFIC SIGNAL,CLEAR,"DARKNESS, LIGHTED ROAD",TURNING,DRY,INJURY AND / OR TOW DUE TO CRASH,"OVER $1,500",DISREGARDING TRAFFIC SIGNALS,2,INCAPACITATING INJURY,2.0,0.0,1.0,5,3,8,41.81690171,-87.72405154,"['08/23/2022', '05:00:00', 'AM']",INCAPACITATING INJURY with Device
470d72ecab0a2b2c9a4f5eee39925d588e06c01bb9084106f4117358308972ee439ffefdccf2b727953708bbb3d4405665505d667395b8f45c19f80bc1325f56,2022-08-23 01:40:00,Tuesday,25,NO CONTROLS,CLEAR,"DARKNESS, LIGHTED ROAD",PEDESTRIAN,DRY,INJURY AND / OR TOW DUE TO CRASH,"OVER $1,500",NOT APPLICABLE,2,INCAPACITATING INJURY,1.0,0.0,1.0,1,3,8,42.00309981,-87.68987491,"['08/23/2022', '01:40:00', 'AM']",INCAPACITATING INJURY without Device
40a432dabf293d46cda1265684c7dc057041e515cce329ad5674e4d1b4de4f04a500fcedb4f7a86600d96ef473ae21893e5300f1f37a74eddacc810d0ac57300,2022-08-22 22:17:00,Monday,30,NO CONTROLS,CLEAR,"DARKNESS, LIGHTED ROAD",PEDESTRIAN,DRY,INJURY AND / OR TOW DUE TO CRASH,"OVER $1,500",FAILING TO REDUCE SPEED TO AVOID CRASH,2,INCAPACITATING INJURY,1.0,0.0,1.0,22,2,8,41.80211996,-87.62202365,"['08/22/2022', '10:17:00', 'PM']",INCAPACITATING INJURY without Device
d9683ec14b70b44179edf5a7e2252408a2a71bb480d34e575c1469e885528e1c41377c58ed5e34596d26b8b385e124cc60f9db8d2c8b5ad329ad60b66e315eeb,2022-08-22 17:30:00,Monday,30,STOP SIGN/FLASHER,CLEAR,DAYLIGHT,TURNING,DRY,INJURY AND / OR TOW DUE TO CRASH,"OVER $1,500",UNABLE TO DETERMINE,2,INCAPACITATING INJURY,1.0,0.0,1.0,17,2,8,41.93032353,-87.7026218,"['08/22/2022', '05:30:00', 'PM']",INCAPACITATING INJURY with Device
4aa458412d01bd270dcc8387e77b2b788f1af4e911a09ef6d33ddade5ed8564242aca0606dccaac220146890a1f6bf1ff63a1f45e1257fab2b3b8b1f48298573,2022-08-22 14:30:00,Monday,30,TRAFFIC SIGNAL,CLEAR,DAYLIGHT,SIDESWIPE OPPOSITE DIRECTION,DRY,INJURY AND / OR TOW DUE TO CRASH,"OVER $1,500",PHYSICAL CONDITION OF DRIVER,2,INCAPACITATING INJURY,1.0,0.0,1.0,14,2,8,41.85234085,-87.62393737,"['08/22/2022', '02:30:00', 'PM']",INCAPACITATING INJURY with Device
b678c0cced0ac187c3519d78fa03492afa876ec84ff4a2c1258f60784ff89022ab4ebf31dc9f7d6006c5627f9325c4e5a2c6a7e05e2ed803b0eef26740cbefc4,2022-08-22 06:45:00,Monday,30,STOP SIGN/FLASHER,CLEAR,DAYLIGHT,ANGLE,DRY,INJURY AND / OR TOW DUE TO CRASH,"OVER $1,500","VISION OBSCURED (SIGNS, TREE LIMBS, BUILDINGS, ETC.)",2,INCAPACITATING INJURY,2.0,0.0,2.0,6,2,8,41.96837468,-87.78207971,"['08/22/2022', '06:45:00', 'AM']",INCAPACITATING INJURY with Device
b7912771f5de526d7fc99d3d7a1b0c31fc28ff745cf7fdb069466dab1c9c62535b2de37b0d763999e235c08860edcd4602b097a12908ab8adafa80a0f30145e6,2022-08-21 17:13:00,Sunday,30,STOP SIGN/FLASHER,CLEAR,DAYLIGHT,TURNING,DRY,INJURY AND / OR TOW DUE TO CRASH,"OVER $1,500",FAILING TO YIELD RIGHT-OF-WAY,2,INCAPACITATING INJURY,2.0,0.0,1.0,17,1,8,41.95223023,-87.84162965,"['08/21/2022', '05:13:00', 'PM']",INCAPACITATING INJURY with Device
6646ac50743deb0b88487c6ee6a5d276131110fcfbeb2fee4eeeeeac0f1547e26f20ff5f279ac95b75a202fed081198eb9f553b7618c867790e9819389427cef,2022-08-21 16:38:00,Sunday,30,YIELD,CLEAR,DAYLIGHT,PEDESTRIAN,DRY,INJURY AND / OR TOW DUE TO CRASH,"OVER $1,500",FAILING TO YIELD RIGHT-OF-WAY,3,INCAPACITATING INJURY,2.0,0.0,1.0,16,1,8,41.76032977,-87.65870099,"['08/21/2022', '04:38:00', 'PM']",INCAPACITATING INJURY with Device
86fc96b333384e21e93ae5f7590ad71fc1252402158c210b1b93bbab49167c8d456444ff42ff74b9b521d22b3bb389d7dd493bbeb6f4814467aebb12952be626,2022-08-21 13:15:00,Sunday,25,TRAFFIC SIGNAL,CLEAR,DAYLIGHT,REAR TO SIDE,DRY,INJURY AND / OR TOW DUE TO CRASH,"OVER $1,500",UNABLE TO DETERMINE,2,INCAPACITATING INJURY,2.0,0.0,1.0,13,1,8,41.87676737,-87.75506336,"['08/21/2022', '01:15:00', 'PM']",INCAPACITATING INJURY with Device
27e7b081de8c4b733b55d80ceb94b8acded942d526eca78e6754dd0e3942a9392030f1a1540c60dee654943d8a821fcc8642533f57a5e56b0bd66eaa01057f2a,2022-08-21 09:00:00,Sunday,30,STOP SIGN/FLASHER,CLOUDY/OVERCAST,DAYLIGHT,ANGLE,WET,INJURY AND / OR TOW DUE TO CRASH,"OVER $1,500",FAILING TO YIELD RIGHT-OF-WAY,2,INCAPACITATING INJURY,2.0,0.0,1.0,9,1,8,41.79739475,-87.68427296,"['08/21/2022', '09:00:00', 'AM']",INCAPACITATING INJURY with Device
3bd61a1fce3cb19fae9eb23cd730f1bfe6fe9837ae5c2b19dd475765fd1135bab7b0ace8fc2e093ba325fdae283c01ae4e546424846161cbc644d7692957094e,2022-08-21 03:43:00,Sunday,30,TRAFFIC SIGNAL,RAIN,"DARKNESS, LIGHTED ROAD",FIXED OBJECT,WET,INJURY AND / OR TOW DUE TO CRASH,"OVER $1,500",UNABLE TO DETERMINE,1,INCAPACITATING INJURY,4.0,0.0,1.0,3,1,8,41.88709207,-87.61413825,"['08/21/2022', '03:43:00', 'AM']",INCAPACITATING INJURY with Device
4092f4728d0613b492b8f478f1b254e2c112bece803206d0a22a58e80a34fc853e7ced31612dab91610086ac465c2a6b794554c097a5491d7b91a76e254e3617,2022-08-21 03:37:00,Sunday,30,NO CONTROLS,RAIN,"DARKNESS, LIGHTED ROAD",TURNING,WET,INJURY AND / OR TOW DUE TO CRASH,"OVER $1,500",FAILING TO YIELD RIGHT-OF-WAY,2,INCAPACITATING INJURY,2.0,0.0,2.0,3,1,8,41.86964151,-87.74472286,"['08/21/2022', '03:37:00', 'AM']",INCAPACITATING INJURY without Device
f9151b1e32e97b0b7c8caa992fd7898a4b4e12f8a03a9262d5681fe49db28713355a2f65138b92fc6176c7ee4926f9a43f0b2e96bc5c4282879e86f19e47cbfe,2022-08-21 01:26:00,Sunday,30,NO CONTROLS,CLEAR,"DARKNESS, LIGHTED ROAD",PEDESTRIAN,UNKNOWN,INJURY AND / OR TOW DUE TO CRASH,$500 OR LESS,UNABLE TO DETERMINE,2,INCAPACITATING INJURY,1.0,0.0,1.0,1,1,8,41.94542572,-87.65892813,"['08/21/2022', '01:26:00', 'AM']",INCAPACITATING INJURY without Device
28f9a8e697183bbc47ce4a5437f91c349712cc6c976e3d761690e42ca0aa8a1b33f00cd4fd74ae4e0a73e96314ee13074fe8fb9a67da72d6757db815587fca2c,2022-08-21 01:00:00,Sunday,30,NO CONTROLS,CLEAR,"DARKNESS, LIGHTED ROAD",REAR END,DRY,INJURY AND / OR TOW DUE TO CRASH,"OVER $1,500",FOLLOWING TOO CLOSELY,2,INCAPACITATING INJURY,2.0,0.0,1.0,1,1,8,41.89682805,-87.6172077,"['08/21/2022', '01:00:00', 'AM']",INCAPACITATING INJURY without Device
3dc1fe03496ab88684dab1413aad7ab924af08bcfa9d83f713f6bc2920f66edcc2fd88d6dc20a4242f7c454d7f9afa4add429bc321c7ad3198bfc4a60f0f02d1,2022-08-21 00:10:00,Sunday,30,STOP SIGN/FLASHER,CLEAR,DARKNESS,ANGLE,DRY,INJURY AND / OR TOW DUE TO CRASH,"OVER $1,500",FAILING TO YIELD RIGHT-OF-WAY,2,INCAPACITATING INJURY,1.0,0.0,1.0,0,1,8,41.94651426,-87.72500781,"['08/21/2022', '12:10:00', 'AM']",INCAPACITATING INJURY with Device
66a13ac72d880d116af4a5061a083c2061ac998fbe0067acbbc5a7701a1f75950ecfe6b35c6e9f4db9a657d0ce3f734c06a4fe1db770148afff7b48226e93c28,2022-08-20 17:11:00,Saturday,30,TRAFFIC SIGNAL,CLEAR,DAYLIGHT,SIDESWIPE SAME DIRECTION,DRY,INJURY AND / OR TOW DUE TO CRASH,"OVER $1,500",DISREGARDING TRAFFIC SIGNALS,3,INCAPACITATING INJURY,2.0,0.0,1.0,17,7,8,41.92399362,-87.77100396,"['08/20/2022', '05:11:00', 'PM']",INCAPACITATING INJURY with Device
cface7b5fb91bcc68ca11db3a3597758bfe59367c06c5a31c104c8484406e3d0ac9ff30d040a06cadd157ffb4f99793afe219cea72336fca2634e0ec3c2b51c8,2022-08-20 15:48:00,Saturday,30,TRAFFIC SIGNAL,CLEAR,DAYLIGHT,ANGLE,WET,INJURY AND / OR TOW DUE TO CRASH,"OVER $1,500",UNABLE TO DETERMINE,5,INCAPACITATING INJURY,6.0,0.0,1.0,15,7,8,41.70702301,-87.62841572,"['08/20/2022', '03:48:00', 'PM']",INCAPACITATING INJURY with Device
11ebaf23125f7966f850327243c7a91b14a0cdcd93716a48e0a6685930c1e618bcfa4a92bc1fddee760215a724dc9dfb532d54c0d1c38ecc830c9ce8260f7f66,2022-08-20 11:30:00,Saturday,30,NO CONTROLS,CLOUDY/OVERCAST,DAYLIGHT,PEDESTRIAN,DRY,INJURY AND / OR TOW DUE TO CRASH,$500 OR LESS,IMPROPER BACKING,2,INCAPACITATING INJURY,1.0,0.0,1.0,11,7,8,41.88483822,-87.64993205,"['08/20/2022', '11:30:00', 'AM']",INCAPACITATING INJURY without Device
9660420abdb2c5de1648ebdf49f30cb1bbbf93770db5e9f189440c993e6802ab90c68f70aed21ab346e70a56cf939d7f109b997c96712a621bd63ffae9baa2ca,2022-08-20 08:30:00,Saturday,30,NO CONTROLS,CLEAR,DAYLIGHT,PEDESTRIAN,DRY,INJURY AND / OR TOW DUE TO CRASH,$500 OR LESS,IMPROPER BACKING,2,INCAPACITATING INJURY,1.0,0.0,1.0,8,7,8,41.8991174,-87.62295567,"['08/20/2022', '08:30:00', 'AM']",INCAPACITATING INJURY without Device
861966db6567ebda3a0a62934aa13b95a4d06170cc11c4da8494a5839c54ca259a13a5584b7f559573cd552089d01fb0ed064932205231832e3f9cdb74e9e280,2022-08-20 03:21:00,Saturday,30,NO CONTROLS,UNKNOWN,"DARKNESS, LIGHTED ROAD",REAR END,UNKNOWN,INJURY AND / OR TOW DUE TO CRASH,"OVER $1,500",FAILING TO REDUCE SPEED TO AVOID CRASH,2,INCAPACITATING INJURY,1.0,0.0,1.0,3,7,8,41.90693274,-87.62993013,"['08/20/2022', '03:21:00', 'AM']",INCAPACITATING INJURY without Device
2416ff52ee3f5af140ab14ada7813197edd7cbc335457abb81218c3803cb8e5eab9b12506cb2f5adce3f1401ecaf4a3b65ac5ac9029c57323f21ffc9d42da7f6,2022-08-19 20:06:00,Friday,35,TRAFFIC SIGNAL,CLEAR,"DARKNESS, LIGHTED ROAD",SIDESWIPE OPPOSITE DIRECTION,DRY,INJURY AND / OR TOW DUE TO CRASH,"OVER $1,500",FAILING TO REDUCE SPEED TO AVOID CRASH,2,INCAPACITATING INJURY,1.0,0.0,1.0,20,6,8,41.96711661,-87.65840841,"['08/19/2022', '08:06:00', 'PM']",INCAPACITATING INJURY with Device
5b1df4843d00c610fe4fdfb3a9e1e0a8b76fd183e5e85937d0285b14974b7ce9b242eded2f29c54c274b925232c38c74b5af1622fef01ff2c1163679024ca478,2022-08-19 15:27:00,Friday,30,TRAFFIC SIGNAL,CLEAR,DAYLIGHT,PEDESTRIAN,DRY,INJURY AND / OR TOW DUE TO CRASH,$500 OR LESS,FAILING TO YIELD RIGHT-OF-WAY,2,INCAPACITATING INJURY,1.0,0.0,1.0,15,6,8,41.87141156,-87.67652878,"['08/19/2022', '03:27:00', 'PM']",INCAPACITATING INJURY with Device
dbdff201356aba435d9a55ba7ff854da0dd389cc2a089c9ed17e733c3596479b7fb62d42b58acb8046ed4010b7d9b98241e0831ecb26432da731576bbbd99fa7,2022-08-19 14:52:00,Friday,40,NO CONTROLS,CLEAR,DAYLIGHT,SIDESWIPE SAME DIRECTION,DRY,INJURY AND / OR TOW DUE TO CRASH,"OVER $1,500",UNABLE TO DETERMINE,3,INCAPACITATING INJURY,3.0,0.0,2.0,14,6,8,41.98149213,-87.65223108,"['08/19/2022', '02:52:00', 'PM']",INCAPACITATING INJURY without Device
36ca5bcea6242155ca197151d4f1a16d56c75599c16ea3d0753b9bd3291d1d6203cac1760d0aa2e747fb68798bc53fbafc860b1200b64791839697f11f563dae,2022-08-18 23:50:00,Thursday,30,NO CONTROLS,CLEAR,"DARKNESS, LIGHTED ROAD",FIXED OBJECT,DRY,INJURY AND / OR TOW DUE TO CRASH,"OVER $1,500",UNABLE TO DETERMINE,1,INCAPACITATING INJURY,1.0,0.0,1.0,23,5,8,41.88573629,-87.73253952,"['08/18/2022', '11:50:00', 'PM']",INCAPACITATING INJURY without Device
90d883bfa730eed08d47f33ad67d43d7e8233be10a099a5f3cbee4aa9f47003b1aa5a0a6930d00ba39a2a7347ddbaf91ebd7671dc7bffc3ce0ac86a2ef5f19a4,2022-08-18 20:15:00,Thursday,35,NO CONTROLS,CLEAR,"DARKNESS, LIGHTED ROAD",REAR END,DRY,INJURY AND / OR TOW DUE TO CRASH,"OVER $1,500",FOLLOWING TOO CLOSELY,2,INCAPACITATING INJURY,1.0,0.0,1.0,20,5,8,41.96798561,-87.74152641,"['08/18/2022', '08:15:00', 'PM']",INCAPACITATING INJURY without Device
ef1d81aba37ba604f62042d44623eddfa1683a7aaea790de89d98d95b16f0bf59f4a3590a6d610e9377905406ce3626ddb4c9bedcfe9725aac9484733866650b,2022-08-18 19:10:00,Thursday,30,TRAFFIC SIGNAL,CLEAR,DAYLIGHT,PEDESTRIAN,DRY,INJURY AND / OR TOW DUE TO CRASH,"OVER $1,500",FAILING TO YIELD RIGHT-OF-WAY,2,INCAPACITATING INJURY,1.0,0.0,1.0,19,5,8,41.77922317,-87.69354081,"['08/18/2022', '07:10:00', 'PM']",INCAPACITATING INJURY with Device
a9a49a7965992eed832c379ca0a4ec4291604031b0579a8da606bbb8dc21a25b38e208e99ccc428f1e05be9ec008f3af7d2eaf7010490ee72f3de52496774a54,2022-08-18 18:01:00,Thursday,30,NO CONTROLS,CLEAR,DAYLIGHT,PEDALCYCLIST,DRY,INJURY AND / OR TOW DUE TO CRASH,$500 OR LESS,"VISION OBSCURED (SIGNS, TREE LIMBS, BUILDINGS, ETC.)",2,INCAPACITATING INJURY,1.0,0.0,1.0,18,5,8,41.99809836,-87.67525337,"['08/18/2022', '06:01:00', 'PM']",INCAPACITATING INJURY without Device
31e17c5c88264b6314bd40adb5c56bba33948a790e2f87af5f958c14e09edbc5f37407dbfa48fcea97807c7ab370f03502881e92ed890f917695d4d2310f6a3c,2022-08-18 16:16:00,Thursday,40,TRAFFIC SIGNAL,CLEAR,DAYLIGHT,PEDESTRIAN,DRY,INJURY AND / OR TOW DUE TO CRASH,"$501 - $1,500",NOT APPLICABLE,2,INCAPACITATING INJURY,1.0,0.0,1.0,16,5,8,41.87575626,-87.61751568,"['08/18/2022', '04:16:00', 'PM']",INCAPACITATING INJURY with Device
8791d67e07a7464f396ee6d6e6193d38a1b3e676db44c41ebd363a550b1ef71dccebce0ca43dc9fdda3b8180b71e0d1c170383a73a8247eebe5d9656d264f479,2022-08-18 02:23:00,Thursday,30,NO CONTROLS,CLEAR,DARKNESS,REAR END,DRY,INJURY AND / OR TOW DUE TO CRASH,"OVER $1,500",UNABLE TO DETERMINE,2,INCAPACITATING INJURY,1.0,0.0,1.0,2,5,8,41.77869324,-87.72892689,"['08/18/2022', '02:23:00', 'AM']",INCAPACITATING INJURY without Device
2b0f11334ef98a06a31ad4eae1ce4664ae7c5e45c8110a33cac610bca5339ad034403dc62f9b7aba62a75cddb2383c5107e5308edfa23cada3d420e304ba9718,2022-08-18 01:35:00,Thursday,30,NO CONTROLS,CLEAR,"DARKNESS, LIGHTED ROAD",PEDESTRIAN,DRY,INJURY AND / OR TOW DUE TO CRASH,$500 OR LESS,UNABLE TO DETERMINE,2,INCAPACITATING INJURY,2.0,0.0,1.0,1,5,8,41.75174817,-87.57348473,"['08/18/2022', '01:35:00', 'AM']",INCAPACITATING INJURY without Device
546a9f8d8941d64e162d9cf4a976ab60924f3ea71e6e394ef17c1775ee718ef4432e41780e249ded657bd882956e7cdec698fd078591fc48fe0d29696394408e,2022-08-17 18:37:00,Wednesday,30,TRAFFIC SIGNAL,CLEAR,DAYLIGHT,ANGLE,DRY,INJURY AND / OR TOW DUE TO CRASH,"OVER $1,500",IMPROPER OVERTAKING/PASSING,2,INCAPACITATING INJURY,1.0,0.0,1.0,18,4,8,41.6854327,-87.62278722,"['08/17/2022', '06:37:00', 'PM']",INCAPACITATING INJURY with Device
ab9d6dcc78877e839e071264bf6498502a02bfc1e23ea940e1311a04f894a5ce961ecb74e30650aecf2d025fe0a26ae1bc9cac7af9f8b5e000092c6b158f1bf4,2022-08-17 18:22:00,Wednesday,30,NO CONTROLS,CLEAR,DAYLIGHT,PEDALCYCLIST,DRY,INJURY AND / OR TOW DUE TO CRASH,$500 OR LESS,UNABLE TO DETERMINE,2,INCAPACITATING INJURY,1.0,0.0,1.0,18,4,8,41.97321042,-87.67917098,"['08/17/2022', '06:22:00', 'PM']",INCAPACITATING INJURY without Device
9f91ef12f961df8db018d7a9397de549f096c95ec12920178d40d4d24f69890faa326231f67d944fcb2db9ad30e77359ec9b61a62a5c9216ba12894ef86e99a9,2022-08-17 14:39:00,Wednesday,30,TRAFFIC SIGNAL,CLEAR,DAYLIGHT,TURNING,DRY,INJURY AND / OR TOW DUE TO CRASH,"OVER $1,500",DISREGARDING TRAFFIC SIGNALS,2,INCAPACITATING INJURY,1.0,0.0,1.0,14,4,8,41.76485938,-87.66394018,"['08/17/2022', '02:39:00', 'PM']",INCAPACITATING INJURY with Device
e8f900fe6e3c7c95e6c99eb133268ecdfb7b9a1465d7f4e6985bb8c0485dad3c15bda5a62bf1b3aefa0c51b20a07b131d0f746c4953c16e3c00a0a1d0eb65cb8,2022-08-17 12:00:00,Wednesday,35,TRAFFIC SIGNAL,CLEAR,DAYLIGHT,ANGLE,DRY,INJURY AND / OR TOW DUE TO CRASH,"OVER $1,500",PHYSICAL CONDITION OF DRIVER,4,INCAPACITATING INJURY,2.0,0.0,2.0,12,4,8,41.95196186,-87.83651776,"['08/17/2022', '12:00:00', 'PM']",INCAPACITATING INJURY with Device
d7bbf2ccec6389d28ca5bbcd6d9631c204a44fddfd7a5fef17a7b0bd0b3246c56e54be948b19c01108ce82efbf4fed139dc6002c1b6b5d581aad4c6c907c3b07,2022-08-17 09:48:00,Wednesday,30,NO CONTROLS,CLEAR,DAYLIGHT,SIDESWIPE SAME DIRECTION,DRY,INJURY AND / OR TOW DUE TO CRASH,"OVER $1,500",UNABLE TO DETERMINE,2,INCAPACITATING INJURY,3.0,0.0,2.0,9,4,8,41.90271858,-87.76703617,"['08/17/2022', '09:48:00', 'AM']",INCAPACITATING INJURY without Device
bd9d485fceef14b2f1428d8fc29c176ee593635af46fcb5721a39cc66f44060787aa5ae5c9faa00319f2a962ecaadcb16340f50ccff4fe66e4fb2eb3c4a8a602,2022-08-16 19:57:00,Tuesday,40,NO CONTROLS,CLEAR,"DARKNESS, LIGHTED ROAD",PEDESTRIAN,DRY,INJURY AND / OR TOW DUE TO CRASH,"OVER $1,500",UNABLE TO DETERMINE,2,INCAPACITATING INJURY,1.0,0.0,1.0,19,3,8,41.94677797,-87.64254095,"['08/16/2022', '07:57:00', 'PM']",INCAPACITATING INJURY without Device
dc4db506591213e9abe3626ba15ba903edc6a1b6dcc13844681a25c1db6392cb1ae5cf5bc36e46b2c8fdc78297fab1b623c2b06aa21598872a84832e5a903cf1,2022-08-16 18:38:00,Tuesday,30,TRAFFIC SIGNAL,CLEAR,DAYLIGHT,PEDALCYCLIST,DRY,INJURY AND / OR TOW DUE TO CRASH,"OVER $1,500",UNABLE TO DETERMINE,2,INCAPACITATING INJURY,1.0,0.0,1.0,18,3,8,42.00512357,-87.70918793,"['08/16/2022', '06:38:00', 'PM']",INCAPACITATING INJURY with Device
e46a7e3969115bdf59da553ec4fb8af3e6a17138a9c5a9fe99e12fc14ceaab5bdae0f42642c852c5a95d896744b154da36be18e6cc4d2e2d39ec3af15ee79e6d,2022-08-16 17:13:00,Tuesday,25,STOP SIGN/FLASHER,CLEAR,DAYLIGHT,PEDALCYCLIST,DRY,INJURY AND / OR TOW DUE TO CRASH,"OVER $1,500",DRIVING SKILLS/KNOWLEDGE/EXPERIENCE,2,INCAPACITATING INJURY,1.0,0.0,1.0,17,3,8,41.79805376,-87.76749055,"['08/16/2022', '05:13:00', 'PM']",INCAPACITATING INJURY with Device
626392f33bf158fb9c4d1e55469d14906815d1683da97a406b4196aa44e921d69bf1929f646faeebcbf53ce4cacd091cec572fac3d936f9f4a54b91bc4668c7a,2022-08-16 17:00:00,Tuesday,30,NO CONTROLS,CLEAR,DAYLIGHT,TURNING,DRY,INJURY AND / OR TOW DUE TO CRASH,"OVER $1,500",DISREGARDING OTHER TRAFFIC SIGNS,2,INCAPACITATING INJURY,1.0,0.0,1.0,17,3,8,41.98099963,-87.83765708,"['08/16/2022', '05:00:00', 'PM']",INCAPACITATING INJURY without Device
8f4e803aff0a7c536bb801c2155fb5608767ca65424561ba17f182eda5303ac1b699dafd2b03720e453c03009c711cc852cd890af9ddb77fde083341748ca885,2022-08-16 12:43:00,Tuesday,25,NO CONTROLS,CLEAR,DAYLIGHT,OTHER OBJECT,DRY,INJURY AND / OR TOW DUE TO CRASH,"OVER $1,500",PHYSICAL CONDITION OF DRIVER,1,INCAPACITATING INJURY,1.0,0.0,1.0,12,3,8,41.89544423,-87.70649295,"['08/16/2022', '12:43:00', 'PM']",INCAPACITATING INJURY without Device
520a96a673db20d514fed6fb6a04bd1fcd7309e0687dd0300361ba92b9bb430583c2c34e0b227514127617dccd9ac17b14352e3d5376358bfc03c6a22afe0328,2022-08-16 12:34:00,Tuesday,35,TRAFFIC SIGNAL,CLEAR,DAYLIGHT,SIDESWIPE SAME DIRECTION,DRY,INJURY AND / OR TOW DUE TO CRASH,"OVER $1,500",FAILING TO REDUCE SPEED TO AVOID CRASH,4,INCAPACITATING INJURY,3.0,0.0,1.0,12,3,8,41.90949307,-87.76528808,"['08/16/2022', '12:34:00', 'PM']",INCAPACITATING INJURY with Device
f1b691f0f97817ffc4d01718d8a289346b2fb3841c57f5eab14728baf56858a475e7df0f46abb9125432c192e8038f7dfec6db5fd2e0d92b3f1facad05d52d9f,2022-08-15 21:04:00,Monday,30,TRAFFIC SIGNAL,CLEAR,DARKNESS,FIXED OBJECT,DRY,INJURY AND / OR TOW DUE TO CRASH,"OVER $1,500",DRIVING SKILLS/KNOWLEDGE/EXPERIENCE,2,INCAPACITATING INJURY,2.0,0.0,2.0,21,2,8,41.78020471,-87.62051736,"['08/15/2022', '09:04:00', 'PM']",INCAPACITATING INJURY with Device
7abcd90e43de2c3844d2ec6428e78a848f4129c0e91a2cd7d6468b4a5596eea5aaee7669f0cded4fada62ddb98cad08f1214c178b55126068b65f10b09aacebe,2022-08-15 19:00:00,Monday,30,NO CONTROLS,UNKNOWN,UNKNOWN,ANGLE,UNKNOWN,INJURY AND / OR TOW DUE TO CRASH,"OVER $1,500",FAILING TO YIELD RIGHT-OF-WAY,2,INCAPACITATING INJURY,1.0,0.0,1.0,19,2,8,41.75119434,-87.60536733,"['08/15/2022', '07:00:00', 'PM']",INCAPACITATING INJURY without Device
85e410a5f2d652776bd44d831a20a634cf0ad7c0f2009ea0c39860ccc7da0135d821a4661300777d0fd76f869aaf51a1182fd1f0efbfbc9bac1eb1887968c1d7,2022-08-15 17:55:00,Monday,30,NO CONTROLS,CLEAR,DAYLIGHT,TURNING,DRY,INJURY AND / OR TOW DUE TO CRASH,"OVER $1,500",IMPROPER TURNING/NO SIGNAL,2,INCAPACITATING INJURY,1.0,0.0,1.0,17,2,8,41.840457,-87.64618977,"['08/15/2022', '05:55:00', 'PM']",INCAPACITATING INJURY without Device
d2466c2a281f0cdf3b94f1561710743d6717e4e90c7d136dbf101aa9d25c57d9530777c4aaf21643b77ab3c3a38265b9f46e667e9adf67121edf4010215e76ee,2022-08-15 12:00:00,Monday,30,TRAFFIC SIGNAL,CLEAR,DAYLIGHT,REAR END,UNKNOWN,INJURY AND / OR TOW DUE TO CRASH,"OVER $1,500","OPERATING VEHICLE IN ERRATIC, RECKLESS, CARELESS, NEGLIGENT OR AGGRESSIVE MANNER",3,INCAPACITATING INJURY,1.0,0.0,1.0,12,2,8,41.90378959,-87.63982077,"['08/15/2022', '12:00:00', 'PM']",INCAPACITATING INJURY with Device
ede5f8d2807de26f0df5a7c921ba206b67200e6896190a14e041ab858f35a7318419d9156db1ac09e65f8af93e27dc43b27fd114618e364effe8cbe5d37f0c74,2022-08-14 19:02:00,Sunday,30,NO CONTROLS,CLEAR,DAYLIGHT,TURNING,DRY,INJURY AND / OR TOW DUE TO CRASH,"OVER $1,500",UNABLE TO DETERMINE,2,INCAPACITATING INJURY,2.0,0.0,1.0,19,1,8,41.75563271,-87.67100477,"['08/14/2022', '07:02:00', 'PM']",INCAPACITATING INJURY without Device
2794f7edc41604b83cd348e464603b77170008f9fc86f104323adba566c0d3d57eb4808dc3d15a036385bb2c2f379808fdb798738bffe87faf92db229bcceefa,2022-08-14 16:15:00,Sunday,30,STOP SIGN/FLASHER,CLEAR,DAYLIGHT,TURNING,DRY,INJURY AND / OR TOW DUE TO CRASH,"OVER $1,500",FAILING TO YIELD RIGHT-OF-WAY,2,INCAPACITATING INJURY,1.0,0.0,1.0,16,1,8,41.82310933,-87.68415728,"['08/14/2022', '04:15:00', 'PM']",INCAPACITATING INJURY with Device
a3566a7a44910f5f9bf12b5b0787add59c64698ed589395cd1a219865c7eb61d7dada0a52979a78e94ac22d8cdfb27d5051c8dbf0194f2af2ec2bbc9a061718e,2022-08-14 05:36:00,Sunday,30,NO CONTROLS,CLEAR,DAYLIGHT,FIXED OBJECT,DRY,INJURY AND / OR TOW DUE TO CRASH,"OVER $1,500",NOT APPLICABLE,1,INCAPACITATING INJURY,1.0,0.0,1.0,5,1,8,41.85992087,-87.72513253,"['08/14/2022', '05:36:00', 'AM']",INCAPACITATING INJURY without Device