CRASH_RECORD_ID,CRASH_DATE,Weekday,POSTED_SPEED_LIMIT,TRAFFIC_CONTROL_DEVICE,WEATHER_CONDITION,LIGHTING_CONDITION,FIRST_CRASH_TYPE,ROADWAY_SURFACE_COND,CRASH_TYPE,DAMAGE,PRIM_CONTRIBUTORY_CAUSE,NUM_UNITS,MOST_SEVERE_INJURY,INJURIES_TOTAL,INJURIES_FATAL,INJURIES_INCAPACITATING,CRASH_HOUR,CRASH_DAY_OF_WEEK,CRASH_MONTH,LATITUDE,LONGITUDE,CRASH_TIME,CATEGORIES
f587687869863fd69783e7d82269ec9a242616a8692da7d8019430349bebaff7ea3634461390268c166af40e6d0e76bfc0f9e16c8ebb6dfdde44054bf42a9d8f,2022-08-14 05:00:00,Sunday,30,NO CONTROLS,CLEAR,DARKNESS,PEDESTRIAN,DRY,INJURY AND / OR TOW DUE TO CRASH,"OVER $1,500","OPERATING VEHICLE IN ERRATIC, RECKLESS, CARELESS, NEGLIGENT OR AGGRESSIVE MANNER",5,FATAL,4.0,3.0,0.0,5,1,8,41.76681807,-87.57617083,"['08/14/2022', '05:00:00', 'AM']",FATAL without Device
fa67e50a9bb0724f0abebf270b2be1013ba62fac0defa0463cb06c705b6be42e7ecb0abaa51ba24bd00917de7eb64874a6856a6056701959522e0b92caeff859,2022-08-14 02:41:00,Sunday,30,TRAFFIC SIGNAL,CLEAR,"DARKNESS, LIGHTED ROAD",TURNING,DRY,INJURY AND / OR TOW DUE TO CRASH,"OVER $1,500",EQUIPMENT - VEHICLE CONDITION,2,INCAPACITATING INJURY,2.0,0.0,1.0,2,1,8,41.88038672,-87.74539738,"['08/14/2022', '02:41:00', 'AM']",INCAPACITATING INJURY with Device
29abb97005a06548c9313198f2020c1f9fd1680ca71542758aea3e64d597996ec14d36947524184d903af87606cdd45a07317350afe5b2fd1f7c991f20065d69,2022-08-14 00:54:00,Sunday,30,NO CONTROLS,CLEAR,DARKNESS,TURNING,DRY,INJURY AND / OR TOW DUE TO CRASH,"$501 - $1,500",UNABLE TO DETERMINE,2,INCAPACITATING INJURY,1.0,0.0,1.0,0,1,8,41.78639483,-87.70097597,"['08/14/2022', '12:54:00', 'AM']",INCAPACITATING INJURY without Device
07d205a22ed3b2bbc33c8268be0db86dea1cb6253fec57e1c8ea80f76e8e98f8e585d3be9d0c720c401fcbebef3eb149286ab0674a48d315d10ba80079a33a32,2022-08-13 21:40:00,Saturday,30,NO CONTROLS,CLEAR,"DARKNESS, LIGHTED ROAD",PEDESTRIAN,DRY,INJURY AND / OR TOW DUE TO CRASH,$500 OR LESS,UNABLE TO DETERMINE,2,INCAPACITATING INJURY,1.0,0.0,1.0,21,7,8,41.69143432,-87.70256424,"['08/13/2022', '09:40:00', 'PM']",INCAPACITATING INJURY without Device
3236a20fdb854b3ad2270aed863ca1a517f166bc30322cc721b74144d3849a59ea2c375cc6111f038440082ceca6b19c3cd709058bb3fd18909396cf8facfe7c,2022-08-13 21:31:00,Saturday,30,STOP SIGN/FLASHER,CLEAR,DARKNESS,TURNING,DRY,INJURY AND / OR TOW DUE TO CRASH,"OVER $1,500",FAILING TO YIELD RIGHT-OF-WAY,2,INCAPACITATING INJURY,1.0,0.0,1.0,21,7,8,41.82353129,-87.63338115,"['08/13/2022', '09:31:00', 'PM']",INCAPACITATING INJURY with Device
d8548b667f146944f6aafcc8ed779998a39be1616b82e5a7136d28289eb1f0eaa3d8216d734f4438d5cf5fb00366892dfc3a44844ece9b7f03052dd4b51d091e,2022-08-13 21:25:00,Saturday,25,STOP SIGN/FLASHER,CLEAR,DARKNESS,PEDALCYCLIST,DRY,INJURY AND / OR TOW DUE TO CRASH,"$501 - $1,500",DISREGARDING STOP SIGN,2,INCAPACITATING INJURY,1.0,0.0,1.0,21,7,8,41.99415225,-87.6923603,"['08/13/2022', '09:25:00', 'PM']",INCAPACITATING INJURY with Device
de7b6e4663051d6ae65b98b92932c9772c455809cb09cd3dc5d05342ff3e600cad13ac31ba15a71ff4015cae3eb362da6237b070b0ff97d9f318fb6d49114f85,2022-08-13 18:13:00,Saturday,30,TRAFFIC SIGNAL,CLEAR,DAYLIGHT,PEDESTRIAN,DRY,INJURY AND / OR TOW DUE TO CRASH,"OVER $1,500",FAILING TO YIELD RIGHT-OF-WAY,2,INCAPACITATING INJURY,1.0,0.0,1.0,18,7,8,41.95437933,-87.66919912,"['08/13/2022', '06:13:00', 'PM']",INCAPACITATING INJURY with Device
36f262df401ccaf7619432628262b59c506ab64efa23d5680568b27f8f51a7f074c612c8d19f56591f5258e0ab2f448ff9ec17a97c61f9f48d4557a93049f2a7,2022-08-13 00:30:00,Saturday,35,NO CONTROLS,CLEAR,"DARKNESS, LIGHTED ROAD",ANGLE,DRY,INJURY AND / OR TOW DUE TO CRASH,"OVER $1,500",FAILING TO REDUCE SPEED TO AVOID CRASH,2,INCAPACITATING INJURY,3.0,0.0,1.0,0,7,8,41.95407145,-87.70074524,"['08/13/2022', '12:30:00', 'AM']",INCAPACITATING INJURY without Device
1c289ef47d86a8ec5bbf592bfe4e46bdf835dc02d3e668c2a681a6897edcf14d517448181210c73f84c1faa45d4cb0d1bc85398d1cfde30689990399d8806c9d,2022-08-12 22:38:00,Friday,30,NO CONTROLS,CLEAR,DARKNESS,FIXED OBJECT,DRY,INJURY AND / OR TOW DUE TO CRASH,"OVER $1,500",UNABLE TO DETERMINE,1,INCAPACITATING INJURY,1.0,0.0,1.0,22,6,8,41.7216333,-87.63842417,"['08/12/2022', '10:38:00', 'PM']",INCAPACITATING INJURY without Device
e9ed27490cfed7071a11a8b9c0475c4822f322db4a0ace007aa8fddb0ad1363229e6f0e06a346fcd7bac8ca0f801f14b19b40563dcd63f1ac8e3ae33a29f3b3f,2022-08-12 22:30:00,Friday,45,NO CONTROLS,CLEAR,"DARKNESS, LIGHTED ROAD",REAR END,DRY,INJURY AND / OR TOW DUE TO CRASH,"OVER $1,500",FOLLOWING TOO CLOSELY,2,INCAPACITATING INJURY,1.0,0.0,1.0,22,6,8,41.79981031,-87.58116412,"['08/12/2022', '10:30:00', 'PM']",INCAPACITATING INJURY without Device
55046591a55153b3635f144c0e7d16fd517d923f85f0c1f14a1f8350c19ceb1b3e8c41108355481492df8c0d2f03dc5147600e6a94cc131051f991d15b2fbc04,2022-08-12 21:40:00,Friday,30,NO CONTROLS,CLEAR,"DARKNESS, LIGHTED ROAD",HEAD ON,DRY,INJURY AND / OR TOW DUE TO CRASH,"OVER $1,500",UNABLE TO DETERMINE,2,INCAPACITATING INJURY,2.0,0.0,2.0,21,6,8,41.74479392,-87.71011367,"['08/12/2022', '09:40:00', 'PM']",INCAPACITATING INJURY without Device
763e4d1973a3c17404302ff3ed6ac2429443658febeeeb4e1d786fbe230e19304394d6dd3270be91069d2f11ee5b7196afeed852da2af3578e94a554169332e6,2022-08-12 21:11:00,Friday,30,NO CONTROLS,CLEAR,"DARKNESS, LIGHTED ROAD",TURNING,DRY,INJURY AND / OR TOW DUE TO CRASH,"OVER $1,500",FAILING TO REDUCE SPEED TO AVOID CRASH,2,INCAPACITATING INJURY,1.0,0.0,1.0,21,6,8,41.92510226,-87.68053346,"['08/12/2022', '09:11:00', 'PM']",INCAPACITATING INJURY without Device
476e6c9b2935378de9a2ffe93cbade719a144492a3999ef4fb7ef2c3d1d63fc18440e4c0418c0214ac1f1dfffcc29e31a8e7e1ddda5d0a0ea98873062682799a,2022-08-12 20:49:00,Friday,15,NO CONTROLS,CLEAR,DARKNESS,FIXED OBJECT,DRY,INJURY AND / OR TOW DUE TO CRASH,"OVER $1,500",UNABLE TO DETERMINE,1,FATAL,1.0,1.0,0.0,20,6,8,41.90857828,-87.7266227,"['08/12/2022', '08:49:00', 'PM']",FATAL without Device
d46e3ae2660e5fe4cd25d6f6b6b47530e5e358a5fbb61f92aa43a00ecc4b91c0c4ddfb63d43fc323e25a183ce77bf6b4a839ead37b652001d0d9399143a87cf9,2022-08-12 14:30:00,Friday,25,NO CONTROLS,CLEAR,DAYLIGHT,PEDESTRIAN,DRY,INJURY AND / OR TOW DUE TO CRASH,"OVER $1,500",UNABLE TO DETERMINE,2,INCAPACITATING INJURY,1.0,0.0,1.0,14,6,8,41.68647252,-87.60934434,"['08/12/2022', '02:30:00', 'PM']",INCAPACITATING INJURY without Device
5c895171ab90f5b05f288761947a534020892f534c2821661c2824786afb77389f97707cff8af11e0f9085ef8e4ea55952fe1367941edb15e250507417773e20,2022-08-12 13:40:00,Friday,30,TRAFFIC SIGNAL,CLEAR,DAYLIGHT,ANGLE,DRY,INJURY AND / OR TOW DUE TO CRASH,$500 OR LESS,DISREGARDING TRAFFIC SIGNALS,2,INCAPACITATING INJURY,1.0,0.0,1.0,13,6,8,41.72814389,-87.6821399,"['08/12/2022', '01:40:00', 'PM']",INCAPACITATING INJURY with Device
f01742f0b3e5c39fb0c98bc378591c6a51b59b4e86a308953b9de23bd425999700df5e9cf1bfbe0ced72849b4e9db2a198518c481e63e9cb84792f4ee4e3e569,2022-08-11 22:41:00,Thursday,40,NO CONTROLS,CLEAR,"DARKNESS, LIGHTED ROAD",SIDESWIPE SAME DIRECTION,DRY,INJURY AND / OR TOW DUE TO CRASH,"$501 - $1,500",FAILING TO REDUCE SPEED TO AVOID CRASH,2,INCAPACITATING INJURY,1.0,0.0,1.0,22,5,8,41.98555677,-87.65336148,"['08/11/2022', '10:41:00', 'PM']",INCAPACITATING INJURY without Device
2a074cb03f93fe5510bb43420e657819cc2ac1a1a6e55b5e3484ea4ebb648614d709190de2e0241999df704401a0b13b944a17e1709c62ceb94a3b55cb6b2ec7,2022-08-11 22:25:00,Thursday,30,NO CONTROLS,CLEAR,"DARKNESS, LIGHTED ROAD",REAR END,DRY,INJURY AND / OR TOW DUE TO CRASH,"OVER $1,500",UNABLE TO DETERMINE,4,INCAPACITATING INJURY,2.0,0.0,1.0,22,5,8,41.65908844,-87.57244259,"['08/11/2022', '10:25:00', 'PM']",INCAPACITATING INJURY without Device
cf50f971f739f2eaecaeadc75d87924769e3c4364e6988126b08b546aad95e1d02436fee1b1415064e32832efe9ccffa44153639d88f4df7c13f2c3c4ef6f8cb,2022-08-11 18:11:00,Thursday,30,NO CONTROLS,CLEAR,DAYLIGHT,PEDESTRIAN,DRY,INJURY AND / OR TOW DUE TO CRASH,$500 OR LESS,UNABLE TO DETERMINE,2,INCAPACITATING INJURY,1.0,0.0,1.0,18,5,8,41.6988549,-87.62075318,"['08/11/2022', '06:11:00', 'PM']",INCAPACITATING INJURY without Device
dd6896dab677dbb385c27c1c74d5ca40718c959cabddf0a0e9e538391e14686b342955d732d02f93a85a4dc635f187f1cab382c7bd690429459c6c0384a35cdc,2022-08-11 10:43:00,Thursday,30,NO CONTROLS,CLEAR,DAYLIGHT,PEDALCYCLIST,DRY,INJURY AND / OR TOW DUE TO CRASH,"$501 - $1,500",FAILING TO YIELD RIGHT-OF-WAY,2,INCAPACITATING INJURY,1.0,0.0,1.0,10,5,8,42.00322881,-87.81709232,"['08/11/2022', '10:43:00', 'AM']",INCAPACITATING INJURY without Device
eadf08fec582e155f3dc5fcd571603914205cf4b003fdfac4aa2508b8077e631a1f6c3982d92c04501ef5359482bb8c6d199430c5e3cdd87c027fb5d11039172,2022-08-11 09:00:00,Thursday,30,NO CONTROLS,CLEAR,DAYLIGHT,PEDESTRIAN,DRY,INJURY AND / OR TOW DUE TO CRASH,$500 OR LESS,IMPROPER BACKING,2,INCAPACITATING INJURY,1.0,0.0,1.0,9,5,8,41.7689675,-87.64333376,"['08/11/2022', '09:00:00', 'AM']",INCAPACITATING INJURY without Device
a088ede07c97519f57ad399a2f90096ee2fb75abf172f4b9d9a8599508d510dfd09066c2783e91606b8cee514b63b32c66d8c02636b1abc46ecde9d7292f3a40,2022-08-11 07:33:00,Thursday,30,TRAFFIC SIGNAL,CLEAR,DAYLIGHT,TURNING,DRY,INJURY AND / OR TOW DUE TO CRASH,"OVER $1,500",FAILING TO YIELD RIGHT-OF-WAY,2,INCAPACITATING INJURY,2.0,0.0,1.0,7,5,8,41.80908244,-87.63103087,"['08/11/2022', '07:33:00', 'AM']",INCAPACITATING INJURY with Device
4093998a0b9850eb00ab53210011b2948ed0be4cafc0cee1657211b0d477b74262c8859b645acfc9e130903ab9e87670f00b92d512881dc6d2b19bafad24a615,2022-08-11 06:20:00,Thursday,30,NO CONTROLS,CLEAR,DAYLIGHT,PEDALCYCLIST,DRY,INJURY AND / OR TOW DUE TO CRASH,"OVER $1,500",UNABLE TO DETERMINE,2,FATAL,1.0,1.0,0.0,6,5,8,41.71589022,-87.53633845,"['08/11/2022', '06:20:00', 'AM']",FATAL without Device
efee799b71ba419eab3827b4b69665bf969dc980ad0b139e488512a8ad298e47f7da0e4805874e4a390aca63878d2d9d711410ac14acf4d628ca8bff94319ca7,2022-08-11 02:41:00,Thursday,30,NO CONTROLS,CLEAR,"DARKNESS, LIGHTED ROAD",PEDESTRIAN,DRY,INJURY AND / OR TOW DUE TO CRASH,"OVER $1,500",UNABLE TO DETERMINE,2,INCAPACITATING INJURY,1.0,0.0,1.0,2,5,8,41.82620568,-87.68449332,"['08/11/2022', '02:41:00', 'AM']",INCAPACITATING INJURY without Device
fe78c3bc0e9ca0741c48fefa735996f41163f4f48ce2ded223ca5e51aaf2f103ee816e4ea40cf761471c1d287105e38689fae05adc3f31a2592de453b0c46774,2022-08-10 22:40:00,Wednesday,30,NO CONTROLS,CLEAR,"DARKNESS, LIGHTED ROAD",PEDESTRIAN,DRY,INJURY AND / OR TOW DUE TO CRASH,"OVER $1,500",UNABLE TO DETERMINE,2,INCAPACITATING INJURY,1.0,0.0,1.0,22,4,8,41.8900733,-87.64746235,"['08/10/2022', '10:40:00', 'PM']",INCAPACITATING INJURY without Device
77b13bd0475e38a083346a7231a4442bd92bd0e8f5e00739e7084e2b3d24944bf64747375d6e960de56ea6da30cb6f15496497c910457611457bcc6e382f6cfa,2022-08-10 21:30:00,Wednesday,30,STOP SIGN/FLASHER,CLEAR,"DARKNESS, LIGHTED ROAD",TURNING,DRY,INJURY AND / OR TOW DUE TO CRASH,"OVER $1,500",UNABLE TO DETERMINE,2,INCAPACITATING INJURY,1.0,0.0,1.0,21,4,8,41.77189654,-87.6957126,"['08/10/2022', '09:30:00', 'PM']",INCAPACITATING INJURY with Device
6a82e0ef10b056b96add8d5c10c341cd7e754a4d00a7ada1798d89ab4735f8a73648b1dc2bc8edb818137ea8c00bc7d092766370e8377417d5611df3ce91995f,2022-08-10 21:05:00,Wednesday,35,NO CONTROLS,CLEAR,"DARKNESS, LIGHTED ROAD",PEDESTRIAN,DRY,INJURY AND / OR TOW DUE TO CRASH,"OVER $1,500",NOT APPLICABLE,3,INCAPACITATING INJURY,1.0,0.0,1.0,21,4,8,41.99616329,-87.74819308,"['08/10/2022', '09:05:00', 'PM']",INCAPACITATING INJURY without Device
266fc11f8f312da93bb26d26a158c78ddc76fb876a3bd608717191c5b5231af3fa7bb129116660026bdb81fea23207d2b69c82783981565a7d8c7a3491f7bed1,2022-08-10 19:41:00,Wednesday,30,TRAFFIC SIGNAL,CLEAR,DAYLIGHT,ANGLE,DRY,INJURY AND / OR TOW DUE TO CRASH,"OVER $1,500",DISREGARDING OTHER TRAFFIC SIGNS,2,INCAPACITATING INJURY,2.0,0.0,1.0,19,4,8,41.88245451,-87.66937171,"['08/10/2022', '07:41:00', 'PM']",INCAPACITATING INJURY with Device
934f05f3cfd3f5c177326ec9f19ad270887c37896d906fe0e6c7622554ac995c6ead9fdac408f0348d631c0b3eb6ecd1b0ffdf59df382176314d853c8891b227,2022-08-09 15:55:00,Tuesday,30,STOP SIGN/FLASHER,CLEAR,DAYLIGHT,SIDESWIPE SAME DIRECTION,DRY,INJURY AND / OR TOW DUE TO CRASH,"OVER $1,500",DISREGARDING STOP SIGN,3,INCAPACITATING INJURY,1.0,0.0,1.0,15,3,8,41.87904505,-87.66447512,"['08/09/2022', '03:55:00', 'PM']",INCAPACITATING INJURY with Device
107010ac6b854067d410fee06ed42dbc7c2790fccf88c0f36ecb137436c5c52187b6801b2aa46ab274509546894dcc09163cf37089aeaf7823761cb6b0cf87f6,2022-08-09 15:50:00,Tuesday,30,NO CONTROLS,CLEAR,DAYLIGHT,TURNING,UNKNOWN,INJURY AND / OR TOW DUE TO CRASH,"OVER $1,500",FAILING TO YIELD RIGHT-OF-WAY,2,FATAL,1.0,1.0,0.0,15,3,8,41.79750716,-87.74999404,"['08/09/2022', '03:50:00', 'PM']",FATAL without Device
2c0ff44aa4a239bc63282a99a4283bcbec0b33bb2d64e3de2e5bee0eb6f45e336006d80e5bb5731a833e2ca73db041850f8d5fafee6319a15589c96f1ecc6c74,2022-08-09 14:30:00,Tuesday,30,STOP SIGN/FLASHER,CLEAR,DAYLIGHT,PEDESTRIAN,DRY,INJURY AND / OR TOW DUE TO CRASH,"OVER $1,500",UNABLE TO DETERMINE,2,INCAPACITATING INJURY,1.0,0.0,1.0,14,3,8,41.91519578,-87.65527823,"['08/09/2022', '02:30:00', 'PM']",INCAPACITATING INJURY with Device
5055cdadbdc18bef7ada96d776e8d0f9329f2263ac7315f0c9ea9a29175b3925ddd6ba96a417c82d6773850c7c9f2320195e2c8f830f3180950cee16dae10d57,2022-08-09 14:22:00,Tuesday,30,NO CONTROLS,CLEAR,DAYLIGHT,REAR END,DRY,INJURY AND / OR TOW DUE TO CRASH,"OVER $1,500",FOLLOWING TOO CLOSELY,3,INCAPACITATING INJURY,1.0,0.0,1.0,14,3,8,41.90744215,-87.72659414,"['08/09/2022', '02:22:00', 'PM']",INCAPACITATING INJURY without Device
321bc870aa415a6c70a9826c1678e5cfd4645b2e6d0bd987311c384ee6218f70d2e8f1f4603d216e1c4e6d7867368ac08d0712ce21dc7e5af77168a03b821c8c,2022-08-09 13:24:00,Tuesday,35,NO CONTROLS,CLEAR,DAYLIGHT,REAR END,DRY,INJURY AND / OR TOW DUE TO CRASH,"OVER $1,500",UNABLE TO DETERMINE,2,INCAPACITATING INJURY,2.0,0.0,1.0,13,3,8,41.96224515,-87.83684084,"['08/09/2022', '01:24:00', 'PM']",INCAPACITATING INJURY without Device
74be11802468b06118bc80d2df5f0917f13b18edcfa08696d1dd0f4baa924c9f123d3746b4487068197fc6ac84ac689c7b435503387826753d5e0b928701e094,2022-08-09 12:21:00,Tuesday,20,NO CONTROLS,CLEAR,DAYLIGHT,REAR END,DRY,INJURY AND / OR TOW DUE TO CRASH,"OVER $1,500",UNABLE TO DETERMINE,2,INCAPACITATING INJURY,3.0,0.0,2.0,12,3,8,41.93195503,-87.67755209,"['08/09/2022', '12:21:00', 'PM']",INCAPACITATING INJURY without Device
9366afe9e4fc6f9a971a74f7f56f934977823bb285c2ca93bc2f6d45562e677f34d53b46d06164de2ced35f15e3a538afcca9ae1c4ea4424bda3fa587672711f,2022-08-09 03:20:00,Tuesday,30,NO CONTROLS,CLEAR,"DARKNESS, LIGHTED ROAD",PEDESTRIAN,DRY,INJURY AND / OR TOW DUE TO CRASH,$500 OR LESS,NOT APPLICABLE,2,INCAPACITATING INJURY,1.0,0.0,1.0,3,3,8,41.76468344,-87.6247422,"['08/09/2022', '03:20:00', 'AM']",INCAPACITATING INJURY without Device
883baed715e2a83e87c9e07dad790f184d100b364832135aa9116e65878c3d4fdb8906052594f6104b605184c6d013a596b97a47a4270535fdc2741a14c6be47,2022-08-08 19:00:00,Monday,30,NO CONTROLS,CLEAR,DUSK,ANIMAL,DRY,INJURY AND / OR TOW DUE TO CRASH,"OVER $1,500",ANIMAL,2,INCAPACITATING INJURY,1.0,0.0,1.0,19,2,8,41.76021098,-87.61135896,"['08/08/2022', '07:00:00', 'PM']",INCAPACITATING INJURY without Device
10c02ad83b1b241f057db7e3f4bebdb9a9a2798dc57db492612dc70b6b14871929edc20d6d1c4c5bb6ab9903d7e69e1de63fce49c87ebfc869cc62b47a29e04c,2022-08-08 17:22:00,Monday,30,TRAFFIC SIGNAL,CLEAR,DAYLIGHT,PEDESTRIAN,WET,INJURY AND / OR TOW DUE TO CRASH,$500 OR LESS,UNABLE TO DETERMINE,2,INCAPACITATING INJURY,1.0,0.0,1.0,17,2,8,41.87665607,-87.64734892,"['08/08/2022', '05:22:00', 'PM']",INCAPACITATING INJURY with Device
bb745ed564c4d7b8166008f7f913cba0941920a23cd901655d50d310c8367ad54a0d84de99e24903f9ed6e01f845b656bd414c2c504bd787af22caa8f1d8b7e3,2022-08-08 12:50:00,Monday,30,TRAFFIC SIGNAL,OTHER,DAYLIGHT,ANGLE,WET,INJURY AND / OR TOW DUE TO CRASH,"OVER $1,500",UNABLE TO DETERMINE,2,INCAPACITATING INJURY,2.0,0.0,1.0,12,2,8,41.92861793,-87.69271961,"['08/08/2022', '12:50:00', 'PM']",INCAPACITATING INJURY with Device
e7851067a42898e6c0e7f4009efbfe9694c9b19568f9e393dc6ecde3cf3d751f6a1563be14f33b99552f2e50fd6ef5bbb006b31ca539debc04b7d6ed93661e85,2022-08-08 12:10:00,Monday,30,NO CONTROLS,UNKNOWN,DAYLIGHT,REAR END,UNKNOWN,INJURY AND / OR TOW DUE TO CRASH,"$501 - $1,500",FOLLOWING TOO CLOSELY,2,INCAPACITATING INJURY,1.0,0.0,1.0,12,2,8,41.73615054,-87.62584234,"['08/08/2022', '12:10:00', 'PM']",INCAPACITATING INJURY without Device
4691e96d3af94313044fe04a6f57e7715d8dab98d1d6855689a47adfc2940808781a6a7a6645a83034889db4da6f244eaf4d6da4591e2d3cbdce3b6d56c0796a,2022-08-08 10:15:00,Monday,35,NO CONTROLS,RAIN,DAYLIGHT,ANGLE,DRY,INJURY AND / OR TOW DUE TO CRASH,"$501 - $1,500",UNABLE TO DETERMINE,2,INCAPACITATING INJURY,2.0,0.0,2.0,10,2,8,41.95693135,-87.7236747,"['08/08/2022', '10:15:00', 'AM']",INCAPACITATING INJURY without Device
2d55266961ce225c90a2a15104103a833b05babc741130e17707929bfc1fb8cf69b39fa92eb0237d76cd11720c0b101f6a99befb2f5f77b5c952397ed1b295f3,2022-08-08 00:05:00,Monday,30,NO CONTROLS,RAIN,"DARKNESS, LIGHTED ROAD",FIXED OBJECT,WET,INJURY AND / OR TOW DUE TO CRASH,"OVER $1,500",UNABLE TO DETERMINE,1,INCAPACITATING INJURY,1.0,0.0,1.0,0,2,8,41.93462042,-87.66862302,"['08/08/2022', '12:05:00', 'AM']",INCAPACITATING INJURY without Device
d9ba5390fda6137c51dffcd212e3e40757789b48675f8d764853fb7a91936247b8e56e8074561c4dd13eacdb2fc5dcce30350dc075ae9b8ee892e2bbe019aebc,2022-08-07 11:00:00,Sunday,30,NO CONTROLS,RAIN,DAYLIGHT,SIDESWIPE SAME DIRECTION,WET,INJURY AND / OR TOW DUE TO CRASH,"OVER $1,500",FAILING TO YIELD RIGHT-OF-WAY,3,INCAPACITATING INJURY,5.0,0.0,1.0,11,1,8,41.72135473,-87.66011781,"['08/07/2022', '11:00:00', 'AM']",INCAPACITATING INJURY without Device
f81e3661b862dfe6a301d3d832cbf58f5bb8fef5c6d6ec386bfa6a09aff426120e965e4fc421cdf84efb5eaa86711774b481edbe475ea530d075a944a2846e9d,2022-08-07 03:30:00,Sunday,30,NO CONTROLS,CLEAR,"DARKNESS, LIGHTED ROAD",SIDESWIPE SAME DIRECTION,DRY,INJURY AND / OR TOW DUE TO CRASH,"OVER $1,500",IMPROPER TURNING/NO SIGNAL,2,INCAPACITATING INJURY,2.0,0.0,1.0,3,1,8,41.86620604,-87.72532283,"['08/07/2022', '03:30:00', 'AM']",INCAPACITATING INJURY without Device
2a04a62f3596568cb409220a687ed94ecaa757f9c8994a8d363f56fc9b66bc872749fb2129de9e728b7c91b962a415d0bde9e8f3e00ec513aa2bb194f70c0622,2022-08-07 01:30:00,Sunday,30,STOP SIGN/FLASHER,UNKNOWN,"DARKNESS, LIGHTED ROAD",ANGLE,UNKNOWN,INJURY AND / OR TOW DUE TO CRASH,"OVER $1,500",DISREGARDING STOP SIGN,2,INCAPACITATING INJURY,3.0,0.0,2.0,1,1,8,41.88027333,-87.69638579,"['08/07/2022', '01:30:00', 'AM']",INCAPACITATING INJURY with Device
4ea19edcb7df4b7a420d8c5339ae19b5f28035016b816fd1d9a861736d207c79f43060e9d6055e2dd231683d4d2d1a6d5401087046b8171cd0a0ec8673358e6f,2022-08-07 01:20:00,Sunday,30,NO CONTROLS,CLEAR,"DARKNESS, LIGHTED ROAD",ANGLE,DRY,INJURY AND / OR TOW DUE TO CRASH,"OVER $1,500",UNABLE TO DETERMINE,2,INCAPACITATING INJURY,1.0,0.0,1.0,1,1,8,41.78696008,-87.65717661,"['08/07/2022', '01:20:00', 'AM']",INCAPACITATING INJURY without Device
aa890082793ed4bb38fa11b3e1cf1c1c23389b475c08489d8f4596cc0aa39c547ec1eff7003ed80355d91cca1d27e54b37a3987365f7fe7470575a4070ca8907,2022-08-07 00:57:00,Sunday,15,NO CONTROLS,CLEAR,"DARKNESS, LIGHTED ROAD",FIXED OBJECT,DRY,INJURY AND / OR TOW DUE TO CRASH,"$501 - $1,500",UNABLE TO DETERMINE,1,INCAPACITATING INJURY,2.0,0.0,1.0,0,1,8,41.95453509,-87.75610405,"['08/07/2022', '12:57:00', 'AM']",INCAPACITATING INJURY without Device
cdf73fbbb713109c56c0259a948a09c72b7df943f45352b3e9426e27d554223857b14de424635827c80b835d7925f3b51c2d6f653689a015f8e3b02e399170aa,2022-08-07 00:54:00,Sunday,30,NO CONTROLS,CLEAR,DUSK,ANGLE,DRY,INJURY AND / OR TOW DUE TO CRASH,"OVER $1,500","OPERATING VEHICLE IN ERRATIC, RECKLESS, CARELESS, NEGLIGENT OR AGGRESSIVE MANNER",3,INCAPACITATING INJURY,1.0,0.0,1.0,0,1,8,41.75363943,-87.6950824,"['08/07/2022', '12:54:00', 'AM']",INCAPACITATING INJURY without Device
029ac443cce29cdbe3572e08ac5dc8a77b12029625c95da3b425a6b500ff9ea5367364c08e4e332b0733ed79c82262046caf961fb09e25d091486edeb0ee8deb,2022-08-06 22:05:00,Saturday,30,NO CONTROLS,CLEAR,"DARKNESS, LIGHTED ROAD",PEDESTRIAN,DRY,INJURY AND / OR TOW DUE TO CRASH,"OVER $1,500",NOT APPLICABLE,2,FATAL,1.0,1.0,0.0,22,7,8,41.7164703,-87.642932,"['08/06/2022', '10:05:00', 'PM']",FATAL without Device
539c23d4aaa2667757216fdeaa73fd9656ef7a189954a4bd3a6b92d155d5ac1ccafdb915e752e0c2d4921bab55c5d1e796ff7e07a3d3010be9d3f2964c3741e7,2022-08-06 19:47:00,Saturday,30,NO CONTROLS,CLEAR,DUSK,HEAD ON,DRY,INJURY AND / OR TOW DUE TO CRASH,"OVER $1,500","OPERATING VEHICLE IN ERRATIC, RECKLESS, CARELESS, NEGLIGENT OR AGGRESSIVE MANNER",3,INCAPACITATING INJURY,6.0,0.0,2.0,19,7,8,41.88921526,-87.76503105,"['08/06/2022', '07:47:00', 'PM']",INCAPACITATING INJURY without Device