CRASH_RECORD_ID,CRASH_DATE,Weekday,POSTED_SPEED_LIMIT,TRAFFIC_CONTROL_DEVICE,WEATHER_CONDITION,LIGHTING_CONDITION,FIRST_CRASH_TYPE,ROADWAY_SURFACE_COND,CRASH_TYPE,DAMAGE,PRIM_CONTRIBUTORY_CAUSE,NUM_UNITS,MOST_SEVERE_INJURY,INJURIES_TOTAL,INJURIES_FATAL,INJURIES_INCAPACITATING,CRASH_HOUR,CRASH_DAY_OF_WEEK,CRASH_MONTH,LATITUDE,LONGITUDE,CRASH_TIME,CATEGORIES
55e0786afe78d8d2d02abecad767669d8a145ab93c7f226dd2c55934b1ed8f226246283495cd5927f17b8c9b4de655172d2f885ca973b7fe2a182731a38d821a,2022-08-06 19:10:00,Saturday,20,STOP SIGN/FLASHER,CLEAR,DAYLIGHT,ANGLE,DRY,INJURY AND / OR TOW DUE TO CRASH,"OVER $1,500",FAILING TO YIELD RIGHT-OF-WAY,2,INCAPACITATING INJURY,1.0,0.0,1.0,19,7,8,41.72347259,-87.63613058,"['08/06/2022', '07:10:00', 'PM']",INCAPACITATING INJURY with Device
8208e8de8ceb2c8a224c617947b5341df0646ba2afa34bd86a918c9bc4093830d77b6e80914aab557159f5171d66b3166447fc2d54d10701e700ba84669114ba,2022-08-06 18:00:00,Saturday,25,NO CONTROLS,CLEAR,DAYLIGHT,PEDESTRIAN,DRY,INJURY AND / OR TOW DUE TO CRASH,$500 OR LESS,UNABLE TO DETERMINE,2,INCAPACITATING INJURY,1.0,0.0,1.0,18,7,8,41.70129167,-87.6495318,"['08/06/2022', '06:00:00', 'PM']",INCAPACITATING INJURY without Device
6b591060cc6037fd4ddc93678338a1ce3ae374c9290718612479aeddad744237bcd6cc0663e28fdfbe9ae67a99f12f3c379504d72e102e49ce19b1711f8dc505,2022-08-06 13:45:00,Saturday,30,STOP SIGN/FLASHER,CLEAR,DAYLIGHT,ANGLE,DRY,INJURY AND / OR TOW DUE TO CRASH,"OVER $1,500",FAILING TO YIELD RIGHT-OF-WAY,2,INCAPACITATING INJURY,1.0,0.0,1.0,13,7,8,41.88983392,-87.67699972,"['08/06/2022', '01:45:00', 'PM']",INCAPACITATING INJURY with Device
7513e798336971e46f8b8f95561c881ab8d0134ec770a42ebb06002a2ee4604b5a22af61afeffb887dea463bb91d45dae5f46fdfa1e74026aa40c819e69588c9,2022-08-06 12:10:00,Saturday,30,STOP SIGN/FLASHER,CLEAR,DAYLIGHT,ANGLE,DRY,INJURY AND / OR TOW DUE TO CRASH,"OVER $1,500",UNABLE TO DETERMINE,2,INCAPACITATING INJURY,2.0,0.0,1.0,12,7,8,41.70630772,-87.55979092,"['08/06/2022', '12:10:00', 'PM']",INCAPACITATING INJURY with Device
316e9164524ec5b5e1355ec01114dc62870620a4d2a2c363319379ed3bd272f9aa32c7f4923b1f01e5e8f38cf6e9b1cbf287dfb49512720c1dab32c9ee8f34b3,2022-08-06 02:13:00,Saturday,30,NO CONTROLS,CLEAR,"DARKNESS, LIGHTED ROAD",FIXED OBJECT,DRY,INJURY AND / OR TOW DUE TO CRASH,"OVER $1,500",UNABLE TO DETERMINE,1,INCAPACITATING INJURY,1.0,0.0,1.0,2,7,8,41.81593986,-87.67007736,"['08/06/2022', '02:13:00', 'AM']",INCAPACITATING INJURY without Device
3ef51e6e8e93fb935adae47f73e976ed0d6e1689ac86131e5d1a7cd1156d2cd6758d5f09fcefb11c24cd250f70713b4ab4756b6c17dea74e87771b52504d2562,2022-08-05 21:39:00,Friday,30,TRAFFIC SIGNAL,CLEAR,"DARKNESS, LIGHTED ROAD",TURNING,DRY,INJURY AND / OR TOW DUE TO CRASH,"OVER $1,500",IMPROPER OVERTAKING/PASSING,3,INCAPACITATING INJURY,2.0,0.0,1.0,21,6,8,41.84440733,-87.70509985,"['08/05/2022', '09:39:00', 'PM']",INCAPACITATING INJURY with Device
3cc0ead688c4027b1c4e01325737f6313742dc26a07d5ab377e601291f19f4b4fe362d2383a7120377d87c2c2510428d94c01a53b150519ffa9a86a2b543597c,2022-08-05 21:31:00,Friday,30,TRAFFIC SIGNAL,CLEAR,"DARKNESS, LIGHTED ROAD",TURNING,DRY,INJURY AND / OR TOW DUE TO CRASH,"OVER $1,500",UNABLE TO DETERMINE,2,INCAPACITATING INJURY,3.0,0.0,1.0,21,6,8,41.68680945,-87.64235209,"['08/05/2022', '09:31:00', 'PM']",INCAPACITATING INJURY with Device
916490a585352d10ba9a85c5eb08f5750a3093d5b1348d77b010f1c2c400bbbb0a856ae4c5bbc3a4ee78309b8e0b8b6ae6ffcde4e93e47c31e4843dc369cfd9c,2022-08-05 21:10:00,Friday,30,NO CONTROLS,CLEAR,"DARKNESS, LIGHTED ROAD",PEDESTRIAN,DRY,INJURY AND / OR TOW DUE TO CRASH,"OVER $1,500",FAILING TO YIELD RIGHT-OF-WAY,2,INCAPACITATING INJURY,1.0,0.0,1.0,21,6,8,41.9701149,-87.80696665,"['08/05/2022', '09:10:00', 'PM']",INCAPACITATING INJURY without Device
663ddd46f6aa3b0749d14672dd3f09bd8fe807c611e74abd967de4be185a6dbbb8f166b837f0ec56f603c1c5a82620a414934546c8c2f80b1539d1d51cc66980,2022-08-05 20:51:00,Friday,30,NO CONTROLS,CLEAR,"DARKNESS, LIGHTED ROAD",PEDESTRIAN,DRY,INJURY AND / OR TOW DUE TO CRASH,"OVER $1,500",UNABLE TO DETERMINE,2,INCAPACITATING INJURY,1.0,0.0,1.0,20,6,8,41.93918667,-87.71081708,"['08/05/2022', '08:51:00', 'PM']",INCAPACITATING INJURY without Device
1525e0a687be4b62fb05bb0f06460a345663e38d16ce330a2dc8445458c2525b6cfe7ee6e9e145c6d5a77ef51ffed98a4324e92e6cda58996eaee2f1e794d22b,2022-08-05 19:20:00,Friday,30,NO CONTROLS,CLEAR,DAYLIGHT,PARKED MOTOR VEHICLE,DRY,INJURY AND / OR TOW DUE TO CRASH,"OVER $1,500","VISION OBSCURED (SIGNS, TREE LIMBS, BUILDINGS, ETC.)",3,INCAPACITATING INJURY,1.0,0.0,1.0,19,6,8,42.01885343,-87.69032861,"['08/05/2022', '07:20:00', 'PM']",INCAPACITATING INJURY without Device
40953fa6bb241058604b28d54865f50ed8ab3eea0dc1744efe91d604204dbfc4c378a97d63a70afece776277bd458563df907ee0217408707d6a90e0378d6d75,2022-08-05 18:34:00,Friday,30,TRAFFIC SIGNAL,CLEAR,DAYLIGHT,ANGLE,DRY,INJURY AND / OR TOW DUE TO CRASH,"OVER $1,500",DISREGARDING TRAFFIC SIGNALS,5,FATAL,5.0,1.0,2.0,18,6,8,41.75047493,-87.65388333,"['08/05/2022', '06:34:00', 'PM']",FATAL with Device
881eca3707599b805feb86929c6020bc3c135ea3a09e080bc8f7757f78b921a601e2fda7d15b8b78f25e73ef5bc16705b3276443f75e423466ee61a9f3f0813d,2022-08-05 16:02:00,Friday,15,NO CONTROLS,CLEAR,DAYLIGHT,PARKED MOTOR VEHICLE,DRY,INJURY AND / OR TOW DUE TO CRASH,"OVER $1,500",UNDER THE INFLUENCE OF ALCOHOL/DRUGS (USE WHEN ARREST IS EFFECTED),2,INCAPACITATING INJURY,1.0,0.0,1.0,16,6,8,41.96860079,-87.64355545,"['08/05/2022', '04:02:00', 'PM']",INCAPACITATING INJURY without Device
1ec2539f7455f9bffc1e2217bdf35aa1c60f9c9281885ec407a2449f4f0e6c97c84ee549c910cba11df59a181dbe09764ec411831f261436787c1508ae717c6a,2022-08-05 15:49:00,Friday,30,NO CONTROLS,CLEAR,DAYLIGHT,REAR END,DRY,INJURY AND / OR TOW DUE TO CRASH,"OVER $1,500",DISTRACTION - FROM INSIDE VEHICLE,3,INCAPACITATING INJURY,1.0,0.0,1.0,15,6,8,41.96817266,-87.74462547,"['08/05/2022', '03:49:00', 'PM']",INCAPACITATING INJURY without Device
d1384af220d6590dc31b39daf5134479ea581cf34766538ffc06c5770db512922452ba591892cef25db260fdccac05830a6d03139f5f1f88c3ed461218545340,2022-08-05 14:43:00,Friday,20,NO CONTROLS,CLEAR,DAYLIGHT,FIXED OBJECT,DRY,INJURY AND / OR TOW DUE TO CRASH,"OVER $1,500",UNABLE TO DETERMINE,1,INCAPACITATING INJURY,1.0,0.0,1.0,14,6,8,41.76657593,-87.67372558,"['08/05/2022', '02:43:00', 'PM']",INCAPACITATING INJURY without Device
76b03760f3d3a8165c7e7e0d2bb3f8ec264d966bdd6277c3db21e775db55896a9aa43e37a233ed658f20e5dd6c2adcf588c62c3d5ff39f664dca69a524727c50,2022-08-05 14:05:00,Friday,30,TRAFFIC SIGNAL,CLEAR,DAYLIGHT,REAR END,DRY,INJURY AND / OR TOW DUE TO CRASH,"OVER $1,500",FOLLOWING TOO CLOSELY,2,INCAPACITATING INJURY,1.0,0.0,1.0,14,6,8,41.97640636,-87.7878626,"['08/05/2022', '02:05:00', 'PM']",INCAPACITATING INJURY with Device
fbe5f4b7d34c99871f2223cb9d77ae70577cc3bd9c83d6b46055ae043329cd478fe6d8216a60440cf7f18be4f073acd242d7aa41261a137be1c4f48c4abe6a09,2022-08-05 13:37:00,Friday,30,TRAFFIC SIGNAL,CLEAR,DAYLIGHT,OTHER OBJECT,DRY,INJURY AND / OR TOW DUE TO CRASH,"OVER $1,500",UNABLE TO DETERMINE,2,INCAPACITATING INJURY,2.0,0.0,1.0,13,6,8,41.86675227,-87.66589649,"['08/05/2022', '01:37:00', 'PM']",INCAPACITATING INJURY with Device
302936071b3e339b44efecebb3d48a83eb1fbee9cf4e588cdca918f78bbbdeedd10538e3b6c5d0366d26d937bf94823183a1ffe097d597d969cab0d6a034ec61,2022-08-05 01:25:00,Friday,30,NO CONTROLS,CLEAR,"DARKNESS, LIGHTED ROAD",PEDALCYCLIST,DRY,INJURY AND / OR TOW DUE TO CRASH,"OVER $1,500",FAILING TO YIELD RIGHT-OF-WAY,5,INCAPACITATING INJURY,2.0,0.0,2.0,1,6,8,41.77020747,-87.68712783,"['08/05/2022', '01:25:00', 'AM']",INCAPACITATING INJURY without Device
b99724b6f92e7ba3a6b1e85e6ba26b87dcdca70b6258c280a1cab23829a5893f06740570b523e766abc7a2577a24ccff2f98612cde78665e61df30d7e6bd6958,2022-08-04 20:30:00,Thursday,30,TRAFFIC SIGNAL,CLEAR,"DARKNESS, LIGHTED ROAD",PEDALCYCLIST,DRY,INJURY AND / OR TOW DUE TO CRASH,"OVER $1,500",UNABLE TO DETERMINE,2,INCAPACITATING INJURY,1.0,0.0,1.0,20,5,8,41.77740409,-87.80084074,"['08/04/2022', '08:30:00', 'PM']",INCAPACITATING INJURY with Device
b046fb20dfd11eaaf1ee3f1afccff166ed6adaf928d9a06337b29531b0785ac53c6edeb4b802ad3b786466e1a8409154c3ad6908a1d4e307ea73352c573319b4,2022-08-04 15:52:00,Thursday,30,NO CONTROLS,CLEAR,DAYLIGHT,ANGLE,DRY,INJURY AND / OR TOW DUE TO CRASH,"OVER $1,500",FAILING TO YIELD RIGHT-OF-WAY,2,INCAPACITATING INJURY,1.0,0.0,1.0,15,5,8,41.85131486,-87.70752825,"['08/04/2022', '03:52:00', 'PM']",INCAPACITATING INJURY without Device
c1bf5611d0cc559d0b6002664d5aedfe8e72ae4658986c170619f0a7c30d08aa31934c73aec8c29078c33d40275311948d8d531c9e8df65bf1ba3c1f11cfe2bd,2022-08-04 15:15:00,Thursday,30,NO CONTROLS,CLEAR,DAYLIGHT,SIDESWIPE SAME DIRECTION,DRY,INJURY AND / OR TOW DUE TO CRASH,"OVER $1,500",IMPROPER TURNING/NO SIGNAL,2,INCAPACITATING INJURY,1.0,0.0,1.0,15,5,8,41.73259014,-87.62548578,"['08/04/2022', '03:15:00', 'PM']",INCAPACITATING INJURY without Device
cd153365212ce77ad49fac4b8248be5f5f368bc6d0d6ad369de36b3d0550be67b32bea3c836176a605cb1795c275be8fd3a0b62ab313eea76ed01bcdfad700a7,2022-08-04 13:40:00,Thursday,30,NO CONTROLS,CLEAR,DAYLIGHT,TURNING,DRY,INJURY AND / OR TOW DUE TO CRASH,"OVER $1,500",FAILING TO YIELD RIGHT-OF-WAY,2,INCAPACITATING INJURY,1.0,0.0,1.0,13,5,8,41.85176686,-87.69738595,"['08/04/2022', '01:40:00', 'PM']",INCAPACITATING INJURY without Device
e9ee354780265a70876a2784cf7ea2efb56b6bb2135ab88b5346eaca567cbb27077b1a7e9f367dfa9064c89d61d4a8cbdf07e16ed0d95d9018a4ec5abd930bf1,2022-08-04 12:30:00,Thursday,30,NO CONTROLS,CLEAR,DAYLIGHT,TURNING,DRY,INJURY AND / OR TOW DUE TO CRASH,"OVER $1,500",IMPROPER TURNING/NO SIGNAL,2,INCAPACITATING INJURY,1.0,0.0,1.0,12,5,8,41.92504022,-87.68530803,"['08/04/2022', '12:30:00', 'PM']",INCAPACITATING INJURY without Device
51015eb3c669aad240e8c02c0b73cf48cb283df43461ae41b1593211221e4a8f9e80ec724d519543206a7a6f61031b1f98cb249b539aad794254265009994ddb,2022-08-03 22:11:00,Wednesday,35,TRAFFIC SIGNAL,CLEAR,"DARKNESS, LIGHTED ROAD",PEDESTRIAN,DRY,INJURY AND / OR TOW DUE TO CRASH,"OVER $1,500",UNABLE TO DETERMINE,2,INCAPACITATING INJURY,1.0,0.0,1.0,22,4,8,41.88055896,-87.73044913,"['08/03/2022', '10:11:00', 'PM']",INCAPACITATING INJURY with Device
4fe9dcec828b4e9d325074a5b41a7d7dbbd388c52c9876339ba48f7c22d5dabc4fbe33773be474e3f5445134da415682ba22bd4ce75501d335d867de313d9d43,2022-08-03 12:45:00,Wednesday,30,TRAFFIC SIGNAL,UNKNOWN,DAYLIGHT,PEDESTRIAN,UNKNOWN,INJURY AND / OR TOW DUE TO CRASH,"OVER $1,500",FAILING TO YIELD RIGHT-OF-WAY,2,INCAPACITATING INJURY,1.0,0.0,1.0,12,4,8,41.73696313,-87.57586271,"['08/03/2022', '12:45:00', 'PM']",INCAPACITATING INJURY with Device
972328bbccd5c72eafb7a45363affa2c8147fa429ec45629e6daa93f34be5c574190675f8c988eff34955763a7dd41756d869235a0ff3142f96e00e74c119824,2022-08-03 12:17:00,Wednesday,30,STOP SIGN/FLASHER,CLEAR,DAYLIGHT,ANGLE,DRY,INJURY AND / OR TOW DUE TO CRASH,"OVER $1,500",FAILING TO REDUCE SPEED TO AVOID CRASH,2,INCAPACITATING INJURY,3.0,0.0,2.0,12,4,8,41.75712967,-87.56255176,"['08/03/2022', '12:17:00', 'PM']",INCAPACITATING INJURY with Device
fd1834ecb7a8564c0f7d75660cc8084cd6e18dca79a72a0696f683efe80271f4b520e9f456e506221dc7e0d37b886e022efddb6545b1c9d3bdce812e6012903b,2022-08-03 11:00:00,Wednesday,35,STOP SIGN/FLASHER,CLEAR,DAYLIGHT,ANGLE,DRY,INJURY AND / OR TOW DUE TO CRASH,"OVER $1,500",FAILING TO YIELD RIGHT-OF-WAY,2,INCAPACITATING INJURY,1.0,0.0,1.0,11,4,8,41.72136506,-87.64335804,"['08/03/2022', '11:00:00', 'AM']",INCAPACITATING INJURY with Device
622daa8af327e9aadf1e1a7d0f8927695b9574182094fcf1a2ad5562e6dc12e830bf6b619f2d4214c913fd3279bd68a938872b9f6997cfb0d826829e93aea131,2022-08-02 22:02:00,Tuesday,30,TRAFFIC SIGNAL,CLEAR,"DARKNESS, LIGHTED ROAD",PEDESTRIAN,DRY,INJURY AND / OR TOW DUE TO CRASH,"OVER $1,500",UNABLE TO DETERMINE,2,INCAPACITATING INJURY,1.0,0.0,1.0,22,3,8,41.87697105,-87.72568914,"['08/02/2022', '10:02:00', 'PM']",INCAPACITATING INJURY with Device
2aa5affaace288a18b6346bf52d53340bb4bd5e28d82bc0c0f7b8b5a3c98ea8b5ee38bbce7a6dbbcaa0bf959fe76c0228772cd5361a4524caa5e4f4d842906a9,2022-08-02 21:30:00,Tuesday,30,NO CONTROLS,CLEAR,DARKNESS,PEDESTRIAN,DRY,INJURY AND / OR TOW DUE TO CRASH,"OVER $1,500",FAILING TO REDUCE SPEED TO AVOID CRASH,3,FATAL,1.0,1.0,0.0,21,3,8,41.87296446,-87.72593055,"['08/02/2022', '09:30:00', 'PM']",FATAL without Device
6769c00c8c5d11ee41154b97120b78bf6b1c1ab8340904fa8e6cd496f784087a14d7e986b22d10296f3c5ba2e9ef0681cf8ce415d826e6647a0a0379d9818de0,2022-08-02 20:40:00,Tuesday,30,TRAFFIC SIGNAL,CLEAR,"DARKNESS, LIGHTED ROAD",PEDALCYCLIST,DRY,INJURY AND / OR TOW DUE TO CRASH,"$501 - $1,500",IMPROPER TURNING/NO SIGNAL,2,INCAPACITATING INJURY,1.0,0.0,1.0,20,3,8,41.92481674,-87.7002345,"['08/02/2022', '08:40:00', 'PM']",INCAPACITATING INJURY with Device
a5069b7926061ebaac246beb5a1bccee62bc81ee0580992e84fd406cbf9f40ebeedd8c945b7cc90f5571e59ad9d70e9cffec7daf0233f6e36c96661ffd4a779b,2022-08-02 17:55:00,Tuesday,30,TRAFFIC SIGNAL,CLEAR,DAWN,SIDESWIPE SAME DIRECTION,DRY,INJURY AND / OR TOW DUE TO CRASH,"OVER $1,500",UNABLE TO DETERMINE,2,INCAPACITATING INJURY,1.0,0.0,1.0,17,3,8,41.87890988,-87.6728495,"['08/02/2022', '05:55:00', 'PM']",INCAPACITATING INJURY with Device
efd8268f8113508d2c7d271a792307d241a7eee19c5f964dfd6ca9f499579d25733abe9fc21a7cc5d5707ee20bfe3fae24a8dcb7f1e47fe7db9a0e1c2bec9a94,2022-08-02 16:31:00,Tuesday,30,TRAFFIC SIGNAL,CLEAR,DAYLIGHT,PEDESTRIAN,DRY,INJURY AND / OR TOW DUE TO CRASH,"OVER $1,500",NOT APPLICABLE,2,INCAPACITATING INJURY,1.0,0.0,1.0,16,3,8,41.90367343,-87.63893191,"['08/02/2022', '04:31:00', 'PM']",INCAPACITATING INJURY with Device
cfdde54e77cb08f36bbc0a6e3809daf6c63763254eed544eeb473fe7d0a62e1f713221d8d89f80c49c848c1f0773d233003e54bd9044f6f509ed63f4bdff5e06,2022-08-02 14:00:00,Tuesday,30,NO CONTROLS,CLEAR,DAYLIGHT,TURNING,DRY,INJURY AND / OR TOW DUE TO CRASH,"OVER $1,500",IMPROPER TURNING/NO SIGNAL,2,INCAPACITATING INJURY,2.0,0.0,2.0,14,3,8,41.81868951,-87.64594026,"['08/02/2022', '02:00:00', 'PM']",INCAPACITATING INJURY without Device
a98bffc18e5a72074ff4dc3f5b1e4a5e25ff45a2d3bffb8a8adb00ed69a6a0579536cf6a9f157f293367993da1e7ec14550167b4d6e48065a0c60bf870b3da24,2022-08-02 12:25:00,Tuesday,30,TRAFFIC SIGNAL,CLEAR,DAYLIGHT,ANGLE,DRY,INJURY AND / OR TOW DUE TO CRASH,"OVER $1,500",DISREGARDING TRAFFIC SIGNALS,3,INCAPACITATING INJURY,1.0,0.0,1.0,12,3,8,41.8762411,-87.66662345,"['08/02/2022', '12:25:00', 'PM']",INCAPACITATING INJURY with Device
05fc010882b235c59e1b0418f90ca2d679ae07253f6d8a378a43632187ba3dc2322b4c64fc859c362149b3bd53bab5b0733f4c8abfa9cf24ca16a0a9c33b808b,2022-08-02 07:30:00,Tuesday,30,TRAFFIC SIGNAL,CLEAR,DAYLIGHT,PEDESTRIAN,DRY,INJURY AND / OR TOW DUE TO CRASH,$500 OR LESS,IMPROPER OVERTAKING/PASSING,2,INCAPACITATING INJURY,1.0,0.0,1.0,7,3,8,41.88331726,-87.63302428,"['08/02/2022', '07:30:00', 'AM']",INCAPACITATING INJURY with Device
5ad529feee3569b803d21ee59088be2425bcfd29eebfca40e710601e3fc4897d9c25faf113880a3018a739bc7c043b56434bf4ab8a3e632a491cb97c271f876b,2022-08-02 01:30:00,Tuesday,40,TRAFFIC SIGNAL,CLEAR,"DARKNESS, LIGHTED ROAD",FIXED OBJECT,DRY,INJURY AND / OR TOW DUE TO CRASH,"OVER $1,500",PHYSICAL CONDITION OF DRIVER,1,INCAPACITATING INJURY,1.0,0.0,1.0,1,3,8,41.86403564,-87.61929707,"['08/02/2022', '01:30:00', 'AM']",INCAPACITATING INJURY with Device
0da6a649c85b9af58b01e529ddd1a32394c8ed613bf7030a9e060b2add9927c6ea640f0df569f527abfdcc5ac900e90f356c38f3deaad3483075bf59d3a7a313,2022-08-01 17:50:00,Monday,15,NO CONTROLS,CLEAR,DAYLIGHT,PEDALCYCLIST,DRY,INJURY AND / OR TOW DUE TO CRASH,"OVER $1,500",UNABLE TO DETERMINE,2,INCAPACITATING INJURY,1.0,0.0,1.0,17,2,8,41.86823823,-87.64060652,"['08/01/2022', '05:50:00', 'PM']",INCAPACITATING INJURY without Device
6f49c97b4dd0d865b8e4726d1470655abb3496f5a8430377439d56f23418b8e1d28105b287d1bf6231db5cc93cc7057c42fbbd755c0c97202e11bef6cabc6e35,2022-08-01 11:00:00,Monday,25,TRAFFIC SIGNAL,CLEAR,DAYLIGHT,ANGLE,DRY,INJURY AND / OR TOW DUE TO CRASH,"OVER $1,500",DISREGARDING TRAFFIC SIGNALS,2,INCAPACITATING INJURY,1.0,0.0,1.0,11,2,8,41.89946548,-87.68463401,"['08/01/2022', '11:00:00', 'AM']",INCAPACITATING INJURY with Device
021178913bfca35d71ca724ee8992c81b21db85e4aac552442b7b66f9c182231e46bced66d79f87891d2e4b9174c7683ce205dcc92b94cddf48e948358ba77bc,2022-08-01 10:36:00,Monday,35,TRAFFIC SIGNAL,CLEAR,DAYLIGHT,ANGLE,DRY,INJURY AND / OR TOW DUE TO CRASH,"OVER $1,500",DISREGARDING TRAFFIC SIGNALS,3,INCAPACITATING INJURY,1.0,0.0,1.0,10,2,8,41.7278454,-87.57563571,"['08/01/2022', '10:36:00', 'AM']",INCAPACITATING INJURY with Device
c69d084a1df20166c85288fe8ae8ef00b6c7f6da636d6c176c2e2dc9fb862c270b94c88bc26310b1c5cb74267b891da2c4549f1fe440a13492ec450839eda8c4,2022-08-01 08:55:00,Monday,30,NO CONTROLS,CLEAR,DAYLIGHT,FIXED OBJECT,DRY,INJURY AND / OR TOW DUE TO CRASH,"OVER $1,500",IMPROPER BACKING,1,INCAPACITATING INJURY,1.0,0.0,1.0,8,2,8,41.73846477,-87.68945674,"['08/01/2022', '08:55:00', 'AM']",INCAPACITATING INJURY without Device
c08dbe70a4dcdb7fef6b67b5356f5e1c57f4ac27ef040cbe035f03d1f27ce5e9bd921ba2518dc5496bc6a96ad060884eed42eb75231e19d8525b851321e2600d,2022-08-01 02:06:00,Monday,30,NO CONTROLS,CLEAR,"DARKNESS, LIGHTED ROAD",FIXED OBJECT,DRY,INJURY AND / OR TOW DUE TO CRASH,"OVER $1,500",NOT APPLICABLE,1,INCAPACITATING INJURY,1.0,0.0,1.0,2,2,8,41.83523304,-87.69482084,"['08/01/2022', '02:06:00', 'AM']",INCAPACITATING INJURY without Device
761039afcb4b89fe15ad6ab17cf575dab2eab733c67db67c91d93d04b152e80a5df61779f96740bf446fe32463e51bc4b5b85be411fe94c1139ad4f9d2e1a12c,2022-07-31 23:32:00,Sunday,40,NO CONTROLS,CLEAR,"DARKNESS, LIGHTED ROAD",REAR END,DRY,INJURY AND / OR TOW DUE TO CRASH,"OVER $1,500",FAILING TO REDUCE SPEED TO AVOID CRASH,2,INCAPACITATING INJURY,1.0,0.0,1.0,23,1,7,41.84870061,-87.61209509,"['07/31/2022', '11:32:00', 'PM']",INCAPACITATING INJURY without Device
028fea8d5f5927e55a206070fc508ef6898fd96e193f2493ed01fe013db038d8a4e0cff007fe31235ade9ded8f6df0dd7e6974bf079739f98996acf8479cfc35,2022-07-31 23:07:00,Sunday,30,STOP SIGN/FLASHER,CLEAR,"DARKNESS, LIGHTED ROAD",ANGLE,DRY,INJURY AND / OR TOW DUE TO CRASH,"OVER $1,500",FAILING TO REDUCE SPEED TO AVOID CRASH,2,INCAPACITATING INJURY,2.0,0.0,1.0,23,1,7,41.74050623,-87.58587462,"['07/31/2022', '11:07:00', 'PM']",INCAPACITATING INJURY with Device
8aaac361af912fa0f113c3199554e35d5871cdd4d711df4f9bae8614db2a7cd1fab61770e9c153fd479a775c2fe4fd02cc8b03dd9b064fe4758265c36a1990a7,2022-07-31 17:22:00,Sunday,30,NO CONTROLS,CLEAR,DAYLIGHT,FIXED OBJECT,DRY,INJURY AND / OR TOW DUE TO CRASH,"OVER $1,500",EQUIPMENT - VEHICLE CONDITION,1,INCAPACITATING INJURY,2.0,0.0,2.0,17,1,7,41.79395483,-87.68339696,"['07/31/2022', '05:22:00', 'PM']",INCAPACITATING INJURY without Device
eebfa647731e4610a0a37cf645874cf8f7a4fd1a2109e67cb1e4a92faeee3d79c00ead33e6ff27563f5b61380b78f5f78b8d3cbd2c1c072f3b8f4df255a099e3,2022-07-31 17:20:00,Sunday,20,STOP SIGN/FLASHER,CLEAR,DAYLIGHT,PEDESTRIAN,DRY,INJURY AND / OR TOW DUE TO CRASH,$500 OR LESS,UNABLE TO DETERMINE,2,INCAPACITATING INJURY,1.0,0.0,1.0,17,1,7,41.98983245,-87.66769013,"['07/31/2022', '05:20:00', 'PM']",INCAPACITATING INJURY with Device
a36e7028151bc64964d22d0976181ee7f8c4c95040fbf1b5e312fd32335f7d3be7e422538befed22089db3c87ad80fb07e53d1db529e7cc51592397e556281ff,2022-07-31 11:12:00,Sunday,30,NO CONTROLS,CLEAR,DAYLIGHT,REAR END,DRY,INJURY AND / OR TOW DUE TO CRASH,"OVER $1,500",FOLLOWING TOO CLOSELY,2,INCAPACITATING INJURY,2.0,0.0,1.0,11,1,7,41.96955782,-87.76738767,"['07/31/2022', '11:12:00', 'AM']",INCAPACITATING INJURY without Device
03e6c3bd69f37381b58027ceda52cd8fd8f8479624e0945c191b46a8f96ef1153eecc0b1e5276f520db92304ba6d113b2e29c84a0aaf6a5efc5152ac3caabbef,2022-07-31 09:40:00,Sunday,30,TRAFFIC SIGNAL,CLEAR,DAYLIGHT,ANGLE,DRY,INJURY AND / OR TOW DUE TO CRASH,"OVER $1,500",DISREGARDING TRAFFIC SIGNALS,2,INCAPACITATING INJURY,3.0,0.0,3.0,9,1,7,41.98452988,-87.83643396,"['07/31/2022', '09:40:00', 'AM']",INCAPACITATING INJURY with Device
76c437beea4439f11955aaf2db1e14166afaa515470bed08011a72e65e86592cb5fc99d8bb9551c6bd6cdaab2ba1907c70213c421f66700f951e7aeff728a223,2022-07-31 06:51:00,Sunday,25,STOP SIGN/FLASHER,CLEAR,DAYLIGHT,ANGLE,DRY,INJURY AND / OR TOW DUE TO CRASH,"OVER $1,500",UNABLE TO DETERMINE,5,INCAPACITATING INJURY,2.0,0.0,1.0,6,1,7,41.70447671,-87.53664072,"['07/31/2022', '06:51:00', 'AM']",INCAPACITATING INJURY with Device
9d687229beb57f1bb11010809a5e2395c75f6e4824fea3102bac25f6e9c30bbded92a11f5e077ba3c4d3f0d1cb2992ad1d26021c45fea3f7fec8c006ecc27a27,2022-07-31 02:08:00,Sunday,30,NO CONTROLS,CLEAR,"DARKNESS, LIGHTED ROAD",FIXED OBJECT,DRY,INJURY AND / OR TOW DUE TO CRASH,"OVER $1,500",NOT APPLICABLE,1,FATAL,2.0,1.0,0.0,2,1,7,41.80854877,-87.70384749,"['07/31/2022', '02:08:00', 'AM']",FATAL without Device
b903ccee024d91de7e58c1c41725d37ac9bf5bfc3b92194eb3a85d01643927c8eeef8d5c12301b7b8e00dd2647ea21a60e605e1e86a651c92fa667af27a11688,2022-07-31 00:43:00,Sunday,15,NO CONTROLS,CLEAR,UNKNOWN,PEDESTRIAN,DRY,INJURY AND / OR TOW DUE TO CRASH,"OVER $1,500",UNABLE TO DETERMINE,2,INCAPACITATING INJURY,1.0,0.0,1.0,0,1,7,41.83040282,-87.69495247,"['07/31/2022', '12:43:00', 'AM']",INCAPACITATING INJURY without Device