CRASH_RECORD_ID,CRASH_DATE,Weekday,POSTED_SPEED_LIMIT,TRAFFIC_CONTROL_DEVICE,WEATHER_CONDITION,LIGHTING_CONDITION,FIRST_CRASH_TYPE,ROADWAY_SURFACE_COND,CRASH_TYPE,DAMAGE,PRIM_CONTRIBUTORY_CAUSE,NUM_UNITS,MOST_SEVERE_INJURY,INJURIES_TOTAL,INJURIES_FATAL,INJURIES_INCAPACITATING,CRASH_HOUR,CRASH_DAY_OF_WEEK,CRASH_MONTH,LATITUDE,LONGITUDE,CRASH_TIME,CATEGORIES
84d3a65e598d9cd9e7b8997c791a49fe3e954eef2d41d538138d820aef9bf85219e8344815bd9efd9260ae770f78cddbcea6079dc19c88469cbd591444309467,2022-07-30 23:59:00,Saturday,45,NO CONTROLS,CLEAR,"DARKNESS, LIGHTED ROAD",REAR END,DRY,INJURY AND / OR TOW DUE TO CRASH,"OVER $1,500",FOLLOWING TOO CLOSELY,3,INCAPACITATING INJURY,2.0,0.0,1.0,23,7,7,41.8383933,-87.60874952,"['07/30/2022', '11:59:00', 'PM']",INCAPACITATING INJURY without Device
ac7bea073234139fb668d4bf66161cb4c1c384c91fc8fc705cca3837cd015b9e26934fca202e6ed9e7bd4170fb70df6bc8a86a15c9afb16334b6601660183699,2022-07-30 23:50:00,Saturday,30,NO CONTROLS,CLEAR,"DARKNESS, LIGHTED ROAD",PEDESTRIAN,DRY,INJURY AND / OR TOW DUE TO CRASH,"OVER $1,500",UNABLE TO DETERMINE,2,FATAL,1.0,1.0,0.0,23,7,7,41.93170309,-87.74199681,"['07/30/2022', '11:50:00', 'PM']",FATAL without Device
77cb21f86a1aba45287949788c1529b2b756a68f574f7d0e671e6fa5815571c1579032afd54ea4f17633425885ab3faf277673d9f448e8e93663e96ada9336ca,2022-07-30 20:17:00,Saturday,30,STOP SIGN/FLASHER,CLEAR,DUSK,TURNING,DRY,INJURY AND / OR TOW DUE TO CRASH,"OVER $1,500",FAILING TO YIELD RIGHT-OF-WAY,2,INCAPACITATING INJURY,4.0,0.0,1.0,20,7,7,41.68550889,-87.61565628,"['07/30/2022', '08:17:00', 'PM']",INCAPACITATING INJURY with Device
0f1494ae5f708f1e4e450969ef8f72b0b422ca5f9bc2d428cc8f6d012c97a4642cc59ce0097f4133d45c6c290ebc73a4c8adeb45f855148ae4b716a43d657ceb,2022-07-30 14:43:00,Saturday,40,TRAFFIC SIGNAL,CLEAR,DAYLIGHT,TURNING,DRY,INJURY AND / OR TOW DUE TO CRASH,"OVER $1,500",UNABLE TO DETERMINE,2,INCAPACITATING INJURY,1.0,0.0,1.0,14,7,7,41.64810712,-87.55943735,"['07/30/2022', '02:43:00', 'PM']",INCAPACITATING INJURY with Device
0134e54d5b7efc21e9991ddbd6b3ef3c760824282160ba2ab9bd3d0b8a4fa51e7ca21ed294974e0e88f7b4a2461b61f1819b992b9ca4533252b946ca0666e098,2022-07-30 13:43:00,Saturday,30,TRAFFIC SIGNAL,CLEAR,DAYLIGHT,PEDESTRIAN,DRY,INJURY AND / OR TOW DUE TO CRASH,"OVER $1,500",FAILING TO YIELD RIGHT-OF-WAY,2,INCAPACITATING INJURY,1.0,0.0,1.0,13,7,7,41.80914302,-87.62622913,"['07/30/2022', '01:43:00', 'PM']",INCAPACITATING INJURY with Device
10796dcab1b284314930ce2d478d61a9ba38229aa9be5c73d29f394e311496e97a57e829292374273b7a8d600ebfb075bda5940ba555636662e28c7f94b0fbab,2022-07-30 09:40:00,Saturday,30,NO CONTROLS,CLEAR,DAYLIGHT,HEAD ON,DRY,INJURY AND / OR TOW DUE TO CRASH,"OVER $1,500",DRIVING ON WRONG SIDE/WRONG WAY,2,INCAPACITATING INJURY,9.0,0.0,4.0,9,7,7,41.78997899,-87.57902025,"['07/30/2022', '09:40:00', 'AM']",INCAPACITATING INJURY without Device
fba4fad3d4d40c80c0289c83f60a4d517cf113b7c17d3c9d9616b795ed71713692f8d29053df6f2104e06dc92995e8b621c97bc484216e6a69f6c22d011afba7,2022-07-30 09:30:00,Saturday,25,NO CONTROLS,CLEAR,DAYLIGHT,PEDALCYCLIST,DRY,INJURY AND / OR TOW DUE TO CRASH,"OVER $1,500",IMPROPER TURNING/NO SIGNAL,2,INCAPACITATING INJURY,1.0,0.0,1.0,9,7,7,41.83086292,-87.64587923,"['07/30/2022', '09:30:00', 'AM']",INCAPACITATING INJURY without Device
401e661e4a57d3004345ba7a415a3fd83c03b21211cfa91ecde4a8b21d32e3c1a64f17f6acd4df2d141cfa6c1e86aa7b19571fdaab3fd4d7c34c90b2c3053b9a,2022-07-30 04:20:00,Saturday,30,TRAFFIC SIGNAL,CLEAR,"DARKNESS, LIGHTED ROAD",ANGLE,DRY,INJURY AND / OR TOW DUE TO CRASH,"OVER $1,500",UNABLE TO DETERMINE,2,INCAPACITATING INJURY,2.0,0.0,2.0,4,7,7,41.87340547,-87.71973354,"['07/30/2022', '04:20:00', 'AM']",INCAPACITATING INJURY with Device
c19bc8f54bf3bdf28bb5f598a8f2b19ea90a4a5946e628a994df94fb52472e625ed56f0d44fe9ad0e7b2189f3c3076fbb5fcb75974beadc626793478fc0328f5,2022-07-30 03:48:00,Saturday,30,TRAFFIC SIGNAL,CLEAR,"DARKNESS, LIGHTED ROAD",SIDESWIPE OPPOSITE DIRECTION,DRY,INJURY AND / OR TOW DUE TO CRASH,"OVER $1,500",UNABLE TO DETERMINE,2,INCAPACITATING INJURY,1.0,0.0,1.0,3,7,7,41.89682187,-87.72627421,"['07/30/2022', '03:48:00', 'AM']",INCAPACITATING INJURY with Device
9078bd79c9f97027ead81e041d572a53b831cc17ee2f04ebcf4957085f373bf5c42e7183fe2b4605f605b9d640cf2efad33053e9911f00e9874bcde5d8f49523,2022-07-30 02:40:00,Saturday,30,TRAFFIC SIGNAL,CLEAR,"DARKNESS, LIGHTED ROAD",FIXED OBJECT,DRY,INJURY AND / OR TOW DUE TO CRASH,"OVER $1,500",UNABLE TO DETERMINE,1,INCAPACITATING INJURY,1.0,0.0,1.0,2,7,7,41.88563256,-87.62637276,"['07/30/2022', '02:40:00', 'AM']",INCAPACITATING INJURY with Device
441b38e668e5cfbf0110b975ad0275eda5de5c0978f7ac6b6ff6e4768f181984f3769d68453b250a5ec86400bbc70719fcc6e14e6e350badfc673ee811d6ea41,2022-07-30 01:00:00,Saturday,30,NO CONTROLS,CLEAR,"DARKNESS, LIGHTED ROAD",SIDESWIPE SAME DIRECTION,DRY,INJURY AND / OR TOW DUE TO CRASH,"OVER $1,500",UNABLE TO DETERMINE,2,INCAPACITATING INJURY,1.0,0.0,1.0,1,7,7,41.89485161,-87.7533063,"['07/30/2022', '01:00:00', 'AM']",INCAPACITATING INJURY without Device
2eb917fd96dd18adae28866f88628f25960f4b44c01833167965b6144a51da7f6e042aa66f436a5ce8026446e47ea3c76dc6c68f0d799650bf890667c6977cb7,2022-07-29 23:59:00,Friday,30,TRAFFIC SIGNAL,CLEAR,"DARKNESS, LIGHTED ROAD",TURNING,WET,INJURY AND / OR TOW DUE TO CRASH,"OVER $1,500",UNABLE TO DETERMINE,2,INCAPACITATING INJURY,1.0,0.0,1.0,23,6,7,41.76965778,-87.58579722,"['07/29/2022', '11:59:00', 'PM']",INCAPACITATING INJURY with Device
947c8124c0146c7ec1419029fd55c7225a2ab7d9f907d24b0a7908830cbc3a0db47cb6e10a834edfcad189babc3d8c8d2935a3169cd14beaa431617bb71a8df9,2022-07-29 23:40:00,Friday,15,NO CONTROLS,CLEAR,"DARKNESS, LIGHTED ROAD",PEDESTRIAN,DRY,INJURY AND / OR TOW DUE TO CRASH,$500 OR LESS,PHYSICAL CONDITION OF DRIVER,2,INCAPACITATING INJURY,1.0,0.0,1.0,23,6,7,41.80215594,-87.68291689,"['07/29/2022', '11:40:00', 'PM']",INCAPACITATING INJURY without Device
17bbf41196e0c44d3cd486b8a0b362e5f322c6dcb734df38153cbe04f65145a2c43a035cde7a0e6a9b77faf90117f5f9826533ee7a04d532ee1947590a1005f9,2022-07-29 21:00:00,Friday,30,NO CONTROLS,CLEAR,"DARKNESS, LIGHTED ROAD",TURNING,DRY,INJURY AND / OR TOW DUE TO CRASH,"OVER $1,500",IMPROPER TURNING/NO SIGNAL,2,FATAL,1.0,1.0,0.0,21,6,7,41.70710702,-87.63662176,"['07/29/2022', '09:00:00', 'PM']",FATAL without Device
e3731969361d6dbe753b575d01469e9a846d3cbd411d7f0651d39dad88d097854e1863b2f1e408e80d292e21d3b85ee25a9c49f92b239b9320c3ad522338d699,2022-07-29 20:32:00,Friday,30,TRAFFIC SIGNAL,CLEAR,DARKNESS,PEDALCYCLIST,DRY,INJURY AND / OR TOW DUE TO CRASH,"$501 - $1,500",IMPROPER TURNING/NO SIGNAL,2,INCAPACITATING INJURY,1.0,0.0,1.0,20,6,7,41.91739603,-87.69734463,"['07/29/2022', '08:32:00', 'PM']",INCAPACITATING INJURY with Device
a62b885aa7fe86151bb5226f4a7658b1bc28e93f043f4fed502c48694cf28e9d310a522d92f3fcdcf6a46d4eb1fa07f741dd5c224c57a66f345a3218153c06fe,2022-07-29 19:22:00,Friday,30,STOP SIGN/FLASHER,CLEAR,DAYLIGHT,ANGLE,DRY,INJURY AND / OR TOW DUE TO CRASH,"OVER $1,500",UNABLE TO DETERMINE,2,INCAPACITATING INJURY,2.0,0.0,1.0,19,6,7,41.70378433,-87.60719878,"['07/29/2022', '07:22:00', 'PM']",INCAPACITATING INJURY with Device
444ede6a7eba8031e2d596671ba03e343393adbf11ca6e01335b19e1937accf9baa6c08b55dbce928b4910f66fe96b11ef1f7bacf9c0e8b0abc1f741fc89a306,2022-07-29 19:06:00,Friday,30,STOP SIGN/FLASHER,CLEAR,DAYLIGHT,ANGLE,DRY,INJURY AND / OR TOW DUE TO CRASH,"OVER $1,500",DISREGARDING STOP SIGN,2,INCAPACITATING INJURY,1.0,0.0,1.0,19,6,7,41.84625632,-87.70400491,"['07/29/2022', '07:06:00', 'PM']",INCAPACITATING INJURY with Device
a4f555df9f6cdc6e4e324ef791aaef848f72fd68f745f9871fe0bbf19694a2ddd7bcdc3e0b22bbd56526b36558e388759b37072a7cf956ae6dbdf47f0d2d16a7,2022-07-29 17:11:00,Friday,25,NO CONTROLS,CLEAR,DAYLIGHT,PARKED MOTOR VEHICLE,DRY,INJURY AND / OR TOW DUE TO CRASH,"OVER $1,500",UNABLE TO DETERMINE,3,INCAPACITATING INJURY,1.0,0.0,1.0,17,6,7,41.79475936,-87.77685753,"['07/29/2022', '05:11:00', 'PM']",INCAPACITATING INJURY without Device
c7cb5d05493c6109d02ebb106c373eae154dc64424da13221df2de8c835e481011520b0a14e0b2d35529649d060a435dc06e9b1159db51bc03e6fe37694282ca,2022-07-29 16:50:00,Friday,30,NO CONTROLS,CLEAR,DAYLIGHT,PEDESTRIAN,DRY,INJURY AND / OR TOW DUE TO CRASH,"OVER $1,500",FAILING TO YIELD RIGHT-OF-WAY,2,INCAPACITATING INJURY,1.0,0.0,1.0,16,6,7,41.89619323,-87.66669727,"['07/29/2022', '04:50:00', 'PM']",INCAPACITATING INJURY without Device
94865d39f3a12e8c0e3e50ed1e8ab1bbc8277c49e6d90eeb021fb34d9873b30495efbd81f74daf62e3dfd1b194577746538edacf7e452b9d1b77ca150c1dc048,2022-07-29 13:35:00,Friday,30,TRAFFIC SIGNAL,CLEAR,DAYLIGHT,ANGLE,DRY,INJURY AND / OR TOW DUE TO CRASH,"OVER $1,500",FAILING TO YIELD RIGHT-OF-WAY,2,INCAPACITATING INJURY,4.0,0.0,1.0,13,6,7,41.88074489,-87.71595359,"['07/29/2022', '01:35:00', 'PM']",INCAPACITATING INJURY with Device
888df43f42eb98765e276592180c7af44db8e523adc2700cc094f3862eb0c6664c425e50aaeb091c5367d06556d89eeafbb2427475d1fd16a30f382f0d24ef2b,2022-07-29 13:21:00,Friday,30,TRAFFIC SIGNAL,CLEAR,DAYLIGHT,TURNING,DRY,INJURY AND / OR TOW DUE TO CRASH,"OVER $1,500",FAILING TO YIELD RIGHT-OF-WAY,2,INCAPACITATING INJURY,2.0,0.0,2.0,13,6,7,41.8546457,-87.71520625,"['07/29/2022', '01:21:00', 'PM']",INCAPACITATING INJURY with Device
992352162bb16fe455cfbfca2793f91fc9c2635c08bb5a3a83c9bb63918dae05baca157218fc8f5de51a66ccf64c780cfce87310141bbf33abd71fce8018fec1,2022-07-29 06:50:00,Friday,25,TRAFFIC SIGNAL,CLEAR,DAYLIGHT,PEDESTRIAN,DRY,INJURY AND / OR TOW DUE TO CRASH,$500 OR LESS,UNABLE TO DETERMINE,2,INCAPACITATING INJURY,1.0,0.0,1.0,6,6,7,41.89592792,-87.68670009,"['07/29/2022', '06:50:00', 'AM']",INCAPACITATING INJURY with Device
07318812bbff02036028f4d5af92281aab4713edd766c553767326fe52b8d09e21b406c593d978b89383c342ef96faaf87ac4d89484bbb69d9753d81a48590ef,2022-07-29 05:47:00,Friday,30,NO CONTROLS,CLEAR,DAWN,FIXED OBJECT,DRY,INJURY AND / OR TOW DUE TO CRASH,"OVER $1,500",PHYSICAL CONDITION OF DRIVER,1,INCAPACITATING INJURY,1.0,0.0,1.0,5,6,7,41.9267366,-87.70382783,"['07/29/2022', '05:47:00', 'AM']",INCAPACITATING INJURY without Device
80d8722c7d8637010984f4ddebdd147a90b3263e6cc5424214a2ea79bf2fa14886ae2f999b3fd5c44dec07390d627cd088e77ba1cc7cdab4665d9d1b80e64566,2022-07-29 03:24:00,Friday,30,TRAFFIC SIGNAL,CLEAR,"DARKNESS, LIGHTED ROAD",OVERTURNED,DRY,INJURY AND / OR TOW DUE TO CRASH,"OVER $1,500",NOT APPLICABLE,2,INCAPACITATING INJURY,5.0,0.0,4.0,3,6,7,41.8516003,-87.68577445,"['07/29/2022', '03:24:00', 'AM']",INCAPACITATING INJURY with Device
d375fa465067253c22e32184ab7b61fd157993232e01d43339a30fb91e5cd41d8e0ca525eb3faba888064ec19bbd58d9416913c6cc99cded9ff22174eaa7b6a2,2022-07-29 00:25:00,Friday,25,STOP SIGN/FLASHER,CLEAR,"DARKNESS, LIGHTED ROAD",FIXED OBJECT,DRY,INJURY AND / OR TOW DUE TO CRASH,"OVER $1,500",FAILING TO REDUCE SPEED TO AVOID CRASH,1,INCAPACITATING INJURY,1.0,0.0,1.0,0,6,7,41.70163579,-87.635571,"['07/29/2022', '12:25:00', 'AM']",INCAPACITATING INJURY with Device
150893ee700ddc54fd8f8c89ed0311c0156ba82f3983f9d8e24f390601932a5fa75805b5ab16f363467cc64da24246c9b7ea144b13bbaef33c73f1799968fdd5,2022-07-28 15:10:00,Thursday,30,TRAFFIC SIGNAL,CLEAR,DAYLIGHT,TURNING,UNKNOWN,INJURY AND / OR TOW DUE TO CRASH,"OVER $1,500",UNABLE TO DETERMINE,2,INCAPACITATING INJURY,3.0,0.0,1.0,15,5,7,41.97046474,-87.76287542,"['07/28/2022', '03:10:00', 'PM']",INCAPACITATING INJURY with Device
1aa5a28aa3b95f12a4d9399eed766b76ead94b7396c7206bf47044eac2e897ae68a6fc0ae7b14d0718045add05b6231b3fd94f51833ddcf72cd6cd8d08429a80,2022-07-28 14:43:00,Thursday,3,STOP SIGN/FLASHER,CLEAR,DAYLIGHT,FIXED OBJECT,DRY,INJURY AND / OR TOW DUE TO CRASH,"$501 - $1,500",UNABLE TO DETERMINE,1,INCAPACITATING INJURY,1.0,0.0,1.0,14,5,7,41.77387331,-87.66789087,"['07/28/2022', '02:43:00', 'PM']",INCAPACITATING INJURY with Device
e14e2867375850fc469071d85b0e7939a04ca406b1cac206c84950e3d1b469f4bf36996e5117c1a771bacbe73e692f9b44988000b38720c6426a069569a63c88,2022-07-28 11:06:00,Thursday,25,NO CONTROLS,CLEAR,DAYLIGHT,PEDESTRIAN,DRY,INJURY AND / OR TOW DUE TO CRASH,"$501 - $1,500",NOT APPLICABLE,2,INCAPACITATING INJURY,1.0,0.0,1.0,11,5,7,41.75034259,-87.60536041,"['07/28/2022', '11:06:00', 'AM']",INCAPACITATING INJURY without Device
0bbba4cf6323406aedabc766bba3a54b6c613f7cb5c87d4a6d4b0198dc3a0d68f984dc67cc921933b884533c0d8bd2c779f1202bdef1061ace1bd11fda2cc289,2022-07-28 07:36:00,Thursday,30,TRAFFIC SIGNAL,CLEAR,DAYLIGHT,TURNING,DRY,INJURY AND / OR TOW DUE TO CRASH,"OVER $1,500",FAILING TO REDUCE SPEED TO AVOID CRASH,2,INCAPACITATING INJURY,1.0,0.0,1.0,7,5,7,41.93970636,-87.67124298,"['07/28/2022', '07:36:00', 'AM']",INCAPACITATING INJURY with Device
c2095b70abf6c151f67a938c431b4764164c2d53814c41a929f6d0ed19c0747100bc37ef65d4b507513f82361335aaeeb68a24c5b4c8601bc43515435d3d87fb,2022-07-28 05:54:00,Thursday,30,NO CONTROLS,CLEAR,DAYLIGHT,TURNING,DRY,INJURY AND / OR TOW DUE TO CRASH,"OVER $1,500",IMPROPER TURNING/NO SIGNAL,2,INCAPACITATING INJURY,1.0,0.0,1.0,5,5,7,41.70764215,-87.60101281,"['07/28/2022', '05:54:00', 'AM']",INCAPACITATING INJURY without Device
fed3f3580cd3bbda45fdccc0ceced91139606970e36e39d014cd4b4c94372ef1312c374d7bcd0377f04bc44f2b6885e0f245492b0b6e11d4deb2e221a283a781,2022-07-27 12:50:00,Wednesday,30,TRAFFIC SIGNAL,CLEAR,DAYLIGHT,TURNING,DRY,INJURY AND / OR TOW DUE TO CRASH,$500 OR LESS,UNABLE TO DETERMINE,2,INCAPACITATING INJURY,1.0,0.0,1.0,12,4,7,41.72198128,-87.61429253,"['07/27/2022', '12:50:00', 'PM']",INCAPACITATING INJURY with Device
8a427a324a7d1ec041c375d0e5a44674c77ff2ce489e2587d214b249e6d1c74384e5ac5b6b3218595d53b08f7b99eeb7b30954032a439956064e067be878b80e,2022-07-27 07:40:00,Wednesday,10,NO CONTROLS,CLEAR,DAYLIGHT,PEDESTRIAN,DRY,INJURY AND / OR TOW DUE TO CRASH,$500 OR LESS,NOT APPLICABLE,2,INCAPACITATING INJURY,1.0,0.0,1.0,7,4,7,41.7974441,-87.72623915,"['07/27/2022', '07:40:00', 'AM']",INCAPACITATING INJURY without Device
eea97e7ba2455066e413cb7254e7cb6c8482649a2befc6a08f576ff279e96e7ffeb1faf83020c1ee3a413f922f75623223ff8d894491fb2f5ecf7363d6f03f5f,2022-07-26 23:00:00,Tuesday,40,NO CONTROLS,CLEAR,"DARKNESS, LIGHTED ROAD",FIXED OBJECT,DRY,INJURY AND / OR TOW DUE TO CRASH,"OVER $1,500",FAILING TO REDUCE SPEED TO AVOID CRASH,1,INCAPACITATING INJURY,2.0,0.0,2.0,23,3,7,41.83512893,-87.60824204,"['07/26/2022', '11:00:00', 'PM']",INCAPACITATING INJURY without Device
e171523fc54179ef772756bbee165de19705df6cf0576c00a8cc6ba3dad8753d241477b78ceef2bcc13c96d4cec3617b72e2ef9e636a08ccf973e0d44944234c,2022-07-26 17:26:00,Tuesday,30,TRAFFIC SIGNAL,CLEAR,DAYLIGHT,REAR END,DRY,INJURY AND / OR TOW DUE TO CRASH,"$501 - $1,500",NOT APPLICABLE,2,FATAL,1.0,1.0,0.0,17,3,7,41.82682115,-87.66562788,"['07/26/2022', '05:26:00', 'PM']",FATAL with Device
7a982ed77606aa6830044bdf740edbb730290eb32b3486e5f8eae79cd0f4e2d871909327e50114eb5beb5bae4c39e27a0f2d55fa8aba87d05ddd3f57baa1aa48,2022-07-26 15:10:00,Tuesday,30,NO CONTROLS,CLEAR,DAWN,REAR END,DRY,INJURY AND / OR TOW DUE TO CRASH,"OVER $1,500",FAILING TO REDUCE SPEED TO AVOID CRASH,2,INCAPACITATING INJURY,2.0,0.0,1.0,15,3,7,41.91758599,-87.6805892,"['07/26/2022', '03:10:00', 'PM']",INCAPACITATING INJURY without Device
33fb0be0fe69183e0310fbeed79d6570934326610787bfd157aa39853a019b038d72f51dfa0c3098283d90d3b9f0061c6b1f2970812d066d77d6d7ebdc43f9d0,2022-07-26 08:28:00,Tuesday,30,TRAFFIC SIGNAL,CLEAR,DAYLIGHT,PEDESTRIAN,DRY,INJURY AND / OR TOW DUE TO CRASH,$500 OR LESS,UNABLE TO DETERMINE,2,INCAPACITATING INJURY,1.0,0.0,1.0,8,3,7,41.86560372,-87.77173659,"['07/26/2022', '08:28:00', 'AM']",INCAPACITATING INJURY with Device
13c7178b68f5b413010c6019d88f6d918a84d0c6c1e11e9a4bdb0f43fd4baf3cdcfa196c326ca76bbc01d3f8cb36ce5f0304738804533b7e5e16880b107fde31,2022-07-25 22:57:00,Monday,30,NO CONTROLS,CLEAR,"DARKNESS, LIGHTED ROAD",SIDESWIPE SAME DIRECTION,DRY,INJURY AND / OR TOW DUE TO CRASH,"OVER $1,500",UNABLE TO DETERMINE,2,INCAPACITATING INJURY,1.0,0.0,1.0,22,2,7,41.79254592,-87.62093751,"['07/25/2022', '10:57:00', 'PM']",INCAPACITATING INJURY without Device
6a098f2580a5f7806e721631d0d4812710d2e1cdeecfa107eefa0cf533c68380024a4140642f87feb037802259fcad46732eb7e11f764cffd076acc4cf2e5dcb,2022-07-25 19:39:00,Monday,30,NO CONTROLS,CLEAR,DARKNESS,TURNING,DRY,INJURY AND / OR TOW DUE TO CRASH,"OVER $1,500",UNABLE TO DETERMINE,2,INCAPACITATING INJURY,3.0,0.0,1.0,19,2,7,41.88155671,-87.75505294,"['07/25/2022', '07:39:00', 'PM']",INCAPACITATING INJURY without Device
cc43fd3f1cdcc3cc8ebe9386771ade61ceb4c03c9103bc37ecba851d4e6778f63d354e206791771c1988260a69354fb106514e3cf4dad41a2acc1238865ba562,2022-07-25 19:00:00,Monday,30,STOP SIGN/FLASHER,CLEAR,DAYLIGHT,ANGLE,DRY,INJURY AND / OR TOW DUE TO CRASH,"OVER $1,500",FAILING TO REDUCE SPEED TO AVOID CRASH,3,INCAPACITATING INJURY,1.0,0.0,1.0,19,2,7,41.81649349,-87.61993514,"['07/25/2022', '07:00:00', 'PM']",INCAPACITATING INJURY with Device
491f5f56632e85d7ee9de44f89f66a7621be0908c467d088e6b59561e63fd4087df1ba405eded38c1b5162c0a9b6215b86fe52f192685c565be473e6741c0e63,2022-07-25 18:10:00,Monday,30,NO CONTROLS,CLEAR,DAYLIGHT,PEDALCYCLIST,DRY,INJURY AND / OR TOW DUE TO CRASH,"OVER $1,500",IMPROPER TURNING/NO SIGNAL,2,INCAPACITATING INJURY,1.0,0.0,1.0,18,2,7,41.86946059,-87.65660929,"['07/25/2022', '06:10:00', 'PM']",INCAPACITATING INJURY without Device
60189e300b0881778ab1b438fdf7a1890544a80259ed7765ffdc4301252251d29f0112f0980005232d34bee29297b38e6c1850eaf8ccf5c718a98ba3424b1579,2022-07-25 15:30:00,Monday,30,TRAFFIC SIGNAL,CLEAR,DAYLIGHT,TURNING,DRY,INJURY AND / OR TOW DUE TO CRASH,"OVER $1,500",FAILING TO YIELD RIGHT-OF-WAY,2,INCAPACITATING INJURY,1.0,0.0,1.0,15,2,7,41.722155,-87.60467623,"['07/25/2022', '03:30:00', 'PM']",INCAPACITATING INJURY with Device
3375126761e25b2a9dc42838e7c2086d1ee62ae2ff41e90e1ac1155b9983f93914f571b025190cedbd789d4d52f86020df0add22c7435fe8992ea454fcef04d6,2022-07-25 14:21:00,Monday,30,TRAFFIC SIGNAL,CLEAR,DAYLIGHT,TURNING,DRY,INJURY AND / OR TOW DUE TO CRASH,"$501 - $1,500",FAILING TO YIELD RIGHT-OF-WAY,3,INCAPACITATING INJURY,2.0,0.0,1.0,14,2,7,41.8693195,-87.66660996,"['07/25/2022', '02:21:00', 'PM']",INCAPACITATING INJURY with Device
abfbdcbc25d7fdf140f5553cd560fed90fcd6ec80b53a1c259df4a43367ddc41edbfabf4e28b89190618879ea4b8ffeaa6db86e1ee03393d5d3fe5361a3b74c0,2022-07-25 08:55:00,Monday,30,NO CONTROLS,CLEAR,DAYLIGHT,FIXED OBJECT,DRY,INJURY AND / OR TOW DUE TO CRASH,"OVER $1,500",UNABLE TO DETERMINE,2,INCAPACITATING INJURY,3.0,0.0,2.0,8,2,7,41.83811415,-87.70499447,"['07/25/2022', '08:55:00', 'AM']",INCAPACITATING INJURY without Device
e86bb1ec684b13da53b33b98d98146f9b1c85af089dcf3ebfaae889c066a10c509ac9cd39e80add8f8eea9b6d9230cc3fbb913eb3567420babcab2255d843067,2022-07-24 22:25:00,Sunday,30,TRAFFIC SIGNAL,CLEAR,"DARKNESS, LIGHTED ROAD",FIXED OBJECT,DRY,INJURY AND / OR TOW DUE TO CRASH,"OVER $1,500",IMPROPER TURNING/NO SIGNAL,1,INCAPACITATING INJURY,2.0,0.0,2.0,22,1,7,41.95385414,-87.71980011,"['07/24/2022', '10:25:00', 'PM']",INCAPACITATING INJURY with Device
80b21a012e43db4f54560c45cb456e130df1b641143b24ac88c0d9bee68c32567ed0b57d26028fd92eb0aa5380be96f513deb77d3bf89c4fe51cd3f63b912aa3,2022-07-24 19:09:00,Sunday,30,NO CONTROLS,CLEAR,DUSK,FIXED OBJECT,DRY,INJURY AND / OR TOW DUE TO CRASH,"OVER $1,500",DISTRACTION - FROM OUTSIDE VEHICLE,1,INCAPACITATING INJURY,1.0,0.0,1.0,19,1,7,41.88787365,-87.75866812,"['07/24/2022', '07:09:00', 'PM']",INCAPACITATING INJURY without Device
aef40e586ebff8ea7eec25e9e812fe0e02e24bf45e2df85103f8dadb322dc943c655e9867b73368c4b84d563e7e840058d28eb38f7cedf5b3675010d84a87a8c,2022-07-24 18:45:00,Sunday,35,TRAFFIC SIGNAL,CLEAR,DAYLIGHT,TURNING,DRY,INJURY AND / OR TOW DUE TO CRASH,"OVER $1,500",FAILING TO YIELD RIGHT-OF-WAY,4,INCAPACITATING INJURY,1.0,0.0,1.0,18,1,7,41.88212773,-87.68660594,"['07/24/2022', '06:45:00', 'PM']",INCAPACITATING INJURY with Device
35c829a8527bd451c998210c42dca4fe5a262b0f207deb6434ce4ffef152d805f8c67ed1ed35cc4fe868b6f1139f9f85225ccd73677ad7406b3a852d2c1f2751,2022-07-24 17:24:00,Sunday,30,NO CONTROLS,CLEAR,DAYLIGHT,FIXED OBJECT,DRY,INJURY AND / OR TOW DUE TO CRASH,"OVER $1,500",UNABLE TO DETERMINE,1,INCAPACITATING INJURY,3.0,0.0,1.0,17,1,7,41.79936348,-87.73934924,"['07/24/2022', '05:24:00', 'PM']",INCAPACITATING INJURY without Device
f4b4a0d19ba4527e526fedb89ce7b2ead6e8f26a27818f06cd735e4373f3255542ff1eb5e53c8dd28b2cf665ce1dd4ef8ddf5b26ff1bf794d4b7f744dbf5f84e,2022-07-24 14:30:00,Sunday,25,NO CONTROLS,CLEAR,DAYLIGHT,PEDESTRIAN,DRY,INJURY AND / OR TOW DUE TO CRASH,"OVER $1,500",FAILING TO YIELD RIGHT-OF-WAY,2,INCAPACITATING INJURY,1.0,0.0,1.0,14,1,7,41.92630915,-87.73432287,"['07/24/2022', '02:30:00', 'PM']",INCAPACITATING INJURY without Device