CRASH_RECORD_ID,CRASH_DATE,Weekday,POSTED_SPEED_LIMIT,TRAFFIC_CONTROL_DEVICE,WEATHER_CONDITION,LIGHTING_CONDITION,FIRST_CRASH_TYPE,ROADWAY_SURFACE_COND,CRASH_TYPE,DAMAGE,PRIM_CONTRIBUTORY_CAUSE,NUM_UNITS,MOST_SEVERE_INJURY,INJURIES_TOTAL,INJURIES_FATAL,INJURIES_INCAPACITATING,CRASH_HOUR,CRASH_DAY_OF_WEEK,CRASH_MONTH,LATITUDE,LONGITUDE,CRASH_TIME,CATEGORIES
a8228edb4818544edde34e76cd7ab40ff0efbb96882a8c2a0c565e67767c201a9f588a4e74cf7e47baa265d8f051020f784a8e47e30529008fab531bc1eba418,2022-07-24 03:28:00,Sunday,30,NO CONTROLS,CLEAR,"DARKNESS, LIGHTED ROAD",PARKED MOTOR VEHICLE,DRY,INJURY AND / OR TOW DUE TO CRASH,"OVER $1,500",PHYSICAL CONDITION OF DRIVER,2,INCAPACITATING INJURY,1.0,0.0,1.0,3,1,7,41.69427896,-87.62453727,"['07/24/2022', '03:28:00', 'AM']",INCAPACITATING INJURY without Device
2c1a7c926a5c0d1de6eee8e0c1489143958bdc59af649d27b8ad66f2ebe2f79276435c18fbfa9d53d5868d5efbf9b02ac9fe67d618a73c1eb9c3cb566413bd3f,2022-07-23 22:39:00,Saturday,30,STOP SIGN/FLASHER,CLEAR,"DARKNESS, LIGHTED ROAD",PEDALCYCLIST,DRY,INJURY AND / OR TOW DUE TO CRASH,"OVER $1,500",UNABLE TO DETERMINE,2,INCAPACITATING INJURY,1.0,0.0,1.0,22,7,7,41.99779515,-87.69247307,"['07/23/2022', '10:39:00', 'PM']",INCAPACITATING INJURY with Device
80308572fee4f76d7f87137f980c6e521b4c3ca14bc777bb72753412b7f5407324f4dc5102182a6e890e84b41c49ef2a7ebd4eb2062bc61328e8d8a3a9e4f518,2022-07-23 22:27:00,Saturday,30,TRAFFIC SIGNAL,CLEAR,"DARKNESS, LIGHTED ROAD",FIXED OBJECT,DRY,INJURY AND / OR TOW DUE TO CRASH,"OVER $1,500",UNABLE TO DETERMINE,2,INCAPACITATING INJURY,1.0,0.0,1.0,22,7,7,41.99211251,-87.78230482,"['07/23/2022', '10:27:00', 'PM']",INCAPACITATING INJURY with Device
136ca02d0d8f73b11d9701136048a85ce44c5c95326f354b04921052871dfd3f80f7fae1a9e8125f5f2de13f8925349c06ba9c93565bf4fac3d84d59e471a658,2022-07-23 18:19:00,Saturday,30,TRAFFIC SIGNAL,CLEAR,DAYLIGHT,ANGLE,DRY,INJURY AND / OR TOW DUE TO CRASH,"OVER $1,500",UNABLE TO DETERMINE,2,INCAPACITATING INJURY,1.0,0.0,1.0,18,7,7,41.77576988,-87.57634735,"['07/23/2022', '06:19:00', 'PM']",INCAPACITATING INJURY with Device
91e36fb13be66f579859d2e33638f76845b02c6e4d71ff535644d07ba1780cfde59ad1a394c3d44fe2724a89cc268506a6a4914c997b81bcd4776ce9dbda2d03,2022-07-23 01:50:00,Saturday,30,TRAFFIC SIGNAL,CLEAR,"DARKNESS, LIGHTED ROAD",REAR END,WET,INJURY AND / OR TOW DUE TO CRASH,"OVER $1,500",PHYSICAL CONDITION OF DRIVER,2,INCAPACITATING INJURY,3.0,0.0,2.0,1,7,7,41.87488571,-87.68631142,"['07/23/2022', '01:50:00', 'AM']",INCAPACITATING INJURY with Device
443ce8d9df46d707ab2570ccbbed01f066dc100d52a74cfc492a2e19ece5e6d452722237440ca84df74890df5c64a4f985fad7d5fb14a486203aad976967641a,2022-07-23 00:59:00,Saturday,30,NO CONTROLS,CLEAR,DARKNESS,PARKED MOTOR VEHICLE,UNKNOWN,INJURY AND / OR TOW DUE TO CRASH,"OVER $1,500",UNABLE TO DETERMINE,3,INCAPACITATING INJURY,2.0,0.0,1.0,0,7,7,41.93237242,-87.68091758,"['07/23/2022', '12:59:00', 'AM']",INCAPACITATING INJURY without Device
a0e73a8d729b11b841474715a62666b7910ccf8db0f85dd6e2e6b142095f2a958673675156a49b052664390a94c3e6659ac26d8871caa5c7ee356ceb9ec1e97d,2022-07-23 00:46:00,Saturday,30,NO CONTROLS,CLEAR,"DARKNESS, LIGHTED ROAD",PEDESTRIAN,DRY,INJURY AND / OR TOW DUE TO CRASH,"OVER $1,500",UNABLE TO DETERMINE,2,INCAPACITATING INJURY,1.0,0.0,1.0,0,7,7,41.77235056,-87.66069125,"['07/23/2022', '12:46:00', 'AM']",INCAPACITATING INJURY without Device
941411d54d37130d4ed41c9b3a5e75d660eb8bde837cf60f3ab6cc13a5bcc98f7a13d8ef1f69239cdc06203e1b6ac9644c74b2e96064b69c02f8941890adccaf,2022-07-22 23:45:00,Friday,35,NO CONTROLS,CLEAR,"DARKNESS, LIGHTED ROAD",PARKED MOTOR VEHICLE,DRY,INJURY AND / OR TOW DUE TO CRASH,"OVER $1,500",PHYSICAL CONDITION OF DRIVER,2,INCAPACITATING INJURY,1.0,0.0,1.0,23,6,7,41.77327384,-87.65418411,"['07/22/2022', '11:45:00', 'PM']",INCAPACITATING INJURY without Device
b4defe86906204fd99a0e54e0694a36b4974e865699c37d54d6bc7dead06e27915f47d51a1b2a5d81039b08c95527ef99d077a980cd3effed84991a054adff74,2022-07-22 21:00:00,Friday,30,NO CONTROLS,CLEAR,"DARKNESS, LIGHTED ROAD",ANGLE,DRY,INJURY AND / OR TOW DUE TO CRASH,"OVER $1,500",UNABLE TO DETERMINE,2,INCAPACITATING INJURY,3.0,0.0,1.0,21,6,7,41.85340674,-87.71872491,"['07/22/2022', '09:00:00', 'PM']",INCAPACITATING INJURY without Device
addd4e86af7854d685e0fdffd9819ed05cbb47b1a8732f7cae5097e4e8df545e8f0b00b27dab5eb84ca06c3a80d5d9a55057d6413ccc6416d09aca31a20aacc8,2022-07-22 17:48:00,Friday,35,STOP SIGN/FLASHER,CLEAR,DAYLIGHT,ANGLE,DRY,INJURY AND / OR TOW DUE TO CRASH,"OVER $1,500",UNABLE TO DETERMINE,2,INCAPACITATING INJURY,3.0,0.0,1.0,17,6,7,41.94636141,-87.720044,"['07/22/2022', '05:48:00', 'PM']",INCAPACITATING INJURY with Device
4112c91c4c07b575ce12bf5b33f905bc23ac15a4d5e224350547acd0e6371fc544df4405967966ffbd8401bc44b3d281289c683ae18eaafb2d0fe672dcd29b0e,2022-07-22 16:50:00,Friday,25,NO CONTROLS,CLEAR,DAYLIGHT,REAR TO SIDE,DRY,INJURY AND / OR TOW DUE TO CRASH,"OVER $1,500",UNABLE TO DETERMINE,3,INCAPACITATING INJURY,1.0,0.0,1.0,16,6,7,41.80096195,-87.67678848,"['07/22/2022', '04:50:00', 'PM']",INCAPACITATING INJURY without Device
659f39380ad7bed0c94193055a92c3510d45b25d7a142cdf4fab831e7d987fc268070f1fd52e1de7197fa289f0c01e2835c4c98db941d0bc3667d4a9d82e2ebf,2022-07-22 15:11:00,Friday,35,NO CONTROLS,CLEAR,DAYLIGHT,TURNING,DRY,INJURY AND / OR TOW DUE TO CRASH,"OVER $1,500",FAILING TO YIELD RIGHT-OF-WAY,2,INCAPACITATING INJURY,1.0,0.0,1.0,15,6,7,41.86673553,-87.64231951,"['07/22/2022', '03:11:00', 'PM']",INCAPACITATING INJURY without Device
4b95664c6273b654d93c8ea750edca5b776518f22ef83c330ad5e7178ecc4a3dabdefff73bf62de8aae633a79f8604b3e413786f3b969b7e12ca7d00d77c580f,2022-07-22 13:58:00,Friday,25,STOP SIGN/FLASHER,CLEAR,DAYLIGHT,REAR END,DRY,INJURY AND / OR TOW DUE TO CRASH,"$501 - $1,500",FOLLOWING TOO CLOSELY,2,INCAPACITATING INJURY,1.0,0.0,1.0,13,6,7,41.7510225,-87.62698029,"['07/22/2022', '01:58:00', 'PM']",INCAPACITATING INJURY with Device
9c7efe369a9a710a9a106966ce48f8e8295689c012a866b2cb3de858a4114cdaf70aabb62c67257857186c83a33269282cebd9286c786071412e7d11538c5d34,2022-07-22 13:00:00,Friday,35,STOP SIGN/FLASHER,CLEAR,DAYLIGHT,ANGLE,DRY,INJURY AND / OR TOW DUE TO CRASH,"OVER $1,500",UNABLE TO DETERMINE,2,INCAPACITATING INJURY,2.0,0.0,2.0,13,6,7,41.81825163,-87.62322001,"['07/22/2022', '01:00:00', 'PM']",INCAPACITATING INJURY with Device
ad6d9924957424b0095d8a4d058a9e68ed260f33f13c2a788ed981571ddc9c20c48897c456e4120858c1fbd7ba25fbd796ceecf1a3b196741b710efa3a900085,2022-07-22 12:08:00,Friday,45,NO CONTROLS,CLEAR,DAYLIGHT,FIXED OBJECT,DRY,INJURY AND / OR TOW DUE TO CRASH,"OVER $1,500",UNABLE TO DETERMINE,1,FATAL,2.0,1.0,0.0,12,6,7,41.85101978,-87.61388212,"['07/22/2022', '12:08:00', 'PM']",FATAL without Device
a24e43b24590958920ea5923d94488f4bdd6105ea2825233d07c5a1ea92cd119ed114589097464afe7c6c6563e2b809926179e8414b4dbe73c80f149c1edccb3,2022-07-22 11:20:00,Friday,30,NO CONTROLS,CLEAR,DAYLIGHT,TURNING,DRY,INJURY AND / OR TOW DUE TO CRASH,"OVER $1,500",FOLLOWING TOO CLOSELY,2,INCAPACITATING INJURY,2.0,0.0,1.0,11,6,7,41.74048897,-87.70199388,"['07/22/2022', '11:20:00', 'AM']",INCAPACITATING INJURY without Device
be85d974a040a390744e89ef90dd35869a7a622ecaba9acd8f29200acc4abdb166b1e68dd751c76f18ec96aad7bb3a6204264d0f78cdf46ca7f78d5dfde532d9,2022-07-22 10:00:00,Friday,30,TRAFFIC SIGNAL,CLEAR,DAYLIGHT,REAR END,DRY,INJURY AND / OR TOW DUE TO CRASH,"OVER $1,500",FOLLOWING TOO CLOSELY,2,INCAPACITATING INJURY,1.0,0.0,1.0,10,6,7,41.91215211,-87.68741582,"['07/22/2022', '10:00:00', 'AM']",INCAPACITATING INJURY with Device
2ab1004d43e6160524de6d706b166973fc8a68f057c8ef8c9b2d83c4cf2eee35c4074dbb4066bf0cfe04e7763ceb4de5881401c18b3cc3c0087fcc3fb8ba7c3d,2022-07-22 06:50:00,Friday,35,NO CONTROLS,CLEAR,DAYLIGHT,TURNING,DRY,INJURY AND / OR TOW DUE TO CRASH,"OVER $1,500",FAILING TO YIELD RIGHT-OF-WAY,2,INCAPACITATING INJURY,1.0,0.0,1.0,6,6,7,41.73664085,-87.61260287,"['07/22/2022', '06:50:00', 'AM']",INCAPACITATING INJURY without Device
bac09a6b609b49dbd3e94ba67386d0116e62405fca678e0ca771828f98b2f0366ee76ffb00fa8b8e5ec694e77fef9a467dbd9467bf5e639df377f6b05b3903e3,2022-07-21 23:48:00,Thursday,35,TRAFFIC SIGNAL,CLEAR,"DARKNESS, LIGHTED ROAD",ANGLE,DRY,INJURY AND / OR TOW DUE TO CRASH,"OVER $1,500",DISREGARDING TRAFFIC SIGNALS,5,FATAL,4.0,1.0,2.0,23,5,7,41.98605087,-87.66028894,"['07/21/2022', '11:48:00', 'PM']",FATAL with Device
ee058ed1b5a87649621500ed9b70858b64b9f94980d2587f640c526436012872070176e82ff85a08958912287059202264cf668795f645fba0927e05447e4d71,2022-07-21 21:46:00,Thursday,30,NO CONTROLS,CLEAR,"DARKNESS, LIGHTED ROAD",OTHER OBJECT,DRY,INJURY AND / OR TOW DUE TO CRASH,"OVER $1,500",NOT APPLICABLE,1,INCAPACITATING INJURY,1.0,0.0,1.0,21,5,7,41.73258159,-87.62417903,"['07/21/2022', '09:46:00', 'PM']",INCAPACITATING INJURY without Device
384eb0c70073201e40362666d3e7236f7162056f2cb4823459650e353158abc129e591041acebb00e92849e716241afcb320cd9942d775516cb81bd720057f7b,2022-07-21 14:45:00,Thursday,30,NO CONTROLS,CLEAR,DAYLIGHT,ANGLE,DRY,INJURY AND / OR TOW DUE TO CRASH,"OVER $1,500",FAILING TO YIELD RIGHT-OF-WAY,2,INCAPACITATING INJURY,1.0,0.0,1.0,14,5,7,41.94462529,-87.71279769,"['07/21/2022', '02:45:00', 'PM']",INCAPACITATING INJURY without Device
1daafabb1d40a337189092aa4dbae87ea7f75f52fe78bb8618af4dcc7d69f6717cd50fc3e2ec678e637702cd824d0b38ece5cedd9417b3712ea5a90364122bae,2022-07-21 13:20:00,Thursday,30,NO CONTROLS,CLEAR,DAYLIGHT,PEDALCYCLIST,DRY,INJURY AND / OR TOW DUE TO CRASH,"$501 - $1,500",UNABLE TO DETERMINE,2,INCAPACITATING INJURY,1.0,0.0,1.0,13,5,7,41.77906768,-87.70408848,"['07/21/2022', '01:20:00', 'PM']",INCAPACITATING INJURY without Device
dd124c0e39ee817765d221279a0d63f16c1263152764e42f7749458dab2982e6e5e02325279ba1923a62db92c3ecf7a2a88b24569f1eecca37f8154e98e8f319,2022-07-20 15:57:00,Wednesday,30,STOP SIGN/FLASHER,CLEAR,DAYLIGHT,PEDALCYCLIST,DRY,INJURY AND / OR TOW DUE TO CRASH,"OVER $1,500",FAILING TO YIELD RIGHT-OF-WAY,2,INCAPACITATING INJURY,1.0,0.0,1.0,15,4,7,41.8955598,-87.69411207,"['07/20/2022', '03:57:00', 'PM']",INCAPACITATING INJURY with Device
87d120200107c57d2d1a041907cfc10edfaa144bddcbfdac5439c20f4500a3a2c5030ac58f4e41ae6ddc7445f694f114990daaf555cae94c71d07a7a1df33e89,2022-07-20 15:30:00,Wednesday,20,NO CONTROLS,CLEAR,DAYLIGHT,ANGLE,DRY,INJURY AND / OR TOW DUE TO CRASH,"OVER $1,500",FAILING TO REDUCE SPEED TO AVOID CRASH,2,INCAPACITATING INJURY,2.0,0.0,2.0,15,4,7,41.79465663,-87.63285682,"['07/20/2022', '03:30:00', 'PM']",INCAPACITATING INJURY without Device
8d36e555c460323bf129b6b61e7709f2f0b8c5200ef2b2788c8afa7970a101294d6cc90305d322901dc70a5efe4c2cf471b36381589df6f35d555c4a36bdc866,2022-07-20 13:30:00,Wednesday,30,TRAFFIC SIGNAL,CLEAR,DAYLIGHT,PEDALCYCLIST,DRY,INJURY AND / OR TOW DUE TO CRASH,"OVER $1,500",UNABLE TO DETERMINE,2,INCAPACITATING INJURY,1.0,0.0,1.0,13,4,7,41.98999473,-87.6554546,"['07/20/2022', '01:30:00', 'PM']",INCAPACITATING INJURY with Device
858289c84be7de1e971234ed07b383636ad5456f030837605b4679d8545f0754258d4abdb9b0f57bc8aaece7e9ca0a5815e2a19031b40e2c4e43de2c4b690c11,2022-07-20 10:55:00,Wednesday,30,TRAFFIC SIGNAL,CLEAR,DAYLIGHT,PEDESTRIAN,DRY,INJURY AND / OR TOW DUE TO CRASH,$500 OR LESS,IMPROPER TURNING/NO SIGNAL,2,INCAPACITATING INJURY,1.0,0.0,1.0,10,4,7,41.86693099,-87.67154489,"['07/20/2022', '10:55:00', 'AM']",INCAPACITATING INJURY with Device
21f3694a29c27526e7902fb1f6edb96cd31fc5cae933f45e4b496fd2ad019676d954a0097b023b9cb40df593e16bccbe1fddc19136f5b0540c820c460b60cb53,2022-07-20 10:37:00,Wednesday,30,NO CONTROLS,CLEAR,DAYLIGHT,FIXED OBJECT,DRY,INJURY AND / OR TOW DUE TO CRASH,"OVER $1,500",PHYSICAL CONDITION OF DRIVER,1,INCAPACITATING INJURY,1.0,0.0,1.0,10,4,7,41.79865118,-87.7422871,"['07/20/2022', '10:37:00', 'AM']",INCAPACITATING INJURY without Device
86c8781e8cd160bf6414a2b41959aad1b8a94f40498d972595f9a000e35f9177c173503a1a4c518daad6b367b1377e796c8b59fe82c753f1c1f46b00f581a8e4,2022-07-20 08:19:00,Wednesday,30,NO CONTROLS,CLEAR,DAYLIGHT,TURNING,DRY,INJURY AND / OR TOW DUE TO CRASH,"OVER $1,500",UNABLE TO DETERMINE,2,INCAPACITATING INJURY,1.0,0.0,1.0,8,4,7,41.89511547,-87.74569575,"['07/20/2022', '08:19:00', 'AM']",INCAPACITATING INJURY without Device
f275ae3e4fa6dadf47de113b3ec9bbe280b7b21d7a8e03421389ad5c33bf73a46afd99e2f33ddab6b49415a36d039e0bc9b1a792e6e7d139eaaf959e8ae6844d,2022-07-20 07:00:00,Wednesday,30,NO CONTROLS,CLEAR,DAYLIGHT,PARKED MOTOR VEHICLE,DRY,INJURY AND / OR TOW DUE TO CRASH,"OVER $1,500",FAILING TO REDUCE SPEED TO AVOID CRASH,3,INCAPACITATING INJURY,1.0,0.0,1.0,7,4,7,41.74321467,-87.64766881,"['07/20/2022', '07:00:00', 'AM']",INCAPACITATING INJURY without Device
1a0534ed19e037bbe28f124ebcb013691c0f2309f6f2b3eb18a375130ec3f56eb0b1e34b15bd74ddccce07ea6a10149d154db03b098e280a32d7830730b51cf9,2022-07-20 00:40:00,Wednesday,30,NO CONTROLS,CLEAR,"DARKNESS, LIGHTED ROAD",PARKED MOTOR VEHICLE,DRY,INJURY AND / OR TOW DUE TO CRASH,"OVER $1,500",UNABLE TO DETERMINE,2,INCAPACITATING INJURY,1.0,0.0,1.0,0,4,7,41.93077958,-87.79516279,"['07/20/2022', '12:40:00', 'AM']",INCAPACITATING INJURY without Device
0e8fa6931a242aa80228f17d8548bf8170bf5b02c1c396b0314973603e7fefff4fcfc9acb20a1cef54aa336be2fb4307b518dc7e2ee5ba21924d590265f8e254,2022-07-19 19:22:00,Tuesday,30,TRAFFIC SIGNAL,CLEAR,DAYLIGHT,PEDESTRIAN,DRY,INJURY AND / OR TOW DUE TO CRASH,"OVER $1,500",UNABLE TO DETERMINE,2,INCAPACITATING INJURY,1.0,0.0,1.0,19,3,7,41.77549242,-87.57505477,"['07/19/2022', '07:22:00', 'PM']",INCAPACITATING INJURY with Device
c2e3aa555552db5ed6f64685a1d54b5b5fdbe565bccc9468dd1cce5900b02e7216ef56fbb3a7e5bd4ae4856b943a214ccb7a205a8d147cc2cf819b4173631d0c,2022-07-19 18:16:00,Tuesday,30,NO CONTROLS,CLEAR,DAYLIGHT,PEDALCYCLIST,DRY,INJURY AND / OR TOW DUE TO CRASH,$500 OR LESS,FAILING TO YIELD RIGHT-OF-WAY,2,INCAPACITATING INJURY,1.0,0.0,1.0,18,3,7,41.9307694,-87.79588901,"['07/19/2022', '06:16:00', 'PM']",INCAPACITATING INJURY without Device
5b9c2c3d95aa6d6874960bb86e69c799569b54a4bd4954101f4c8821bd7c00a41143e074d1a4ca39b562ae9febbeee3a8896d3dcb3681c9fb6bc11a9cc84a69d,2022-07-19 17:27:00,Tuesday,30,STOP SIGN/FLASHER,CLEAR,DAYLIGHT,ANGLE,DRY,INJURY AND / OR TOW DUE TO CRASH,"OVER $1,500",DISREGARDING STOP SIGN,2,INCAPACITATING INJURY,4.0,0.0,4.0,17,3,7,41.76351932,-87.62987307,"['07/19/2022', '05:27:00', 'PM']",INCAPACITATING INJURY with Device
a3fa1b428e9598fe72b5403262d4e22c45622e6d73f1def194a8b8956416c5dffede30e63d01d1f347c45d947e73f5ca5e1501ee086170964abea587355abc5b,2022-07-19 16:15:00,Tuesday,30,NO CONTROLS,CLEAR,DAYLIGHT,REAR END,DRY,INJURY AND / OR TOW DUE TO CRASH,"OVER $1,500",IMPROPER OVERTAKING/PASSING,2,INCAPACITATING INJURY,1.0,0.0,1.0,16,3,7,41.77551136,-87.68339828,"['07/19/2022', '04:15:00', 'PM']",INCAPACITATING INJURY without Device
50292fcbf0564c4bb50c80489f0445ee5a69548fa797e7c0395f9fdeace99213f97fe2cde1a7f0ed0e611bb04a98328acf5b2d55d073fa6ca7ea48e6965536ba,2022-07-19 10:50:00,Tuesday,30,NO CONTROLS,CLEAR,DAYLIGHT,ANGLE,DRY,INJURY AND / OR TOW DUE TO CRASH,"$501 - $1,500",FOLLOWING TOO CLOSELY,2,INCAPACITATING INJURY,1.0,0.0,1.0,10,3,7,42.00495883,-87.69968232,"['07/19/2022', '10:50:00', 'AM']",INCAPACITATING INJURY without Device
7b9f9b12fe3f7a3a61ff408193beaa43d79b4358f69d3f48fd615fb09fe0fa72a7ed150a47f493b78783eab4110a4862fbcd962d12ee71a587d85ef09366d432,2022-07-19 08:19:00,Tuesday,30,TRAFFIC SIGNAL,CLEAR,DAYLIGHT,PEDESTRIAN,DRY,INJURY AND / OR TOW DUE TO CRASH,$500 OR LESS,UNABLE TO DETERMINE,2,INCAPACITATING INJURY,1.0,0.0,1.0,8,3,7,41.78635732,-87.70341239,"['07/19/2022', '08:19:00', 'AM']",INCAPACITATING INJURY with Device
bc46d1ac883e6054e6a81ee6aa3ff5c7d76d07980d416bbbfaf38db4eb8cbf34a823e8dce18db3ec36fc985b3887cf244f60bea4d37658a3fa82ff84bd900cc8,2022-07-18 21:18:00,Monday,30,TRAFFIC SIGNAL,CLEAR,"DARKNESS, LIGHTED ROAD",TURNING,DRY,INJURY AND / OR TOW DUE TO CRASH,"OVER $1,500",DISREGARDING TRAFFIC SIGNALS,2,INCAPACITATING INJURY,1.0,0.0,1.0,21,2,7,41.75923903,-87.67353683,"['07/18/2022', '09:18:00', 'PM']",INCAPACITATING INJURY with Device
d5653ece9a44031a69512d960be916c9d1284a650ade6a21af8f78528cc6fa6407be7bd6eeff6fa9f2cf9116de556fcf1cc7b70610ed14564ece10129b0602f8,2022-07-18 18:00:00,Monday,35,NO CONTROLS,CLEAR,DAYLIGHT,SIDESWIPE SAME DIRECTION,DRY,INJURY AND / OR TOW DUE TO CRASH,"OVER $1,500",DRIVING SKILLS/KNOWLEDGE/EXPERIENCE,2,INCAPACITATING INJURY,1.0,0.0,1.0,18,2,7,41.9179626,-87.64864677,"['07/18/2022', '06:00:00', 'PM']",INCAPACITATING INJURY without Device
dce3e3c05d16d12923498983a06077c9088117114162fc5ccb5a494710fec54314c0827e49588f33d30345ca5fbd5a4fd4af5b13e84586fc9511110ea64b42e0,2022-07-18 16:59:00,Monday,30,NO CONTROLS,CLEAR,DAYLIGHT,OTHER OBJECT,DRY,INJURY AND / OR TOW DUE TO CRASH,"OVER $1,500",FAILING TO YIELD RIGHT-OF-WAY,2,INCAPACITATING INJURY,1.0,0.0,1.0,16,2,7,41.88764493,-87.65286906,"['07/18/2022', '04:59:00', 'PM']",INCAPACITATING INJURY without Device
b33dfb7c537742bc73a51729e1a6312d6f9b77d657618ecbc78ceab777e65ea76bbe3727574aa30d723219f79d878f7554cbbb3955a329583f3bab7c054a69a2,2022-07-18 15:07:00,Monday,35,NO CONTROLS,CLEAR,DAYLIGHT,REAR TO FRONT,DRY,INJURY AND / OR TOW DUE TO CRASH,"OVER $1,500",UNABLE TO DETERMINE,2,INCAPACITATING INJURY,1.0,0.0,1.0,15,2,7,41.96118134,-87.69202832,"['07/18/2022', '03:07:00', 'PM']",INCAPACITATING INJURY without Device
754845c3973522d16e89e60ecb8f148b231d6e197bb663738d5472999501975629344273dc467760f37090d19c342982d1939479805e0b16781ff9ab60d259dc,2022-07-18 13:45:00,Monday,30,STOP SIGN/FLASHER,CLEAR,DAYLIGHT,ANGLE,DRY,INJURY AND / OR TOW DUE TO CRASH,"OVER $1,500",FAILING TO YIELD RIGHT-OF-WAY,2,INCAPACITATING INJURY,2.0,0.0,1.0,13,2,7,41.8900733,-87.64746235,"['07/18/2022', '01:45:00', 'PM']",INCAPACITATING INJURY with Device
78259a92b8ae364755c6a4cdd2d8ddee6390d113030038c042251d79fbc51153aa8a995aa48f5eb618e355773c5e65c4e720b4957bbf1b113fe0292c17c9b977,2022-07-18 05:19:00,Monday,30,TRAFFIC SIGNAL,CLEAR,DAYLIGHT,TURNING,DRY,INJURY AND / OR TOW DUE TO CRASH,"OVER $1,500",FAILING TO YIELD RIGHT-OF-WAY,2,FATAL,1.0,1.0,0.0,5,2,7,41.91702291,-87.7557935,"['07/18/2022', '05:19:00', 'AM']",FATAL with Device
fd3a069dff09f99163fdd85db1c5d9153600e7fe44fcf7570b3617da484a6cb4b8c1105b9319cc150ab283ad063a89c17f9ccd7d6a58af42fa6ce25439de4b0b,2022-07-18 04:43:00,Monday,30,NO CONTROLS,CLEAR,DAWN,REAR END,DRY,INJURY AND / OR TOW DUE TO CRASH,"OVER $1,500",FAILING TO REDUCE SPEED TO AVOID CRASH,2,INCAPACITATING INJURY,2.0,0.0,2.0,4,2,7,41.97269424,-87.74805185,"['07/18/2022', '04:43:00', 'AM']",INCAPACITATING INJURY without Device
e5c59a240a9c20e6cfafa34e0ba04fae539c138daadaedd69448bed5c295b7b5e8e8b780530ad2871b1633e87537472ed4d7b981534f411d37ded1db317be87b,2022-07-18 03:55:00,Monday,30,NO CONTROLS,CLEAR,"DARKNESS, LIGHTED ROAD",PARKED MOTOR VEHICLE,DRY,INJURY AND / OR TOW DUE TO CRASH,"OVER $1,500",UNABLE TO DETERMINE,3,INCAPACITATING INJURY,1.0,0.0,1.0,3,2,7,41.73101088,-87.62125308,"['07/18/2022', '03:55:00', 'AM']",INCAPACITATING INJURY without Device
8b6df857b819836cbb30f50c5ddb48faaab7f727fd898727f5872c8768fac612223ee5d1eefa3a6d751ae9e599e264233411183d7cac45956766ef7e50446547,2022-07-18 01:35:00,Monday,30,TRAFFIC SIGNAL,CLEAR,"DARKNESS, LIGHTED ROAD",ANGLE,DRY,INJURY AND / OR TOW DUE TO CRASH,"OVER $1,500",DISREGARDING TRAFFIC SIGNALS,2,INCAPACITATING INJURY,3.0,0.0,2.0,1,2,7,41.92500994,-87.68770475,"['07/18/2022', '01:35:00', 'AM']",INCAPACITATING INJURY with Device
beb9da3acd54b9caf29d3488027d838d22b522d5db2fd45a7026ca1f473879642ef41b540e0197042752fa3b93090b5e9174b7677bee333abb27bef697dcf033,2022-07-18 00:24:00,Monday,30,STOP SIGN/FLASHER,CLEAR,"DARKNESS, LIGHTED ROAD",PARKED MOTOR VEHICLE,DRY,INJURY AND / OR TOW DUE TO CRASH,"OVER $1,500",FAILING TO REDUCE SPEED TO AVOID CRASH,2,INCAPACITATING INJURY,1.0,0.0,1.0,0,2,7,41.79566685,-87.66812631,"['07/18/2022', '12:24:00', 'AM']",INCAPACITATING INJURY with Device
a026fb5b3dd82d3a14b67bbbda156e41050a434538b598ab8dd1674be8b2b3f3d5f93aa4165213fa5a7509790b5d5c2e5843d493919ff4ee0dda49985df6f687,2022-07-17 21:05:00,Sunday,30,TRAFFIC SIGNAL,CLEAR,DAYLIGHT,REAR END,DRY,INJURY AND / OR TOW DUE TO CRASH,"OVER $1,500",UNABLE TO DETERMINE,2,INCAPACITATING INJURY,3.0,0.0,1.0,21,1,7,41.87299499,-87.75495364,"['07/17/2022', '09:05:00', 'PM']",INCAPACITATING INJURY with Device
1d418157d33aaee64f829c1af67ec032e512fb9956b17efaf3e4dba62cae1e8736ade6f9bf5f29b57c8e66e0af3cfa37cbca9023c68a6c506426efaf7a8e662a,2022-07-17 17:11:00,Sunday,30,NO CONTROLS,CLOUDY/OVERCAST,DAYLIGHT,TURNING,DRY,INJURY AND / OR TOW DUE TO CRASH,"OVER $1,500",FAILING TO REDUCE SPEED TO AVOID CRASH,2,INCAPACITATING INJURY,2.0,0.0,1.0,17,1,7,41.75038641,-87.65994735,"['07/17/2022', '05:11:00', 'PM']",INCAPACITATING INJURY without Device
fd680a15fb81e63fce5e1e74a6fd7ace07cef4981c31ef230ea99c57a6ea825c5cb2d5b8b8e346d2b3d29c39a56d29ecd88c59933f9ce01bffb2b0d6f7e3e939,2022-07-17 17:09:00,Sunday,35,TRAFFIC SIGNAL,CLEAR,DAYLIGHT,TURNING,DRY,INJURY AND / OR TOW DUE TO CRASH,"OVER $1,500",UNABLE TO DETERMINE,2,INCAPACITATING INJURY,3.0,0.0,1.0,17,1,7,41.86906188,-87.63032924,"['07/17/2022', '05:09:00', 'PM']",INCAPACITATING INJURY with Device