CRASH_RECORD_ID,CRASH_DATE,Weekday,POSTED_SPEED_LIMIT,TRAFFIC_CONTROL_DEVICE,WEATHER_CONDITION,LIGHTING_CONDITION,FIRST_CRASH_TYPE,ROADWAY_SURFACE_COND,CRASH_TYPE,DAMAGE,PRIM_CONTRIBUTORY_CAUSE,NUM_UNITS,MOST_SEVERE_INJURY,INJURIES_TOTAL,INJURIES_FATAL,INJURIES_INCAPACITATING,CRASH_HOUR,CRASH_DAY_OF_WEEK,CRASH_MONTH,LATITUDE,LONGITUDE,CRASH_TIME,CATEGORIES
e84d316c0fbe0d1ed75e49266950fd0ff200e9599953521e5595b10fa4af5797e11ea3c3c70c3a7dc2ce782f2a9294d7a7719f26930ee1420e906ec24b1f3409,2022-07-17 16:09:00,Sunday,30,TRAFFIC SIGNAL,CLEAR,DAYLIGHT,ANGLE,DRY,INJURY AND / OR TOW DUE TO CRASH,"OVER $1,500",DISREGARDING TRAFFIC SIGNALS,2,INCAPACITATING INJURY,1.0,0.0,1.0,16,1,7,41.75640041,-87.62486969,"['07/17/2022', '04:09:00', 'PM']",INCAPACITATING INJURY with Device
b3ce7a6d339dc1e4ce4852f1f3aadbdb88df6777a8575db2a9c0cd9a4219222567684fa118876177aa8e5308981ec9f6f6294d35942a88feeeb49ccdd5a4889d,2022-07-17 15:47:00,Sunday,30,STOP SIGN/FLASHER,CLEAR,DAYLIGHT,TURNING,DRY,INJURY AND / OR TOW DUE TO CRASH,$500 OR LESS,UNABLE TO DETERMINE,2,INCAPACITATING INJURY,1.0,0.0,1.0,15,1,7,41.78866521,-87.65488347,"['07/17/2022', '03:47:00', 'PM']",INCAPACITATING INJURY with Device
2ac99d653827faf5b5565523d5463c82ffafe9b00a5297a78c985e0718e8bbca84c8d119dcca770a7609be48c7854b21ed2052a70f2136b2c058ed1b091167e8,2022-07-17 14:20:00,Sunday,30,NO CONTROLS,CLEAR,DAYLIGHT,OTHER OBJECT,DRY,INJURY AND / OR TOW DUE TO CRASH,$500 OR LESS,IMPROPER BACKING,2,INCAPACITATING INJURY,1.0,0.0,1.0,14,1,7,42.00518674,-87.68000604,"['07/17/2022', '02:20:00', 'PM']",INCAPACITATING INJURY without Device
292fa3d09054fa5ae5919bc4dc24522d6bcd0f7c5f4eaf4982ef70b53f681ed5d6139193146a01083db0781c1d053db55ae356f65808ccae4b7c403fd4de1b68,2022-07-17 13:35:00,Sunday,25,TRAFFIC SIGNAL,CLEAR,DAYLIGHT,SIDESWIPE SAME DIRECTION,DRY,INJURY AND / OR TOW DUE TO CRASH,"OVER $1,500",UNABLE TO DETERMINE,3,INCAPACITATING INJURY,4.0,0.0,1.0,13,1,7,41.83852861,-87.61750936,"['07/17/2022', '01:35:00', 'PM']",INCAPACITATING INJURY with Device
9750c80e99047359208ecda7b3f7a6a7c4c899a2ddaf16e5cf78e820ef54992ab9736f1d9e48faa1b705e6559d68cae95bf4668c39251e040c8a77d83e0dba31,2022-07-17 02:35:00,Sunday,30,TRAFFIC SIGNAL,CLEAR,"DARKNESS, LIGHTED ROAD",ANGLE,DRY,INJURY AND / OR TOW DUE TO CRASH,"OVER $1,500",DISREGARDING TRAFFIC SIGNALS,2,INCAPACITATING INJURY,1.0,0.0,1.0,2,1,7,41.87490947,-87.68365081,"['07/17/2022', '02:35:00', 'AM']",INCAPACITATING INJURY with Device
9bb43bdf139df6d22e295e891d73f447e6f7743502e76343fede7b153957517bd159d08daa6816b59611256ced9f49cd8e4eb51ff01cae1b9fd61ea9ee06cfef,2022-07-16 23:30:00,Saturday,30,NO CONTROLS,CLEAR,"DARKNESS, LIGHTED ROAD",HEAD ON,DRY,INJURY AND / OR TOW DUE TO CRASH,"OVER $1,500",EQUIPMENT - VEHICLE CONDITION,2,INCAPACITATING INJURY,2.0,0.0,2.0,23,7,7,41.76928808,-87.62627559,"['07/16/2022', '11:30:00', 'PM']",INCAPACITATING INJURY without Device
872570fb32afd8f91975b8710d1a93e86cd1702a9d81225f1a606e82614a6b3283842e2d91475bee87cca1b640805955e9023711564bb1fe5774cdb2906453bf,2022-07-16 23:21:00,Saturday,30,TRAFFIC SIGNAL,CLEAR,"DARKNESS, LIGHTED ROAD",ANGLE,DRY,INJURY AND / OR TOW DUE TO CRASH,"OVER $1,500",NOT APPLICABLE,2,INCAPACITATING INJURY,2.0,0.0,1.0,23,7,7,41.87726908,-87.7199145,"['07/16/2022', '11:21:00', 'PM']",INCAPACITATING INJURY with Device
fba0ebda1ade07ec9a2c60d099ed507bb6656cd4909915aa67bf5019854904785e4fd296a8f0c304eef5817affcc4e88ba1aa7c63a3f75a76fc1256801d7275b,2022-07-16 22:15:00,Saturday,35,TRAFFIC SIGNAL,CLEAR,"DARKNESS, LIGHTED ROAD",PEDESTRIAN,DRY,INJURY AND / OR TOW DUE TO CRASH,"OVER $1,500",UNABLE TO DETERMINE,2,INCAPACITATING INJURY,1.0,0.0,1.0,22,7,7,41.89490343,-87.62410419,"['07/16/2022', '10:15:00', 'PM']",INCAPACITATING INJURY with Device
dc158aa22d6e63e9a1ab19884ad8a060e69d29dbf5a6a9fe4f7d399ed8627c88e64af047b656810e5fb310bb840c958002fa46a118344ec97e955d18b88f5f88,2022-07-16 22:00:00,Saturday,30,TRAFFIC SIGNAL,CLEAR,UNKNOWN,REAR END,UNKNOWN,INJURY AND / OR TOW DUE TO CRASH,"OVER $1,500",UNABLE TO DETERMINE,2,INCAPACITATING INJURY,1.0,0.0,1.0,22,7,7,41.79485712,-87.60627877,"['07/16/2022', '10:00:00', 'PM']",INCAPACITATING INJURY with Device
26ba635ce775d56b47b9b90acf9787f70b682a48d23d2a141d0ed9ba73b1df327df432cab97dfee6ad5927aeb70e77b9ea10148710724d87ee93ef58a077522b,2022-07-16 14:30:00,Saturday,30,NO CONTROLS,CLOUDY/OVERCAST,DAYLIGHT,PEDESTRIAN,DRY,INJURY AND / OR TOW DUE TO CRASH,"OVER $1,500",UNABLE TO DETERMINE,2,FATAL,1.0,1.0,0.0,14,7,7,41.73020471,-87.66304669,"['07/16/2022', '02:30:00', 'PM']",FATAL without Device
95cc6314cfdd527f4a919dafe7f45b9c0996691ae78492f0b8c9cd57c0c608d6e105fff555e7ffc152bce26ed83c12d14d74e2e4651516c10bd8cedea4b069dd,2022-07-16 04:30:00,Saturday,30,TRAFFIC SIGNAL,CLEAR,"DARKNESS, LIGHTED ROAD",ANGLE,DRY,INJURY AND / OR TOW DUE TO CRASH,"OVER $1,500",UNABLE TO DETERMINE,3,INCAPACITATING INJURY,1.0,0.0,1.0,4,7,7,41.71274845,-87.62287493,"['07/16/2022', '04:30:00', 'AM']",INCAPACITATING INJURY with Device
f033cdf5e422a446807434218adc011b13c8ded5f20985904667c8d95b7ae2ec6283f1aac60f9ef48894cb8d9703b9ec4d9d8f2f5e4363049772742563ee2a05,2022-07-16 00:53:00,Saturday,30,NO CONTROLS,CLEAR,"DARKNESS, LIGHTED ROAD",HEAD ON,DRY,INJURY AND / OR TOW DUE TO CRASH,"OVER $1,500",UNABLE TO DETERMINE,2,FATAL,3.0,2.0,1.0,0,7,7,41.69858237,-87.65920347,"['07/16/2022', '12:53:00', 'AM']",FATAL without Device
fbd26371d59f5ca58a9f302a4e4c8e4ef683d90c3d5be0826847cc3373b96bce887d50be65318536822f7aa288f7196c681c64aaa14749bd38e52699ebbb7f9d,2022-07-15 18:28:00,Friday,35,TRAFFIC SIGNAL,RAIN,DAYLIGHT,PEDESTRIAN,WET,INJURY AND / OR TOW DUE TO CRASH,"OVER $1,500",UNABLE TO DETERMINE,2,INCAPACITATING INJURY,1.0,0.0,1.0,18,6,7,41.77304782,-87.60591305,"['07/15/2022', '06:28:00', 'PM']",INCAPACITATING INJURY with Device
ae7e71bd0774b1f1d6ac7449c71314d4cd520c301472f118503dc350ef80b4517fd1db34545a504a96b00667eede9a095d150e8d6893d4ce6be18d2e8e55f48f,2022-07-15 18:00:00,Friday,30,NO CONTROLS,CLEAR,DAYLIGHT,PEDALCYCLIST,DRY,INJURY AND / OR TOW DUE TO CRASH,"OVER $1,500",UNABLE TO DETERMINE,2,INCAPACITATING INJURY,1.0,0.0,1.0,18,6,7,41.84066883,-87.72506019,"['07/15/2022', '06:00:00', 'PM']",INCAPACITATING INJURY without Device
639a113b84e70a07e4e52be54e9c0770b9d1fd03dc1d4e05ee3174552ce6de3cc42ce2a2bf43545ef88022295ab7be483d2a50e3682e253aef341a6308f7206c,2022-07-15 11:10:00,Friday,25,PEDESTRIAN CROSSING SIGN,RAIN,DAYLIGHT,PEDESTRIAN,WET,INJURY AND / OR TOW DUE TO CRASH,"OVER $1,500",FAILING TO YIELD RIGHT-OF-WAY,2,INCAPACITATING INJURY,1.0,0.0,1.0,11,6,7,41.76113161,-87.55753416,"['07/15/2022', '11:10:00', 'AM']",INCAPACITATING INJURY with Device
c45fda8e86b2c5cc73eefd2515d9ef23935b0caf496d3ca286142119dcc74ddef6143180ea7fd51808b7e51570f4137c0cd87ba8168623d28bebe46b942f4e37,2022-07-15 01:17:00,Friday,30,NO CONTROLS,CLEAR,"DARKNESS, LIGHTED ROAD",PEDESTRIAN,DRY,INJURY AND / OR TOW DUE TO CRASH,$500 OR LESS,UNABLE TO DETERMINE,2,INCAPACITATING INJURY,1.0,0.0,1.0,1,6,7,41.86695652,-87.62428987,"['07/15/2022', '01:17:00', 'AM']",INCAPACITATING INJURY without Device
11584417ecaccd8492bea6b8ba966198a02155c4a19a0b733bfcb45fdd462c70af8b926614705041d85694ff6fbd7a16648527735121b0b21a14f7106f33c798,2022-07-14 16:52:00,Thursday,30,NO CONTROLS,CLEAR,DAYLIGHT,OVERTURNED,DRY,INJURY AND / OR TOW DUE TO CRASH,$500 OR LESS,UNABLE TO DETERMINE,1,INCAPACITATING INJURY,1.0,0.0,1.0,16,5,7,41.7023845,-87.63253933,"['07/14/2022', '04:52:00', 'PM']",INCAPACITATING INJURY without Device
c8085f83e7ca668896c980f5a4a74d4f36a8ef2d94a94f030c9281877986889666c1fdfd32ceaf5f76d36ac1806b5bf19f330239af5fe14518cf98ff84351343,2022-07-14 16:00:00,Thursday,30,NO CONTROLS,CLEAR,DAYLIGHT,FIXED OBJECT,DRY,INJURY AND / OR TOW DUE TO CRASH,$500 OR LESS,UNABLE TO DETERMINE,1,INCAPACITATING INJURY,1.0,0.0,1.0,16,5,7,41.78032161,-87.61713538,"['07/14/2022', '04:00:00', 'PM']",INCAPACITATING INJURY without Device
5658a578f36f87dbc262e679f32bb47087b693da113248162121f0fed5ff17baf810c9bb120bf49cd8f8b835cbf9960b6292ed07adacb809ed2bc1edba76191a,2022-07-14 13:00:00,Thursday,30,TRAFFIC SIGNAL,CLEAR,DAYLIGHT,PEDESTRIAN,DRY,INJURY AND / OR TOW DUE TO CRASH,"OVER $1,500",UNABLE TO DETERMINE,2,INCAPACITATING INJURY,1.0,0.0,1.0,13,5,7,41.9450767,-87.81685629,"['07/14/2022', '01:00:00', 'PM']",INCAPACITATING INJURY with Device
a97986617f1da3ed9566c31196baea7cfca930571622e8f97d58530f230c8de961188764aa87b93b74c3c3757a3b2170b16fa6aabcac6150959195fa9809bdd7,2022-07-14 10:40:00,Thursday,35,STOP SIGN/FLASHER,CLEAR,DAYLIGHT,ANGLE,DRY,INJURY AND / OR TOW DUE TO CRASH,"OVER $1,500",FAILING TO YIELD RIGHT-OF-WAY,2,INCAPACITATING INJURY,1.0,0.0,1.0,10,5,7,41.99400656,-87.78487614,"['07/14/2022', '10:40:00', 'AM']",INCAPACITATING INJURY with Device
3625b2375ed13a7b332ffb4af3c693eca082a56d6d96432b06c4690d04febadeb3a9e9e743d0bdf81062bbd7c5ef76aa45bc081d5315c4faf66d08a15f898c67,2022-07-13 21:34:00,Wednesday,35,TRAFFIC SIGNAL,CLEAR,"DARKNESS, LIGHTED ROAD",TURNING,DRY,INJURY AND / OR TOW DUE TO CRASH,"$501 - $1,500",FAILING TO YIELD RIGHT-OF-WAY,2,INCAPACITATING INJURY,2.0,0.0,2.0,21,4,7,41.76979434,-87.58580187,"['07/13/2022', '09:34:00', 'PM']",INCAPACITATING INJURY with Device
025f176ddfa700dbd53451f18fc9c41cdef11c8297df8f4ddc63904a3cdb7a3d3669836a13db5c7e64d4e6f234db4d0d835493861e1179e334185889f301460a,2022-07-13 18:55:00,Wednesday,30,STOP SIGN/FLASHER,CLEAR,DAYLIGHT,PEDESTRIAN,DRY,INJURY AND / OR TOW DUE TO CRASH,$500 OR LESS,DISREGARDING STOP SIGN,2,INCAPACITATING INJURY,1.0,0.0,1.0,18,4,7,41.79301553,-87.62234302,"['07/13/2022', '06:55:00', 'PM']",INCAPACITATING INJURY with Device
d9d63fdc132ba562017414c13b303a878419e6aa4011c79997b7e4fc60a00afe182a611fe31d4e8fa60ba149639302be3d74fbe3f43d35d47929389501234a42,2022-07-13 12:00:00,Wednesday,30,TRAFFIC SIGNAL,CLEAR,DAYLIGHT,FIXED OBJECT,DRY,INJURY AND / OR TOW DUE TO CRASH,"OVER $1,500",NOT APPLICABLE,1,INCAPACITATING INJURY,1.0,0.0,1.0,12,4,7,41.8721644,-87.63075578,"['07/13/2022', '12:00:00', 'PM']",INCAPACITATING INJURY with Device
c03cb92abab9022992d016e4d62181dc33a75a3dcd8bd6cc85bc8efcdd1d540d6b22df753c4611fbfe7a200cfa887381acc198cddcbbcf65872d72eab851876b,2022-07-13 01:48:00,Wednesday,30,NO CONTROLS,CLEAR,"DARKNESS, LIGHTED ROAD",TURNING,DRY,INJURY AND / OR TOW DUE TO CRASH,$500 OR LESS,"VISION OBSCURED (SIGNS, TREE LIMBS, BUILDINGS, ETC.)",2,INCAPACITATING INJURY,1.0,0.0,1.0,1,4,7,41.88553521,-87.66189725,"['07/13/2022', '01:48:00', 'AM']",INCAPACITATING INJURY without Device
8611d5ec207bc1a6a77b787ba03eba29c99611816de39e97aad2edd9b86c3c22fa1cccffc3d7977eff2ffaf7ba0f9ee0a8f5e5709bc7b918b7050d802d533f19,2022-07-12 21:17:00,Tuesday,30,NO CONTROLS,CLEAR,DARKNESS,PARKED MOTOR VEHICLE,DRY,INJURY AND / OR TOW DUE TO CRASH,"OVER $1,500",TEXTING,3,INCAPACITATING INJURY,1.0,0.0,1.0,21,3,7,41.9143444,-87.71653341,"['07/12/2022', '09:17:00', 'PM']",INCAPACITATING INJURY without Device
b3fb0cc6f099362a04d8d163bd8d39aa862da646c0b5e5a7f91a2ddd0714dd5b42ad3c9b83b167ca69bbe109b6cca8a0d784d6a37e001bec7c7b8ef5045e6e46,2022-07-12 20:35:00,Tuesday,30,NO CONTROLS,CLEAR,"DARKNESS, LIGHTED ROAD",REAR END,DRY,INJURY AND / OR TOW DUE TO CRASH,"OVER $1,500",UNABLE TO DETERMINE,3,INCAPACITATING INJURY,2.0,0.0,1.0,20,3,7,41.94606945,-87.76026502,"['07/12/2022', '08:35:00', 'PM']",INCAPACITATING INJURY without Device
a7971f2e7d066de48a2f3cf1d00affc3248422ba5eee969af7821b6ad6a291f128a0ca9539560a0144a2ca69d07fcacb2ca20e5be8de4c07d0d83b65a154f9ba,2022-07-12 19:52:00,Tuesday,35,NO CONTROLS,CLEAR,DAYLIGHT,REAR END,DRY,INJURY AND / OR TOW DUE TO CRASH,"$501 - $1,500",FOLLOWING TOO CLOSELY,2,INCAPACITATING INJURY,1.0,0.0,1.0,19,3,7,41.95824994,-87.67403195,"['07/12/2022', '07:52:00', 'PM']",INCAPACITATING INJURY without Device
a350fee1dc4f21835b42926032dd48ab9219fe1c19226e731d02e322fc9edcc9ea1aaed0f305a599630c99adf1a3f5c6d245d0a0804cb6441447f45eaf664ce9,2022-07-12 18:59:00,Tuesday,30,NO CONTROLS,CLEAR,DAYLIGHT,REAR END,UNKNOWN,INJURY AND / OR TOW DUE TO CRASH,"OVER $1,500",UNABLE TO DETERMINE,2,INCAPACITATING INJURY,1.0,0.0,1.0,18,3,7,41.83930536,-87.68537429,"['07/12/2022', '06:59:00', 'PM']",INCAPACITATING INJURY without Device
be58712e76ed5aedd737115e7de66b661745ab629fee9204dd34008d4b53905279b91fb07c2946de2a7a9006282c6b82442ba0154b5403fe666ba6d877d4d218,2022-07-12 13:31:00,Tuesday,30,NO CONTROLS,CLEAR,DAYLIGHT,PEDESTRIAN,DRY,INJURY AND / OR TOW DUE TO CRASH,$500 OR LESS,UNABLE TO DETERMINE,2,INCAPACITATING INJURY,1.0,0.0,1.0,13,3,7,41.88546889,-87.66551866,"['07/12/2022', '01:31:00', 'PM']",INCAPACITATING INJURY without Device
7f5b9e1566ae13bde9e6c9995c547926f65c844cd8c1a8432397558b10e56df689258344e1d2787cae0a9ffd4893da61d7964f0cf70bce9a313bf5f6e1c51c87,2022-07-12 08:17:00,Tuesday,30,TRAFFIC SIGNAL,CLEAR,DAYLIGHT,TURNING,DRY,INJURY AND / OR TOW DUE TO CRASH,"OVER $1,500",FAILING TO YIELD RIGHT-OF-WAY,2,INCAPACITATING INJURY,4.0,0.0,3.0,8,3,7,41.83713267,-87.70496712,"['07/12/2022', '08:17:00', 'AM']",INCAPACITATING INJURY with Device
2b04dbfacea80fadbec1605876a6e1eb2d7f1c360b76b7085e957c607f3754116587df89e36e757d59f3f9e47bb7c10d00be060f52ab1c5ff0685bf05eb8935d,2022-07-12 07:21:00,Tuesday,30,NO CONTROLS,CLEAR,DAYLIGHT,FIXED OBJECT,DRY,INJURY AND / OR TOW DUE TO CRASH,"OVER $1,500",UNABLE TO DETERMINE,1,INCAPACITATING INJURY,1.0,0.0,1.0,7,3,7,41.92451849,-87.73311252,"['07/12/2022', '07:21:00', 'AM']",INCAPACITATING INJURY without Device
ffbdb32c73eaeb6bdcf30b66f5cb4523072b30943b81e50f6e58c2ff950f2d69e3cfb945b21f63d03846d2b5a571bfcc230faf486cd885d9f4ed85834f932344,2022-07-11 20:48:00,Monday,30,STOP SIGN/FLASHER,CLEAR,DAWN,ANGLE,DRY,INJURY AND / OR TOW DUE TO CRASH,"OVER $1,500",DISREGARDING STOP SIGN,2,FATAL,2.0,1.0,0.0,20,2,7,41.80582656,-87.60444034,"['07/11/2022', '08:48:00', 'PM']",FATAL with Device
020553a82a3d68ed3bbe323e5f4e146bfd0219e73f47e79928c6ca164a19ff3356f2ea8d3b74de1e47998931decb982a936f8185b2f297d6d5b188a32150b58c,2022-07-11 18:20:00,Monday,30,TRAFFIC SIGNAL,UNKNOWN,UNKNOWN,ANGLE,UNKNOWN,INJURY AND / OR TOW DUE TO CRASH,"OVER $1,500",DISREGARDING OTHER TRAFFIC SIGNS,2,INCAPACITATING INJURY,1.0,0.0,1.0,18,2,7,41.87925797,-87.64125542,"['07/11/2022', '06:20:00', 'PM']",INCAPACITATING INJURY with Device
d53ab23149a240a917076d134ebacd3e1dbee077ff5bc106c3feee53a7322e41c54c01d54329f38f578f9366dcedf37fbcf4ce9b97b08389df702a8b4d1b4696,2022-07-11 14:57:00,Monday,30,TRAFFIC SIGNAL,CLEAR,DAYLIGHT,REAR END,DRY,INJURY AND / OR TOW DUE TO CRASH,"OVER $1,500",PHYSICAL CONDITION OF DRIVER,3,INCAPACITATING INJURY,3.0,0.0,1.0,14,2,7,41.7836026,-87.64502994,"['07/11/2022', '02:57:00', 'PM']",INCAPACITATING INJURY with Device
6201bacac77aa25754270858cee607b72b734acc9a61d692afd52e82cc6f0aa35b485fe2a694396f20d6f47877fdb91f180b58fbeeaf28dbb2b8e50af53519cd,2022-07-11 13:45:00,Monday,30,NO CONTROLS,CLEAR,DAYLIGHT,PEDALCYCLIST,DRY,INJURY AND / OR TOW DUE TO CRASH,"$501 - $1,500",FAILING TO YIELD RIGHT-OF-WAY,2,INCAPACITATING INJURY,1.0,0.0,1.0,13,2,7,41.81124651,-87.70864519,"['07/11/2022', '01:45:00', 'PM']",INCAPACITATING INJURY without Device
fae206e735e398c0cbe715b92294d7f366929173883264170f56d25c03ce2d404c207179b91ec9d9322abfcd44209cd1d3f088a8c6bc06b5ba08eed3e17ac02d,2022-07-10 23:00:00,Sunday,30,NO CONTROLS,CLEAR,"DARKNESS, LIGHTED ROAD",HEAD ON,DRY,INJURY AND / OR TOW DUE TO CRASH,"$501 - $1,500",UNABLE TO DETERMINE,2,INCAPACITATING INJURY,2.0,0.0,1.0,23,1,7,41.87600822,-87.73546211,"['07/10/2022', '11:00:00', 'PM']",INCAPACITATING INJURY without Device
88d4dd226a2c25197094b8146ae3f2aef1bddb54d8374e3244850ceb6dcc1565d736e3c219b7c0a7db84a234df380754243549f25e540d5338bc5bf13a824fb3,2022-07-10 22:22:00,Sunday,30,TRAFFIC SIGNAL,CLEAR,"DARKNESS, LIGHTED ROAD",REAR END,DRY,INJURY AND / OR TOW DUE TO CRASH,"OVER $1,500",FAILING TO REDUCE SPEED TO AVOID CRASH,3,INCAPACITATING INJURY,1.0,0.0,1.0,22,1,7,41.89890904,-87.72624985,"['07/10/2022', '10:22:00', 'PM']",INCAPACITATING INJURY with Device
6eba4e5f4fe3d033b3644c881516d15d3efff2539f13d44e86110e8f1f9a52a3b4c075ccf76cd8f4e3935b902e212903ddb0679506be426ffd442416f8fe5989,2022-07-10 21:00:00,Sunday,30,NO CONTROLS,CLEAR,"DARKNESS, LIGHTED ROAD",REAR END,DRY,INJURY AND / OR TOW DUE TO CRASH,"OVER $1,500",FOLLOWING TOO CLOSELY,2,INCAPACITATING INJURY,1.0,0.0,1.0,21,1,7,41.94126558,-87.78377189,"['07/10/2022', '09:00:00', 'PM']",INCAPACITATING INJURY without Device
f6d9ad30d35f70116a49fce3f92ad46e4f412ef1277ca88f5e11c045e0d392d047d0005599268279059e2fdb30ab91c224aabf2e4a879fdeb8c21cec285b23c1,2022-07-10 19:34:00,Sunday,30,TRAFFIC SIGNAL,CLEAR,DUSK,SIDESWIPE SAME DIRECTION,DRY,INJURY AND / OR TOW DUE TO CRASH,"OVER $1,500",UNABLE TO DETERMINE,2,INCAPACITATING INJURY,2.0,0.0,1.0,19,1,7,41.86612909,-87.72019028,"['07/10/2022', '07:34:00', 'PM']",INCAPACITATING INJURY with Device
7e8117f64546e17788cd4acde8e5a890e1266bbf836a48e36e6b69d67156ea78f91d5100493066626469d5cb18e3032667c5bb7334b25c216eca0b9372b11024,2022-07-10 18:12:00,Sunday,30,NO CONTROLS,CLEAR,DAYLIGHT,PEDESTRIAN,DRY,INJURY AND / OR TOW DUE TO CRASH,"OVER $1,500",FAILING TO YIELD RIGHT-OF-WAY,2,INCAPACITATING INJURY,1.0,0.0,1.0,18,1,7,41.86808266,-87.63936542,"['07/10/2022', '06:12:00', 'PM']",INCAPACITATING INJURY without Device
592a9a905bd977f85cb8fa206d82808b0787d4b80811bcedc876af4861983bf7e6dbaa0769e1c954458106503d76b8bd7a669031e00256067050441521f6eae1,2022-07-10 17:50:00,Sunday,30,TRAFFIC SIGNAL,CLEAR,DAYLIGHT,ANGLE,DRY,INJURY AND / OR TOW DUE TO CRASH,"OVER $1,500",DISREGARDING TRAFFIC SIGNALS,2,INCAPACITATING INJURY,2.0,0.0,1.0,17,1,7,41.69211289,-87.65989895,"['07/10/2022', '05:50:00', 'PM']",INCAPACITATING INJURY with Device
406566d6abd740c4578960d2990eeb251e7b1d151926a25bdd0d229621e213b57e42ce08fcff32cbef6c449011d2eb3e58b9d594e23a535d8742ddcb38280cbb,2022-07-10 16:34:00,Sunday,30,TRAFFIC SIGNAL,CLEAR,DAYLIGHT,REAR END,DRY,INJURY AND / OR TOW DUE TO CRASH,"OVER $1,500",NOT APPLICABLE,2,INCAPACITATING INJURY,2.0,0.0,1.0,16,1,7,41.83372006,-87.61687649,"['07/10/2022', '04:34:00', 'PM']",INCAPACITATING INJURY with Device
0370a63bc751321a6d99240598ee2c668208fc56d44ab7a4ae32f3625e72ca6428c8b72e6e3562657d2fa4ca1e02765bb4fc265a0ec7d1491136dfdb23fc9572,2022-07-10 06:50:00,Sunday,30,NO CONTROLS,CLEAR,DAYLIGHT,FIXED OBJECT,DRY,INJURY AND / OR TOW DUE TO CRASH,"OVER $1,500",PHYSICAL CONDITION OF DRIVER,1,FATAL,1.0,1.0,0.0,6,1,7,41.7934746,-87.58686328,"['07/10/2022', '06:50:00', 'AM']",FATAL without Device
25a1c8c7f50fa1c97a5a56829bf9765de3775a0c11bdc8c0460d281733e8b292dbee7c63198c098f34bcec171558fcb1b1ea1e2afdc18600088e08d64d54ee73,2022-07-10 05:40:00,Sunday,30,TRAFFIC SIGNAL,CLEAR,DAYLIGHT,PEDALCYCLIST,DRY,INJURY AND / OR TOW DUE TO CRASH,"$501 - $1,500",UNABLE TO DETERMINE,2,INCAPACITATING INJURY,1.0,0.0,1.0,5,1,7,41.95337048,-87.74715821,"['07/10/2022', '05:40:00', 'AM']",INCAPACITATING INJURY with Device
9bbff245b0419ddfbd2dabede5b06e63b864e6b2277afc1d35204fcea36d7b0f3c35d4a7d86acbb97aa1a7adfa7e3aeba4ea2b9d07f563c055bfeb075f1d4554,2022-07-10 03:53:00,Sunday,30,TRAFFIC SIGNAL,CLEAR,"DARKNESS, LIGHTED ROAD",REAR END,DRY,INJURY AND / OR TOW DUE TO CRASH,"OVER $1,500",UNABLE TO DETERMINE,2,INCAPACITATING INJURY,1.0,0.0,1.0,3,1,7,41.76520804,-87.62669305,"['07/10/2022', '03:53:00', 'AM']",INCAPACITATING INJURY with Device
cc685380042b72b06a5943229785d0b4bb5332cf9e3890c75de0b8d0d7ec9a838801df96a3568b900121911ffa4be3455e3886ce3e6c776ed12cbb228e060f0a,2022-07-10 03:00:00,Sunday,30,TRAFFIC SIGNAL,CLEAR,"DARKNESS, LIGHTED ROAD",REAR END,DRY,INJURY AND / OR TOW DUE TO CRASH,"OVER $1,500",UNABLE TO DETERMINE,2,FATAL,2.0,1.0,1.0,3,1,7,41.89638468,-87.64759748,"['07/10/2022', '03:00:00', 'AM']",FATAL with Device
58d8d3282bbf77ec82c62e179c7ea3e644456fcfde256cde7479aa1bc1f9a683397b147db067b6f51fceef6e7a4040e63f50fd6b1878cfbd7b59996e7931538f,2022-07-10 02:17:00,Sunday,25,NO CONTROLS,CLEAR,"DARKNESS, LIGHTED ROAD",PEDESTRIAN,DRY,INJURY AND / OR TOW DUE TO CRASH,$500 OR LESS,UNABLE TO DETERMINE,2,INCAPACITATING INJURY,1.0,0.0,1.0,2,1,7,41.81131358,-87.74866786,"['07/10/2022', '02:17:00', 'AM']",INCAPACITATING INJURY without Device
146db546940c56711171682d5713887e412da1e81fffc9dd530d00fa59b4df207676f2f816f7ca3b392a00299167eb2131ad9e6238e92aa036cb09812bac879b,2022-07-10 00:35:00,Sunday,30,TRAFFIC SIGNAL,CLEAR,DARKNESS,FIXED OBJECT,DRY,INJURY AND / OR TOW DUE TO CRASH,"OVER $1,500",UNABLE TO DETERMINE,1,INCAPACITATING INJURY,2.0,0.0,2.0,0,1,7,41.87185759,-87.6468729,"['07/10/2022', '12:35:00', 'AM']",INCAPACITATING INJURY with Device
5f7c5f54219b2467d390ad854d48c20b69f0bf97f4e4aaf84dbb79192895c88ee4e28c2f24e57c5fe205ee39479d5561b293cfc5002dae5b9935810c79a63ec6,2022-07-09 23:44:00,Saturday,30,TRAFFIC SIGNAL,CLEAR,"DARKNESS, LIGHTED ROAD",PEDESTRIAN,DRY,INJURY AND / OR TOW DUE TO CRASH,$500 OR LESS,DISREGARDING TRAFFIC SIGNALS,2,INCAPACITATING INJURY,1.0,0.0,1.0,23,7,7,41.87500857,-87.69624567,"['07/09/2022', '11:44:00', 'PM']",INCAPACITATING INJURY with Device