CRASH_RECORD_ID,CRASH_DATE,Weekday,POSTED_SPEED_LIMIT,TRAFFIC_CONTROL_DEVICE,WEATHER_CONDITION,LIGHTING_CONDITION,FIRST_CRASH_TYPE,ROADWAY_SURFACE_COND,CRASH_TYPE,DAMAGE,PRIM_CONTRIBUTORY_CAUSE,NUM_UNITS,MOST_SEVERE_INJURY,INJURIES_TOTAL,INJURIES_FATAL,INJURIES_INCAPACITATING,CRASH_HOUR,CRASH_DAY_OF_WEEK,CRASH_MONTH,LATITUDE,LONGITUDE,CRASH_TIME,CATEGORIES
d249a159777f773331f3aced4e211c4f79786f1cc71da75abb3a92c5e34bc99a71f9ab40a3c1b4bc4cec6d4911ce44a82ea63403f307e15f9c65e169cc7e3ea5,2022-07-09 21:15:00,Saturday,30,NO CONTROLS,CLEAR,"DARKNESS, LIGHTED ROAD",SIDESWIPE SAME DIRECTION,DRY,INJURY AND / OR TOW DUE TO CRASH,"OVER $1,500",UNABLE TO DETERMINE,2,INCAPACITATING INJURY,1.0,0.0,1.0,21,7,7,41.73713174,-87.60498267,"['07/09/2022', '09:15:00', 'PM']",INCAPACITATING INJURY without Device
0fde11c7f5c8a5d2a1b458ff9e0f658c7350696b1387853169e04fc424da7a05b15918a6559fca7dd07ca85374d6d86e6775261f8354c08a375ea3a9fd317959,2022-07-09 16:50:00,Saturday,30,NO CONTROLS,CLEAR,DAYLIGHT,SIDESWIPE SAME DIRECTION,DRY,INJURY AND / OR TOW DUE TO CRASH,"OVER $1,500",FAILING TO REDUCE SPEED TO AVOID CRASH,2,INCAPACITATING INJURY,4.0,0.0,3.0,16,7,7,41.75374584,-87.63329543,"['07/09/2022', '04:50:00', 'PM']",INCAPACITATING INJURY without Device
9a2052746da2e7f0240e84e5440f9d036317326313fb07311229c64ac89309e93a496ce386420898fc8dc39ea381d087261ae4697f110b7814b5c1480f9f4607,2022-07-09 10:30:00,Saturday,15,NO CONTROLS,CLEAR,DAYLIGHT,OVERTURNED,DRY,INJURY AND / OR TOW DUE TO CRASH,"OVER $1,500",DRIVING SKILLS/KNOWLEDGE/EXPERIENCE,1,INCAPACITATING INJURY,1.0,0.0,1.0,10,7,7,41.87300776,-87.66710776,"['07/09/2022', '10:30:00', 'AM']",INCAPACITATING INJURY without Device
eb6a0484edff2554897853d68d265471936f6ba3a57d1265f1130a4a6d99f83e0537b6b89de862c5ccd84ef992b03e865a1f2c321d84c0bc7142a25a23056915,2022-07-09 00:37:00,Saturday,30,TRAFFIC SIGNAL,CLEAR,"DARKNESS, LIGHTED ROAD",ANGLE,DRY,INJURY AND / OR TOW DUE TO CRASH,"OVER $1,500",UNABLE TO DETERMINE,3,INCAPACITATING INJURY,3.0,0.0,2.0,0,7,7,41.76866055,-87.66396288,"['07/09/2022', '12:37:00', 'AM']",INCAPACITATING INJURY with Device
a4aefb429b87f9522023fca1b7d09733ae43415f000c0dea0422be802cdf84fbcb2e19e0e3d81ba2f576a2d57ffcc0a9478f8feccad1d55f626713d26ce39ff9,2022-07-08 23:16:00,Friday,30,NO CONTROLS,CLEAR,"DARKNESS, LIGHTED ROAD",PARKED MOTOR VEHICLE,DRY,INJURY AND / OR TOW DUE TO CRASH,"OVER $1,500",FAILING TO REDUCE SPEED TO AVOID CRASH,3,INCAPACITATING INJURY,1.0,0.0,1.0,23,6,7,41.90668581,-87.75205316,"['07/08/2022', '11:16:00', 'PM']",INCAPACITATING INJURY without Device
4d63dbd45ec9130e3691e3116f042c5be5bada9dd88806b13778f5783ccffcba95db2c7425953ad298440249de85733038c22b40214c4d1744a489c1c0020432,2022-07-08 22:24:00,Friday,30,STOP SIGN/FLASHER,CLEAR,"DARKNESS, LIGHTED ROAD",TURNING,DRY,INJURY AND / OR TOW DUE TO CRASH,"OVER $1,500",IMPROPER OVERTAKING/PASSING,8,INCAPACITATING INJURY,6.0,0.0,6.0,22,6,7,41.90569437,-87.63439329,"['07/08/2022', '10:24:00', 'PM']",INCAPACITATING INJURY with Device
13eebe04b399cef99ff67a65681618c6f70d905fb09dcd5fcaf5253525bc36497d8a16a106bdbd0ae34d6f5f0ea6ccd81747a14a46108d82d2de80522ddfea65,2022-07-07 22:00:00,Thursday,30,NO CONTROLS,CLEAR,"DARKNESS, LIGHTED ROAD",TURNING,DRY,INJURY AND / OR TOW DUE TO CRASH,"OVER $1,500",FAILING TO YIELD RIGHT-OF-WAY,2,INCAPACITATING INJURY,1.0,0.0,1.0,22,5,7,41.93090002,-87.7851565,"['07/07/2022', '10:00:00', 'PM']",INCAPACITATING INJURY without Device
6a53297e58bb17ed257f416b60e7dc098a3404acc5922a261a351e4461a9d6d793b34656c51089908d4d601ff32152536390ea9136f602a0a4be2d5d46a541f0,2022-07-07 18:52:00,Thursday,30,STOP SIGN/FLASHER,CLEAR,DAYLIGHT,PEDALCYCLIST,DRY,INJURY AND / OR TOW DUE TO CRASH,"OVER $1,500",DISREGARDING STOP SIGN,2,INCAPACITATING INJURY,1.0,0.0,1.0,18,5,7,41.99810228,-87.67502718,"['07/07/2022', '06:52:00', 'PM']",INCAPACITATING INJURY with Device
7ea726e142fb270a8ee490518b8f276a4cdb75fdde7a74c8e2aab19fb97d901f974d9b883fae080f64734adc829f30568b0f77cbe12b3dd8a33c457ae07be722,2022-07-07 14:30:00,Thursday,30,TRAFFIC SIGNAL,CLEAR,DAYLIGHT,ANGLE,DRY,INJURY AND / OR TOW DUE TO CRASH,"OVER $1,500",DISREGARDING TRAFFIC SIGNALS,2,INCAPACITATING INJURY,5.0,0.0,1.0,14,5,7,41.78759158,-87.58677275,"['07/07/2022', '02:30:00', 'PM']",INCAPACITATING INJURY with Device
3248cbfebf37b4b65f15b4c151cb462d6a779d7177a8ae085120292ad40f7eb3578944c4e7a5661125a7e810ba53c2dd5869edded6a1e1d2aa61ff7d051c5587,2022-07-07 12:37:00,Thursday,20,TRAFFIC SIGNAL,CLEAR,DAYLIGHT,PEDESTRIAN,DRY,INJURY AND / OR TOW DUE TO CRASH,"OVER $1,500",FAILING TO YIELD RIGHT-OF-WAY,3,INCAPACITATING INJURY,1.0,0.0,1.0,12,5,7,41.78594471,-87.73280911,"['07/07/2022', '12:37:00', 'PM']",INCAPACITATING INJURY with Device
cf5320fa5e616f374322a3bdc0a0fc64cd68cb7b4e9b27e37861ca70c2120190e0e7169b249acd15294abc90c8aa951d74c7231c983bd4eaf6fb9e074171a974,2022-07-07 01:30:00,Thursday,40,TRAFFIC SIGNAL,CLEAR,"DARKNESS, LIGHTED ROAD",TURNING,DRY,INJURY AND / OR TOW DUE TO CRASH,"OVER $1,500",DISREGARDING TRAFFIC SIGNALS,2,INCAPACITATING INJURY,4.0,0.0,2.0,1,5,7,41.8751259,-87.66677177,"['07/07/2022', '01:30:00', 'AM']",INCAPACITATING INJURY with Device
7d12c84d1c7bb84e39a48407abbf8a7f2dc2220b05ab25414fea16a32e247807aaa27bef967f5419ef537c7ff187f46d7fee0090684e7e0b3cb8d9dd2e83c459,2022-07-06 17:23:00,Wednesday,30,TRAFFIC SIGNAL,CLEAR,DAYLIGHT,TURNING,DRY,INJURY AND / OR TOW DUE TO CRASH,"OVER $1,500",FAILING TO YIELD RIGHT-OF-WAY,3,INCAPACITATING INJURY,7.0,0.0,4.0,17,4,7,41.90923571,-87.78515224,"['07/06/2022', '05:23:00', 'PM']",INCAPACITATING INJURY with Device
e234f140434de6a7d450151c66a3149fba0906944992c0dd8c62704e5aae73ff2c383517e896e93658901ab9f083bd4c7dfdab444d3f9179c8d83478698ebd74,2022-07-06 16:09:00,Wednesday,30,NO CONTROLS,CLEAR,DAYLIGHT,PEDESTRIAN,DRY,INJURY AND / OR TOW DUE TO CRASH,"OVER $1,500",UNABLE TO DETERMINE,2,INCAPACITATING INJURY,1.0,0.0,1.0,16,4,7,41.76566473,-87.62289815,"['07/06/2022', '04:09:00', 'PM']",INCAPACITATING INJURY without Device
d7f8831c3095866fb1ffcdfb7c9e38abfb80b74e850f1b71a629a3820746205a7c424c5acabe41286ddbfb62e9985c8b9a4b35656c1d543f453e7184fea7184a,2022-07-06 15:30:00,Wednesday,30,TRAFFIC SIGNAL,CLEAR,DAYLIGHT,TURNING,DRY,INJURY AND / OR TOW DUE TO CRASH,"OVER $1,500",UNABLE TO DETERMINE,2,INCAPACITATING INJURY,1.0,0.0,1.0,15,4,7,41.79205125,-87.80138584,"['07/06/2022', '03:30:00', 'PM']",INCAPACITATING INJURY with Device
13f40809a89d5d3d7c781617034b346c2eee1e840bca8934c24d0386160e54062aef16e9a11d49920db56897ba7f810c675e79cf57ce44fac191ed5c2947cb0f,2022-07-06 12:30:00,Wednesday,25,STOP SIGN/FLASHER,CLEAR,DAYLIGHT,ANGLE,DRY,INJURY AND / OR TOW DUE TO CRASH,"$501 - $1,500",FAILING TO YIELD RIGHT-OF-WAY,2,INCAPACITATING INJURY,1.0,0.0,1.0,12,4,7,41.87515478,-87.67375588,"['07/06/2022', '12:30:00', 'PM']",INCAPACITATING INJURY with Device
842a3681699b7a8b61a9a746bed7445f88b9e37821b69d70c2cb4159695207daf5c0e48b65df402b84de8a903886d3d578965d046dde9a3e969804655d632bdf,2022-07-06 08:09:00,Wednesday,30,TRAFFIC SIGNAL,CLEAR,DAYLIGHT,PEDALCYCLIST,WET,INJURY AND / OR TOW DUE TO CRASH,"OVER $1,500",DISREGARDING TRAFFIC SIGNALS,2,INCAPACITATING INJURY,1.0,0.0,1.0,8,4,7,41.7562857,-87.63240666,"['07/06/2022', '08:09:00', 'AM']",INCAPACITATING INJURY with Device
421c7b22e0c608a11137fd1f981d04055433374760784f3d40698951a7cedcefdc34a4f41e97fdc05c767622acd60d40a2cc92e919116501fc1d44f236164fd4,2022-07-05 22:01:00,Tuesday,30,TRAFFIC SIGNAL,CLOUDY/OVERCAST,"DARKNESS, LIGHTED ROAD",PEDALCYCLIST,DRY,INJURY AND / OR TOW DUE TO CRASH,"OVER $1,500",DISREGARDING TRAFFIC SIGNALS,2,INCAPACITATING INJURY,1.0,0.0,1.0,22,3,7,41.88089012,-87.62448327,"['07/05/2022', '10:01:00', 'PM']",INCAPACITATING INJURY with Device
0a7efbd1f97f40ee761a50fe82e75254f73fd86e27c4d8b5bb47a7baef640e648ae5c0a8093e75f3ef7d2c18ce246ce7985538055099e19263c71c8828da58a3,2022-07-05 14:45:00,Tuesday,30,TRAFFIC SIGNAL,CLEAR,DAYLIGHT,TURNING,DRY,INJURY AND / OR TOW DUE TO CRASH,"OVER $1,500",FAILING TO YIELD RIGHT-OF-WAY,2,INCAPACITATING INJURY,1.0,0.0,1.0,14,3,7,41.85235592,-87.67106339,"['07/05/2022', '02:45:00', 'PM']",INCAPACITATING INJURY with Device
8751590bebf5a259667c50c432b7d74341a96503a994d679f28f37363e07c11d8afddd16b8a0c82d87c5587365633f787018a0ba157a84e47c97a742b382fc76,2022-07-05 13:45:00,Tuesday,30,NO CONTROLS,CLEAR,DAYLIGHT,REAR END,DRY,INJURY AND / OR TOW DUE TO CRASH,"OVER $1,500",FOLLOWING TOO CLOSELY,2,INCAPACITATING INJURY,2.0,0.0,1.0,13,3,7,41.75444669,-87.60513611,"['07/05/2022', '01:45:00', 'PM']",INCAPACITATING INJURY without Device
8961159814dfdd08cd74a382081626a25caedcc95a5e07908f73bd96d06311f003ca1b26157e0b365cd66e9a6746e07ca21d27644384d725e677e3036d44164e,2022-07-05 12:00:00,Tuesday,30,TRAFFIC SIGNAL,CLEAR,DAYLIGHT,PEDESTRIAN,DRY,INJURY AND / OR TOW DUE TO CRASH,$500 OR LESS,FAILING TO YIELD RIGHT-OF-WAY,2,INCAPACITATING INJURY,1.0,0.0,1.0,12,3,7,41.89676634,-87.62969854,"['07/05/2022', '12:00:00', 'PM']",INCAPACITATING INJURY with Device
031e12d49be7e95df294ee627e778646807e83c8963373eb71dd0535a9f363ad471bbe1ae79c965bd2819e6b89e38204c61a762029dea24e3c0c5a9006dea4c8,2022-07-05 10:50:00,Tuesday,30,NO CONTROLS,CLEAR,DAYLIGHT,PEDESTRIAN,DRY,INJURY AND / OR TOW DUE TO CRASH,"OVER $1,500",FAILING TO YIELD RIGHT-OF-WAY,2,INCAPACITATING INJURY,1.0,0.0,1.0,10,3,7,41.90958201,-87.75806002,"['07/05/2022', '10:50:00', 'AM']",INCAPACITATING INJURY without Device
53b1d122c5943621a8d186cecaf5405ecf6d4f09057afc5b9b35b9bf3d72e97a46ed6ad4222d32c78b6c0ee04436af8b7c907f94d1d83c67d38f6dc97b79b5ff,2022-07-05 08:02:00,Tuesday,35,NO CONTROLS,CLEAR,DAYLIGHT,OTHER OBJECT,WET,INJURY AND / OR TOW DUE TO CRASH,"OVER $1,500",UNABLE TO DETERMINE,1,INCAPACITATING INJURY,1.0,0.0,1.0,8,3,7,41.9543829,-87.64506,"['07/05/2022', '08:02:00', 'AM']",INCAPACITATING INJURY without Device
e0af5ac6dfcb83102dabe48ddb116e4183196139c02c380dffcb5b5645b0ebdc8b9f0e26e2c87dabd8bc9b9c8e24b0c5b33f067d83af676a509f4d5dda45f9ef,2022-07-05 07:00:00,Tuesday,30,NO CONTROLS,CLEAR,DAYLIGHT,ANGLE,DRY,INJURY AND / OR TOW DUE TO CRASH,"OVER $1,500",DRIVING ON WRONG SIDE/WRONG WAY,2,INCAPACITATING INJURY,2.0,0.0,2.0,7,3,7,41.73446504,-87.63633419,"['07/05/2022', '07:00:00', 'AM']",INCAPACITATING INJURY without Device
c6bc940274c15a24331f89feea655a7f826a0473f546d42668acc414beffc16a66da2ca65b2376f46ff50280e4a2679323a96d2451673e8b23f22bb4d25fdf50,2022-07-05 04:06:00,Tuesday,30,NO CONTROLS,RAIN,"DARKNESS, LIGHTED ROAD",REAR END,WET,INJURY AND / OR TOW DUE TO CRASH,"OVER $1,500",FAILING TO REDUCE SPEED TO AVOID CRASH,3,INCAPACITATING INJURY,1.0,0.0,1.0,4,3,7,41.67092452,-87.53980349,"['07/05/2022', '04:06:00', 'AM']",INCAPACITATING INJURY without Device
9a60aaab0931b096677033b543ddf257e264d49fd1fb7f0e52677f21694d5f6c71438fcb38db74ce97394a493d39f3a6a8858b7fab7d81b3a89e29e44867382e,2022-07-05 01:47:00,Tuesday,30,TRAFFIC SIGNAL,RAIN,"DARKNESS, LIGHTED ROAD",PEDESTRIAN,WET,INJURY AND / OR TOW DUE TO CRASH,"$501 - $1,500",UNABLE TO DETERMINE,2,INCAPACITATING INJURY,1.0,0.0,1.0,1,3,7,41.85129978,-87.73376263,"['07/05/2022', '01:47:00', 'AM']",INCAPACITATING INJURY with Device
745d118d928a27ed78efc769963ec48bff1633b553877064522933ef0d8cec91b21f631967bfade4da052e32bb272de8579559d235b0f2afcf2dc0d9719301fe,2022-07-04 22:43:00,Monday,50,NO CONTROLS,CLEAR,"DARKNESS, LIGHTED ROAD",SIDESWIPE SAME DIRECTION,DRY,INJURY AND / OR TOW DUE TO CRASH,"OVER $1,500",IMPROPER OVERTAKING/PASSING,2,INCAPACITATING INJURY,3.0,0.0,2.0,22,2,7,41.9107295,-87.62614411,"['07/04/2022', '10:43:00', 'PM']",INCAPACITATING INJURY without Device
17831ea2000ddef4fa6c3299ecc7513499c1c5a2ec215f762f715dba7ffc9f82389c03664e4a0dc4d3dd1f619d2b6a89d91a479a52c4d7c00c7f5f44cc75f280,2022-07-04 22:40:00,Monday,40,NO CONTROLS,CLEAR,"DARKNESS, LIGHTED ROAD",ANGLE,DRY,INJURY AND / OR TOW DUE TO CRASH,"OVER $1,500",UNABLE TO DETERMINE,4,INCAPACITATING INJURY,2.0,0.0,1.0,22,2,7,41.81849736,-87.59662067,"['07/04/2022', '10:40:00', 'PM']",INCAPACITATING INJURY without Device
7f26cf8832092902db651cd1a6c02e763149007a706ae0bdc5c16e95fd776b0072f0c05712c29d13b21e01af2b8a867af9b243398dba092ea5214080bb00cc9a,2022-07-04 22:26:00,Monday,30,STOP SIGN/FLASHER,CLEAR,"DARKNESS, LIGHTED ROAD",TURNING,DRY,INJURY AND / OR TOW DUE TO CRASH,"OVER $1,500",FAILING TO YIELD RIGHT-OF-WAY,2,INCAPACITATING INJURY,1.0,0.0,1.0,22,2,7,41.84703875,-87.72478416,"['07/04/2022', '10:26:00', 'PM']",INCAPACITATING INJURY with Device
68d8c97d8452b9403fc8fdf9a7edff3d55ad17381b743721a8296c0258870826476ee17394a0ca7f02a68596556f588bec8b2007655a3dd1dc15cbe4f6f00caf,2022-07-04 22:09:00,Monday,30,TRAFFIC SIGNAL,CLEAR,"DARKNESS, LIGHTED ROAD",ANGLE,DRY,INJURY AND / OR TOW DUE TO CRASH,"OVER $1,500",DISREGARDING TRAFFIC SIGNALS,4,FATAL,2.0,1.0,1.0,22,2,7,41.77083736,-87.61229795,"['07/04/2022', '10:09:00', 'PM']",FATAL with Device
d22806dcad0277b6536e7f85f1b8cbae4fa02405c98e57945898f8557aff3ae94b891350545ca3feaaa39b99f17a7b460ee0581c145c43a04507946f40e785ab,2022-07-04 20:14:00,Monday,30,NO CONTROLS,CLEAR,DUSK,PARKED MOTOR VEHICLE,UNKNOWN,INJURY AND / OR TOW DUE TO CRASH,"OVER $1,500",UNABLE TO DETERMINE,2,INCAPACITATING INJURY,1.0,0.0,1.0,20,2,7,41.89300657,-87.70662629,"['07/04/2022', '08:14:00', 'PM']",INCAPACITATING INJURY without Device
59a5423ba0583a1daf40dc2c5c14259ab19ef086cfec0f57792a092e55f68fa4df1ddc66da625f79abf0b30b9f5707de4a50fee3f79d6101aafeae6019272288,2022-07-04 18:14:00,Monday,30,TRAFFIC SIGNAL,CLEAR,DAYLIGHT,TURNING,DRY,INJURY AND / OR TOW DUE TO CRASH,"OVER $1,500",FAILING TO REDUCE SPEED TO AVOID CRASH,2,INCAPACITATING INJURY,1.0,0.0,1.0,18,2,7,41.8843277,-87.64119806,"['07/04/2022', '06:14:00', 'PM']",INCAPACITATING INJURY with Device
a637cff8c13da7c56d812d873690d372115b860a8ce82951cac0441b932897d905936897a1e5158ecdbe55fb9e54781f44ce47268a317541a3656bc37baacac4,2022-07-04 16:42:00,Monday,30,TRAFFIC SIGNAL,CLEAR,DAYLIGHT,ANGLE,DRY,INJURY AND / OR TOW DUE TO CRASH,"OVER $1,500",DISREGARDING TRAFFIC SIGNALS,3,FATAL,2.0,1.0,0.0,16,2,7,41.73018813,-87.55110141,"['07/04/2022', '04:42:00', 'PM']",FATAL with Device
dbcce54c84754052d81369899e978a2e3628d58258ba63b79f1e5982b86b5a4048182bf7c262f73e9cf3cb2064d1f320a74fb45fe9a4992fcd2ffa627a396e8e,2022-07-04 16:30:00,Monday,30,NO CONTROLS,CLEAR,DAYLIGHT,FIXED OBJECT,DRY,INJURY AND / OR TOW DUE TO CRASH,"OVER $1,500",UNABLE TO DETERMINE,1,INCAPACITATING INJURY,1.0,0.0,1.0,16,2,7,41.80376688,-87.63217065,"['07/04/2022', '04:30:00', 'PM']",INCAPACITATING INJURY without Device
4e19c7fcd8476c0e4cf60e3bdb97e2f146fe5d952b37b712a5894f2453dedbf9d1ed11597914c218cb2f7ac21fcbe4717783b5919259905a9c8f9bae89ee32bb,2022-07-04 15:27:00,Monday,25,NO CONTROLS,CLEAR,DAYLIGHT,FIXED OBJECT,DRY,INJURY AND / OR TOW DUE TO CRASH,"OVER $1,500",UNABLE TO DETERMINE,1,INCAPACITATING INJURY,1.0,0.0,1.0,15,2,7,41.88767186,-87.61694131,"['07/04/2022', '03:27:00', 'PM']",INCAPACITATING INJURY without Device
baa6c6e24d4260d563f45f07f7d9232d3a283c6c527dea5328f50c0d03f53059f7787a32669e8c34d6e3a5d786df1f20f302c3658ac5931c26c932c10942e720,2022-07-04 13:55:00,Monday,30,TRAFFIC SIGNAL,RAIN,DAYLIGHT,TURNING,WET,INJURY AND / OR TOW DUE TO CRASH,"OVER $1,500",UNABLE TO DETERMINE,2,INCAPACITATING INJURY,3.0,0.0,2.0,13,2,7,41.73857316,-87.60481631,"['07/04/2022', '01:55:00', 'PM']",INCAPACITATING INJURY with Device
6d066754a859885bc3b15b17481b244f75c0e318bfdf9d5548a195c820531d103b6bc97ce96b1101e68f6332a01c6e16c70c652bf1ff6d69961a973c23333ecc,2022-07-04 13:11:00,Monday,30,STOP SIGN/FLASHER,CLEAR,DAYLIGHT,PEDALCYCLIST,DRY,INJURY AND / OR TOW DUE TO CRASH,"$501 - $1,500",FAILING TO REDUCE SPEED TO AVOID CRASH,2,INCAPACITATING INJURY,1.0,0.0,1.0,13,2,7,41.89480617,-87.62573611,"['07/04/2022', '01:11:00', 'PM']",INCAPACITATING INJURY with Device
c49fe5bcb52cd0119fb45c71e8b0d9f1826c83f483c5bfebd7f2de609122168c2b8a58c085bc45a9e68171525afc2dabbf7e6fb1c2e49e321266ff5fde58e9d8,2022-07-04 11:45:00,Monday,30,NO CONTROLS,CLEAR,DAYLIGHT,PEDESTRIAN,DRY,INJURY AND / OR TOW DUE TO CRASH,"OVER $1,500",UNABLE TO DETERMINE,2,INCAPACITATING INJURY,1.0,0.0,1.0,11,2,7,41.80923716,-87.6318671,"['07/04/2022', '11:45:00', 'AM']",INCAPACITATING INJURY without Device
9d6c443cb93b716d1e39d8079d084c9f6223e6fa1de2c0f1dde428f7eb476ea2821c733a96db5ac3eac66c4e50324b39598894b2ee96a1450a0687e571c9deba,2022-07-04 09:39:00,Monday,30,NO CONTROLS,CLEAR,DAYLIGHT,FIXED OBJECT,DRY,INJURY AND / OR TOW DUE TO CRASH,$500 OR LESS,UNABLE TO DETERMINE,1,INCAPACITATING INJURY,1.0,0.0,1.0,9,2,7,41.76510943,-87.64455695,"['07/04/2022', '09:39:00', 'AM']",INCAPACITATING INJURY without Device
db9b02e8206b705c796645983d39ffe1b302f476936c0fa53adcd0734652108877d5612cf0432ba2e6a6d5a05bbc2c32c62fe75d8bcf56fcafe1ea6548739228,2022-07-04 03:35:00,Monday,30,NO CONTROLS,CLEAR,DARKNESS,PEDESTRIAN,DRY,INJURY AND / OR TOW DUE TO CRASH,"OVER $1,500",UNABLE TO DETERMINE,2,FATAL,1.0,1.0,0.0,3,2,7,41.83343126,-87.72412903,"['07/04/2022', '03:35:00', 'AM']",FATAL without Device
24481b5454d7ebe3da4b9ac6e15788187aa68d31561016307ee9834a913e8af831afab38f71914f6cc001b5ebb80b50abfadd77aaeb2b3ef8bff0fb6d16d5be6,2022-07-04 01:09:00,Monday,30,NO CONTROLS,CLEAR,"DARKNESS, LIGHTED ROAD",FIXED OBJECT,DRY,INJURY AND / OR TOW DUE TO CRASH,"OVER $1,500",NOT APPLICABLE,1,FATAL,1.0,1.0,0.0,1,2,7,41.79235623,-87.64374644,"['07/04/2022', '01:09:00', 'AM']",FATAL without Device
bf28037cfb041348791abee3f0d988a659cca19ffc218f3a25509db23d288b7a8a365b22031cb918b5951646fc037558dda00409207079dcedec5f2e3352f017,2022-07-03 21:18:00,Sunday,30,NO CONTROLS,CLEAR,DUSK,PEDALCYCLIST,DRY,INJURY AND / OR TOW DUE TO CRASH,$500 OR LESS,UNABLE TO DETERMINE,2,INCAPACITATING INJURY,1.0,0.0,1.0,21,1,7,41.78020471,-87.62051736,"['07/03/2022', '09:18:00', 'PM']",INCAPACITATING INJURY without Device
d258ca541e016bfa29dcb012e9002d94028578057cd01b491c86a106b65a79860c4f8cdc689219f14841a0f392483c904e9bda6756518b1313ab1a49b8406a25,2022-07-03 21:00:00,Sunday,35,TRAFFIC SIGNAL,CLEAR,DARKNESS,TURNING,DRY,INJURY AND / OR TOW DUE TO CRASH,"OVER $1,500",IMPROPER LANE USAGE,2,INCAPACITATING INJURY,2.0,0.0,1.0,21,1,7,41.96083522,-87.72796986,"['07/03/2022', '09:00:00', 'PM']",INCAPACITATING INJURY with Device
c54f79d2b0f3256a683336a7c485b2307d3b69625870fd3931fc59828ba3f1ac0ece620cfe0a9bc6cb05337a968128d225ac1a4c22ed3fc26d16e8bcd36ab8ea,2022-07-03 20:00:00,Sunday,25,NO CONTROLS,CLEAR,DAYLIGHT,FIXED OBJECT,DRY,INJURY AND / OR TOW DUE TO CRASH,"OVER $1,500",IMPROPER LANE USAGE,1,INCAPACITATING INJURY,1.0,0.0,1.0,20,1,7,41.70288672,-87.55953862,"['07/03/2022', '08:00:00', 'PM']",INCAPACITATING INJURY without Device
95233787edda447a676e5cafd4faa57a9e5939898ffd27d95cbe4bc10e1d119d25622b5879d7afaa4ddef7aac538b0297cce49d8020b025de1b0043ae1ef34ab,2022-07-03 14:30:00,Sunday,30,STOP SIGN/FLASHER,CLEAR,DAYLIGHT,ANGLE,DRY,INJURY AND / OR TOW DUE TO CRASH,"$501 - $1,500",NOT APPLICABLE,3,INCAPACITATING INJURY,4.0,0.0,1.0,14,1,7,41.79160504,-87.70364888,"['07/03/2022', '02:30:00', 'PM']",INCAPACITATING INJURY with Device
5760a9f5dddca1dddb410c5c52cc2e4d72c9273e93da02dee7b31dc1b787770b5d9599fac3b73d6952543456a1ffe30a12f5c06061173a740c7bf99cebc17cb0,2022-07-03 11:41:00,Sunday,30,TRAFFIC SIGNAL,CLEAR,DAYLIGHT,ANGLE,DRY,INJURY AND / OR TOW DUE TO CRASH,"OVER $1,500",DISREGARDING TRAFFIC SIGNALS,3,INCAPACITATING INJURY,2.0,0.0,2.0,11,1,7,41.78021132,-87.61576829,"['07/03/2022', '11:41:00', 'AM']",INCAPACITATING INJURY with Device
3780c603b102a2f2a2ba7bff5f4e926828f801638b1f6a4c87303d8cb1104a1de851214baf579ee3db0cd85189bba9117c80be80b1eb5918898ee203fc5de14b,2022-07-03 05:00:00,Sunday,35,TRAFFIC SIGNAL,CLEAR,DAYLIGHT,REAR END,DRY,INJURY AND / OR TOW DUE TO CRASH,"OVER $1,500",FAILING TO REDUCE SPEED TO AVOID CRASH,2,INCAPACITATING INJURY,1.0,0.0,1.0,5,1,7,41.71432334,-87.64306671,"['07/03/2022', '05:00:00', 'AM']",INCAPACITATING INJURY with Device
b495829603f589152b100d2d54c12bf98d5dcd7509aa7e57ad86a642d396e093cea5cf263e5c3873b4f1eee840e261d219d7e6d03b1f5ade259a259f0aff6e57,2022-07-02 18:35:00,Saturday,15,NO CONTROLS,CLEAR,DAYLIGHT,PARKED MOTOR VEHICLE,DRY,INJURY AND / OR TOW DUE TO CRASH,"OVER $1,500",DRIVING SKILLS/KNOWLEDGE/EXPERIENCE,2,INCAPACITATING INJURY,2.0,0.0,1.0,18,7,7,41.99193569,-87.68322105,"['07/02/2022', '06:35:00', 'PM']",INCAPACITATING INJURY without Device
cc6319d6092e72b7f20a5a87a2f5a981710b89585edff8de54a7a12deb3de385d27de94d5478d20e43b380b245efad4b8da3c2e509fcf449b3b45b2abc95494d,2022-07-02 17:50:00,Saturday,30,NO CONTROLS,CLEAR,DAYLIGHT,FIXED OBJECT,DRY,INJURY AND / OR TOW DUE TO CRASH,"OVER $1,500","OPERATING VEHICLE IN ERRATIC, RECKLESS, CARELESS, NEGLIGENT OR AGGRESSIVE MANNER",1,FATAL,1.0,1.0,0.0,17,7,7,41.87249774,-87.72525319,"['07/02/2022', '05:50:00', 'PM']",FATAL without Device
1e7cce4d56c03a105fd044034213982e453966156368aace4906dc9af9ba8a7cf9e344018f28091777e48a5382f0b57057fde8fafa8ef7795b8c4e97d4bb803f,2022-07-02 16:05:00,Saturday,55,NO CONTROLS,CLEAR,DAYLIGHT,OTHER OBJECT,DRY,INJURY AND / OR TOW DUE TO CRASH,"OVER $1,500",FAILING TO REDUCE SPEED TO AVOID CRASH,1,INCAPACITATING INJURY,1.0,0.0,1.0,16,7,7,41.72090561,-87.54738787,"['07/02/2022', '04:05:00', 'PM']",INCAPACITATING INJURY without Device