CRASH_RECORD_ID,CRASH_DATE,Weekday,POSTED_SPEED_LIMIT,TRAFFIC_CONTROL_DEVICE,WEATHER_CONDITION,LIGHTING_CONDITION,FIRST_CRASH_TYPE,ROADWAY_SURFACE_COND,CRASH_TYPE,DAMAGE,PRIM_CONTRIBUTORY_CAUSE,NUM_UNITS,MOST_SEVERE_INJURY,INJURIES_TOTAL,INJURIES_FATAL,INJURIES_INCAPACITATING,CRASH_HOUR,CRASH_DAY_OF_WEEK,CRASH_MONTH,LATITUDE,LONGITUDE,CRASH_TIME,CATEGORIES
e602399cf60b1e777541a4e8164836fd2b236f246a2be62267acf2178a40826d43e033472891bdd41f1a8b732fcb87f17b636d7b64f990ecc8228aad6e32dbc8,2022-06-17 20:21:00,Friday,30,NO CONTROLS,CLEAR,DUSK,TURNING,DRY,INJURY AND / OR TOW DUE TO CRASH,"OVER $1,500",UNABLE TO DETERMINE,2,INCAPACITATING INJURY,1.0,0.0,1.0,20,6,6,41.79237488,-87.77586445,"['06/17/2022', '08:21:00', 'PM']",INCAPACITATING INJURY without Device
4f7d56c9bef9bf28a5fe327dd9f38102795f6f5bb051e98ddbcedcac81a32a600a24c3f932816ab0d364930f87115e83f7fcbdf6f3b5c31d975c73895f7e6736,2022-06-17 19:05:00,Friday,30,TRAFFIC SIGNAL,CLEAR,DAYLIGHT,ANGLE,DRY,INJURY AND / OR TOW DUE TO CRASH,"OVER $1,500",DISREGARDING TRAFFIC SIGNALS,2,INCAPACITATING INJURY,1.0,0.0,1.0,19,6,6,41.79469516,-87.62926916,"['06/17/2022', '07:05:00', 'PM']",INCAPACITATING INJURY with Device
c2b86a283f8c5749058e8330876d94e1e00423d734b693ea3abc3351aa7e2c8d323a9fc292b36b04e61672376aaa37f09be65ad40479f05fcaa3a5103259120a,2022-06-17 19:00:00,Friday,30,NO CONTROLS,CLEAR,DUSK,REAR END,DRY,INJURY AND / OR TOW DUE TO CRASH,"OVER $1,500",UNABLE TO DETERMINE,2,INCAPACITATING INJURY,2.0,0.0,2.0,19,6,6,41.81271832,-87.70671199,"['06/17/2022', '07:00:00', 'PM']",INCAPACITATING INJURY without Device
7108f8faab32f6134c605df13c8bb4231e9abd4f2784d8a81c232d045d224d9027d9e7de8249e2c573bb1354ac0755bbab8460d0c535ca82bf7c133f6b36fe74,2022-06-17 17:15:00,Friday,30,NO CONTROLS,CLEAR,DAYLIGHT,PEDALCYCLIST,DRY,INJURY AND / OR TOW DUE TO CRASH,"OVER $1,500",UNABLE TO DETERMINE,2,INCAPACITATING INJURY,1.0,0.0,1.0,17,6,6,41.9614127,-87.69010741,"['06/17/2022', '05:15:00', 'PM']",INCAPACITATING INJURY without Device
c3efdd7a3f07726c943f6643be33715b6e31088ed850a7409b237738f897beec5fecbeb7890ebbfefbf259fbd38d9b6d0f24d70cb95d65906121708b079201f0,2022-06-17 17:14:00,Friday,30,NO CONTROLS,CLEAR,DAYLIGHT,PEDESTRIAN,DRY,INJURY AND / OR TOW DUE TO CRASH,"$501 - $1,500",FAILING TO REDUCE SPEED TO AVOID CRASH,2,INCAPACITATING INJURY,1.0,0.0,1.0,17,6,6,41.71999437,-87.53755845,"['06/17/2022', '05:14:00', 'PM']",INCAPACITATING INJURY without Device
dc9751405228a4b07c1c92e96d42e3003258fcff0f873eb820dbc079450cd2017d1d63dbbbbed80276d38542890a1a03a28df834af6117879c048bf744c1d304,2022-06-17 12:16:00,Friday,35,YIELD,CLEAR,DAYLIGHT,TURNING,DRY,INJURY AND / OR TOW DUE TO CRASH,"OVER $1,500",FAILING TO YIELD RIGHT-OF-WAY,2,INCAPACITATING INJURY,2.0,0.0,1.0,12,6,6,41.80221211,-87.61613827,"['06/17/2022', '12:16:00', 'PM']",INCAPACITATING INJURY with Device
76168d2d4d7d2cbdf4a95b77e0a3920c569daebd7c5168df1e476d65415603d254dc76ce6cd49ab177cd1488e5fe78241a4987c1e54483d4635511e53def56e3,2022-06-17 05:15:00,Friday,45,NO CONTROLS,CLEAR,DAWN,OTHER OBJECT,DRY,INJURY AND / OR TOW DUE TO CRASH,"OVER $1,500",UNABLE TO DETERMINE,1,INCAPACITATING INJURY,1.0,0.0,1.0,5,6,6,41.81960791,-87.59747054,"['06/17/2022', '05:15:00', 'AM']",INCAPACITATING INJURY without Device
51a10594146cc4000603599cc907f2c2215f3cf26f93a0ce3f41b18057c2555fcbf7554c3591bfa04400da12dc8422ec203bfc9d587f3fdc44d4b328d54ca549,2022-06-17 01:13:00,Friday,30,TRAFFIC SIGNAL,CLEAR,"DARKNESS, LIGHTED ROAD",FIXED OBJECT,DRY,INJURY AND / OR TOW DUE TO CRASH,"OVER $1,500",UNABLE TO DETERMINE,3,INCAPACITATING INJURY,2.0,0.0,1.0,1,6,6,41.79142028,-87.58014777,"['06/17/2022', '01:13:00', 'AM']",INCAPACITATING INJURY with Device
7dd9e83bbe3d293254d4d0ebb33db513b198de0398081a8876ed1e68629f09e19e8550dfc69bc26caf05ca02eb838c326834d7090e62813ea2e898a886370ea4,2022-06-17 00:04:00,Friday,30,TRAFFIC SIGNAL,CLEAR,DARKNESS,OTHER OBJECT,DRY,INJURY AND / OR TOW DUE TO CRASH,"OVER $1,500",UNABLE TO DETERMINE,1,INCAPACITATING INJURY,2.0,0.0,2.0,0,6,6,41.85121003,-87.72474205,"['06/17/2022', '12:04:00', 'AM']",INCAPACITATING INJURY with Device
235be2a631fc66d35b9c07141d5df965161af6556452426a665269c57a9c24b3c34966042e5a01ec0c4c387b60df822ae67fd2cc8dffed4b12ee152351d75901,2022-06-16 20:35:00,Thursday,35,NO CONTROLS,CLEAR,"DARKNESS, LIGHTED ROAD",PEDESTRIAN,DRY,INJURY AND / OR TOW DUE TO CRASH,"OVER $1,500",UNABLE TO DETERMINE,2,INCAPACITATING INJURY,2.0,0.0,1.0,20,5,6,41.74696462,-87.68262781,"['06/16/2022', '08:35:00', 'PM']",INCAPACITATING INJURY without Device
44ffa2f45d718605bb40a30c01c5aa633a87ed05c4f1b410903614ad25ce22964ff80f0cd5feb1697bab6724a69b43827b19d8a4672fc70d0177e3c5e4572d1b,2022-06-16 20:13:00,Thursday,30,NO CONTROLS,CLEAR,DAYLIGHT,PARKED MOTOR VEHICLE,DRY,INJURY AND / OR TOW DUE TO CRASH,"OVER $1,500","OPERATING VEHICLE IN ERRATIC, RECKLESS, CARELESS, NEGLIGENT OR AGGRESSIVE MANNER",8,INCAPACITATING INJURY,1.0,0.0,1.0,20,5,6,41.90052715,-87.71999504,"['06/16/2022', '08:13:00', 'PM']",INCAPACITATING INJURY without Device
0babe69020c36f4d6371319f0b37c1d43898e7041dd23cf3a35e61642e0723e99b7fc3f76b44f06643c6403ce3146aa23862e590a5d72708a26ecfdda7e126da,2022-06-16 18:01:00,Thursday,25,TRAFFIC SIGNAL,CLEAR,DAYLIGHT,ANGLE,DRY,INJURY AND / OR TOW DUE TO CRASH,"OVER $1,500",DISREGARDING STOP SIGN,2,INCAPACITATING INJURY,1.0,0.0,1.0,18,5,6,41.89000241,-87.71141909,"['06/16/2022', '06:01:00', 'PM']",INCAPACITATING INJURY with Device
d1ead421461216dc37cbdb157389db74c1ce48b4a62c005da77d2f6fd8787e25b4060c1bb068850c692971b3c5f4468e847561c3f2000591fafc524fd3cf3852,2022-06-16 17:52:00,Thursday,20,STOP SIGN/FLASHER,CLEAR,DAYLIGHT,ANGLE,UNKNOWN,INJURY AND / OR TOW DUE TO CRASH,"OVER $1,500",UNABLE TO DETERMINE,2,INCAPACITATING INJURY,1.0,0.0,1.0,17,5,6,41.91102343,-87.7868391,"['06/16/2022', '05:52:00', 'PM']",INCAPACITATING INJURY with Device
a57f3b186606a02c065bed4d9e4efa8ca66fd150f2506f37c32b0f1c820baba7ec80f1047cb382c4bada09d3f359141936311ac0ef7f44b612628f614ffeb0d0,2022-06-16 13:03:00,Thursday,30,TRAFFIC SIGNAL,CLEAR,DAYLIGHT,TURNING,DRY,INJURY AND / OR TOW DUE TO CRASH,"OVER $1,500",FAILING TO YIELD RIGHT-OF-WAY,2,INCAPACITATING INJURY,1.0,0.0,1.0,13,5,6,41.9527671,-87.64980144,"['06/16/2022', '01:03:00', 'PM']",INCAPACITATING INJURY with Device
ae3b692841e10ff19e2ec8e310c021f5f31ebd780991e95a39ab3c7786ccbdfda91cfb069c150e3cb11e7b22103aeb2122cf5d308e5a382bcb8ab7548a44259e,2022-06-16 10:30:00,Thursday,10,NO CONTROLS,CLEAR,DAYLIGHT,REAR TO FRONT,DRY,INJURY AND / OR TOW DUE TO CRASH,"OVER $1,500",IMPROPER BACKING,2,INCAPACITATING INJURY,1.0,0.0,1.0,10,5,6,41.93322515,-87.63364981,"['06/16/2022', '10:30:00', 'AM']",INCAPACITATING INJURY without Device
b98062f9bec2ece1ac05057d82542528440716bfbb9562243e01aefd0e1ef54b76570285b890bfd6ddb2343c360c2f3152f324b0b8a083417d7052e330955622,2022-06-16 09:58:00,Thursday,30,NO CONTROLS,CLEAR,DAYLIGHT,PEDESTRIAN,DRY,INJURY AND / OR TOW DUE TO CRASH,"OVER $1,500",UNABLE TO DETERMINE,3,FATAL,1.0,1.0,0.0,9,5,6,41.85892424,-87.70990358,"['06/16/2022', '09:58:00', 'AM']",FATAL without Device
dd41b3cb99b023f0c02723ab76d17b553ad2029abc626b1d8ead4e01257c95032d7397a5aba6d828624e0d60308b556d001aad10efe62b19d8327cb2f20d4f56,2022-06-16 01:20:00,Thursday,30,NO CONTROLS,RAIN,"DARKNESS, LIGHTED ROAD",PEDALCYCLIST,WET,INJURY AND / OR TOW DUE TO CRASH,"$501 - $1,500",NOT APPLICABLE,2,INCAPACITATING INJURY,1.0,0.0,1.0,1,5,6,41.97361773,-87.65478924,"['06/16/2022', '01:20:00', 'AM']",INCAPACITATING INJURY without Device
cdf871161ff6009eff2061325b532afd3e6d861c8c4f77e990518a2ef4ed8000578e9660a8fc065f9995ab94f6c6e4cb800bdbb9099f60e03650fc192b89b744,2022-06-16 01:15:00,Thursday,30,TRAFFIC SIGNAL,RAIN,"DARKNESS, LIGHTED ROAD",TURNING,WET,INJURY AND / OR TOW DUE TO CRASH,"OVER $1,500",FAILING TO REDUCE SPEED TO AVOID CRASH,2,INCAPACITATING INJURY,1.0,0.0,1.0,1,5,6,41.93212472,-87.69747135,"['06/16/2022', '01:15:00', 'AM']",INCAPACITATING INJURY with Device
3d3bc77bfe6947badbeb4f472bc73f8ceba2f8885a77bc940e5c49987ea0209a9300ce424883f15a59ebd1bcf3e1a6b9d94bbae05e4fce469800df63744de746,2022-06-15 23:40:00,Wednesday,30,NO CONTROLS,CLEAR,"DARKNESS, LIGHTED ROAD",PARKED MOTOR VEHICLE,DRY,INJURY AND / OR TOW DUE TO CRASH,"OVER $1,500",NOT APPLICABLE,2,INCAPACITATING INJURY,1.0,0.0,1.0,23,4,6,41.75476089,-87.66369156,"['06/15/2022', '11:40:00', 'PM']",INCAPACITATING INJURY without Device
c29af861e3ef8179fd2c148b50a907e379a9ae3ccbde58dc95f59b19f68371ad600495923fc09123ca8d278db950c06d2c4d3594b71a1ab8cd0fc653aec1571a,2022-06-15 19:22:00,Wednesday,30,STOP SIGN/FLASHER,CLEAR,DAYLIGHT,PEDALCYCLIST,DRY,INJURY AND / OR TOW DUE TO CRASH,"OVER $1,500",DRIVING ON WRONG SIDE/WRONG WAY,2,INCAPACITATING INJURY,1.0,0.0,1.0,19,4,6,41.75902339,-87.55542489,"['06/15/2022', '07:22:00', 'PM']",INCAPACITATING INJURY with Device
ecdbff79818813180aac9e852daca71bbe9fbff76026a838e31b93f915a889e5b72ec174067a41fcae059c6000c63c05435a36ed13167ab203e728bb1907ac7c,2022-06-15 18:06:00,Wednesday,25,NO CONTROLS,CLEAR,DAYLIGHT,FIXED OBJECT,DRY,INJURY AND / OR TOW DUE TO CRASH,"OVER $1,500",NOT APPLICABLE,1,INCAPACITATING INJURY,1.0,0.0,1.0,18,4,6,41.90506033,-87.75734756,"['06/15/2022', '06:06:00', 'PM']",INCAPACITATING INJURY without Device
75eb9dd304342cf5b3c73270fae326beff456c98de3cf704d69a20a288f921825dbe95c30b6ba467fa7a82aff0a11b371bb34db84d7f72bc131db31cc6ee2794,2022-06-15 12:30:00,Wednesday,30,NO CONTROLS,CLEAR,DAYLIGHT,TURNING,DRY,INJURY AND / OR TOW DUE TO CRASH,"OVER $1,500",UNABLE TO DETERMINE,2,INCAPACITATING INJURY,4.0,0.0,3.0,12,4,6,41.86850149,-87.74498219,"['06/15/2022', '12:30:00', 'PM']",INCAPACITATING INJURY without Device
ffe4eea1570b4f252745c314a904eaf3af680e897177eaffef63b6f2aab3ac4b0d1bc335490ff063e0c070172602b8b8828372a718e64ed89fc471a3ede0b248,2022-06-15 12:00:00,Wednesday,30,NO CONTROLS,CLEAR,DAYLIGHT,TURNING,DRY,INJURY AND / OR TOW DUE TO CRASH,"OVER $1,500",UNABLE TO DETERMINE,2,INCAPACITATING INJURY,1.0,0.0,1.0,12,4,6,41.78591928,-87.59647664,"['06/15/2022', '12:00:00', 'PM']",INCAPACITATING INJURY without Device
d72214b73f5ecac6c0b6faea24a3aefd78361ec145bb10797dc8ae333f13e2464a09eef4756d1b138a9937df09431d1a2ad109f813064d479ed092925d64b148,2022-06-14 18:30:00,Tuesday,30,NO CONTROLS,CLEAR,DAYLIGHT,PEDALCYCLIST,DRY,INJURY AND / OR TOW DUE TO CRASH,$500 OR LESS,IMPROPER TURNING/NO SIGNAL,2,INCAPACITATING INJURY,1.0,0.0,1.0,18,3,6,41.9064732,-87.63441995,"['06/14/2022', '06:30:00', 'PM']",INCAPACITATING INJURY without Device
0319f585f2032f46794a8ad255efec99f34b80586ad46dbf8b15dca41829d20592965efcba04cd96fa53aba0019423482b0c005b12fd40825be465ced3d7018b,2022-06-14 18:00:00,Tuesday,30,STOP SIGN/FLASHER,CLEAR,DAYLIGHT,ANGLE,DRY,INJURY AND / OR TOW DUE TO CRASH,"OVER $1,500",DISREGARDING OTHER TRAFFIC SIGNS,2,INCAPACITATING INJURY,1.0,0.0,1.0,18,3,6,41.73339776,-87.56970207,"['06/14/2022', '06:00:00', 'PM']",INCAPACITATING INJURY with Device
d860f986bb3dc6c892aafa0e7f68a35e13352dd2d380060746efedc0b45306667b428af5617b689e34442dd8d4c88fa9dce20ee56e2f7e7aa47ec286f228764b,2022-06-14 17:00:00,Tuesday,30,TRAFFIC SIGNAL,CLEAR,DAYLIGHT,PEDESTRIAN,DRY,INJURY AND / OR TOW DUE TO CRASH,"OVER $1,500",UNABLE TO DETERMINE,2,INCAPACITATING INJURY,1.0,0.0,1.0,17,3,6,41.79471323,-87.76964317,"['06/14/2022', '05:00:00', 'PM']",INCAPACITATING INJURY with Device
615a725dd2dffe264b208bd1dcfa48d119e6ed3873e21f561c5b47032037786ff2440546dfd2fde5e61122da23459df2a5782d4a290befc01c101f059dbf9b55,2022-06-14 16:23:00,Tuesday,30,TRAFFIC SIGNAL,CLEAR,DAYLIGHT,FIXED OBJECT,DRY,INJURY AND / OR TOW DUE TO CRASH,"OVER $1,500",UNABLE TO DETERMINE,1,INCAPACITATING INJURY,2.0,0.0,2.0,16,3,6,41.86593517,-87.71311669,"['06/14/2022', '04:23:00', 'PM']",INCAPACITATING INJURY with Device
3d70479a1518c4b63d0ae57146300e6608dcc06234f4e24842a8d0bcb83f73f96aedb22677d4e828f3715e3005c69af11259b0b14a5836b0624c743c908a4700,2022-06-14 11:50:00,Tuesday,30,STOP SIGN/FLASHER,CLEAR,DAYLIGHT,ANGLE,DRY,INJURY AND / OR TOW DUE TO CRASH,"OVER $1,500",FAILING TO YIELD RIGHT-OF-WAY,3,INCAPACITATING INJURY,1.0,0.0,1.0,11,3,6,41.70705619,-87.64055308,"['06/14/2022', '11:50:00', 'AM']",INCAPACITATING INJURY with Device
b679303870e8682c68863688257d714c9efddbef8c729c4ab4ef9b2e960f68616529533affb616a4fe5175eb5fdb33f57da8ec134836f21646d7e5ca17b5f474,2022-06-14 10:30:00,Tuesday,30,TRAFFIC SIGNAL,CLEAR,DAYLIGHT,TURNING,DRY,INJURY AND / OR TOW DUE TO CRASH,"OVER $1,500",FAILING TO YIELD RIGHT-OF-WAY,2,INCAPACITATING INJURY,2.0,0.0,1.0,10,3,6,41.68811088,-87.68118593,"['06/14/2022', '10:30:00', 'AM']",INCAPACITATING INJURY with Device
117b5a024ae46d5a0fef689fb6f981fc9c7252c7a9985050c22035c6f46945f14c09ac1fbed6a35cac54b854e874351802c3aa0dbf908fe5c867ac2b70d682dc,2022-06-14 08:41:00,Tuesday,30,TRAFFIC SIGNAL,CLEAR,DAYLIGHT,REAR END,DRY,INJURY AND / OR TOW DUE TO CRASH,"OVER $1,500",EQUIPMENT - VEHICLE CONDITION,2,INCAPACITATING INJURY,2.0,0.0,1.0,8,3,6,41.75188713,-87.56124138,"['06/14/2022', '08:41:00', 'AM']",INCAPACITATING INJURY with Device
40cb942d7df29360fe86c3e28286f093aa3e27a906abe8aff39053efb24a2ef35e043df6b608f44cdc149240281b643626263c3112fb4a2bba977f5e6c7713f1,2022-06-14 06:05:00,Tuesday,30,TRAFFIC SIGNAL,CLEAR,DAYLIGHT,TURNING,WET,INJURY AND / OR TOW DUE TO CRASH,"OVER $1,500",IMPROPER TURNING/NO SIGNAL,2,INCAPACITATING INJURY,2.0,0.0,1.0,6,3,6,41.96813296,-87.74805319,"['06/14/2022', '06:05:00', 'AM']",INCAPACITATING INJURY with Device
f7b017e04f455280e6f24f1b2a681c131fff34216396a7f6e561d3beb987d70e2d0056a118ee44f41804d89570b0a00ee5fb85f2394921a9b70762b3505fb5da,2022-06-14 02:34:00,Tuesday,35,TRAFFIC SIGNAL,CLEAR,"DARKNESS, LIGHTED ROAD",FIXED OBJECT,DRY,INJURY AND / OR TOW DUE TO CRASH,"OVER $1,500",UNDER THE INFLUENCE OF ALCOHOL/DRUGS (USE WHEN ARREST IS EFFECTED),1,INCAPACITATING INJURY,1.0,0.0,1.0,2,3,6,41.89143931,-87.63126818,"['06/14/2022', '02:34:00', 'AM']",INCAPACITATING INJURY with Device
0b3a4f57ad1bf01cb6b094bc357372b8d929a4f4fb2d7dce3165841a085c3bb0b4ad672d953626dbbafe0742cc942ab5957bd7e3b1455f277f0fd147bd5c1af4,2022-06-13 15:25:00,Monday,30,TRAFFIC SIGNAL,CLEAR,DAYLIGHT,ANGLE,UNKNOWN,INJURY AND / OR TOW DUE TO CRASH,"OVER $1,500",DISREGARDING TRAFFIC SIGNALS,2,INCAPACITATING INJURY,4.0,0.0,1.0,15,2,6,41.76915534,-87.62681268,"['06/13/2022', '03:25:00', 'PM']",INCAPACITATING INJURY with Device
6b85eb65b6a09a950ba19c5a4ab19ab04445fae2e584c53bf6653106e97a2a4c5e340fa7fa7130b32915b2765eb6fe89efa6500c592fb1580b674036bab06b38,2022-06-13 14:46:00,Monday,30,STOP SIGN/FLASHER,CLEAR,DAYLIGHT,PEDALCYCLIST,DRY,INJURY AND / OR TOW DUE TO CRASH,$500 OR LESS,FAILING TO YIELD RIGHT-OF-WAY,2,INCAPACITATING INJURY,1.0,0.0,1.0,14,2,6,41.89748024,-87.62807432,"['06/13/2022', '02:46:00', 'PM']",INCAPACITATING INJURY with Device
881722e854186dd79569451db2de161c64514b5dc32e925ee2ae2471f85c3d5a674847386e359caf7acfe01fd0d48eefcc79cc92e2a888ecc224cf4b164e8337,2022-06-13 10:18:00,Monday,30,NO CONTROLS,CLEAR,DAYLIGHT,PARKED MOTOR VEHICLE,DRY,INJURY AND / OR TOW DUE TO CRASH,"OVER $1,500",UNABLE TO DETERMINE,2,INCAPACITATING INJURY,2.0,0.0,1.0,10,2,6,41.74900706,-87.63783949,"['06/13/2022', '10:18:00', 'AM']",INCAPACITATING INJURY without Device
702022b1128d68d4b421077b51dbaacebe09b04552a5b83654d3f87a5db1d26a6513ff4fbf8a04ecd2a3bb3aa17beb6fbc63b98d0882a9c2ba79ed6d0df7d89c,2022-06-13 09:35:00,Monday,25,NO CONTROLS,CLEAR,DAYLIGHT,SIDESWIPE OPPOSITE DIRECTION,DRY,INJURY AND / OR TOW DUE TO CRASH,"OVER $1,500","OPERATING VEHICLE IN ERRATIC, RECKLESS, CARELESS, NEGLIGENT OR AGGRESSIVE MANNER",4,INCAPACITATING INJURY,1.0,0.0,1.0,9,2,6,41.87685508,-87.7354695,"['06/13/2022', '09:35:00', 'AM']",INCAPACITATING INJURY without Device
fb0ba20be63de55c2585c90bf37ba17c386610388d011e1fd9ab02dc1625ee43cb3732356e1a3bf7871ae89eccc1792f91665aadf659e947ee1159bc47e6e130,2022-06-13 06:40:00,Monday,45,NO CONTROLS,CLEAR,DAYLIGHT,REAR END,DRY,INJURY AND / OR TOW DUE TO CRASH,"OVER $1,500",FOLLOWING TOO CLOSELY,2,INCAPACITATING INJURY,1.0,0.0,1.0,6,2,6,41.87588972,-87.61699516,"['06/13/2022', '06:40:00', 'AM']",INCAPACITATING INJURY without Device
0a6387060e7a1e08a0279d80eea6fd0fe6f1afbcc62e941146cb92d4140c5eee22db42652e8786f50efb71fcdd0232ba1ff2ce595b59fd00136540ad1fb06ce4,2022-06-12 15:15:00,Sunday,30,YIELD,CLEAR,DAYLIGHT,PEDESTRIAN,DRY,INJURY AND / OR TOW DUE TO CRASH,"OVER $1,500",DISTRACTION - FROM OUTSIDE VEHICLE,2,FATAL,2.0,1.0,0.0,15,1,6,41.95401197,-87.68111928,"['06/12/2022', '03:15:00', 'PM']",FATAL with Device
0925fe505605db10111e6ea035a51c4d2e9fc37b5ea8cf165ed3b2865ed9d473752dd9b286c10ee0a0a7870facd258e7e54b9ed7ce7d5c5eb99372373c2a345e,2022-06-12 14:41:00,Sunday,30,NO CONTROLS,CLEAR,DAYLIGHT,PEDESTRIAN,DRY,INJURY AND / OR TOW DUE TO CRASH,"OVER $1,500",FAILING TO REDUCE SPEED TO AVOID CRASH,2,INCAPACITATING INJURY,1.0,0.0,1.0,14,1,6,41.73590841,-87.64742288,"['06/12/2022', '02:41:00', 'PM']",INCAPACITATING INJURY without Device
90ea4428ca532207acc9359e83c44b6063596e7db102c708df4587555abee0d2d4bde15566099b9c753089fc9727fcbdc2b5e7b0bb27e39d113c854caf817abe,2022-06-12 14:40:00,Sunday,30,TRAFFIC SIGNAL,CLEAR,DAYLIGHT,TURNING,DRY,INJURY AND / OR TOW DUE TO CRASH,"OVER $1,500",IMPROPER TURNING/NO SIGNAL,3,INCAPACITATING INJURY,2.0,0.0,2.0,14,1,6,41.75705939,-87.58563502,"['06/12/2022', '02:40:00', 'PM']",INCAPACITATING INJURY with Device
0ecc3f97ea738887322cb7026f643179f7f228c5543bcdaf7a62dd085982d4b873013ba4af3baba00fb6f993c68dce0acd2ce24fab3fa82c4339f8af81224ad1,2022-06-12 13:37:00,Sunday,20,STOP SIGN/FLASHER,CLEAR,DAYLIGHT,PEDESTRIAN,DRY,INJURY AND / OR TOW DUE TO CRASH,"OVER $1,500",UNABLE TO DETERMINE,2,INCAPACITATING INJURY,1.0,0.0,1.0,13,1,6,41.93758223,-87.64222802,"['06/12/2022', '01:37:00', 'PM']",INCAPACITATING INJURY with Device
3e9ca2ab1ee789b61405b6b61dc0d0017f03e821f3002f7fb06750872a60d2229d9470db94822d57fcb08f90f6f27a446ac8479429bfa508d6bc00a4fed1f134,2022-06-12 05:10:00,Sunday,25,NO CONTROLS,CLEAR,DAWN,FIXED OBJECT,DRY,INJURY AND / OR TOW DUE TO CRASH,"OVER $1,500",NOT APPLICABLE,1,INCAPACITATING INJURY,1.0,0.0,1.0,5,1,6,41.91098497,-87.63994779,"['06/12/2022', '05:10:00', 'AM']",INCAPACITATING INJURY without Device
81d37511522fb6fddca7d39feb283616cf2c76e3b83fd4a78706f4d9842f550b955784dac1e6727ba908b44fbbff10861ed4d9180ea3d3dac7968e8ee41a7889,2022-06-12 02:59:00,Sunday,30,TRAFFIC SIGNAL,CLEAR,"DARKNESS, LIGHTED ROAD",ANGLE,DRY,INJURY AND / OR TOW DUE TO CRASH,"OVER $1,500",UNABLE TO DETERMINE,2,INCAPACITATING INJURY,3.0,0.0,1.0,2,1,6,41.87569278,-87.6290937,"['06/12/2022', '02:59:00', 'AM']",INCAPACITATING INJURY with Device
1950f1e6aeaa89b6ca29dbe129bb7dc625761d1faead2e623a4ac59581cf9827bb724f40c1180c259c35d601153cc40e69736055717bec1f06a4d588c960934d,2022-06-11 23:55:00,Saturday,30,TRAFFIC SIGNAL,CLEAR,"DARKNESS, LIGHTED ROAD",ANGLE,DRY,INJURY AND / OR TOW DUE TO CRASH,"OVER $1,500",DISREGARDING TRAFFIC SIGNALS,2,INCAPACITATING INJURY,3.0,0.0,1.0,23,7,6,41.88303658,-87.68663247,"['06/11/2022', '11:55:00', 'PM']",INCAPACITATING INJURY with Device
03b909bea694044b20e34061dc1bf7f25b892d34c8da796256b410d0345ef3aa683b4df969bbeb562eaee63d881e5d9abab0692c3260f60541999840c652af66,2022-06-11 22:37:00,Saturday,30,NO CONTROLS,CLEAR,"DARKNESS, LIGHTED ROAD",PEDALCYCLIST,DRY,INJURY AND / OR TOW DUE TO CRASH,"OVER $1,500",FAILING TO YIELD RIGHT-OF-WAY,2,INCAPACITATING INJURY,1.0,0.0,1.0,22,7,6,41.74347359,-87.64343399,"['06/11/2022', '10:37:00', 'PM']",INCAPACITATING INJURY without Device
3bab8244b810d757ac4e26e503d393d59f70164176aa86b96418805057b9b8b7fc0494010f233b375eba5f0c2a620616df56a516f332894bf7db83a22f324106,2022-06-11 20:58:00,Saturday,25,TRAFFIC SIGNAL,CLEAR,"DARKNESS, LIGHTED ROAD",REAR END,DRY,INJURY AND / OR TOW DUE TO CRASH,"OVER $1,500",IMPROPER OVERTAKING/PASSING,4,INCAPACITATING INJURY,1.0,0.0,1.0,20,7,6,41.8729658,-87.74513968,"['06/11/2022', '08:58:00', 'PM']",INCAPACITATING INJURY with Device
1f96b2fbfdcad8d830d955760b96f4713437721f1eb95b84caa43624fd7376332793e5338bb4c11d465e924221707497b13a2c333be769d96d48c6c347c76869,2022-06-11 20:00:00,Saturday,30,NO CONTROLS,CLEAR,DAYLIGHT,TURNING,DRY,INJURY AND / OR TOW DUE TO CRASH,"OVER $1,500",FAILING TO YIELD RIGHT-OF-WAY,2,INCAPACITATING INJURY,1.0,0.0,1.0,20,7,6,41.95286317,-87.8036683,"['06/11/2022', '08:00:00', 'PM']",INCAPACITATING INJURY without Device
d6c290a7fe027a74ddf9c95218d893072e14b89f221a7fb8feda5f6f67fd407733246b88c941af7c7484f47bd3058d0a320f17ca09e1891aa25ee32156e78a2d,2022-06-11 18:13:00,Saturday,30,TRAFFIC SIGNAL,CLEAR,DAYLIGHT,FIXED OBJECT,DRY,INJURY AND / OR TOW DUE TO CRASH,"OVER $1,500",PHYSICAL CONDITION OF DRIVER,1,INCAPACITATING INJURY,1.0,0.0,1.0,18,7,6,41.8309832,-87.61746326,"['06/11/2022', '06:13:00', 'PM']",INCAPACITATING INJURY with Device
ee6a1dff4d474c22f93443e96bd10ac76e29c4b68ac6b85b1997a92bd7cde263d74f786f65057dbf39a45337111436bd10417598a81629c7c5008c300ad9a6ad,2022-06-11 16:11:00,Saturday,35,NO CONTROLS,CLEAR,DAYLIGHT,TURNING,DRY,INJURY AND / OR TOW DUE TO CRASH,"OVER $1,500",FAILING TO YIELD RIGHT-OF-WAY,2,INCAPACITATING INJURY,3.0,0.0,1.0,16,7,6,41.81511957,-87.68420057,"['06/11/2022', '04:11:00', 'PM']",INCAPACITATING INJURY without Device