CRASH_RECORD_ID,CRASH_DATE,Weekday,POSTED_SPEED_LIMIT,TRAFFIC_CONTROL_DEVICE,WEATHER_CONDITION,LIGHTING_CONDITION,FIRST_CRASH_TYPE,ROADWAY_SURFACE_COND,CRASH_TYPE,DAMAGE,PRIM_CONTRIBUTORY_CAUSE,NUM_UNITS,MOST_SEVERE_INJURY,INJURIES_TOTAL,INJURIES_FATAL,INJURIES_INCAPACITATING,CRASH_HOUR,CRASH_DAY_OF_WEEK,CRASH_MONTH,LATITUDE,LONGITUDE,CRASH_TIME,CATEGORIES
5c8dbdf1525a175525992ae655aee751543b9fa887b8a76330faef79ba9d789c585ab04af4a29cd39df0da2aecb860819ce2a873ed427f18611d1cd5c12e71e6,2022-06-03 11:35:00,Friday,30,NO CONTROLS,CLEAR,DAYLIGHT,REAR END,DRY,INJURY AND / OR TOW DUE TO CRASH,"OVER $1,500",FOLLOWING TOO CLOSELY,3,INCAPACITATING INJURY,2.0,0.0,1.0,11,6,6,41.779075,-87.70363675,"['06/03/2022', '11:35:00', 'AM']",INCAPACITATING INJURY without Device
ef418aab99640ae324f83adb768d309d84fe469e23d3fc40e36addd8b33fe4e63df4c52181cb4af426ee3f99185e412c941583307fde0b70c214ac2b898a393d,2022-06-03 10:25:00,Friday,45,NO CONTROLS,CLEAR,DAYLIGHT,SIDESWIPE SAME DIRECTION,DRY,INJURY AND / OR TOW DUE TO CRASH,"OVER $1,500","OPERATING VEHICLE IN ERRATIC, RECKLESS, CARELESS, NEGLIGENT OR AGGRESSIVE MANNER",2,INCAPACITATING INJURY,1.0,0.0,1.0,10,6,6,41.92379779,-87.63077727,"['06/03/2022', '10:25:00', 'AM']",INCAPACITATING INJURY without Device
7d36451ce496c0222b7bd4a4a15ab8061fb33c14301756e3a8c4658e7690e00a0c64f39bf5409bc89f37df1732fdd6c04db2c17ba4d21faf146312d60195dc84,2022-06-03 04:09:00,Friday,30,NO CONTROLS,CLEAR,"DARKNESS, LIGHTED ROAD",FIXED OBJECT,DRY,INJURY AND / OR TOW DUE TO CRASH,"OVER $1,500",UNABLE TO DETERMINE,1,FATAL,1.0,1.0,0.0,4,6,6,41.72445402,-87.64967548,"['06/03/2022', '04:09:00', 'AM']",FATAL without Device
e75e32c1d8c386b92954767aeca3bb92e517745bdcce335a2d74ef85e6b6781f60780c162829bb617a40f5fc0a7c67fbba59f7b449cff6293034780bc2fa03d3,2022-06-02 21:39:00,Thursday,30,NO CONTROLS,CLEAR,"DARKNESS, LIGHTED ROAD",TURNING,DRY,INJURY AND / OR TOW DUE TO CRASH,"OVER $1,500",FAILING TO YIELD RIGHT-OF-WAY,3,INCAPACITATING INJURY,2.0,0.0,1.0,21,5,6,41.90301424,-87.7587016,"['06/02/2022', '09:39:00', 'PM']",INCAPACITATING INJURY without Device
47f8a1921302ed8a7f3cded68c997191268ece2313db6ef221ee04d4c324c67fdfefab463c6cfe4a4adc3bb572fe8ed6366dd60206dba03cff50d3d86b5a921b,2022-06-02 17:40:00,Thursday,25,STOP SIGN/FLASHER,CLEAR,DAYLIGHT,PEDESTRIAN,DRY,INJURY AND / OR TOW DUE TO CRASH,"OVER $1,500",UNABLE TO DETERMINE,2,INCAPACITATING INJURY,1.0,0.0,1.0,17,5,6,41.96604151,-87.68432082,"['06/02/2022', '05:40:00', 'PM']",INCAPACITATING INJURY with Device
ce71bc3897ee84494dfccb98b01a7df92e5175e994fd3fbd0aa9c55d14748c1520f5ecc11fc7cea609b1d5dd1b2f2602bab039311578b7a51305fe1138ec7eaa,2022-06-02 12:55:00,Thursday,25,TRAFFIC SIGNAL,CLEAR,DAYLIGHT,TURNING,DRY,INJURY AND / OR TOW DUE TO CRASH,"OVER $1,500",TURNING RIGHT ON RED,2,INCAPACITATING INJURY,2.0,0.0,1.0,12,5,6,41.83832694,-87.61761266,"['06/02/2022', '12:55:00', 'PM']",INCAPACITATING INJURY with Device
c3ffa28194c6e1626c65072bf6bd2921b1aecc9859f097fd3557214420684c83acfbac8c03f959a33877550510d7ff1a6bea084b61b9019a9ede40ebe856b3a4,2022-06-02 11:05:00,Thursday,30,STOP SIGN/FLASHER,CLEAR,DAYLIGHT,FIXED OBJECT,DRY,INJURY AND / OR TOW DUE TO CRASH,$500 OR LESS,PHYSICAL CONDITION OF DRIVER,1,INCAPACITATING INJURY,1.0,0.0,1.0,11,5,6,41.71840075,-87.62066069,"['06/02/2022', '11:05:00', 'AM']",INCAPACITATING INJURY with Device
6144cedb61c3a893f0b86e03083eb5794fab904dba44435e591d5fdc6fd2bf15062f06e03c8b3ce56b1adfa8c074636259991d7529bed046b93816758b173a02,2022-06-02 10:35:00,Thursday,30,TRAFFIC SIGNAL,CLEAR,DAYLIGHT,TURNING,DRY,INJURY AND / OR TOW DUE TO CRASH,"OVER $1,500",DISREGARDING TRAFFIC SIGNALS,2,INCAPACITATING INJURY,2.0,0.0,2.0,10,5,6,41.88807333,-87.62059446,"['06/02/2022', '10:35:00', 'AM']",INCAPACITATING INJURY with Device
9ccd3df24da07a7d9c50381dc0f5d327a8d30515c55b297b2e4d89f765e24bb10fcf1a8930ac9929ec7321e5d675d09e30ac5db0798db1f621e491a48bd97d7c,2022-06-02 09:19:00,Thursday,30,TRAFFIC SIGNAL,CLEAR,DAYLIGHT,TURNING,DRY,INJURY AND / OR TOW DUE TO CRASH,"OVER $1,500",IMPROPER LANE USAGE,2,INCAPACITATING INJURY,2.0,0.0,1.0,9,5,6,41.79413322,-87.66464526,"['06/02/2022', '09:19:00', 'AM']",INCAPACITATING INJURY with Device
b2cf04a0d01c00f5de8e31b8213b3fb62e4bd2a71563a9fedf0c74f9578a0e0dd5a64712ec44a86c96e3efc16d24aa366bb665a060533e7a880eee94622564c6,2022-06-01 21:00:00,Wednesday,30,TRAFFIC SIGNAL,CLEAR,"DARKNESS, LIGHTED ROAD",PEDALCYCLIST,DRY,INJURY AND / OR TOW DUE TO CRASH,"OVER $1,500",UNABLE TO DETERMINE,2,INCAPACITATING INJURY,1.0,0.0,1.0,21,4,6,41.90965043,-87.73595579,"['06/01/2022', '09:00:00', 'PM']",INCAPACITATING INJURY with Device
4a6b1c776eee91a2a97a85c4af0f646152acb964247fd8d2d67a47c6a8ecebb305ce814b9d5646bf5636d55b2c4bfbf70525899fd8fb0463d89ce6d62b6352da,2022-05-31 21:10:00,Tuesday,30,STOP SIGN/FLASHER,CLEAR,"DARKNESS, LIGHTED ROAD",PEDALCYCLIST,DRY,INJURY AND / OR TOW DUE TO CRASH,"OVER $1,500",NOT APPLICABLE,2,INCAPACITATING INJURY,1.0,0.0,1.0,21,3,5,41.76907774,-87.62323043,"['05/31/2022', '09:10:00', 'PM']",INCAPACITATING INJURY with Device
9079d5ca19c8f146eda96eab256a68e4eb0480186952abfa8854ab7a8041ec886f4e73e19b95301e2e93f54369b5fee15915258a6ba94ce34ade6f7ad0b50f4a,2022-05-31 16:00:00,Tuesday,30,NO CONTROLS,CLEAR,DAYLIGHT,PEDALCYCLIST,DRY,INJURY AND / OR TOW DUE TO CRASH,"$501 - $1,500",UNABLE TO DETERMINE,2,INCAPACITATING INJURY,1.0,0.0,1.0,16,3,5,41.89883153,-87.74464795,"['05/31/2022', '04:00:00', 'PM']",INCAPACITATING INJURY without Device
a191dc6e1cce082ea1743ad984905b3ac8ac26167729d69ef1a55f678b76797a2e6b790abd5384e8700b7872855c8f49308d1dacda9e792efbf270e228cafb2c,2022-05-31 15:27:00,Tuesday,30,STOP SIGN/FLASHER,CLEAR,DAYLIGHT,TURNING,DRY,INJURY AND / OR TOW DUE TO CRASH,"OVER $1,500",UNABLE TO DETERMINE,2,INCAPACITATING INJURY,1.0,0.0,1.0,15,3,5,42.01947326,-87.66926124,"['05/31/2022', '03:27:00', 'PM']",INCAPACITATING INJURY with Device
c5ef5ffdff1cd08ee89f88f76421d8c76bb97e0b87ccba8b679e0a287be4738138e0aa9e1ddc361ca23c784a3cc9a525fdd8395b85a7f22cb93944dd5cd32978,2022-05-31 12:45:00,Tuesday,30,STOP SIGN/FLASHER,CLEAR,DAYLIGHT,ANGLE,DRY,INJURY AND / OR TOW DUE TO CRASH,"OVER $1,500",FAILING TO YIELD RIGHT-OF-WAY,2,INCAPACITATING INJURY,1.0,0.0,1.0,12,3,5,41.98279517,-87.7841141,"['05/31/2022', '12:45:00', 'PM']",INCAPACITATING INJURY with Device
e34324786a9983c02f520584c193c2996bf50ac3c0db8a8cfd760cd847064c73ce12806f78acd10fff3ba2086663f9443cd2cdac10aae1124fe49694ebc42534,2022-05-30 23:18:00,Monday,35,RAILROAD CROSSING GATE,CLEAR,DARKNESS,FIXED OBJECT,DRY,INJURY AND / OR TOW DUE TO CRASH,"OVER $1,500",DISREGARDING OTHER TRAFFIC SIGNS,1,INCAPACITATING INJURY,1.0,0.0,1.0,23,2,5,41.98722708,-87.77847623,"['05/30/2022', '11:18:00', 'PM']",INCAPACITATING INJURY with Device
baa237863df35000aad8b35e396058ccac68b74cb0fadee3f9787511025dfe7b47899f360223a77302d0bdf98f7e933088bbbc70a9f41825050fe0a9d62e2224,2022-05-30 20:00:00,Monday,30,NO CONTROLS,CLEAR,DAWN,REAR END,DRY,INJURY AND / OR TOW DUE TO CRASH,"$501 - $1,500",FOLLOWING TOO CLOSELY,2,INCAPACITATING INJURY,2.0,0.0,2.0,20,2,5,41.89274821,-87.6146868,"['05/30/2022', '08:00:00', 'PM']",INCAPACITATING INJURY without Device
996564473b0a299bcf667e6f33c94d6722585c95fbc747c2ec7bd42ccbdd7559d9cd0ed4ad1a2510efe7298e37ac42cb9cd924a67ad22c37cc10bfef72af06d0,2022-05-30 19:01:00,Monday,30,TRAFFIC SIGNAL,CLEAR,DAYLIGHT,TURNING,DRY,INJURY AND / OR TOW DUE TO CRASH,"OVER $1,500",FAILING TO YIELD RIGHT-OF-WAY,2,INCAPACITATING INJURY,1.0,0.0,1.0,19,2,5,41.68502626,-87.64229737,"['05/30/2022', '07:01:00', 'PM']",INCAPACITATING INJURY with Device
31dcc3f126a4fac9489ce6b202fd202560f287805f95953fd8e5f25180e5d489132b4cb2e3839088cb0074e76548282e474a81c761b1e5484411d38559c0e12c,2022-05-30 18:20:00,Monday,20,NO CONTROLS,CLEAR,DAYLIGHT,PEDALCYCLIST,DRY,INJURY AND / OR TOW DUE TO CRASH,$500 OR LESS,FAILING TO YIELD RIGHT-OF-WAY,2,INCAPACITATING INJURY,1.0,0.0,1.0,18,2,5,41.92455732,-87.73304162,"['05/30/2022', '06:20:00', 'PM']",INCAPACITATING INJURY without Device
7feb06a56f4aa21aa2c442a813bcfa3b2022ab99d31be83f10e25b904a46879e68e27211817c1bdc4e633dcc8242e68aac6f91647884ecf5fd107db25517bec0,2022-05-30 17:18:00,Monday,30,TRAFFIC SIGNAL,CLEAR,DAYLIGHT,REAR END,DRY,INJURY AND / OR TOW DUE TO CRASH,"OVER $1,500",FAILING TO REDUCE SPEED TO AVOID CRASH,2,INCAPACITATING INJURY,5.0,0.0,1.0,17,2,5,41.89647107,-87.64308929,"['05/30/2022', '05:18:00', 'PM']",INCAPACITATING INJURY with Device
01e287c44c99897f186d1c663b0e6b7241821fdbfb9d7ecaff1942e102e9f1a90413dfb28285683a33e6ceff9eab4d6d6e061f3817316be6a2239a7f9a7092cc,2022-05-30 15:01:00,Monday,30,NO CONTROLS,CLEAR,DAYLIGHT,FIXED OBJECT,DRY,INJURY AND / OR TOW DUE TO CRASH,"OVER $1,500",UNDER THE INFLUENCE OF ALCOHOL/DRUGS (USE WHEN ARREST IS EFFECTED),1,INCAPACITATING INJURY,2.0,0.0,1.0,15,2,5,41.75091157,-87.62048291,"['05/30/2022', '03:01:00', 'PM']",INCAPACITATING INJURY without Device
f19429d4312d893e8785c6e6edcaee5ac6bba421e6ac8f23c8ed6da83d2e337747a6ef406481e5ab6802c047280d04bbf98a65b5ccf299c361beb4bd4a6b59df,2022-05-30 12:27:00,Monday,30,STOP SIGN/FLASHER,CLEAR,DAYLIGHT,ANGLE,DRY,INJURY AND / OR TOW DUE TO CRASH,"$501 - $1,500",DRIVING ON WRONG SIDE/WRONG WAY,2,INCAPACITATING INJURY,1.0,0.0,1.0,12,2,5,41.94501191,-87.77174516,"['05/30/2022', '12:27:00', 'PM']",INCAPACITATING INJURY with Device
0fbe8f1d6cd7f782cebad59aaaf82a05d81eb14ce3dcab4ee0d482bc8e48e7cd49cbe76930f0f66b2e47559fe891db0f711a90e208b507e7209493642890b451,2022-05-30 12:15:00,Monday,30,NO CONTROLS,CLEAR,DAYLIGHT,PEDESTRIAN,DRY,INJURY AND / OR TOW DUE TO CRASH,"$501 - $1,500",UNABLE TO DETERMINE,2,INCAPACITATING INJURY,1.0,0.0,1.0,12,2,5,41.96038592,-87.78252372,"['05/30/2022', '12:15:00', 'PM']",INCAPACITATING INJURY without Device
ea9c09b8213cd2928d313f21d80ed8fd38afaf12b0c5e697bc67cca999e6104a20ddaf7791872ef31eda5b5356e1399e54e2f8d45cdc123c1b614e78750b78b7,2022-05-30 00:02:00,Monday,30,NO CONTROLS,CLEAR,"DARKNESS, LIGHTED ROAD",PARKED MOTOR VEHICLE,DRY,INJURY AND / OR TOW DUE TO CRASH,"OVER $1,500",PHYSICAL CONDITION OF DRIVER,4,INCAPACITATING INJURY,1.0,0.0,1.0,0,2,5,41.80129066,-87.61923986,"['05/30/2022', '12:02:00', 'AM']",INCAPACITATING INJURY without Device
96f70de7608d5497b8b9cbbe94438feb8a45bb8d1f52ae4fc6e1bf8fa9b08e007e3e954aea1b9e2dee64437353a3aa165b2eeb573e2f4366d41e23a4e34a1c4b,2022-05-29 22:33:00,Sunday,30,NO CONTROLS,CLEAR,"DARKNESS, LIGHTED ROAD",FIXED OBJECT,DRY,INJURY AND / OR TOW DUE TO CRASH,"OVER $1,500",UNABLE TO DETERMINE,1,INCAPACITATING INJURY,1.0,0.0,1.0,22,1,5,41.88043869,-87.74086537,"['05/29/2022', '10:33:00', 'PM']",INCAPACITATING INJURY without Device
87a43d703955ffceaba0ed7a883fd35659cee8b2a6df4fb69c824103167bcd51f3cf37870064fbaaa46250c69314fb71c0e25a9b13cb6be03eb0126f5bba9ac9,2022-05-29 21:45:00,Sunday,30,NO CONTROLS,CLEAR,"DARKNESS, LIGHTED ROAD",SIDESWIPE OPPOSITE DIRECTION,DRY,INJURY AND / OR TOW DUE TO CRASH,"OVER $1,500",FAILING TO REDUCE SPEED TO AVOID CRASH,3,INCAPACITATING INJURY,1.0,0.0,1.0,21,1,5,41.97620114,-87.90530913,"['05/29/2022', '09:45:00', 'PM']",INCAPACITATING INJURY without Device
9b9915ff97999d6074a514a8b4a089bc5a4034e38f583e21ad359cf26a9a04b6a94d20c560e742be149fdf59a1bdac55a2729138ca245d756dd13f7ac4a4c181,2022-05-29 20:46:00,Sunday,30,TRAFFIC SIGNAL,CLEAR,"DARKNESS, LIGHTED ROAD",PEDALCYCLIST,DRY,INJURY AND / OR TOW DUE TO CRASH,"OVER $1,500",FAILING TO YIELD RIGHT-OF-WAY,2,INCAPACITATING INJURY,1.0,0.0,1.0,20,1,5,41.7860244,-87.71060478,"['05/29/2022', '08:46:00', 'PM']",INCAPACITATING INJURY with Device
2b410e7d75275021ca881171f0fd3884e74ce3c9d4e39c93d4df102e7b4c581ad844c1c45a67eebb965ab4109430dde375029b5104927db720f5b3ceaf199e50,2022-05-29 20:32:00,Sunday,30,STOP SIGN/FLASHER,CLEAR,DUSK,PEDESTRIAN,DRY,INJURY AND / OR TOW DUE TO CRASH,"OVER $1,500",FAILING TO REDUCE SPEED TO AVOID CRASH,2,INCAPACITATING INJURY,1.0,0.0,1.0,20,1,5,41.72121248,-87.65421959,"['05/29/2022', '08:32:00', 'PM']",INCAPACITATING INJURY with Device
9a9b5f4526cc4b4391245ef1f9c3be920a5a6187d5675ebaff664bf98f1d3be28fb6fb286f19c978645a3d5d3a1a6cf182602f7b817711ee85b51447d6e640fc,2022-05-29 19:15:00,Sunday,20,NO CONTROLS,CLEAR,DAYLIGHT,OTHER OBJECT,DRY,INJURY AND / OR TOW DUE TO CRASH,"OVER $1,500",UNABLE TO DETERMINE,1,INCAPACITATING INJURY,1.0,0.0,1.0,19,1,5,41.95930975,-87.73428557,"['05/29/2022', '07:15:00', 'PM']",INCAPACITATING INJURY without Device
7a9b50a1f697427dbc74006bfc816b2de2f6444c5faf07997a01a432d5fa3123e1c662936bc8af29c594aa167efed7da630863c40e29746b8bae1b0bbcaf7e91,2022-05-29 18:43:00,Sunday,30,NO CONTROLS,CLEAR,DAYLIGHT,ANGLE,DRY,INJURY AND / OR TOW DUE TO CRASH,"OVER $1,500",FAILING TO YIELD RIGHT-OF-WAY,5,INCAPACITATING INJURY,1.0,0.0,1.0,18,1,5,41.80229943,-87.60997895,"['05/29/2022', '06:43:00', 'PM']",INCAPACITATING INJURY without Device
c745ad4bff15319aa88a39e29a7dc24bc817c7028d56118a66a798661ee2ad01c53291a0fe7dcf985792af07e0b957f586b0d81ee28cb9b03fde4352fdac6b1b,2022-05-29 12:30:00,Sunday,30,NO CONTROLS,CLEAR,DAYLIGHT,PEDALCYCLIST,DRY,INJURY AND / OR TOW DUE TO CRASH,$500 OR LESS,UNABLE TO DETERMINE,2,INCAPACITATING INJURY,1.0,0.0,1.0,12,1,5,41.97815651,-87.66643233,"['05/29/2022', '12:30:00', 'PM']",INCAPACITATING INJURY without Device
85371bb189499e6311810416bf4040c050b240927981a4f5e2d5e2f491426ce11450ca9a3621e3ebcb1b0ef0160e354e038af994cccf722f2a8c33a86e764ab9,2022-05-29 05:45:00,Sunday,35,TRAFFIC SIGNAL,CLEAR,DAYLIGHT,REAR END,DRY,INJURY AND / OR TOW DUE TO CRASH,"$501 - $1,500",NOT APPLICABLE,4,INCAPACITATING INJURY,2.0,0.0,1.0,5,1,5,41.64810712,-87.55943735,"['05/29/2022', '05:45:00', 'AM']",INCAPACITATING INJURY with Device
cb05aa1ec06c22256ea3d87a57ff3f29246db5aa654bea7c99a10338de5755cc02d0ffad70540c6c0e5497951ab5c6e8d6451a64895d2cbf8ce9839cbe9caf00,2022-05-29 02:20:00,Sunday,30,NO CONTROLS,CLEAR,"DARKNESS, LIGHTED ROAD",REAR END,DRY,INJURY AND / OR TOW DUE TO CRASH,"OVER $1,500",UNABLE TO DETERMINE,2,INCAPACITATING INJURY,1.0,0.0,1.0,2,1,5,41.88354101,-87.72589758,"['05/29/2022', '02:20:00', 'AM']",INCAPACITATING INJURY without Device
d1f62da2dbceaba48ffc87018fb1e981d0a0f246c33a312d4a159d95f14e16dee593a0ba8b502f7aa20b09b2d2293808b88e7681840ce314fd623e864cd6ade5,2022-05-29 02:13:00,Sunday,35,TRAFFIC SIGNAL,CLEAR,"DARKNESS, LIGHTED ROAD",ANGLE,DRY,INJURY AND / OR TOW DUE TO CRASH,"OVER $1,500",DISREGARDING TRAFFIC SIGNALS,2,INCAPACITATING INJURY,2.0,0.0,1.0,2,1,5,41.94673627,-87.70842598,"['05/29/2022', '02:13:00', 'AM']",INCAPACITATING INJURY with Device
53f11a826632bcc6e7ac26e561f618c34b2a918678ee961c0f76cee9cb6cccc364c2b8371f7554d1a06709fbb3e5913db9080f98f9960180cd32194312013511,2022-05-29 00:53:00,Sunday,30,NO CONTROLS,CLEAR,"DARKNESS, LIGHTED ROAD",FIXED OBJECT,DRY,INJURY AND / OR TOW DUE TO CRASH,"OVER $1,500",FAILING TO REDUCE SPEED TO AVOID CRASH,1,FATAL,1.0,1.0,0.0,0,1,5,41.70673643,-87.65081079,"['05/29/2022', '12:53:00', 'AM']",FATAL without Device
1d3b8a12c39e6cef19880def42d69ec8a9cde3fb661e2df4a8993f362f80f71ef5b65daef20a07f49617f096890dbf472a5a0b73dd323d17208469f1420ff101,2022-05-28 14:32:00,Saturday,30,TRAFFIC SIGNAL,CLEAR,DAYLIGHT,PEDALCYCLIST,DRY,INJURY AND / OR TOW DUE TO CRASH,"$501 - $1,500",FAILING TO YIELD RIGHT-OF-WAY,2,INCAPACITATING INJURY,1.0,0.0,1.0,14,7,5,41.7789616,-87.71052895,"['05/28/2022', '02:32:00', 'PM']",INCAPACITATING INJURY with Device
acedbb6d9dd91a2c2281e511152f53a6045da58060ddb17500b4ec6acf0461601e8a0d6954de206d8da518ef098e6405972694ca139393115c08d58b008877b7,2022-05-28 11:50:00,Saturday,30,NO CONTROLS,CLEAR,DAYLIGHT,PEDALCYCLIST,DRY,INJURY AND / OR TOW DUE TO CRASH,$500 OR LESS,FAILING TO YIELD RIGHT-OF-WAY,2,INCAPACITATING INJURY,1.0,0.0,1.0,11,7,5,41.9411626,-87.65915293,"['05/28/2022', '11:50:00', 'AM']",INCAPACITATING INJURY without Device
5e7492e371d15c7b44245a5c24ad1b784c49c1808f986f7b99001e46540e7431370c9c64da5d30fc6de14e640c53aed17e54ee2b56206ef25eeb3cd23fb962ef,2022-05-28 10:25:00,Saturday,15,NO CONTROLS,CLEAR,DAYLIGHT,FIXED OBJECT,DRY,INJURY AND / OR TOW DUE TO CRASH,"OVER $1,500",PHYSICAL CONDITION OF DRIVER,1,INCAPACITATING INJURY,1.0,0.0,1.0,10,7,5,41.87104884,-87.74601788,"['05/28/2022', '10:25:00', 'AM']",INCAPACITATING INJURY without Device
5379c652372382f64806339b288d7fb5740520e7156c07727e369761f9be2b2d34d782fabe8016420a29cbf42d6c64ae615088c338800d6cf5cfe58a225185e7,2022-05-28 04:30:00,Saturday,30,NO CONTROLS,OTHER,"DARKNESS, LIGHTED ROAD",PEDESTRIAN,DRY,INJURY AND / OR TOW DUE TO CRASH,"OVER $1,500",UNABLE TO DETERMINE,2,INCAPACITATING INJURY,1.0,0.0,1.0,4,7,5,41.91520449,-87.70187505,"['05/28/2022', '04:30:00', 'AM']",INCAPACITATING INJURY without Device
fb07439777175c90a7afe2e088db997f62c846b5ccb6fb417a338eb86c4168bf14b3fab2d946358ec602ce460afabd6aace38ccf38bd5f6dba0917e54b74feb9,2022-05-28 04:10:00,Saturday,30,NO CONTROLS,CLEAR,"DARKNESS, LIGHTED ROAD",FIXED OBJECT,DRY,INJURY AND / OR TOW DUE TO CRASH,"OVER $1,500",UNABLE TO DETERMINE,1,INCAPACITATING INJURY,2.0,0.0,1.0,4,7,5,41.90921836,-87.76952337,"['05/28/2022', '04:10:00', 'AM']",INCAPACITATING INJURY without Device
67b6a5bec4b07ede420a11eaf4f12d530fbe8b7bfcc9d0373a3562808f5ece761c21c3738cba72d59deb7566645f8b12c093783821590a33b7e93420b6ff31b1,2022-05-28 03:43:00,Saturday,30,TRAFFIC SIGNAL,CLEAR,"DARKNESS, LIGHTED ROAD",PEDESTRIAN,DRY,INJURY AND / OR TOW DUE TO CRASH,"OVER $1,500",DISREGARDING TRAFFIC SIGNALS,2,INCAPACITATING INJURY,1.0,0.0,1.0,3,7,5,42.01246725,-87.66312147,"['05/28/2022', '03:43:00', 'AM']",INCAPACITATING INJURY with Device
cde691fcf3b048608d01c99ef08fe5180d2573d01e117ef5e31a8a9affedbfb702cf7caee32b48ee6d70d7d7d99ac7573ec5bd70f1b286417388a4c435a1958e,2022-05-27 22:23:00,Friday,30,STOP SIGN/FLASHER,CLEAR,"DARKNESS, LIGHTED ROAD",PEDALCYCLIST,DRY,INJURY AND / OR TOW DUE TO CRASH,"$501 - $1,500",FAILING TO YIELD RIGHT-OF-WAY,2,INCAPACITATING INJURY,1.0,0.0,1.0,22,6,5,41.74387382,-87.60517616,"['05/27/2022', '10:23:00', 'PM']",INCAPACITATING INJURY with Device
7196bdf00fb82e762f53b422b79c92327fb2682e5ff3080e9288eb3cb49eff556d2a3b8337d6038638de55e6571897487fe6c69e718b4452947a2d5d1f7a27c5,2022-05-27 20:28:00,Friday,30,NO CONTROLS,CLEAR,"DARKNESS, LIGHTED ROAD",PEDESTRIAN,DRY,INJURY AND / OR TOW DUE TO CRASH,"OVER $1,500",FAILING TO YIELD RIGHT-OF-WAY,2,FATAL,1.0,1.0,0.0,20,6,5,41.75270075,-87.69775607,"['05/27/2022', '08:28:00', 'PM']",FATAL without Device
3470084900550fb0f747a9b01faab05f4e805a7cff63ba745dbfc5d7718a07cad43637d71fe4cf488777bc2cd88cb449538dfc3626f310bd9b38ffd73280bc81,2022-05-27 19:01:00,Friday,30,NO CONTROLS,CLEAR,DAYLIGHT,PEDESTRIAN,DRY,INJURY AND / OR TOW DUE TO CRASH,"$501 - $1,500",UNABLE TO DETERMINE,2,INCAPACITATING INJURY,1.0,0.0,1.0,19,6,5,41.91027069,-87.70351003,"['05/27/2022', '07:01:00', 'PM']",INCAPACITATING INJURY without Device
0551b08c0ed46c0ef01991b074442c194dca2b9c2ca5c9b5a1709b09cb5f897f35f68de76e551916f0853e8139db8d97e43f20dcce8272a0ab5ed20439155e4a,2022-05-27 07:25:00,Friday,30,NO CONTROLS,RAIN,DAYLIGHT,FIXED OBJECT,WET,INJURY AND / OR TOW DUE TO CRASH,"OVER $1,500",UNABLE TO DETERMINE,2,INCAPACITATING INJURY,1.0,0.0,1.0,7,6,5,41.75612609,-87.63559252,"['05/27/2022', '07:25:00', 'AM']",INCAPACITATING INJURY without Device
af0ec30014f6a1e0fe9da8e8fb11e2205a78f70ec44435a251318dfda7f00f027de4dc8ef628eb459cfacc54e898ed75775d31a3e378de7feebb31db4610b05d,2022-05-26 20:30:00,Thursday,30,NO CONTROLS,CLEAR,"DARKNESS, LIGHTED ROAD",TURNING,DRY,INJURY AND / OR TOW DUE TO CRASH,"OVER $1,500",IMPROPER TURNING/NO SIGNAL,2,INCAPACITATING INJURY,4.0,0.0,1.0,20,5,5,41.88076974,-87.7311561,"['05/26/2022', '08:30:00', 'PM']",INCAPACITATING INJURY without Device
d90ee57bb11d3407155cfceefeebe64cadbbe89dad15a25ab1f340d594150e678641d84b593d3f8057e67ab5e8135bb909e0067cf4b3c380596291fedcc7700d,2022-05-26 11:56:00,Thursday,30,NO CONTROLS,CLEAR,DAYLIGHT,PEDESTRIAN,DRY,INJURY AND / OR TOW DUE TO CRASH,$500 OR LESS,UNABLE TO DETERMINE,2,INCAPACITATING INJURY,1.0,0.0,1.0,11,5,5,41.81013815,-87.66486727,"['05/26/2022', '11:56:00', 'AM']",INCAPACITATING INJURY without Device
2c47688515da64c96037a73f07e6c4dc9dac0af60b81626289b01ae73d0db3788c9b606ec4758281020cd4f30ab8635c3634f66b8f0b4b3bf0ae33b0329cd14d,2022-05-26 06:35:00,Thursday,30,TRAFFIC SIGNAL,CLEAR,DAYLIGHT,SIDESWIPE SAME DIRECTION,DRY,INJURY AND / OR TOW DUE TO CRASH,"OVER $1,500",IMPROPER LANE USAGE,2,INCAPACITATING INJURY,1.0,0.0,1.0,6,5,5,41.81418135,-87.70406676,"['05/26/2022', '06:35:00', 'AM']",INCAPACITATING INJURY with Device
66bc58dfd572a7b8dc655540f9c5a72098cc86724123b49e8c255f7cd4ed1f50f716e788b5ae0a8345afc66752b353011ef93ec2f4f224cd497d8d72d9503f93,2022-05-26 06:15:00,Thursday,30,TRAFFIC SIGNAL,RAIN,DAYLIGHT,REAR END,WET,INJURY AND / OR TOW DUE TO CRASH,"OVER $1,500",UNABLE TO DETERMINE,2,INCAPACITATING INJURY,1.0,0.0,1.0,6,5,5,41.91697333,-87.74626022,"['05/26/2022', '06:15:00', 'AM']",INCAPACITATING INJURY with Device