CRASH_RECORD_ID,CRASH_DATE,Weekday,POSTED_SPEED_LIMIT,TRAFFIC_CONTROL_DEVICE,WEATHER_CONDITION,LIGHTING_CONDITION,FIRST_CRASH_TYPE,ROADWAY_SURFACE_COND,CRASH_TYPE,DAMAGE,PRIM_CONTRIBUTORY_CAUSE,NUM_UNITS,MOST_SEVERE_INJURY,INJURIES_TOTAL,INJURIES_FATAL,INJURIES_INCAPACITATING,CRASH_HOUR,CRASH_DAY_OF_WEEK,CRASH_MONTH,LATITUDE,LONGITUDE,CRASH_TIME,CATEGORIES
2e25a9c19dd8e28519ef3d48a65a4810312ef163ff169085949b1a509662a51fd7c9181cd77f57da9807709d59fbcc4e4ee5a93e09b51ccf90997d883767a445,2022-05-14 11:00:00,Saturday,30,NO CONTROLS,CLEAR,DAYLIGHT,PEDESTRIAN,DRY,INJURY AND / OR TOW DUE TO CRASH,$500 OR LESS,"OPERATING VEHICLE IN ERRATIC, RECKLESS, CARELESS, NEGLIGENT OR AGGRESSIVE MANNER",2,INCAPACITATING INJURY,1.0,0.0,1.0,11,7,5,41.77118409,-87.66505763,"['05/14/2022', '11:00:00', 'AM']",INCAPACITATING INJURY without Device
285fa0d8bb87c852d474d385c96f15ab52218029a2ef1dcb46236692cf6688b7883251cb6615c97d9d34eb6c220da297ae4158d6fc31bd9907a5ea3ed403447d,2022-05-14 08:44:00,Saturday,30,TRAFFIC SIGNAL,CLEAR,DAYLIGHT,PEDALCYCLIST,DRY,INJURY AND / OR TOW DUE TO CRASH,"$501 - $1,500",UNABLE TO DETERMINE,2,INCAPACITATING INJURY,1.0,0.0,1.0,8,7,5,41.75887774,-87.58568244,"['05/14/2022', '08:44:00', 'AM']",INCAPACITATING INJURY with Device
7c3f8bab2e359543fdb505a90be51fe472a9baca14e418e285a3040586db6ba77952bdc38b2b650ac3f6647893c4688cae2d9517a9dd1fe1c50a6332e43878cf,2022-05-14 02:30:00,Saturday,30,TRAFFIC SIGNAL,CLEAR,"DARKNESS, LIGHTED ROAD",ANGLE,DRY,INJURY AND / OR TOW DUE TO CRASH,"OVER $1,500",UNABLE TO DETERMINE,2,INCAPACITATING INJURY,1.0,0.0,1.0,2,7,5,41.77281768,-87.63002449,"['05/14/2022', '02:30:00', 'AM']",INCAPACITATING INJURY with Device
e5be6ebb0d1ee8790f545fa240f9378275891614ebff9bb7298be561a4781f9d051cba2076277ea914a512ef3a67404efa499fba1d56c1cfd6be59fcb34479be,2022-05-14 01:03:00,Saturday,40,TRAFFIC SIGNAL,CLEAR,"DARKNESS, LIGHTED ROAD",PEDESTRIAN,DRY,INJURY AND / OR TOW DUE TO CRASH,"OVER $1,500",UNABLE TO DETERMINE,2,INCAPACITATING INJURY,1.0,0.0,1.0,1,7,5,41.87331875,-87.61746065,"['05/14/2022', '01:03:00', 'AM']",INCAPACITATING INJURY with Device
7dc955a8c2355fda29a65a84545e77a5666174766536b650ade51f2f2edabcd94c2d364cb44cd4acb9280e0206b7fb6db9ff7a350dedcf4f55774cf0048ee4b3,2022-05-14 01:02:00,Saturday,30,NO CONTROLS,CLEAR,"DARKNESS, LIGHTED ROAD",FIXED OBJECT,DRY,INJURY AND / OR TOW DUE TO CRASH,"OVER $1,500",DISTRACTION - FROM OUTSIDE VEHICLE,1,INCAPACITATING INJURY,1.0,0.0,1.0,1,7,5,41.8294016,-87.68457962,"['05/14/2022', '01:02:00', 'AM']",INCAPACITATING INJURY without Device
e0b2f2c973bd72791e6097fbfaa9752d880d47228d8a0642f42ac85838e27ab4a77d5045b05b6df591b67f86b004796c371311ad504b40c54dea679b2be75bbe,2022-05-14 00:55:00,Saturday,30,NO CONTROLS,CLEAR,"DARKNESS, LIGHTED ROAD",FIXED OBJECT,UNKNOWN,INJURY AND / OR TOW DUE TO CRASH,"OVER $1,500",UNABLE TO DETERMINE,1,INCAPACITATING INJURY,1.0,0.0,1.0,0,7,5,41.78120045,-87.66440654,"['05/14/2022', '12:55:00', 'AM']",INCAPACITATING INJURY without Device
625eb1a1c254d5459e7dc6a96ee62bf487a974e0565f169bbcc255bbde15b2adbaae4454f0abcfd4bbbd72d8954ff1c60373620305c1080375df5861870505c3,2022-05-14 00:50:00,Saturday,30,NO CONTROLS,CLEAR,"DARKNESS, LIGHTED ROAD",PEDESTRIAN,DRY,INJURY AND / OR TOW DUE TO CRASH,$500 OR LESS,"OPERATING VEHICLE IN ERRATIC, RECKLESS, CARELESS, NEGLIGENT OR AGGRESSIVE MANNER",2,INCAPACITATING INJURY,1.0,0.0,1.0,0,7,5,41.94442315,-87.64925254,"['05/14/2022', '12:50:00', 'AM']",INCAPACITATING INJURY without Device
59ccc03bd0c406be91fc79cd0af4e28dcd466d91f97844308d0e0f4f44bf21f89403262846a6709879a19dd8e1857c3b36289fd343dab7f883b969bee4770f1a,2022-05-14 00:07:00,Saturday,30,NO CONTROLS,CLEAR,DARKNESS,TURNING,DRY,INJURY AND / OR TOW DUE TO CRASH,"OVER $1,500",IMPROPER TURNING/NO SIGNAL,2,INCAPACITATING INJURY,1.0,0.0,1.0,0,7,5,41.88048102,-87.73727014,"['05/14/2022', '12:07:00', 'AM']",INCAPACITATING INJURY without Device
6999f89a64dc492e37e7f6331ffeb9d7710bc317e23001157997551e8e8df572a7fe478f281524bd8d6823a9ed4995f69cf4eac9248dd4101774693df7dd681d,2022-05-13 23:08:00,Friday,15,NO CONTROLS,CLEAR,"DARKNESS, LIGHTED ROAD",PEDESTRIAN,UNKNOWN,INJURY AND / OR TOW DUE TO CRASH,"$501 - $1,500",UNABLE TO DETERMINE,2,INCAPACITATING INJURY,1.0,0.0,1.0,23,6,5,41.90247624,-87.7252203,"['05/13/2022', '11:08:00', 'PM']",INCAPACITATING INJURY without Device
e24b12429e3551863bc2092120ee1fe8f47f0e36ac3033856da4db51ffc2c9112913860e79307e7f82f0b9c56a69950bbe7d6bddfe96e91b75ae276852e38981,2022-05-13 21:46:00,Friday,30,NO CONTROLS,CLEAR,"DARKNESS, LIGHTED ROAD",PEDESTRIAN,DRY,INJURY AND / OR TOW DUE TO CRASH,"OVER $1,500",DRIVING ON WRONG SIDE/WRONG WAY,4,INCAPACITATING INJURY,1.0,0.0,1.0,21,6,5,41.75137616,-87.58274273,"['05/13/2022', '09:46:00', 'PM']",INCAPACITATING INJURY without Device
b07737e549841fc6b407330752a18daab2638b0d3a6da39a036066f1dded19d736ee7ac717c8d9b123b510d85f5440d14ac37ff28e9448c2d3cbe35fe87c5566,2022-05-13 13:11:00,Friday,30,NO CONTROLS,CLEAR,DAYLIGHT,TURNING,DRY,INJURY AND / OR TOW DUE TO CRASH,"OVER $1,500",UNABLE TO DETERMINE,2,INCAPACITATING INJURY,1.0,0.0,1.0,13,6,5,41.78425909,-87.62528451,"['05/13/2022', '01:11:00', 'PM']",INCAPACITATING INJURY without Device
8509d6183b036c77ebd3936527a4e36b210c430272a9ea3dd5d645999d0a1124c8b731c2890360c8c69d17b4aa4c5a9be545a140a5b06aa8b721136136b2cd6e,2022-05-13 12:20:00,Friday,35,NO CONTROLS,CLEAR,DAYLIGHT,ANGLE,DRY,INJURY AND / OR TOW DUE TO CRASH,"$501 - $1,500",UNABLE TO DETERMINE,2,INCAPACITATING INJURY,2.0,0.0,1.0,12,6,5,41.71948834,-87.68187258,"['05/13/2022', '12:20:00', 'PM']",INCAPACITATING INJURY without Device
42a35fda53488fb2ba221d42f66f720c634e21ffb1027419313ebbc63f043f1c807a06671daea10bd74e24def1b8d6ac847fbad1cb7d9dc62bf305b72560bfe7,2022-05-13 11:20:00,Friday,30,STOP SIGN/FLASHER,CLEAR,DAYLIGHT,REAR END,DRY,INJURY AND / OR TOW DUE TO CRASH,"OVER $1,500",IMPROPER OVERTAKING/PASSING,5,INCAPACITATING INJURY,3.0,0.0,3.0,11,6,5,41.86075856,-87.73494442,"['05/13/2022', '11:20:00', 'AM']",INCAPACITATING INJURY with Device
373a56be9c4b05fa73fcdaa5471e89ccba25fe5591e6b6285ef844f375444a72f73049fc68203bdd660da80dbed88f9b232dee0344fb464e10f69729d64b8df1,2022-05-13 08:45:00,Friday,35,STOP SIGN/FLASHER,CLEAR,DAYLIGHT,SIDESWIPE SAME DIRECTION,DRY,INJURY AND / OR TOW DUE TO CRASH,"OVER $1,500","OPERATING VEHICLE IN ERRATIC, RECKLESS, CARELESS, NEGLIGENT OR AGGRESSIVE MANNER",2,INCAPACITATING INJURY,1.0,0.0,1.0,8,6,5,41.73620947,-87.62430552,"['05/13/2022', '08:45:00', 'AM']",INCAPACITATING INJURY with Device
3560f4a95d68c8162b3f14f28c0d490190c6333db8a8cc5582bc2a002f19cc4ffcee26bc3a642d39982087c68a2c0bebd3363fc382f23a5a823b28d19b3d244a,2022-05-13 07:25:00,Friday,30,TRAFFIC SIGNAL,CLEAR,DAYLIGHT,ANGLE,DRY,INJURY AND / OR TOW DUE TO CRASH,"OVER $1,500",UNABLE TO DETERMINE,2,INCAPACITATING INJURY,1.0,0.0,1.0,7,6,5,41.77842289,-87.73511067,"['05/13/2022', '07:25:00', 'AM']",INCAPACITATING INJURY with Device
4c041b2a78d042e048c5ecb9e61f34bb6ce2a04301151e8d28f188000e3bd3a37daeac231f4773672191b65f49aeea1625a2632700565c54f4754d87984bec47,2022-05-13 04:14:00,Friday,30,TRAFFIC SIGNAL,CLEAR,"DARKNESS, LIGHTED ROAD",FIXED OBJECT,DRY,INJURY AND / OR TOW DUE TO CRASH,"OVER $1,500",UNABLE TO DETERMINE,1,INCAPACITATING INJURY,1.0,0.0,1.0,4,6,5,41.79236339,-87.78647639,"['05/13/2022', '04:14:00', 'AM']",INCAPACITATING INJURY with Device
9a9a1e202df82984efc9bb049c0ee2bae23a3157726c509c7e37209ecb9299f43c594f2f26ce3de39276c27aed4030111bfd1b85405a4b25e1eab67379f3d479,2022-05-13 03:39:00,Friday,25,TRAFFIC SIGNAL,CLEAR,"DARKNESS, LIGHTED ROAD",PARKED MOTOR VEHICLE,DRY,INJURY AND / OR TOW DUE TO CRASH,"OVER $1,500",UNABLE TO DETERMINE,2,INCAPACITATING INJURY,1.0,0.0,1.0,3,6,5,41.96554147,-87.65467053,"['05/13/2022', '03:39:00', 'AM']",INCAPACITATING INJURY with Device
d7c4767e50841fa06c8563657de86d9e3cbd76dc8fe7ee0644e9443754268b316fc7a37ac8d2c9d48bfb0725764c61958fb3fb6f86ea3c5222055ba32f602f50,2022-05-12 21:42:00,Thursday,30,NO CONTROLS,CLEAR,"DARKNESS, LIGHTED ROAD",PEDALCYCLIST,DRY,INJURY AND / OR TOW DUE TO CRASH,"OVER $1,500","OPERATING VEHICLE IN ERRATIC, RECKLESS, CARELESS, NEGLIGENT OR AGGRESSIVE MANNER",2,INCAPACITATING INJURY,1.0,0.0,1.0,21,5,5,41.76122493,-87.66383354,"['05/12/2022', '09:42:00', 'PM']",INCAPACITATING INJURY without Device
5d171acb03804fc10c0098e061a002b524690f8ab8a679363a15532224dfe47bf8d5c854ed1b8348f7a88f8432f79440d8d0e856a202a2daccbdce98783d1975,2022-05-12 20:43:00,Thursday,40,TRAFFIC SIGNAL,CLEAR,"DARKNESS, LIGHTED ROAD",REAR END,DRY,INJURY AND / OR TOW DUE TO CRASH,"OVER $1,500",FAILING TO REDUCE SPEED TO AVOID CRASH,3,INCAPACITATING INJURY,3.0,0.0,1.0,20,5,5,41.89709828,-87.61739589,"['05/12/2022', '08:43:00', 'PM']",INCAPACITATING INJURY with Device
9f1c210eec12444c5c5ad072ae9255d48911c8df615cc0ba05af940893f204e507db808ce941614a59c770e67c0a291ae88800bf1b1cf37640be9efd1361512e,2022-05-12 20:32:00,Thursday,30,TRAFFIC SIGNAL,CLEAR,"DARKNESS, LIGHTED ROAD",PEDESTRIAN,DRY,INJURY AND / OR TOW DUE TO CRASH,"OVER $1,500","OPERATING VEHICLE IN ERRATIC, RECKLESS, CARELESS, NEGLIGENT OR AGGRESSIVE MANNER",2,INCAPACITATING INJURY,2.0,0.0,1.0,20,5,5,41.86639818,-87.6961231,"['05/12/2022', '08:32:00', 'PM']",INCAPACITATING INJURY with Device
695fe0dc03843911bb8e44efcf6c329dad6d7f08b2dd0ff876708a5eb9910f2e0975a71a053d28c6decbada52825f2c4a684edddf4d20420c7c75c421b8d6a5a,2022-05-12 20:31:00,Thursday,30,TRAFFIC SIGNAL,CLEAR,DARKNESS,TURNING,DRY,INJURY AND / OR TOW DUE TO CRASH,"OVER $1,500",UNABLE TO DETERMINE,2,INCAPACITATING INJURY,1.0,0.0,1.0,20,5,5,41.94921087,-87.81707837,"['05/12/2022', '08:31:00', 'PM']",INCAPACITATING INJURY with Device
0373e37bad27819c577202601b24a80d57615fe0dd080eded1d11498a659ec521a5c4e985c005bf0a4b116c1d80770e3a700d5e21ea0a5cfb40e83590650051a,2022-05-12 20:30:00,Thursday,30,TRAFFIC SIGNAL,CLEAR,DUSK,SIDESWIPE SAME DIRECTION,DRY,INJURY AND / OR TOW DUE TO CRASH,"OVER $1,500",UNABLE TO DETERMINE,3,INCAPACITATING INJURY,1.0,0.0,1.0,20,5,5,41.89259323,-87.62433405,"['05/12/2022', '08:30:00', 'PM']",INCAPACITATING INJURY with Device
4b2bc3127199e6b1fabddcad4414dc46346f1a8ab16d90363b3869b26895a736631bcd22df386e6637bf3a3c6939cc38c09c1437bbc108801dc313e634e2e7ea,2022-05-12 20:05:00,Thursday,30,NO CONTROLS,CLEAR,"DARKNESS, LIGHTED ROAD",PEDESTRIAN,DRY,INJURY AND / OR TOW DUE TO CRASH,"OVER $1,500",UNABLE TO DETERMINE,2,INCAPACITATING INJURY,1.0,0.0,1.0,20,5,5,41.77960483,-87.69326173,"['05/12/2022', '08:05:00', 'PM']",INCAPACITATING INJURY without Device
2fc2bb0251c5950b7e989d453dde96cd4c3b44125246de6a6a53fd988c2aad3601a1a3102405089a636fe02929e3bb839a748ea3b4ff05b928050c634fd75e9b,2022-05-12 18:54:00,Thursday,15,NO CONTROLS,CLEAR,DAYLIGHT,OTHER OBJECT,DRY,INJURY AND / OR TOW DUE TO CRASH,"OVER $1,500",PHYSICAL CONDITION OF DRIVER,1,INCAPACITATING INJURY,1.0,0.0,1.0,18,5,5,41.98635934,-87.79485541,"['05/12/2022', '06:54:00', 'PM']",INCAPACITATING INJURY without Device
a1e4899959156aee6742a1923efdf68eb119dcff2dc97e23cfe332e49e0cb7935ba76868685117a35e6de1dc16d9c1796a2acc50e15b193948ad00ed3051f405,2022-05-12 17:00:00,Thursday,30,NO CONTROLS,CLEAR,DAYLIGHT,PEDALCYCLIST,DRY,INJURY AND / OR TOW DUE TO CRASH,"OVER $1,500",NOT APPLICABLE,2,INCAPACITATING INJURY,1.0,0.0,1.0,17,5,5,41.66324631,-87.63915125,"['05/12/2022', '05:00:00', 'PM']",INCAPACITATING INJURY without Device
127c765a8c7e7716e8a9345cd7adba2a717d34781bc5e3f39f31e54825b899984b136b53f5cf82de0eb2ba04da2957003e0217731df41fdb8e371fd278c84e91,2022-05-12 00:06:00,Thursday,30,NO CONTROLS,CLEAR,"DARKNESS, LIGHTED ROAD",REAR END,DRY,INJURY AND / OR TOW DUE TO CRASH,"OVER $1,500",DRIVING SKILLS/KNOWLEDGE/EXPERIENCE,2,INCAPACITATING INJURY,4.0,0.0,3.0,0,5,5,41.86940131,-87.62036218,"['05/12/2022', '12:06:00', 'AM']",INCAPACITATING INJURY without Device
880f26bae2235be6a81fcfbb611a40057445e9b778d68e8d744c5675c6211210c10c3db941c2a963be720b988f213ed8f7c397a51a2a66ffcc088bfb6b4a1141,2022-05-11 22:02:00,Wednesday,30,TRAFFIC SIGNAL,CLEAR,"DARKNESS, LIGHTED ROAD",PEDESTRIAN,DRY,INJURY AND / OR TOW DUE TO CRASH,"OVER $1,500",UNABLE TO DETERMINE,2,INCAPACITATING INJURY,1.0,0.0,1.0,22,4,5,41.88705366,-87.62785239,"['05/11/2022', '10:02:00', 'PM']",INCAPACITATING INJURY with Device
f3d7e3a328819dd3dc93fb395a783d190d11b3cd2549c34fa15baf7f56054b1924958db370ab9f9f20d207725f7d3ff2ec7b6d3041086f3822c5584b531afde0,2022-05-11 13:45:00,Wednesday,30,STOP SIGN/FLASHER,CLEAR,DAYLIGHT,PEDESTRIAN,DRY,INJURY AND / OR TOW DUE TO CRASH,"OVER $1,500",FAILING TO YIELD RIGHT-OF-WAY,2,INCAPACITATING INJURY,1.0,0.0,1.0,13,4,5,41.89823607,-87.62704588,"['05/11/2022', '01:45:00', 'PM']",INCAPACITATING INJURY with Device
69cdb2b4bac5755ba0350dd4e8a4f5611ec9b29b59f585cb11b03fb8fafb8555da2019c5eeef967d6a8bdd1b2c3339bf2149b3f97c6b6f1637ded226a602950b,2022-05-11 13:26:00,Wednesday,25,NO CONTROLS,CLEAR,DAYLIGHT,ANGLE,DRY,INJURY AND / OR TOW DUE TO CRASH,"$501 - $1,500",UNABLE TO DETERMINE,2,INCAPACITATING INJURY,1.0,0.0,1.0,13,4,5,41.86931257,-87.74500673,"['05/11/2022', '01:26:00', 'PM']",INCAPACITATING INJURY without Device
7f2ce9c729950c40771fde3046a8d19d00844496df095035c14b86f2e5e5a50dce0be16ccf991148a9a9523c561a5f4d8669b84826eea8671731d4ea442d2897,2022-05-11 13:06:00,Wednesday,30,TRAFFIC SIGNAL,CLEAR,DAYLIGHT,PEDESTRIAN,DRY,INJURY AND / OR TOW DUE TO CRASH,"OVER $1,500",IMPROPER LANE USAGE,3,FATAL,3.0,1.0,1.0,13,4,5,41.99051688,-87.68258356,"['05/11/2022', '01:06:00', 'PM']",FATAL with Device
48147ddcb0a0f69d9097ac30fc58d20692b824c808c7d29b1990fd9531ce77d871f98e81b5d7505146337c39c6c3fc49b31677c79eaf70f28efb31caac047884,2022-05-11 12:59:00,Wednesday,30,TRAFFIC SIGNAL,CLEAR,DAYLIGHT,REAR END,DRY,INJURY AND / OR TOW DUE TO CRASH,"OVER $1,500",DRIVING SKILLS/KNOWLEDGE/EXPERIENCE,2,INCAPACITATING INJURY,1.0,0.0,1.0,12,4,5,41.9936403,-87.65535122,"['05/11/2022', '12:59:00', 'PM']",INCAPACITATING INJURY with Device
6e9f42ba30b5b10d34865fb9ae855df25759e61e2c50944874a72a912ca609a7b37ce2487c96eb84d3dd934c265673092f64e1d3d236d009f546fa4a1f29e1d1,2022-05-11 12:00:00,Wednesday,30,NO CONTROLS,CLEAR,DAYLIGHT,PARKED MOTOR VEHICLE,DRY,INJURY AND / OR TOW DUE TO CRASH,"OVER $1,500",IMPROPER LANE USAGE,3,INCAPACITATING INJURY,1.0,0.0,1.0,12,4,5,41.76921568,-87.72266642,"['05/11/2022', '12:00:00', 'PM']",INCAPACITATING INJURY without Device
b8637ddf7252962192680e4a64ed3bd4fb0797c6b6d6a2a8ed4b8fdec58c800e71c42b45a5af9d49451e8f43c78e1cffa71c3bf9a44fd8666507c61248d62dfa,2022-05-10 22:22:00,Tuesday,30,TRAFFIC SIGNAL,CLEAR,"DARKNESS, LIGHTED ROAD",TURNING,DRY,INJURY AND / OR TOW DUE TO CRASH,"OVER $1,500",DISREGARDING TRAFFIC SIGNALS,2,INCAPACITATING INJURY,1.0,0.0,1.0,22,3,5,41.70264303,-87.53542985,"['05/10/2022', '10:22:00', 'PM']",INCAPACITATING INJURY with Device
e79a93ec3dc9321f5606a0a8f310dfda3653d25f18e6bfd2af65c7d1d1eb6a7ad3d86d77589b75f657dc5c9a55e43ad2738171fcea12b10f981283206f79bfe3,2022-05-10 21:00:00,Tuesday,15,NO CONTROLS,CLEAR,DARKNESS,FIXED OBJECT,DRY,INJURY AND / OR TOW DUE TO CRASH,"OVER $1,500",NOT APPLICABLE,1,INCAPACITATING INJURY,1.0,0.0,1.0,21,3,5,41.75160323,-87.58656543,"['05/10/2022', '09:00:00', 'PM']",INCAPACITATING INJURY without Device
c5c7f1d627f4de693efacd79a668db50b8eb90373197327e18e5bc32661bab7b45586e7a5d2d689b7f691375d51b0043eafaa7d43c2faa764720d765d26436f2,2022-05-10 17:15:00,Tuesday,30,NO CONTROLS,CLEAR,DAYLIGHT,TURNING,DRY,INJURY AND / OR TOW DUE TO CRASH,"OVER $1,500",IMPROPER OVERTAKING/PASSING,2,INCAPACITATING INJURY,1.0,0.0,1.0,17,3,5,41.75592479,-87.66349715,"['05/10/2022', '05:15:00', 'PM']",INCAPACITATING INJURY without Device
d8fa9699371b365549babf4276ebceea059d5f9f403dc13418bb3a533337271f6814c9c5b99b949aabe4bc47ad6b53ca3cbbc14820e016ba51d234debed354dc,2022-05-10 15:45:00,Tuesday,30,NO CONTROLS,CLEAR,DAYLIGHT,PEDALCYCLIST,DRY,INJURY AND / OR TOW DUE TO CRASH,$500 OR LESS,IMPROPER OVERTAKING/PASSING,2,INCAPACITATING INJURY,1.0,0.0,1.0,15,3,5,41.81867081,-87.69700638,"['05/10/2022', '03:45:00', 'PM']",INCAPACITATING INJURY without Device
637fcfa39524d00f80f98906220d5837082bb63c9669ed9dd5702c633240b42437302153098e206d41071ea2460277398035361d1c9f5f6b1c769bde8294e65b,2022-05-10 14:30:00,Tuesday,25,TRAFFIC SIGNAL,CLEAR,DAYLIGHT,PEDESTRIAN,DRY,INJURY AND / OR TOW DUE TO CRASH,"OVER $1,500",UNABLE TO DETERMINE,2,FATAL,1.0,1.0,0.0,14,3,5,41.8959245,-87.66966384,"['05/10/2022', '02:30:00', 'PM']",FATAL with Device
009b16cd76efe696d6e2492b8526bd3ed40289674414284c4fd2a65174f93a51cffbf4d2133f9ca9c3b47a330676ff94d94c09f3c2227c0314ce78cbbd2120b1,2022-05-10 09:51:00,Tuesday,30,TRAFFIC SIGNAL,CLEAR,DAYLIGHT,PEDESTRIAN,DRY,INJURY AND / OR TOW DUE TO CRASH,$500 OR LESS,FAILING TO YIELD RIGHT-OF-WAY,2,INCAPACITATING INJURY,1.0,0.0,1.0,9,3,5,41.79275553,-87.58380402,"['05/10/2022', '09:51:00', 'AM']",INCAPACITATING INJURY with Device
a1cf07d147f081dcbbf809b9aa581b9729f7158a5ef48c3a622fc4df8f0979825aff7bc10046d65b44cb09c97b7efe983c424e0f34b2e1e0450127e4f1de9589,2022-05-10 01:12:00,Tuesday,30,NO CONTROLS,CLEAR,"DARKNESS, LIGHTED ROAD",TURNING,DRY,INJURY AND / OR TOW DUE TO CRASH,"OVER $1,500",UNABLE TO DETERMINE,3,INCAPACITATING INJURY,1.0,0.0,1.0,1,3,5,41.75481094,-87.589967,"['05/10/2022', '01:12:00', 'AM']",INCAPACITATING INJURY without Device
c64cf80913114dfa72ea1bc6c65693d17f25c95d9f9de345e81881eb3827d62d36d876e0171d6bb17f9bd65260745ac2b6e5aa9d50cf725d7b363e3b35a3568b,2022-05-10 00:07:00,Tuesday,35,TRAFFIC SIGNAL,CLEAR,"DARKNESS, LIGHTED ROAD",TURNING,DRY,INJURY AND / OR TOW DUE TO CRASH,"OVER $1,500",DISREGARDING TRAFFIC SIGNALS,2,INCAPACITATING INJURY,3.0,0.0,1.0,0,3,5,41.78053322,-87.58478733,"['05/10/2022', '12:07:00', 'AM']",INCAPACITATING INJURY with Device
cfe600279bf212a7e59a4df8de9575c263c165436055814033b4f157cbeda0414bbce396dea50c4ff559333b9597ac5e31d712c81820e5eb1ba5b88891e4e5ae,2022-05-09 23:10:00,Monday,20,STOP SIGN/FLASHER,CLEAR,"DARKNESS, LIGHTED ROAD",TURNING,DRY,INJURY AND / OR TOW DUE TO CRASH,"OVER $1,500",FAILING TO YIELD RIGHT-OF-WAY,4,INCAPACITATING INJURY,1.0,0.0,1.0,23,2,5,41.91218805,-87.68049072,"['05/09/2022', '11:10:00', 'PM']",INCAPACITATING INJURY with Device
171c4d7e2684c743b01addc86c88727576d72a38b5fc1ee423fd44b1c67d6aaea321eee90668fb0220236d2671e246755ea2cf6900ae39fa8a11ea6aa03db7e8,2022-05-09 19:44:00,Monday,30,TRAFFIC SIGNAL,CLEAR,DAYLIGHT,PEDALCYCLIST,DRY,INJURY AND / OR TOW DUE TO CRASH,$500 OR LESS,FAILING TO YIELD RIGHT-OF-WAY,2,INCAPACITATING INJURY,1.0,0.0,1.0,19,2,5,41.89579624,-87.6549536,"['05/09/2022', '07:44:00', 'PM']",INCAPACITATING INJURY with Device
156a0098a24d02de541e141c318197b09f8d7f80db3fa42d6c28f4a75d49bfdf0ec544c04454d42e807dcb5daf22788676df5bb4d62872924827313bfcaf4ab1,2022-05-09 18:20:00,Monday,30,TRAFFIC SIGNAL,CLEAR,DAYLIGHT,TURNING,DRY,INJURY AND / OR TOW DUE TO CRASH,"OVER $1,500",FAILING TO YIELD RIGHT-OF-WAY,2,INCAPACITATING INJURY,1.0,0.0,1.0,18,2,5,41.85298181,-87.63490834,"['05/09/2022', '06:20:00', 'PM']",INCAPACITATING INJURY with Device
19109e3385291ff05427450b7471a9d362d4e095bf61d6f9a232d79623f8aaf4c6e86769003310dffdad5d466f650fb91adf65646a010bd66af6c89f48ac3250,2022-05-09 17:25:00,Monday,30,TRAFFIC SIGNAL,CLEAR,DAYLIGHT,PEDALCYCLIST,DRY,INJURY AND / OR TOW DUE TO CRASH,"OVER $1,500",BICYCLE ADVANCING LEGALLY ON RED LIGHT,2,INCAPACITATING INJURY,1.0,0.0,1.0,17,2,5,41.75301313,-87.60539305,"['05/09/2022', '05:25:00', 'PM']",INCAPACITATING INJURY with Device
61cc6e8223a6ca7475fcd2521756deab99541e11b7ec0156ac4b0d9e5217918900f56d82115d357583ce8e8b410a87b8b5226758a455da600fcdd2a45b7b676a,2022-05-09 17:03:00,Monday,30,TRAFFIC SIGNAL,CLEAR,DAYLIGHT,HEAD ON,DRY,INJURY AND / OR TOW DUE TO CRASH,"OVER $1,500",UNABLE TO DETERMINE,2,INCAPACITATING INJURY,3.0,0.0,1.0,17,2,5,41.88418765,-87.70141117,"['05/09/2022', '05:03:00', 'PM']",INCAPACITATING INJURY with Device
f9bc02a7292342551549d77e3adeb78752652a1ff59afc62b15dab533b2b5e862a2c0799b1e4ce9b27851966960eca0e293d96eeb762dac467db3650c41d1c4e,2022-05-09 13:50:00,Monday,30,TRAFFIC SIGNAL,CLEAR,DAYLIGHT,ANGLE,DRY,INJURY AND / OR TOW DUE TO CRASH,"OVER $1,500",UNABLE TO DETERMINE,3,INCAPACITATING INJURY,3.0,0.0,2.0,13,2,5,41.86639934,-87.71039741,"['05/09/2022', '01:50:00', 'PM']",INCAPACITATING INJURY with Device
3207442c639d0abcc742576b99e33c95a1dd6df24b37c0c1f1c8bc8976779c09c2467f67c58a74af5fa4777a2a9565f71a39974f53865d055a231a1959ddbc0c,2022-05-09 12:00:00,Monday,30,TRAFFIC SIGNAL,CLEAR,DAYLIGHT,TURNING,DRY,INJURY AND / OR TOW DUE TO CRASH,"OVER $1,500",UNABLE TO DETERMINE,2,INCAPACITATING INJURY,1.0,0.0,1.0,12,2,5,41.99021233,-87.71404362,"['05/09/2022', '12:00:00', 'PM']",INCAPACITATING INJURY with Device
7bdf1bca2ed144f81cbf337efeba4e1d0bf67f30da23c09d648c07409efebc2bfccd43b0ad40a3277577c61f60e4b592a2ed9b70fb0c53da252364c86ca2a350,2022-05-09 03:25:00,Monday,30,NO CONTROLS,CLEAR,"DARKNESS, LIGHTED ROAD",PEDESTRIAN,DRY,INJURY AND / OR TOW DUE TO CRASH,$500 OR LESS,NOT APPLICABLE,2,INCAPACITATING INJURY,1.0,0.0,1.0,3,2,5,41.9522682,-87.71728799,"['05/09/2022', '03:25:00', 'AM']",INCAPACITATING INJURY without Device