CRASH_RECORD_ID,CRASH_DATE,Weekday,POSTED_SPEED_LIMIT,TRAFFIC_CONTROL_DEVICE,WEATHER_CONDITION,LIGHTING_CONDITION,FIRST_CRASH_TYPE,ROADWAY_SURFACE_COND,CRASH_TYPE,DAMAGE,PRIM_CONTRIBUTORY_CAUSE,NUM_UNITS,MOST_SEVERE_INJURY,INJURIES_TOTAL,INJURIES_FATAL,INJURIES_INCAPACITATING,CRASH_HOUR,CRASH_DAY_OF_WEEK,CRASH_MONTH,LATITUDE,LONGITUDE,CRASH_TIME,CATEGORIES
f705724947a07746e087f7a12b925d602a47374777828ac0ee97eb62995921c9ec19f8269753f4702469c1c93aae30a9073597abd135fa136876758b3b44aa14,2022-04-29 20:56:00,Friday,30,STOP SIGN/FLASHER,CLEAR,"DARKNESS, LIGHTED ROAD",ANGLE,DRY,INJURY AND / OR TOW DUE TO CRASH,"OVER $1,500",FAILING TO YIELD RIGHT-OF-WAY,4,INCAPACITATING INJURY,1.0,0.0,1.0,20,6,4,41.85309004,-87.66837171,"['04/29/2022', '08:56:00', 'PM']",INCAPACITATING INJURY with Device
e52cf9df69727b374ce38f55036d02b1f0368f2635f07cfac3e2377be62ef43eaae40bc4101a35d57dc0b86f8f6341f29467e28015fa959bc9e711032d68e6b6,2022-04-29 19:37:00,Friday,30,STOP SIGN/FLASHER,RAIN,DUSK,TURNING,WET,INJURY AND / OR TOW DUE TO CRASH,"OVER $1,500",EQUIPMENT - VEHICLE CONDITION,2,INCAPACITATING INJURY,15.0,0.0,3.0,19,6,4,41.8014677,-87.66463328,"['04/29/2022', '07:37:00', 'PM']",INCAPACITATING INJURY with Device
fd5dd04443fba11576db5487ba8fd5d426eb010cdf1ae5743b78f5e56a8d20a2447102d02de41c48fefe4f74aa5820444cb30f42880a831cc811970610b3cfae,2022-04-29 15:00:00,Friday,30,STOP SIGN/FLASHER,CLEAR,DAYLIGHT,ANGLE,DRY,INJURY AND / OR TOW DUE TO CRASH,"OVER $1,500",UNABLE TO DETERMINE,2,INCAPACITATING INJURY,2.0,0.0,2.0,15,6,4,41.86494553,-87.68358646,"['04/29/2022', '03:00:00', 'PM']",INCAPACITATING INJURY with Device
f126fc8f24c0a6c648be840e523bfc418e09ad33870a1bf0640b06b29789e88283657aa203ca8285b7b1716df9d55ee6046b72bb9af4ee6f70e93365fb6656a4,2022-04-28 23:15:00,Thursday,25,NO CONTROLS,CLEAR,DARKNESS,SIDESWIPE SAME DIRECTION,DRY,INJURY AND / OR TOW DUE TO CRASH,"OVER $1,500",UNABLE TO DETERMINE,3,INCAPACITATING INJURY,1.0,0.0,1.0,23,5,4,41.8786383,-87.67681254,"['04/28/2022', '11:15:00', 'PM']",INCAPACITATING INJURY without Device
faebc04532704d8107956706313366e7bf0f56e7aecf61c93f6ff68ab2543431ecf5a623063731640eb597f6ccfbc39f1e31420fe1f3f220ace4817cde6cc00f,2022-04-28 19:24:00,Thursday,30,NO CONTROLS,CLEAR,DUSK,TURNING,DRY,INJURY AND / OR TOW DUE TO CRASH,"OVER $1,500",UNABLE TO DETERMINE,2,INCAPACITATING INJURY,2.0,0.0,1.0,19,5,4,41.76590533,-87.59167628,"['04/28/2022', '07:24:00', 'PM']",INCAPACITATING INJURY without Device
4fa3fa3d895da18ca12e94303934718e5f0d8184918984f0881e8046d8225eef9c69e0b3400ab206570e61e6abf1c5dd900647b6b861ed273c2427e724947257,2022-04-28 14:12:00,Thursday,30,STOP SIGN/FLASHER,CLOUDY/OVERCAST,DAYLIGHT,ANGLE,DRY,INJURY AND / OR TOW DUE TO CRASH,"OVER $1,500","OPERATING VEHICLE IN ERRATIC, RECKLESS, CARELESS, NEGLIGENT OR AGGRESSIVE MANNER",2,FATAL,1.0,1.0,0.0,14,5,4,41.89231009,-87.74586235,"['04/28/2022', '02:12:00', 'PM']",FATAL with Device
b1f7ee27b07d53debbd86783450b2ffd4be45854351e23001c3d9829fa07c529100a37fa39295c56ef5ef12972e6bfaedb926186c2502a62dd34bbb01f7633ff,2022-04-27 21:15:00,Wednesday,30,NO CONTROLS,CLEAR,"DARKNESS, LIGHTED ROAD",TURNING,DRY,INJURY AND / OR TOW DUE TO CRASH,"OVER $1,500",DRIVING ON WRONG SIDE/WRONG WAY,3,INCAPACITATING INJURY,2.0,0.0,1.0,21,4,4,41.73662876,-87.6134191,"['04/27/2022', '09:15:00', 'PM']",INCAPACITATING INJURY without Device
ffdc73b824fc4416db4230811adfaa20858380241a6b1ff69ea9a78db3665a7429cc707d26059a3ebeb50e165e178c97e43bb8fc2298ca557ebc6d7b8d96827a,2022-04-27 02:58:00,Wednesday,30,NO CONTROLS,CLEAR,"DARKNESS, LIGHTED ROAD",FIXED OBJECT,DRY,INJURY AND / OR TOW DUE TO CRASH,"OVER $1,500",UNABLE TO DETERMINE,1,INCAPACITATING INJURY,2.0,0.0,1.0,2,4,4,41.79449378,-87.64051875,"['04/27/2022', '02:58:00', 'AM']",INCAPACITATING INJURY without Device
61c232212c924f18a2668609baecf4c13e45a03dea484afcb088dda760dc8a4ed1b8206aed1ffa6467b0544738f7e2775af7810f58dea5ed9cc7818081547cbc,2022-04-26 15:10:00,Tuesday,30,TRAFFIC SIGNAL,CLEAR,DAYLIGHT,ANGLE,DRY,INJURY AND / OR TOW DUE TO CRASH,"OVER $1,500",DISREGARDING TRAFFIC SIGNALS,2,INCAPACITATING INJURY,2.0,0.0,1.0,15,3,4,41.89535175,-87.71625105,"['04/26/2022', '03:10:00', 'PM']",INCAPACITATING INJURY with Device
bb881e41d56d6ea6aff39e133566834a52706730bffec3e3f102393291d50d18cb81feb46e676eea40a78342bfbdbe08ff68828e86bd1b0672f48617a5b5b0fc,2022-04-26 14:18:00,Tuesday,30,NO CONTROLS,CLEAR,DAYLIGHT,ANGLE,DRY,INJURY AND / OR TOW DUE TO CRASH,"OVER $1,500",FAILING TO REDUCE SPEED TO AVOID CRASH,2,FATAL,1.0,1.0,0.0,14,3,4,41.78428898,-87.72277079,"['04/26/2022', '02:18:00', 'PM']",FATAL without Device
9991ac9b8b7d02d183a122554e42073a3fe18066e20a12bcb1d9bbc4c09c7978d47ccd09d6a1ae25a427302d8d9ae7f220e7a26430b06f041241b86159b3d290,2022-04-26 11:25:00,Tuesday,30,STOP SIGN/FLASHER,CLEAR,DAYLIGHT,ANGLE,DRY,INJURY AND / OR TOW DUE TO CRASH,"OVER $1,500",UNABLE TO DETERMINE,2,INCAPACITATING INJURY,2.0,0.0,1.0,11,3,4,41.78935188,-87.6222498,"['04/26/2022', '11:25:00', 'AM']",INCAPACITATING INJURY with Device
1bc74e5607f965e37284ad7ac6e2712663a975146b32a824165f8a837d838e9b4a91e27d7b7fc7bb44d2da44a640788f32c14a4a76216bc24b3e4c24ac18363f,2022-04-25 23:32:00,Monday,30,NO CONTROLS,CLEAR,"DARKNESS, LIGHTED ROAD",FIXED OBJECT,DRY,INJURY AND / OR TOW DUE TO CRASH,"OVER $1,500",NOT APPLICABLE,1,INCAPACITATING INJURY,1.0,0.0,1.0,23,2,4,41.7693559,-87.6202939,"['04/25/2022', '11:32:00', 'PM']",INCAPACITATING INJURY without Device
a0e242a342cba5a032b24a0805355462104988c4ceb11eb5732ec7bc099e324f290a0676ccd850a895ee1ba0252a4aedf3145b759fa77c53dc4d229d2e2d7a80,2022-04-25 18:00:00,Monday,15,NO CONTROLS,CLEAR,DAYLIGHT,PEDESTRIAN,DRY,INJURY AND / OR TOW DUE TO CRASH,"OVER $1,500","OPERATING VEHICLE IN ERRATIC, RECKLESS, CARELESS, NEGLIGENT OR AGGRESSIVE MANNER",2,INCAPACITATING INJURY,1.0,0.0,1.0,18,2,4,41.83977195,-87.64646751,"['04/25/2022', '06:00:00', 'PM']",INCAPACITATING INJURY without Device
ad518f31723848e2e9753b11f080ab4e57392ad73ec5724aa7d2b0b67230a9481bb1468983ac0816d30b6a34869db94de3ac2a6809fb7e0688397a850c52fe6e,2022-04-25 17:30:00,Monday,30,NO CONTROLS,CLEAR,DAYLIGHT,TURNING,DRY,INJURY AND / OR TOW DUE TO CRASH,"OVER $1,500",UNABLE TO DETERMINE,2,INCAPACITATING INJURY,2.0,0.0,2.0,17,2,4,41.76932753,-87.62171579,"['04/25/2022', '05:30:00', 'PM']",INCAPACITATING INJURY without Device
98595186d696119725095bc6af4e6655788a8ea091efff4a2fbb471f1e92134d125eb157eb98cebaf090fc4f3a222708e9876f632214885aa97af50aaf812a17,2022-04-25 15:03:00,Monday,30,STOP SIGN/FLASHER,CLEAR,DAYLIGHT,FIXED OBJECT,DRY,INJURY AND / OR TOW DUE TO CRASH,"OVER $1,500",PHYSICAL CONDITION OF DRIVER,1,INCAPACITATING INJURY,1.0,0.0,1.0,15,2,4,41.74062578,-87.57377692,"['04/25/2022', '03:03:00', 'PM']",INCAPACITATING INJURY with Device
843acac8e41cb3d13da60350fc45cba0a91250c3f707b167baf50d8b94adb3cb34c15503493ce43c8c796f3e4c6303e6bd5aeecb420e51e2dad12708523cf2eb,2022-04-25 14:30:00,Monday,30,NO CONTROLS,CLOUDY/OVERCAST,DAYLIGHT,REAR END,DRY,INJURY AND / OR TOW DUE TO CRASH,"OVER $1,500",FAILING TO REDUCE SPEED TO AVOID CRASH,3,INCAPACITATING INJURY,3.0,0.0,1.0,14,2,4,41.76903445,-87.57623116,"['04/25/2022', '02:30:00', 'PM']",INCAPACITATING INJURY without Device
28554c718a4c6bc871b4d4b545183b2c4d2d707d0ee04719d95c44edd7ae004413807f59b541b504a5ab574dd25ef8b94cf0386cb8d67b48437ce99603aa9d3f,2022-04-25 03:00:00,Monday,5,NO CONTROLS,CLEAR,"DARKNESS, LIGHTED ROAD",FIXED OBJECT,DRY,INJURY AND / OR TOW DUE TO CRASH,"OVER $1,500",DRIVING SKILLS/KNOWLEDGE/EXPERIENCE,2,INCAPACITATING INJURY,1.0,0.0,1.0,3,2,4,41.76558357,-87.68312028,"['04/25/2022', '03:00:00', 'AM']",INCAPACITATING INJURY without Device
24dfa5340ee3d8735e421f77235fa93c0088d6c15afb85e11567fdd21a7fade4304fde4d844f0690fbdaa777f5d02e6bd9ba14979b2ed779087e12f58606a9f1,2022-04-24 21:45:00,Sunday,15,NO CONTROLS,CLEAR,DUSK,PEDESTRIAN,DRY,INJURY AND / OR TOW DUE TO CRASH,"OVER $1,500",UNABLE TO DETERMINE,2,INCAPACITATING INJURY,1.0,0.0,1.0,21,1,4,41.84621542,-87.7053297,"['04/24/2022', '09:45:00', 'PM']",INCAPACITATING INJURY without Device
42c8edb691812e24e2814b3e585fbc1a1e2e4c1f9769613ce5ded14ceb50cbd74da0a10a2cdd1922145307e7dcbe8b8a7f889a52f5fc59df0913439e0ddd71fe,2022-04-24 15:01:00,Sunday,30,TRAFFIC SIGNAL,CLEAR,DAYLIGHT,TURNING,DRY,INJURY AND / OR TOW DUE TO CRASH,"OVER $1,500",FAILING TO YIELD RIGHT-OF-WAY,2,INCAPACITATING INJURY,1.0,0.0,1.0,15,1,4,41.99464166,-87.66055574,"['04/24/2022', '03:01:00', 'PM']",INCAPACITATING INJURY with Device
6aa0b027483efad85c2afa2553057ac72864972ea4adf67dd055cb8bb2e26d032c2bff4ddd9a04bde0bd0581d5dc18f775ba825b31c0055fd47d843ed1012593,2022-04-24 13:05:00,Sunday,20,STOP SIGN/FLASHER,RAIN,DAYLIGHT,ANGLE,WET,INJURY AND / OR TOW DUE TO CRASH,"OVER $1,500",DISREGARDING STOP SIGN,2,INCAPACITATING INJURY,1.0,0.0,1.0,13,1,4,41.79372315,-87.65237413,"['04/24/2022', '01:05:00', 'PM']",INCAPACITATING INJURY with Device
6ae5d1f3a944194f573b2d112c9832279c27d90f90708a74b7ac5b0b25e4b2d454974fd8f5af0ab00ced47c96d3b80081f8f6062fd92968848e1cfa4d7724352,2022-04-24 02:31:00,Sunday,35,TRAFFIC SIGNAL,CLEAR,DARKNESS,ANGLE,DRY,INJURY AND / OR TOW DUE TO CRASH,"OVER $1,500",DISREGARDING TRAFFIC SIGNALS,2,INCAPACITATING INJURY,3.0,0.0,1.0,2,1,4,41.78735114,-87.62080271,"['04/24/2022', '02:31:00', 'AM']",INCAPACITATING INJURY with Device
0f7ec3b5a21ad51f991e99f8592d9ae29934184f7947487f73fe28058d2212c41b98e16dbe279ec37ef27a3858583258d548838670656e50ccda922a27d0caae,2022-04-24 01:35:00,Sunday,30,TRAFFIC SIGNAL,CLEAR,"DARKNESS, LIGHTED ROAD",TURNING,DRY,INJURY AND / OR TOW DUE TO CRASH,"OVER $1,500",IMPROPER TURNING/NO SIGNAL,2,INCAPACITATING INJURY,1.0,0.0,1.0,1,1,4,41.88401718,-87.74526129,"['04/24/2022', '01:35:00', 'AM']",INCAPACITATING INJURY with Device
979c2167fc3dcd8984ce3e7e2dd436f5db8cafa24c2767375c574e317f57bc8b8429b252eed22deb3e05a8a6a4ce45d3492c407e0e398a6b0943a7bfcd3be487,2022-04-24 00:12:00,Sunday,30,NO CONTROLS,CLEAR,"DARKNESS, LIGHTED ROAD",REAR END,DRY,INJURY AND / OR TOW DUE TO CRASH,"OVER $1,500",FAILING TO REDUCE SPEED TO AVOID CRASH,3,INCAPACITATING INJURY,2.0,0.0,2.0,0,1,4,41.87226549,-87.62043047,"['04/24/2022', '12:12:00', 'AM']",INCAPACITATING INJURY without Device
d05750d97ee2dc3bd005755d5d1b12dbcbaf04b26ab2df28daa6d4d54e46608a74e99548ef0d96aee943c8525afc5e5d227d56be2391924fc67e916e44188f54,2022-04-23 23:17:00,Saturday,15,STOP SIGN/FLASHER,CLEAR,"DARKNESS, LIGHTED ROAD",PEDALCYCLIST,DRY,INJURY AND / OR TOW DUE TO CRASH,$500 OR LESS,NOT APPLICABLE,2,INCAPACITATING INJURY,1.0,0.0,1.0,23,7,4,41.86631006,-87.61027015,"['04/23/2022', '11:17:00', 'PM']",INCAPACITATING INJURY with Device
7424411f643ddff08fa90d5010df22002f0dd3e0d5403ecf69df1aa83643230959da72820f617d7c0cf6c62c8f95bdd4a0d535c92341e6c0901fe3b59fb735c6,2022-04-23 23:00:00,Saturday,30,TRAFFIC SIGNAL,UNKNOWN,UNKNOWN,PEDESTRIAN,UNKNOWN,INJURY AND / OR TOW DUE TO CRASH,"OVER $1,500",UNABLE TO DETERMINE,2,INCAPACITATING INJURY,1.0,0.0,1.0,23,7,4,41.89267129,-87.6225722,"['04/23/2022', '11:00:00', 'PM']",INCAPACITATING INJURY with Device
1480c5446bd704e06b8a20095bf6d43881ad93d32dd1ebc1196ef73df46e5af34ce071d65c9e0c7666d9c6d90756cf06244d51eefcc3f4fa05edb6258b6a381e,2022-04-23 20:35:00,Saturday,30,TRAFFIC SIGNAL,CLEAR,"DARKNESS, LIGHTED ROAD",PEDALCYCLIST,DRY,INJURY AND / OR TOW DUE TO CRASH,$500 OR LESS,UNABLE TO DETERMINE,2,INCAPACITATING INJURY,1.0,0.0,1.0,20,7,4,41.87185038,-87.64716647,"['04/23/2022', '08:35:00', 'PM']",INCAPACITATING INJURY with Device
b91b14ebe06cb0114906ce7131d14b9461a071d187de084e8f693ec264f3be959a36809ffa3ec821e59355f87a70e41b14a9b9e30767bde54b4f76e176e6e361,2022-04-23 20:16:00,Saturday,30,TRAFFIC SIGNAL,CLEAR,DARKNESS,ANGLE,DRY,INJURY AND / OR TOW DUE TO CRASH,"OVER $1,500",DISREGARDING TRAFFIC SIGNALS,2,INCAPACITATING INJURY,1.0,0.0,1.0,20,7,4,41.7658615,-87.58640131,"['04/23/2022', '08:16:00', 'PM']",INCAPACITATING INJURY with Device
e6b82b1f76b7cb4f9086317c868edc0fc6d96e106414468af8441282fe405cbc4f00eac0ef779241e14011c072353baf8191abbb86ad6b5a66a9811ca603088a,2022-04-23 19:55:00,Saturday,30,NO CONTROLS,CLEAR,DUSK,TURNING,DRY,INJURY AND / OR TOW DUE TO CRASH,"OVER $1,500",FAILING TO YIELD RIGHT-OF-WAY,2,FATAL,1.0,1.0,0.0,19,7,4,41.95316454,-87.75948311,"['04/23/2022', '07:55:00', 'PM']",FATAL without Device
172bd4acde71f3cdea596837d85594d83c8f622deab718b718226051efcaf20abf8de1d1ccfd45ca76c44a67e33ecdc817e7ee2b45d8dd2e494b0a4c2302ee48,2022-04-23 19:54:00,Saturday,30,TRAFFIC SIGNAL,CLEAR,"DARKNESS, LIGHTED ROAD",ANGLE,DRY,INJURY AND / OR TOW DUE TO CRASH,"OVER $1,500",FAILING TO YIELD RIGHT-OF-WAY,2,INCAPACITATING INJURY,4.0,0.0,1.0,19,7,4,41.8804472,-87.75775505,"['04/23/2022', '07:54:00', 'PM']",INCAPACITATING INJURY with Device
73461b8cd9e0339ccc8ae7a7ba623f91407b51836bb4f7fad53113bf8a0963b7f552f825605c91a335d04557ea9d883d5f9a7f85e29096b05c1dedb20d908cd4,2022-04-23 19:17:00,Saturday,30,NO CONTROLS,CLEAR,DAYLIGHT,PEDESTRIAN,DRY,INJURY AND / OR TOW DUE TO CRASH,"OVER $1,500",UNABLE TO DETERMINE,2,INCAPACITATING INJURY,1.0,0.0,1.0,19,7,4,41.90163817,-87.71881275,"['04/23/2022', '07:17:00', 'PM']",INCAPACITATING INJURY without Device
f8b6bded1e8ccbd68d4a6d16815a01f2bf5602fa748a73ed725d4a67d79982cc592d3ab3fa628c465dbb7c4dc8dcba7f1bf9afe6d082d5a266b361282dd5965d,2022-04-23 18:10:00,Saturday,30,NO CONTROLS,CLEAR,DAYLIGHT,SIDESWIPE SAME DIRECTION,DRY,INJURY AND / OR TOW DUE TO CRASH,"OVER $1,500",IMPROPER OVERTAKING/PASSING,2,INCAPACITATING INJURY,1.0,0.0,1.0,18,7,4,41.89653431,-87.64616344,"['04/23/2022', '06:10:00', 'PM']",INCAPACITATING INJURY without Device
b193d44b67009accba779c246d74123597dedb9d29c603583d85576784f7349f8a8092f991236380770eb820e31ec5cce17ae605307253e64802e55f3dc06d4a,2022-04-23 17:40:00,Saturday,30,TRAFFIC SIGNAL,CLEAR,DAYLIGHT,PEDESTRIAN,DRY,INJURY AND / OR TOW DUE TO CRASH,$500 OR LESS,HAD BEEN DRINKING (USE WHEN ARREST IS NOT MADE),2,INCAPACITATING INJURY,1.0,0.0,1.0,17,7,4,41.91389467,-87.7458425,"['04/23/2022', '05:40:00', 'PM']",INCAPACITATING INJURY with Device
9c53ca822343e22a15a7110cebb80545f188b0aa80f21170c91415825f4b2170e6d01d45d6cea98e35ea45be57900784f57be248b54db86c383ee628c02b5465,2022-04-23 16:20:00,Saturday,30,STOP SIGN/FLASHER,CLEAR,DAYLIGHT,ANGLE,DRY,INJURY AND / OR TOW DUE TO CRASH,"OVER $1,500",DISREGARDING STOP SIGN,2,INCAPACITATING INJURY,2.0,0.0,1.0,16,7,4,41.87625645,-87.72293026,"['04/23/2022', '04:20:00', 'PM']",INCAPACITATING INJURY with Device
cbc84bd43f958682465d6ac9fbf63d03f258e8fc76e01133d1a8f84f833d9044b3d85cd60a5525d9aecac00739acb5dde72be977d01f4accd6d9e54ca805d581,2022-04-23 15:45:00,Saturday,30,NO CONTROLS,CLEAR,DAYLIGHT,TURNING,DRY,INJURY AND / OR TOW DUE TO CRASH,"OVER $1,500",FAILING TO YIELD RIGHT-OF-WAY,2,INCAPACITATING INJURY,3.0,0.0,1.0,15,7,4,41.96501867,-87.76753806,"['04/23/2022', '03:45:00', 'PM']",INCAPACITATING INJURY without Device
1eb700ad635b72cdc19e1e8914e7901f3af53ee8d70abc06c9e36f83874877f505ffa76b823e98ade69e92324acbc0679856bc6407be54121e9a46d127084863,2022-04-23 12:39:00,Saturday,25,STOP SIGN/FLASHER,CLEAR,DAYLIGHT,TURNING,DRY,INJURY AND / OR TOW DUE TO CRASH,"OVER $1,500",FAILING TO YIELD RIGHT-OF-WAY,3,INCAPACITATING INJURY,1.0,0.0,1.0,12,7,4,41.68844959,-87.71060672,"['04/23/2022', '12:39:00', 'PM']",INCAPACITATING INJURY with Device
64c5831e0ae0d8f7fa85e542295f329665edfd76509bbdf12e3efad7385aaa0d0bc9ea3617889f57bea1d48b5b83786aedc3707173687f6e268cd3b50a762b88,2022-04-23 12:00:00,Saturday,30,TRAFFIC SIGNAL,CLEAR,DAYLIGHT,PEDESTRIAN,DRY,INJURY AND / OR TOW DUE TO CRASH,"$501 - $1,500",UNABLE TO DETERMINE,2,INCAPACITATING INJURY,2.0,0.0,1.0,12,7,4,41.9238867,-87.76613377,"['04/23/2022', '12:00:00', 'PM']",INCAPACITATING INJURY with Device
514204b1fc6bb3cb3cd2de23fbae284c3c1f9142e506c1aa4b959885db7c5aaf80b3242a94eaa808f4617fb424329b46284d8344e6fce1c196c8cf7bc66ff33b,2022-04-23 10:30:00,Saturday,30,NO CONTROLS,CLEAR,DAYLIGHT,REAR END,DRY,INJURY AND / OR TOW DUE TO CRASH,"OVER $1,500",FOLLOWING TOO CLOSELY,2,INCAPACITATING INJURY,1.0,0.0,1.0,10,7,4,41.98221573,-87.80708847,"['04/23/2022', '10:30:00', 'AM']",INCAPACITATING INJURY without Device
e942f384cb4b9bf058db838777884ef76cdcf9b61d807e9daaede9076563de426b87e05d60eb32526920eeb183b348a112f0e843d5ba7af0a08d3ebf770e10f9,2022-04-23 00:00:00,Saturday,30,STOP SIGN/FLASHER,CLEAR,DAYLIGHT,REAR END,DRY,INJURY AND / OR TOW DUE TO CRASH,"OVER $1,500",FOLLOWING TOO CLOSELY,2,INCAPACITATING INJURY,1.0,0.0,1.0,0,7,4,41.70803284,-87.56344836,"['04/23/2022', '12:00:00', 'AM']",INCAPACITATING INJURY with Device
c234962d7154d468f619c2b753d4b81d1f62ccbe334e5c2e6ea7fd27cb1cd8761109a820ec06c2b1ef10aa7cef6ffbb201d2495b1dd1a93f496561478b5197d7,2022-04-22 19:40:00,Friday,30,NO CONTROLS,UNKNOWN,"DARKNESS, LIGHTED ROAD",PEDESTRIAN,UNKNOWN,INJURY AND / OR TOW DUE TO CRASH,"OVER $1,500",UNABLE TO DETERMINE,2,INCAPACITATING INJURY,1.0,0.0,1.0,19,6,4,41.91393198,-87.64367352,"['04/22/2022', '07:40:00', 'PM']",INCAPACITATING INJURY without Device
38a0e35811b386b4e9749b93415d6d490d5a355e8737a5f66e4c8904a5e3ac93de7bcde29e08eb37d75c162868df42bddfb585b3ea7eb9b1c547008f9e93e6cd,2022-04-22 15:37:00,Friday,35,NO CONTROLS,RAIN,DAWN,PEDESTRIAN,WET,INJURY AND / OR TOW DUE TO CRASH,"OVER $1,500",WEATHER,2,INCAPACITATING INJURY,1.0,0.0,1.0,15,6,4,41.95375843,-87.72755892,"['04/22/2022', '03:37:00', 'PM']",INCAPACITATING INJURY without Device
656c0dd1408a4270eba0a6c998ffef5b6291ebcea6b8f97f7a87067ed5ffeb4f59cc968f48b58d0a03f3cfccdd6e98624288248de01c9ca83cd071e835ea748b,2022-04-21 19:00:00,Thursday,30,TRAFFIC SIGNAL,CLEAR,DAYLIGHT,PEDESTRIAN,DRY,INJURY AND / OR TOW DUE TO CRASH,"OVER $1,500",FAILING TO YIELD RIGHT-OF-WAY,2,INCAPACITATING INJURY,1.0,0.0,1.0,19,5,4,41.77990261,-87.63029381,"['04/21/2022', '07:00:00', 'PM']",INCAPACITATING INJURY with Device
0a72af355df1340d8603e65aa6e4ff60b6249e2a2fd3f8b8fd0c7ffc1289627b6d26787ead1f706476ad1e05740fb8a24aacad0bd73ad96570921e5de53acc52,2022-04-21 15:30:00,Thursday,15,STOP SIGN/FLASHER,CLEAR,DAYLIGHT,PEDESTRIAN,DRY,INJURY AND / OR TOW DUE TO CRASH,$500 OR LESS,FAILING TO YIELD RIGHT-OF-WAY,2,INCAPACITATING INJURY,1.0,0.0,1.0,15,5,4,41.95912397,-87.7357559,"['04/21/2022', '03:30:00', 'PM']",INCAPACITATING INJURY with Device
892fec7ca6812da98430b16f9d1fc5323424582d335d36a8df51544f361de101f039374343d21322bcddc2afb9a2c127f1e814e0e4f3a02d46b24a48c97ad6c5,2022-04-21 15:15:00,Thursday,30,TRAFFIC SIGNAL,CLEAR,DAYLIGHT,PEDALCYCLIST,DRY,INJURY AND / OR TOW DUE TO CRASH,"OVER $1,500",FAILING TO REDUCE SPEED TO AVOID CRASH,2,INCAPACITATING INJURY,1.0,0.0,1.0,15,5,4,41.79954208,-87.58420104,"['04/21/2022', '03:15:00', 'PM']",INCAPACITATING INJURY with Device
4a9b8ec96f2a4a78d244d646586321670355380b62a004a80136c3b4f42cd9f6e41ac868ca116e6057c387ce0d48e083efbf744cd375bb2472a649d3639e77a5,2022-04-20 21:30:00,Wednesday,30,TRAFFIC SIGNAL,RAIN,DARKNESS,TURNING,WET,INJURY AND / OR TOW DUE TO CRASH,"OVER $1,500",FAILING TO REDUCE SPEED TO AVOID CRASH,2,FATAL,2.0,1.0,1.0,21,4,4,41.90316409,-87.67740397,"['04/20/2022', '09:30:00', 'PM']",FATAL with Device
de52128f44fae27ae5a6b09a0ce4f7d2b76cab74519e3c02fd7f8e4a4cdeea0184c2875f7625620c4a527afb8120b9c4f1166247b57281e5163745bc5e4fbb60,2022-04-20 18:26:00,Wednesday,30,TRAFFIC SIGNAL,RAIN,DAYLIGHT,ANGLE,WET,INJURY AND / OR TOW DUE TO CRASH,"OVER $1,500",UNABLE TO DETERMINE,3,INCAPACITATING INJURY,1.0,0.0,1.0,18,4,4,41.74326449,-87.64397498,"['04/20/2022', '06:26:00', 'PM']",INCAPACITATING INJURY with Device
91d750ef04605c0b04792d799ed0ccf6d364b87d2d684eb474058947194f8c83b19708396e34387a7288756fe38a11e65406349b0695aa313f840382211ca1ab,2022-04-20 17:28:00,Wednesday,30,NO CONTROLS,CLOUDY/OVERCAST,DAYLIGHT,OVERTURNED,WET,INJURY AND / OR TOW DUE TO CRASH,"OVER $1,500","EVASIVE ACTION DUE TO ANIMAL, OBJECT, NONMOTORIST",1,INCAPACITATING INJURY,1.0,0.0,1.0,17,4,4,41.83773522,-87.68535751,"['04/20/2022', '05:28:00', 'PM']",INCAPACITATING INJURY without Device
e0c54db1b620da1b65027331f8577690b50e1290404da242619fbf81fc31dc961d31737091747593ed449effe6a7547b78c6b3d57b6d57b4e63ae8bb7f0bc644,2022-04-20 16:41:00,Wednesday,30,TRAFFIC SIGNAL,RAIN,DAYLIGHT,TURNING,WET,INJURY AND / OR TOW DUE TO CRASH,"OVER $1,500",FAILING TO YIELD RIGHT-OF-WAY,2,INCAPACITATING INJURY,2.0,0.0,1.0,16,4,4,41.88080794,-87.71073479,"['04/20/2022', '04:41:00', 'PM']",INCAPACITATING INJURY with Device
2fb1813d66c4d0dbe792f207c471ece86f9f2e0f5f0ecb814e6f89ca77c6ebe56d452df1572c67d217f1e54a7746b5ba4cce64726b25c35e5660684761f34e0e,2022-04-20 14:55:00,Wednesday,35,NO CONTROLS,CLEAR,DAYLIGHT,OTHER OBJECT,DRY,INJURY AND / OR TOW DUE TO CRASH,"$501 - $1,500",PHYSICAL CONDITION OF DRIVER,1,INCAPACITATING INJURY,1.0,0.0,1.0,14,4,4,41.87580293,-87.75474897,"['04/20/2022', '02:55:00', 'PM']",INCAPACITATING INJURY without Device