CRASH_RECORD_ID,CRASH_DATE,Weekday,POSTED_SPEED_LIMIT,TRAFFIC_CONTROL_DEVICE,WEATHER_CONDITION,LIGHTING_CONDITION,FIRST_CRASH_TYPE,ROADWAY_SURFACE_COND,CRASH_TYPE,DAMAGE,PRIM_CONTRIBUTORY_CAUSE,NUM_UNITS,MOST_SEVERE_INJURY,INJURIES_TOTAL,INJURIES_FATAL,INJURIES_INCAPACITATING,CRASH_HOUR,CRASH_DAY_OF_WEEK,CRASH_MONTH,LATITUDE,LONGITUDE,CRASH_TIME,CATEGORIES
1f8d4008ed09e7d9c1bf99ec8ee8c7cf4808accb6e5e259db37c343f847d626525018d97fccb5933f155178364754f51904899bac299063b9ba8e383302cd797,2022-04-20 14:43:00,Wednesday,30,TRAFFIC SIGNAL,CLEAR,DAYLIGHT,HEAD ON,DRY,INJURY AND / OR TOW DUE TO CRASH,"$501 - $1,500",IMPROPER LANE USAGE,2,INCAPACITATING INJURY,1.0,0.0,1.0,14,4,4,41.77915245,-87.69833062,"['04/20/2022', '02:43:00', 'PM']",INCAPACITATING INJURY with Device
ed6047baf09cebf5fe6930d2a08adccc6462a2418a044ecf4d56d0ec37f6cc7065b18c51dfc997f1c4ad8eb85669e1931b34f51a4be48b662427ac0b30d9c4e4,2022-04-19 22:31:00,Tuesday,30,TRAFFIC SIGNAL,CLEAR,"DARKNESS, LIGHTED ROAD",OTHER NONCOLLISION,DRY,INJURY AND / OR TOW DUE TO CRASH,"OVER $1,500",DRIVING SKILLS/KNOWLEDGE/EXPERIENCE,1,INCAPACITATING INJURY,1.0,0.0,1.0,22,3,4,41.88687599,-87.6355937,"['04/19/2022', '10:31:00', 'PM']",INCAPACITATING INJURY with Device
a76620c61e0af24897dad0e750599e35fbea7db1665a6422658f94b966e9fd5e9f716a8d51ed267e2b90d07c3797121f8a88d9c784e7289ad327ed6bc975c22f,2022-04-19 22:09:00,Tuesday,30,TRAFFIC SIGNAL,CLEAR,"DARKNESS, LIGHTED ROAD",PEDESTRIAN,DRY,INJURY AND / OR TOW DUE TO CRASH,"OVER $1,500",DISREGARDING TRAFFIC SIGNALS,2,INCAPACITATING INJURY,1.0,0.0,1.0,22,3,4,41.94661216,-87.71770414,"['04/19/2022', '10:09:00', 'PM']",INCAPACITATING INJURY with Device
117de7c34dca19806ca1ac4dcfbcd645ba1254296eeb8cebecc415341292a1eeaf0af6bf42f3c77ab700ac8c7c844531cadc3da13600b7263dbd1b5f172cd7a8,2022-04-19 20:26:00,Tuesday,30,STOP SIGN/FLASHER,CLEAR,"DARKNESS, LIGHTED ROAD",PEDALCYCLIST,DRY,INJURY AND / OR TOW DUE TO CRASH,$500 OR LESS,DISREGARDING STOP SIGN,2,INCAPACITATING INJURY,1.0,0.0,1.0,20,3,4,41.77980269,-87.63479308,"['04/19/2022', '08:26:00', 'PM']",INCAPACITATING INJURY with Device
ff6274274bac1bb763664917988ed2a79cbd0f46ad67b1156c39675cbae2c33973e9859a61fd32c7c5dc3bb06ec95f6bda4723ce6492e5c75a868e9a692710a3,2022-04-19 18:41:00,Tuesday,30,NO CONTROLS,CLEAR,DAYLIGHT,PEDESTRIAN,DRY,INJURY AND / OR TOW DUE TO CRASH,"OVER $1,500",FAILING TO YIELD RIGHT-OF-WAY,2,INCAPACITATING INJURY,1.0,0.0,1.0,18,3,4,41.75159202,-87.56860604,"['04/19/2022', '06:41:00', 'PM']",INCAPACITATING INJURY without Device
a1dba47ea35919b1f3e9e728d84e3af120cd747ca963a46c18e09b232c30eb0c9e80a535c1935504af65bd06ba29bd2c6c23ba38bb758df02c8ef85f11af6c25,2022-04-19 16:45:00,Tuesday,30,TRAFFIC SIGNAL,CLEAR,DAYLIGHT,TURNING,DRY,INJURY AND / OR TOW DUE TO CRASH,"OVER $1,500",FAILING TO YIELD RIGHT-OF-WAY,2,INCAPACITATING INJURY,4.0,0.0,1.0,16,3,4,41.7445812,-87.55290202,"['04/19/2022', '04:45:00', 'PM']",INCAPACITATING INJURY with Device
54c3e77d066b4d53c6722497e10566c7b2e3d9cd5d64f5b26264291229c4ee7bef4b18d565d39b406feb5881553c8d3050857d82814d076c01716141248878e5,2022-04-19 16:30:00,Tuesday,25,NO CONTROLS,CLEAR,DAYLIGHT,PARKED MOTOR VEHICLE,DRY,INJURY AND / OR TOW DUE TO CRASH,"OVER $1,500",UNABLE TO DETERMINE,3,INCAPACITATING INJURY,2.0,0.0,1.0,16,3,4,42.00314757,-87.67220279,"['04/19/2022', '04:30:00', 'PM']",INCAPACITATING INJURY without Device
28e80993ba908f5f83a14151afbaaaf249a7adddd44bbc6e642b05f6392d55f0fdb22bf9f3345454f4097031d7d3e74b9c8ac1692da1213767f3fe24f627fab6,2022-04-19 14:21:00,Tuesday,30,TRAFFIC SIGNAL,CLEAR,DAYLIGHT,PEDESTRIAN,DRY,INJURY AND / OR TOW DUE TO CRASH,$500 OR LESS,UNABLE TO DETERMINE,2,INCAPACITATING INJURY,1.0,0.0,1.0,14,3,4,41.96121875,-87.71328518,"['04/19/2022', '02:21:00', 'PM']",INCAPACITATING INJURY with Device
8c3dde2ba3e5ab30af83e546c8d6b176fc4b6909a7ef6508d3b7fa2fa917e382d53197ce37b337f57a7534973c2189067cd4708b90449cbc6b00253839692008,2022-04-18 14:12:00,Monday,30,TRAFFIC SIGNAL,CLEAR,DAYLIGHT,PEDESTRIAN,DRY,INJURY AND / OR TOW DUE TO CRASH,"OVER $1,500",UNABLE TO DETERMINE,2,INCAPACITATING INJURY,1.0,0.0,1.0,14,2,4,41.91107684,-87.63873822,"['04/18/2022', '02:12:00', 'PM']",INCAPACITATING INJURY with Device
c61facb307cddfa4736199cb77a32386c3e424e88f99cdc2ef6dc01925dff42b7491c7a3e5f3f9d7bc43bb4abc95feb63ff686784d6de2d1bd43f21b08a76015,2022-04-18 07:52:00,Monday,30,NO CONTROLS,RAIN,DAYLIGHT,TURNING,WET,INJURY AND / OR TOW DUE TO CRASH,"OVER $1,500",FAILING TO YIELD RIGHT-OF-WAY,3,INCAPACITATING INJURY,1.0,0.0,1.0,7,2,4,41.81560978,-87.68206232,"['04/18/2022', '07:52:00', 'AM']",INCAPACITATING INJURY without Device
6517a3cda651d8aec8ee90d1941bf64d6f5f9f978f683f92c76fc5b7c40bdd0addb491b624052c4cb635f0bbfa19dd0e941da78573a2a115b1167b32c449aff6,2022-04-18 00:28:00,Monday,30,TRAFFIC SIGNAL,CLEAR,"DARKNESS, LIGHTED ROAD",ANGLE,DRY,INJURY AND / OR TOW DUE TO CRASH,"OVER $1,500",FAILING TO REDUCE SPEED TO AVOID CRASH,2,FATAL,2.0,1.0,0.0,0,2,4,41.8321338,-87.69472806,"['04/18/2022', '12:28:00', 'AM']",FATAL with Device
ff16907e68eb8e5ab003e77e80ce8e5603540f7840766fea51b39aeefd89c69e9df7bc064186bc505f0d2508d5e3d8b895ccc964dede8f8048ef9cb6d8cf7f02,2022-04-17 14:54:00,Sunday,30,STOP SIGN/FLASHER,CLEAR,DAYLIGHT,PEDESTRIAN,DRY,INJURY AND / OR TOW DUE TO CRASH,$500 OR LESS,FAILING TO YIELD RIGHT-OF-WAY,2,FATAL,2.0,1.0,0.0,14,1,4,41.96367847,-87.65251341,"['04/17/2022', '02:54:00', 'PM']",FATAL with Device
c1b8e88c428c7f7385d215e5f8baa621731fe5bc82ff4cf2dc326db61d5c3f8a692237788df52278f66809e0d7486b5cdc30c98f3d5a48d11f2800242a69c880,2022-04-17 03:24:00,Sunday,30,NO CONTROLS,CLEAR,"DARKNESS, LIGHTED ROAD",PARKED MOTOR VEHICLE,DRY,INJURY AND / OR TOW DUE TO CRASH,"OVER $1,500",UNABLE TO DETERMINE,2,INCAPACITATING INJURY,1.0,0.0,1.0,3,1,4,41.8926677,-87.76516367,"['04/17/2022', '03:24:00', 'AM']",INCAPACITATING INJURY without Device
a5c48b7c9d66ec40695602ff1a445e693d0bd59b6345c5721bfc140779c0c4a32a60459dcb8fdb2d415aac2a40b6a2ddff99ce1569fca2cb96743f09b71e52f7,2022-04-17 01:52:00,Sunday,30,NO CONTROLS,CLEAR,DARKNESS,PARKED MOTOR VEHICLE,DRY,INJURY AND / OR TOW DUE TO CRASH,"OVER $1,500",NOT APPLICABLE,3,INCAPACITATING INJURY,1.0,0.0,1.0,1,1,4,41.81576118,-87.68750953,"['04/17/2022', '01:52:00', 'AM']",INCAPACITATING INJURY without Device
3393aa52624d5b0da7b2690f02e6956fc026f50f7038c400c4f47ced2058dcf7e7ca1f4c3419080516f3483c15e3cdd1937c24750feedb12773af813334c535c,2022-04-16 22:10:00,Saturday,30,STOP SIGN/FLASHER,CLEAR,"DARKNESS, LIGHTED ROAD",PEDALCYCLIST,DRY,INJURY AND / OR TOW DUE TO CRASH,"OVER $1,500",IMPROPER LANE USAGE,2,INCAPACITATING INJURY,1.0,0.0,1.0,22,7,4,41.88184639,-87.64976002,"['04/16/2022', '10:10:00', 'PM']",INCAPACITATING INJURY with Device
09402f63e22d0f8116ce698cb49ab0b29c0ee873f1abc216e3f8c6b14987fe9f82c2899cb0e07850f0207f73314689dc208b725f5d6bab500ff8c09a0752df27,2022-04-16 21:01:00,Saturday,30,TRAFFIC SIGNAL,CLEAR,"DARKNESS, LIGHTED ROAD",PEDESTRIAN,DRY,INJURY AND / OR TOW DUE TO CRASH,"OVER $1,500","OPERATING VEHICLE IN ERRATIC, RECKLESS, CARELESS, NEGLIGENT OR AGGRESSIVE MANNER",2,INCAPACITATING INJURY,1.0,0.0,1.0,21,7,4,41.86756654,-87.62409418,"['04/16/2022', '09:01:00', 'PM']",INCAPACITATING INJURY with Device
cf7300719b8652a43d6a4343fcc8f5cf25a919cfa9f7a3c71c27f5437d088c6c8e1c008a7c2d285691bf29471660a24fc0f850d1e737b3639fee149e1b105bbf,2022-04-16 19:20:00,Saturday,35,NO CONTROLS,CLEAR,DUSK,TURNING,DRY,INJURY AND / OR TOW DUE TO CRASH,"OVER $1,500",FAILING TO YIELD RIGHT-OF-WAY,2,INCAPACITATING INJURY,3.0,0.0,1.0,19,7,4,41.68340094,-87.64213578,"['04/16/2022', '07:20:00', 'PM']",INCAPACITATING INJURY without Device
fa1f18e10fd9428b3151914f26404f4a5c8a80e007c7503d28e5809cdbe516c97e5d342f853c452d3978cc3e34435e59b7c77e64362e5d1b44544adcc6a2579f,2022-04-16 14:21:00,Saturday,30,NO CONTROLS,CLEAR,DAYLIGHT,FIXED OBJECT,DRY,INJURY AND / OR TOW DUE TO CRASH,"OVER $1,500",FAILING TO REDUCE SPEED TO AVOID CRASH,1,INCAPACITATING INJURY,2.0,0.0,1.0,14,7,4,41.87523827,-87.65482224,"['04/16/2022', '02:21:00', 'PM']",INCAPACITATING INJURY without Device
1ffb789a16f59183040cc9bf709b5bbefaa2bc061587dd2dd9c0ff33984f3e74ffaa120b56e4daeb6343a4faefc9080f93eee897ff667faad3e6d8dbd439a397,2022-04-16 12:20:00,Saturday,30,TRAFFIC SIGNAL,CLEAR,DAYLIGHT,HEAD ON,DRY,INJURY AND / OR TOW DUE TO CRASH,"OVER $1,500",DRIVING SKILLS/KNOWLEDGE/EXPERIENCE,2,INCAPACITATING INJURY,1.0,0.0,1.0,12,7,4,41.74990531,-87.68910337,"['04/16/2022', '12:20:00', 'PM']",INCAPACITATING INJURY with Device
eecc1640a1b0b83272215119082a2f4ba3d18972728ec98d08ffb0ddf0daa37b71bc9b4d2fd899e179a6a9ab7147042ff27dd1c9e6e6e3d38e412475e2146c44,2022-04-16 10:36:00,Saturday,30,NO CONTROLS,CLEAR,DAYLIGHT,PEDESTRIAN,DRY,INJURY AND / OR TOW DUE TO CRASH,"$501 - $1,500","EVASIVE ACTION DUE TO ANIMAL, OBJECT, NONMOTORIST",2,INCAPACITATING INJURY,1.0,0.0,1.0,10,7,4,41.99541714,-87.71578653,"['04/16/2022', '10:36:00', 'AM']",INCAPACITATING INJURY without Device
981c693568f3df5770f604b44ef851e605421f07c918516715e91495a1aac57571b7bcd7b99332789cc7956102001b68b67ce40abb68b863b1e955ab56a1ed23,2022-04-16 00:03:00,Saturday,35,NO CONTROLS,CLEAR,"DARKNESS, LIGHTED ROAD",SIDESWIPE SAME DIRECTION,DRY,INJURY AND / OR TOW DUE TO CRASH,"OVER $1,500",IMPROPER LANE USAGE,2,INCAPACITATING INJURY,1.0,0.0,1.0,0,7,4,41.81422408,-87.7042619,"['04/16/2022', '12:03:00', 'AM']",INCAPACITATING INJURY without Device
96192d65ec214b03c51a2e37ccb00e25bd0992990a36f4cfb5371b5927ae8d1fe75c9e7c44836e77aacea961d7c74364cecb44a01eee3c7231994d3d1f9d4219,2022-04-15 23:33:00,Friday,30,NO CONTROLS,CLEAR,"DARKNESS, LIGHTED ROAD",FIXED OBJECT,DRY,INJURY AND / OR TOW DUE TO CRASH,"OVER $1,500",UNDER THE INFLUENCE OF ALCOHOL/DRUGS (USE WHEN ARREST IS EFFECTED),1,INCAPACITATING INJURY,1.0,0.0,1.0,23,6,4,41.95365395,-87.66888348,"['04/15/2022', '11:33:00', 'PM']",INCAPACITATING INJURY without Device
ec2151878df8f11373477b55dbbdb1dc6657bb5e60e81695cd780557a1abbd94eb3f417690f76a01f4dc245712bfc0907a92d7a6c355d37c79ebee63ea191b89,2022-04-15 22:18:00,Friday,35,NO CONTROLS,CLOUDY/OVERCAST,"DARKNESS, LIGHTED ROAD",REAR END,DRY,INJURY AND / OR TOW DUE TO CRASH,"OVER $1,500",UNABLE TO DETERMINE,3,INCAPACITATING INJURY,2.0,0.0,1.0,22,6,4,41.95229744,-87.82209477,"['04/15/2022', '10:18:00', 'PM']",INCAPACITATING INJURY without Device
b651a3f6f17b156bd278bc192dac06ecf153657b92c06f2ae5b18d98a368dcc86c469a1b71c2b3629523a73ad65a6d832651f170ad8082a3004735021e8b3a3d,2022-04-15 19:47:00,Friday,45,TRAFFIC SIGNAL,CLEAR,"DARKNESS, LIGHTED ROAD",SIDESWIPE SAME DIRECTION,DRY,INJURY AND / OR TOW DUE TO CRASH,"OVER $1,500",FAILING TO REDUCE SPEED TO AVOID CRASH,2,INCAPACITATING INJURY,1.0,0.0,1.0,19,6,4,41.86500742,-87.61914222,"['04/15/2022', '07:47:00', 'PM']",INCAPACITATING INJURY with Device
2e69711305c6a3504d30beb2ccba212dcba43dfc393f1c850ba4b37c76f8a1d11cb4ca03a8cf1c2e43482e897c823fa4e81b85edb31c8da35022019b0f6422a1,2022-04-15 12:45:00,Friday,30,NO CONTROLS,CLEAR,DAYLIGHT,PEDALCYCLIST,DRY,INJURY AND / OR TOW DUE TO CRASH,"$501 - $1,500",FAILING TO YIELD RIGHT-OF-WAY,2,INCAPACITATING INJURY,1.0,0.0,1.0,12,6,4,41.91197123,-87.67735194,"['04/15/2022', '12:45:00', 'PM']",INCAPACITATING INJURY without Device
694c9f115ef380e475c8307ac1eadb44001e9df581fef23aa37f52def946eb4bbe376233880431fe63905e4f02f167908e3e54027d6d932c74d508ee6d4d9278,2022-04-14 23:34:00,Thursday,35,NO CONTROLS,CLEAR,"DARKNESS, LIGHTED ROAD",FIXED OBJECT,WET,INJURY AND / OR TOW DUE TO CRASH,"OVER $1,500",DISTRACTION - FROM OUTSIDE VEHICLE,1,INCAPACITATING INJURY,1.0,0.0,1.0,23,5,4,41.67678642,-87.62032618,"['04/14/2022', '11:34:00', 'PM']",INCAPACITATING INJURY without Device
b4305c1d3181a9dc5913d4f5c00d5264faac75fcb3a127d4ca98542085bf94d7123105f0bcdb8ff26e74028604b6dff1c54268793848cb0d1d632d8e5002b9e6,2022-04-14 22:13:00,Thursday,25,TRAFFIC SIGNAL,CLEAR,"DARKNESS, LIGHTED ROAD",PEDALCYCLIST,DRY,INJURY AND / OR TOW DUE TO CRASH,"OVER $1,500",IMPROPER OVERTAKING/PASSING,2,INCAPACITATING INJURY,1.0,0.0,1.0,22,5,4,41.91710363,-87.68724877,"['04/14/2022', '10:13:00', 'PM']",INCAPACITATING INJURY with Device
2bac90594a52af77809915d06865448c389542ad66128d586c79f6745861107b4e71cb85bbde49e9c3a6d131c6086ade45c6ebb83d84b8630fe665b45cdcd357,2022-04-14 18:36:00,Thursday,30,NO CONTROLS,CLEAR,DAYLIGHT,PEDESTRIAN,DRY,INJURY AND / OR TOW DUE TO CRASH,"OVER $1,500",UNABLE TO DETERMINE,2,INCAPACITATING INJURY,1.0,0.0,1.0,18,5,4,41.89789727,-87.72112602,"['04/14/2022', '06:36:00', 'PM']",INCAPACITATING INJURY without Device
6979d75ce1e3d035f91a44eb386c3ee22c9ad5dad67989326530e279de996bb07eae6bf9acf030724cc30cc90c0da00daef505f9426ef9b140209adbdbc08752,2022-04-14 14:26:00,Thursday,30,TRAFFIC SIGNAL,CLEAR,DAYLIGHT,PEDESTRIAN,DRY,INJURY AND / OR TOW DUE TO CRASH,$500 OR LESS,FAILING TO YIELD RIGHT-OF-WAY,2,INCAPACITATING INJURY,1.0,0.0,1.0,14,5,4,42.02078295,-87.66664021,"['04/14/2022', '02:26:00', 'PM']",INCAPACITATING INJURY with Device
273c9135ffe14e7e525a6191ac3048cf3e72f5ddf0839255a4a3063489c2ba3e0394162741bac77986a2ea21d44ce82976f6a53e05e1f8a9fbb0f353af00f9a0,2022-04-14 00:40:00,Thursday,30,NO CONTROLS,CLEAR,"DARKNESS, LIGHTED ROAD",FIXED OBJECT,DRY,INJURY AND / OR TOW DUE TO CRASH,"OVER $1,500",UNABLE TO DETERMINE,1,FATAL,1.0,1.0,0.0,0,5,4,41.70265737,-87.54579815,"['04/14/2022', '12:40:00', 'AM']",FATAL without Device
98cbb106088b1d96015c1171dbeb29f726ea8f801619e5c3cd66378c9a211f9bb117c4459d6f1cccb36f99b0212536e5ab8772e3da4a319c82b905ca95b8fc18,2022-04-13 21:43:00,Wednesday,30,NO CONTROLS,RAIN,"DARKNESS, LIGHTED ROAD",FIXED OBJECT,WET,INJURY AND / OR TOW DUE TO CRASH,"OVER $1,500",DRIVING SKILLS/KNOWLEDGE/EXPERIENCE,1,INCAPACITATING INJURY,1.0,0.0,1.0,21,4,4,41.88559218,-87.7263042,"['04/13/2022', '09:43:00', 'PM']",INCAPACITATING INJURY without Device
fc0438f35facc259da18e309d034f336d1f3dfac619298b30a8e6289b963cc934d6f0195619d2527b8c6753221a1e9fbbaecf4ed779db7d791b0dd8a9f296e8a,2022-04-13 14:05:00,Wednesday,40,TRAFFIC SIGNAL,CLOUDY/OVERCAST,DAYLIGHT,TURNING,DRY,INJURY AND / OR TOW DUE TO CRASH,"OVER $1,500",FAILING TO REDUCE SPEED TO AVOID CRASH,3,INCAPACITATING INJURY,3.0,0.0,1.0,14,4,4,41.99507703,-87.88468948,"['04/13/2022', '02:05:00', 'PM']",INCAPACITATING INJURY with Device
523f8a4fb3023c42b74dc5cd79e4f6dd8054c7f2a24167881bc83aed2f33315a86e5175ef7cef01fc048cfd95b4ebb0676d94951db05a4bdd2e9d0c2352f295f,2022-04-13 14:00:00,Wednesday,30,NO CONTROLS,CLEAR,DAYLIGHT,PEDALCYCLIST,DRY,INJURY AND / OR TOW DUE TO CRASH,"OVER $1,500",FAILING TO YIELD RIGHT-OF-WAY,2,INCAPACITATING INJURY,1.0,0.0,1.0,14,4,4,41.83762566,-87.66560485,"['04/13/2022', '02:00:00', 'PM']",INCAPACITATING INJURY without Device
94acf38f7cfdac363d6d34a131a954b7850fb24c4d55d680aec83a484c1f98b2db683b19fb62492ac491ce726fb2e8ea2670ca05a88316f7298a9c7354197541,2022-04-13 11:46:00,Wednesday,30,NO CONTROLS,CLOUDY/OVERCAST,DAYLIGHT,PEDESTRIAN,WET,INJURY AND / OR TOW DUE TO CRASH,$500 OR LESS,IMPROPER BACKING,2,INCAPACITATING INJURY,1.0,0.0,1.0,11,4,4,41.98524213,-87.65538912,"['04/13/2022', '11:46:00', 'AM']",INCAPACITATING INJURY without Device
54f6fe0689bf03b9f10d0d2aee509c70d108e0e81d560353d6fe3703f7b16f5b24a2370ef101de3c2ddfbc215e1bfd7c08c972dc82fd6c66e175790b1abd51e3,2022-04-13 09:06:00,Wednesday,30,TRAFFIC SIGNAL,RAIN,DAYLIGHT,PEDESTRIAN,WET,INJURY AND / OR TOW DUE TO CRASH,$500 OR LESS,"VISION OBSCURED (SIGNS, TREE LIMBS, BUILDINGS, ETC.)",2,INCAPACITATING INJURY,1.0,0.0,1.0,9,4,4,41.95249337,-87.72743356,"['04/13/2022', '09:06:00', 'AM']",INCAPACITATING INJURY with Device
3c6622424a56c03eedec1eb01e2f830d0720f1d7fe8d55d41b18567e5850b48d12424e43b0898802f7c8a3a19a19e4d559758321f5b4f7ebd19e4f940fb75306,2022-04-13 08:08:00,Wednesday,30,TRAFFIC SIGNAL,CLOUDY/OVERCAST,DAYLIGHT,SIDESWIPE SAME DIRECTION,DRY,INJURY AND / OR TOW DUE TO CRASH,"OVER $1,500",ROAD ENGINEERING/SURFACE/MARKING DEFECTS,2,INCAPACITATING INJURY,1.0,0.0,1.0,8,4,4,41.9856498,-87.65533581,"['04/13/2022', '08:08:00', 'AM']",INCAPACITATING INJURY with Device
dab79ab7a06f50af4e152c7224fb5cbb499cb09f5b6bc10d016dcd7fc4ae296892a8f9b652c6889b23170d2350e8bc064966bb9ec54720a67ff0e085218e0008,2022-04-12 19:39:00,Tuesday,30,TRAFFIC SIGNAL,RAIN,DARKNESS,PEDALCYCLIST,WET,INJURY AND / OR TOW DUE TO CRASH,"OVER $1,500",UNABLE TO DETERMINE,2,INCAPACITATING INJURY,1.0,0.0,1.0,19,3,4,41.838216,-87.6414801,"['04/12/2022', '07:39:00', 'PM']",INCAPACITATING INJURY with Device
dd7e7787e478c809a4bbd985736d1050fc167d6a9f7f8e647ec3071d1e4cc6696026363ebb42314f2c5b4742ebd7cb1174f5af5e9f5edecf9d66002575baf3ce,2022-04-12 18:15:00,Tuesday,30,NO CONTROLS,CLEAR,DAYLIGHT,PEDESTRIAN,DRY,INJURY AND / OR TOW DUE TO CRASH,"$501 - $1,500",UNABLE TO DETERMINE,3,INCAPACITATING INJURY,1.0,0.0,1.0,18,3,4,41.94320902,-87.79604554,"['04/12/2022', '06:15:00', 'PM']",INCAPACITATING INJURY without Device
9ec0c15f2eff61edbcb836734bed8a18550f4c77b9fff2a43b259b83c69c0eb4d792a74c5504777369379f41c4720c0731147650367f8e0207eb5d7abd0792d3,2022-04-12 17:26:00,Tuesday,30,TRAFFIC SIGNAL,CLEAR,DAYLIGHT,TURNING,DRY,INJURY AND / OR TOW DUE TO CRASH,"OVER $1,500",IMPROPER TURNING/NO SIGNAL,2,INCAPACITATING INJURY,1.0,0.0,1.0,17,3,4,41.85285528,-87.6509407,"['04/12/2022', '05:26:00', 'PM']",INCAPACITATING INJURY with Device
4acdf37d7e49356e8f8bd95feff895e5b5620a59a381e20a20428314f635a2eaf5f337ee8bb8b90ded5c5d0d320ad0b90b860cc2b2ad25f6a288c73b41affa7e,2022-04-12 17:23:00,Tuesday,30,NO CONTROLS,CLEAR,DAYLIGHT,PEDESTRIAN,DRY,INJURY AND / OR TOW DUE TO CRASH,$500 OR LESS,FAILING TO YIELD RIGHT-OF-WAY,3,INCAPACITATING INJURY,2.0,0.0,2.0,17,3,4,41.92367729,-87.79907791,"['04/12/2022', '05:23:00', 'PM']",INCAPACITATING INJURY without Device
ad30e6a988f811de071fa78c85576575af9ce2497292b1677a75408904ba0f685217e5e52495faf3bd6d61629b26bec8297e2a862c0e1fb411efdc44148703e0,2022-04-12 15:45:00,Tuesday,30,NO CONTROLS,CLEAR,DAYLIGHT,SIDESWIPE SAME DIRECTION,DRY,INJURY AND / OR TOW DUE TO CRASH,"OVER $1,500",IMPROPER OVERTAKING/PASSING,2,INCAPACITATING INJURY,1.0,0.0,1.0,15,3,4,41.93895291,-87.63815992,"['04/12/2022', '03:45:00', 'PM']",INCAPACITATING INJURY without Device
e8d8eee377b5ee2256cdf933d30d9f1915986f36eb74857b55876bdb53ee6732783e86f61605505eefe3025ad1941c1a36ff7e1330b832c8701f58227e99912b,2022-04-12 11:40:00,Tuesday,30,NO CONTROLS,CLEAR,DAYLIGHT,REAR TO FRONT,DRY,INJURY AND / OR TOW DUE TO CRASH,"OVER $1,500",UNABLE TO DETERMINE,3,INCAPACITATING INJURY,1.0,0.0,1.0,11,3,4,41.96835887,-87.7273443,"['04/12/2022', '11:40:00', 'AM']",INCAPACITATING INJURY without Device
68103a51e8ce1473c11f1a2eee81ea1e20deffcb43103c11d6073258a8216d9d00425c6dfae014770e39a7e67018e2901ede4198ff4db26b7f2323afa12bceda,2022-04-11 17:45:00,Monday,25,NO CONTROLS,CLEAR,DAYLIGHT,FIXED OBJECT,DRY,INJURY AND / OR TOW DUE TO CRASH,"OVER $1,500",UNABLE TO DETERMINE,1,FATAL,2.0,1.0,1.0,17,2,4,41.81906905,-87.64342933,"['04/11/2022', '05:45:00', 'PM']",FATAL without Device
1b887fa18eed4c9c0d67f9e3a5f9ee4b353eae61f348ab2e805654ef4e9023af376fbfd14404211161b5cafd2543b371969b5d0c1c947fa63f6a83c4106a9551,2022-04-11 12:30:00,Monday,30,NO CONTROLS,CLEAR,DAYLIGHT,FIXED OBJECT,DRY,INJURY AND / OR TOW DUE TO CRASH,"$501 - $1,500",UNABLE TO DETERMINE,1,INCAPACITATING INJURY,1.0,0.0,1.0,12,2,4,41.89568671,-87.70425282,"['04/11/2022', '12:30:00', 'PM']",INCAPACITATING INJURY without Device
0850c738547963f6c256c13227dab31a9bbcb5493e41c859c6f9cf0fa8a2409809f9d783698fc958ab768b62c764bf8f86ad766266dd8d968fc030617bbf85d6,2022-04-11 02:38:00,Monday,20,STOP SIGN/FLASHER,CLEAR,"DARKNESS, LIGHTED ROAD",PARKED MOTOR VEHICLE,DRY,INJURY AND / OR TOW DUE TO CRASH,"OVER $1,500",PHYSICAL CONDITION OF DRIVER,2,INCAPACITATING INJURY,2.0,0.0,2.0,2,2,4,41.91930604,-87.70964515,"['04/11/2022', '02:38:00', 'AM']",INCAPACITATING INJURY with Device
c2a6cc30716b500e81ee56c071736d624af6fae3e062190dc6354a5e6ba581643506ffe5932f33b19a08e22605b3f95fce04c2037ee57161867617858e0f0bb1,2022-04-11 02:05:00,Monday,30,TRAFFIC SIGNAL,CLEAR,"DARKNESS, LIGHTED ROAD",PEDESTRIAN,DRY,INJURY AND / OR TOW DUE TO CRASH,"OVER $1,500",UNABLE TO DETERMINE,2,INCAPACITATING INJURY,1.0,0.0,1.0,2,2,4,41.93898927,-87.74672747,"['04/11/2022', '02:05:00', 'AM']",INCAPACITATING INJURY with Device
9bad4c2ff627151649a52322b74e5ffa0d6975a7ffc255302690ca0a3c62c72f888e7a4f447f0ee8295d74d4e425a044fd369c316bbc67324c396593cbc4e3b0,2022-04-10 20:17:00,Sunday,30,STOP SIGN/FLASHER,CLEAR,"DARKNESS, LIGHTED ROAD",ANGLE,DRY,INJURY AND / OR TOW DUE TO CRASH,"OVER $1,500",UNABLE TO DETERMINE,2,INCAPACITATING INJURY,1.0,0.0,1.0,20,1,4,41.89118941,-87.65747031,"['04/10/2022', '08:17:00', 'PM']",INCAPACITATING INJURY with Device
04e3ca34c3ceeba4b2d461b3322980b55ec589bf4ba62f63e75d9e6f3b99ed060fa65c5bcbdbc1c2a711f697b9620c1631dbd08c3a21a72b7aa4f96a0c45509e,2022-04-10 20:16:00,Sunday,25,TRAFFIC SIGNAL,CLEAR,"DARKNESS, LIGHTED ROAD",ANGLE,DRY,INJURY AND / OR TOW DUE TO CRASH,"OVER $1,500",DISREGARDING TRAFFIC SIGNALS,2,INCAPACITATING INJURY,2.0,0.0,2.0,20,1,4,41.85252617,-87.66129007,"['04/10/2022', '08:16:00', 'PM']",INCAPACITATING INJURY with Device