CRASH_RECORD_ID,CRASH_DATE,Weekday,POSTED_SPEED_LIMIT,TRAFFIC_CONTROL_DEVICE,WEATHER_CONDITION,LIGHTING_CONDITION,FIRST_CRASH_TYPE,ROADWAY_SURFACE_COND,CRASH_TYPE,DAMAGE,PRIM_CONTRIBUTORY_CAUSE,NUM_UNITS,MOST_SEVERE_INJURY,INJURIES_TOTAL,INJURIES_FATAL,INJURIES_INCAPACITATING,CRASH_HOUR,CRASH_DAY_OF_WEEK,CRASH_MONTH,LATITUDE,LONGITUDE,CRASH_TIME,CATEGORIES
9678884e1a9b1d9725a73b2d607f7716466ecfdaf576869f9442ae78d0fca43c4247fdcbdbda9dde1b553a56204dc6a85439dc717aa8345ef1302fa053fa3536,2022-04-10 18:30:00,Sunday,30,TRAFFIC SIGNAL,CLEAR,DUSK,PEDESTRIAN,DRY,INJURY AND / OR TOW DUE TO CRASH,"OVER $1,500",DISREGARDING OTHER TRAFFIC SIGNS,2,INCAPACITATING INJURY,1.0,0.0,1.0,18,1,4,41.69193661,-87.67204745,"['04/10/2022', '06:30:00', 'PM']",INCAPACITATING INJURY with Device
c4ef27d22f4e5661599e7ae9bc30bf7edf9adb8acbdbced0939edb8793dd579b78cb1fa1fd12f6ce3413d45bd512837fcea6cc837829aff954b77abd0a2bfde9,2022-04-10 17:20:00,Sunday,30,TRAFFIC SIGNAL,CLEAR,DAYLIGHT,ANGLE,UNKNOWN,INJURY AND / OR TOW DUE TO CRASH,"OVER $1,500",DISREGARDING TRAFFIC SIGNALS,2,INCAPACITATING INJURY,1.0,0.0,1.0,17,1,4,41.88658961,-87.74564416,"['04/10/2022', '05:20:00', 'PM']",INCAPACITATING INJURY with Device
e3f3e11ec2c140a3cf8ff8a4f49f58481a2af6efd8a858f886b1e6df1313d383f31800f99f439c1dfdaea8f2c4a9b8615ac867fb7949efae89b5ea7d9ce9b85e,2022-04-10 17:15:00,Sunday,45,NO CONTROLS,CLEAR,DAYLIGHT,FIXED OBJECT,DRY,INJURY AND / OR TOW DUE TO CRASH,"OVER $1,500",WEATHER,1,INCAPACITATING INJURY,1.0,0.0,1.0,17,1,4,41.95517597,-87.89307885,"['04/10/2022', '05:15:00', 'PM']",INCAPACITATING INJURY without Device
65e2f34477e07648d090ae357ae46465fdb97354f419edfbb3e98f9464806da3f0f5dbfe4f3d1ef1a27db0b981e0b731d2fe5a9ecacbce1e84bfa8c1d6c73ca8,2022-04-10 05:20:00,Sunday,30,NO CONTROLS,CLEAR,DAWN,FIXED OBJECT,DRY,INJURY AND / OR TOW DUE TO CRASH,"OVER $1,500",UNABLE TO DETERMINE,1,INCAPACITATING INJURY,1.0,0.0,1.0,5,1,4,41.79437023,-87.64877511,"['04/10/2022', '05:20:00', 'AM']",INCAPACITATING INJURY without Device
e5b588bcfef4573651d344ae940a92f093962c8c2d7b70bd219d0bafbd058b4890a7011d7687ba1ae85f8da01e0fb848cbd2e4af330e8bd5fe58d3047b5adea9,2022-04-09 23:58:00,Saturday,30,TRAFFIC SIGNAL,CLEAR,DARKNESS,ANGLE,DRY,INJURY AND / OR TOW DUE TO CRASH,"OVER $1,500",DISREGARDING TRAFFIC SIGNALS,2,INCAPACITATING INJURY,1.0,0.0,1.0,23,7,4,41.87834487,-87.62445364,"['04/09/2022', '11:58:00', 'PM']",INCAPACITATING INJURY with Device
90b30f4298401e779dfaa7a94fdd5f249441101331e32b6ceee2fcb0e56a40a723d8f4a5bd41d89f3bf83b92ee61b3c5eb1a5380b0543b4016ef8ca38affc0aa,2022-04-09 16:13:00,Saturday,30,TRAFFIC SIGNAL,CLEAR,DAYLIGHT,TURNING,DRY,INJURY AND / OR TOW DUE TO CRASH,"OVER $1,500",FAILING TO REDUCE SPEED TO AVOID CRASH,2,INCAPACITATING INJURY,1.0,0.0,1.0,16,7,4,41.78031747,-87.60607456,"['04/09/2022', '04:13:00', 'PM']",INCAPACITATING INJURY with Device
b33cdbeaa3cb1faccebb6adcc210380ab1651efe6ecfc9f9f39ea39f3e2e93168bcd7bf3641978b4e5cf0ee27fc88fd4254e26dfb899caa8c11525c90ce77854,2022-04-09 14:05:00,Saturday,30,TRAFFIC SIGNAL,CLEAR,DAYLIGHT,ANGLE,DRY,INJURY AND / OR TOW DUE TO CRASH,"OVER $1,500",DISREGARDING TRAFFIC SIGNALS,2,INCAPACITATING INJURY,2.0,0.0,1.0,14,7,4,41.68537154,-87.62775212,"['04/09/2022', '02:05:00', 'PM']",INCAPACITATING INJURY with Device
52f9d73a857cee2f4795ea9126c832053726a5bc20f32ce8127e33c9469229811e08793fb59fe9781d299fcf8bbacdc32b6d454128594cde22c50983def6d69f,2022-04-09 12:00:00,Saturday,35,NO CONTROLS,UNKNOWN,DAYLIGHT,FIXED OBJECT,UNKNOWN,INJURY AND / OR TOW DUE TO CRASH,"OVER $1,500",UNABLE TO DETERMINE,1,INCAPACITATING INJURY,1.0,0.0,1.0,12,7,4,41.78185736,-87.6061091,"['04/09/2022', '12:00:00', 'PM']",INCAPACITATING INJURY without Device
fc2dbd3b81de1aaf3755b0de55a87c2daab7d6d63a8717c132b8d083a20c5a5f45dae09061aba06f2b85cfed99f464077630bf20998c3cc1d29ad3da0c28334f,2022-04-09 10:20:00,Saturday,30,NO CONTROLS,CLEAR,DAYLIGHT,PEDALCYCLIST,DRY,INJURY AND / OR TOW DUE TO CRASH,"OVER $1,500",FAILING TO YIELD RIGHT-OF-WAY,2,INCAPACITATING INJURY,1.0,0.0,1.0,10,7,4,41.80753403,-87.74281494,"['04/09/2022', '10:20:00', 'AM']",INCAPACITATING INJURY without Device
720fe3c33dbebb5ea4c8d82fef797a50988352818ce8cdcce914ee4fbf35b0de060a1657b58e3f774f8d9d04df09b53337b48acdccdcb1cb820bbbb765bc8a82,2022-04-09 01:21:00,Saturday,30,NO CONTROLS,RAIN,"DARKNESS, LIGHTED ROAD",FIXED OBJECT,WET,INJURY AND / OR TOW DUE TO CRASH,"OVER $1,500",WEATHER,2,INCAPACITATING INJURY,2.0,0.0,2.0,1,7,4,41.91117234,-87.64216716,"['04/09/2022', '01:21:00', 'AM']",INCAPACITATING INJURY without Device
b0c72b3f89cb4725d90c56d2b350093ffb2d18b4b8e49608eeed51801d912cb5e740c3bd0b7111265cdaaa33d0f98d202ef9b41bceeb9ea5b03da98537c6412f,2022-04-08 23:30:00,Friday,25,STOP SIGN/FLASHER,FREEZING RAIN/DRIZZLE,"DARKNESS, LIGHTED ROAD",TURNING,WET,INJURY AND / OR TOW DUE TO CRASH,"OVER $1,500",IMPROPER OVERTAKING/PASSING,3,INCAPACITATING INJURY,2.0,0.0,1.0,23,6,4,41.83109682,-87.60836966,"['04/08/2022', '11:30:00', 'PM']",INCAPACITATING INJURY with Device
bd0f5e153fdece119bbb090a9321e39b74d3108df84b4481ffa4295a6a677d78922ef8f1685fbc469f0705cbf400e4ec728ac8d1c16f71767ee8706674681404,2022-04-08 22:20:00,Friday,30,TRAFFIC SIGNAL,RAIN,"DARKNESS, LIGHTED ROAD",TURNING,WET,INJURY AND / OR TOW DUE TO CRASH,"OVER $1,500",FAILING TO YIELD RIGHT-OF-WAY,2,INCAPACITATING INJURY,1.0,0.0,1.0,22,6,4,41.88558032,-87.72592192,"['04/08/2022', '10:20:00', 'PM']",INCAPACITATING INJURY with Device
9cb5fd1fa75b6828e8f880c49e69bb20abfcf3b4dd01aa7e00ce67c0ebbc3489da5444e7f11cd4aa5c06c0447d4caa7fe1c0864925c1ddeebe5f73853f26a9c1,2022-04-08 21:01:00,Friday,30,TRAFFIC SIGNAL,RAIN,"DARKNESS, LIGHTED ROAD",PEDESTRIAN,WET,INJURY AND / OR TOW DUE TO CRASH,$500 OR LESS,FAILING TO YIELD RIGHT-OF-WAY,2,INCAPACITATING INJURY,1.0,0.0,1.0,21,6,4,41.94727552,-87.64713629,"['04/08/2022', '09:01:00', 'PM']",INCAPACITATING INJURY with Device
a7d9ae3dc728b5e36e104b4ebffff0975c79ad442b3ceeff80f38bb5ad1f8151169feb0fbb3f98bcb699d133ac1897150c0941208a4af628dd2fc6e77a8d4a2e,2022-04-08 16:17:00,Friday,30,NO CONTROLS,RAIN,DAYLIGHT,PEDESTRIAN,WET,INJURY AND / OR TOW DUE TO CRASH,"OVER $1,500",UNABLE TO DETERMINE,2,INCAPACITATING INJURY,1.0,0.0,1.0,16,6,4,41.88085622,-87.72414951,"['04/08/2022', '04:17:00', 'PM']",INCAPACITATING INJURY without Device
f594d885eadfc4b316c7f08a2bb36a0a3dd5a45dac319cf218820ccea7cf57e183f27aa2187f33b2d8e6dd365e13d49d24b559eed0b0981f2dfbd2959e2c0987,2022-04-08 14:34:00,Friday,30,TRAFFIC SIGNAL,RAIN,DAYLIGHT,PEDESTRIAN,WET,INJURY AND / OR TOW DUE TO CRASH,$500 OR LESS,FAILING TO YIELD RIGHT-OF-WAY,2,INCAPACITATING INJURY,1.0,0.0,1.0,14,6,4,41.90675983,-87.68697887,"['04/08/2022', '02:34:00', 'PM']",INCAPACITATING INJURY with Device
876196dd5361ba4f78c21261894ada5e798c76dc18ef12085b7248336fe87de2ffbd8c07a0aed6bd6f3c7485707179b8a246891d08908b259d1c8490984c47d2,2022-04-08 14:12:00,Friday,30,NO CONTROLS,CLOUDY/OVERCAST,DAYLIGHT,PARKED MOTOR VEHICLE,WET,INJURY AND / OR TOW DUE TO CRASH,"OVER $1,500",UNABLE TO DETERMINE,2,INCAPACITATING INJURY,1.0,0.0,1.0,14,6,4,41.77974424,-87.65289237,"['04/08/2022', '02:12:00', 'PM']",INCAPACITATING INJURY without Device
70600a43aac5c586f1b11043b6744889c30ad196ebf1a48e29f1de93380fc77dbcaff08ae2f3a7864a86528217c7f57645d60ecc6a6267695b093eab6460a141,2022-04-08 12:25:00,Friday,30,NO CONTROLS,RAIN,DAYLIGHT,PEDALCYCLIST,WET,INJURY AND / OR TOW DUE TO CRASH,"$501 - $1,500",UNABLE TO DETERMINE,2,INCAPACITATING INJURY,1.0,0.0,1.0,12,6,4,41.93273196,-87.67584927,"['04/08/2022', '12:25:00', 'PM']",INCAPACITATING INJURY without Device
2ffa823bfa7f9783e44c92717fcab09dd7c27726f80071a34f5275e5b3c869ee2ff1e957cbdd7835c62aec7e9317b358208c5a95cc51232434d2fd08c3ebf68e,2022-04-08 04:52:00,Friday,30,NO CONTROLS,CLEAR,"DARKNESS, LIGHTED ROAD",FIXED OBJECT,DRY,INJURY AND / OR TOW DUE TO CRASH,"OVER $1,500",UNABLE TO DETERMINE,1,FATAL,1.0,1.0,0.0,4,6,4,41.77894241,-87.71171973,"['04/08/2022', '04:52:00', 'AM']",FATAL without Device
9874cc29a5a6e7781f119bff40d415029fc6fd3d8ba467d15c575aa841acb64c647fa03df752a549852e3f9ec2608810d5df7f21dd2dda8acde1499e9a173e97,2022-04-08 00:10:00,Friday,30,TRAFFIC SIGNAL,CLEAR,"DARKNESS, LIGHTED ROAD",FIXED OBJECT,WET,INJURY AND / OR TOW DUE TO CRASH,"OVER $1,500",FAILING TO REDUCE SPEED TO AVOID CRASH,1,INCAPACITATING INJURY,2.0,0.0,1.0,0,6,4,41.70301578,-87.65788397,"['04/08/2022', '12:10:00', 'AM']",INCAPACITATING INJURY with Device
dfadb3210079d7dfccb0c6990a172a29eaa0584efbe3ea59d7a1db898eefa016e3446f5b1016802a564296156189980f0b2d5a3fba3329e12f194bf816dcf752,2022-04-06 18:20:00,Wednesday,30,NO CONTROLS,CLEAR,"DARKNESS, LIGHTED ROAD",PEDALCYCLIST,DRY,INJURY AND / OR TOW DUE TO CRASH,$500 OR LESS,NOT APPLICABLE,2,INCAPACITATING INJURY,1.0,0.0,1.0,18,4,4,41.88913511,-87.64905166,"['04/06/2022', '06:20:00', 'PM']",INCAPACITATING INJURY without Device
dc68b207d5a4969fa9b588255e367df3e208515907652f7e2a4ec2fe171cc6f4215608db7dc13f616e8aa0c2406e0d04e38c8ef2a9f87bccf8c64778cc48c60a,2022-04-06 12:16:00,Wednesday,30,NO CONTROLS,CLEAR,DAYLIGHT,PARKED MOTOR VEHICLE,DRY,INJURY AND / OR TOW DUE TO CRASH,"OVER $1,500","OPERATING VEHICLE IN ERRATIC, RECKLESS, CARELESS, NEGLIGENT OR AGGRESSIVE MANNER",2,INCAPACITATING INJURY,2.0,0.0,2.0,12,4,4,41.77484643,-87.60720896,"['04/06/2022', '12:16:00', 'PM']",INCAPACITATING INJURY without Device
a9c53128aaf7359114418a28734d700d12738f2a10c8bcd804b9d1b7170c17d1f9fa4b1c119a136267aef0cff1c50b8bb69d2982b8752dfde57dd0cf00519928,2022-04-06 06:15:00,Wednesday,30,TRAFFIC SIGNAL,RAIN,"DARKNESS, LIGHTED ROAD",PEDESTRIAN,WET,INJURY AND / OR TOW DUE TO CRASH,$500 OR LESS,WEATHER,2,INCAPACITATING INJURY,1.0,0.0,1.0,6,4,4,41.89262091,-87.62598628,"['04/06/2022', '06:15:00', 'AM']",INCAPACITATING INJURY with Device
da7c579cb37ca9d256fe3ba9198f87a36d501883dd749eb52e88842572de754fc4c94ea09cec9b4afb4f75023f321437a845fabd9c8212b99714f2f11c7c8e0b,2022-04-06 04:39:00,Wednesday,30,TRAFFIC SIGNAL,RAIN,"DARKNESS, LIGHTED ROAD",FIXED OBJECT,WET,INJURY AND / OR TOW DUE TO CRASH,"OVER $1,500",FAILING TO REDUCE SPEED TO AVOID CRASH,1,FATAL,1.0,1.0,0.0,4,4,4,41.86717155,-87.65272014,"['04/06/2022', '04:39:00', 'AM']",FATAL with Device
33439dbeb2c18f6c6e26afd34dfc2aa37b73c39f57fa3591af3e7c98144642f30dfab0db5c08ed3457e92326eb0b9a44b59cd229b7dfa7e8429c8559798e115d,2022-04-06 01:38:00,Wednesday,30,STOP SIGN/FLASHER,RAIN,"DARKNESS, LIGHTED ROAD",ANGLE,WET,INJURY AND / OR TOW DUE TO CRASH,"OVER $1,500",FAILING TO YIELD RIGHT-OF-WAY,2,INCAPACITATING INJURY,2.0,0.0,1.0,1,4,4,41.76349946,-87.62869204,"['04/06/2022', '01:38:00', 'AM']",INCAPACITATING INJURY with Device
a27b53e1bc6d042f5cb8070f23fc08a9d03203a2e32144bf586fb094c05ef0d8f14b8bbb377e0d49516d705543e9b8d7fc6b2c564c5a7fa6b2cba4850c27e2ad,2022-04-05 12:42:00,Tuesday,30,NO CONTROLS,CLOUDY/OVERCAST,DAYLIGHT,TURNING,DRY,INJURY AND / OR TOW DUE TO CRASH,"OVER $1,500",IMPROPER LANE USAGE,2,INCAPACITATING INJURY,3.0,0.0,1.0,12,3,4,41.895585,-87.71481445,"['04/05/2022', '12:42:00', 'PM']",INCAPACITATING INJURY without Device
fa609f6aa192b12033096bd01737382ac35d0a5ac7650efae019e8cb556a7a1cfdcaacf9a768a604e48aed24115112bbd033acd1996f8ea32c03992c98b9f095,2022-04-05 10:48:00,Tuesday,10,NO CONTROLS,CLEAR,DAYLIGHT,PARKED MOTOR VEHICLE,DRY,INJURY AND / OR TOW DUE TO CRASH,"OVER $1,500",UNABLE TO DETERMINE,2,INCAPACITATING INJURY,1.0,0.0,1.0,10,3,4,41.97458822,-87.80958569,"['04/05/2022', '10:48:00', 'AM']",INCAPACITATING INJURY without Device
d6109196b9eedefe02d9ed2700770a71223a12e6bbc5c0c8b56084953b6a3a9e04cde6bbb233fc32e8f9a74ed5b6266e43d573ceb39ec1197b4aa1b9ae2fc473,2022-04-05 08:19:00,Tuesday,30,NO CONTROLS,CLEAR,DAYLIGHT,REAR END,DRY,INJURY AND / OR TOW DUE TO CRASH,"OVER $1,500",FOLLOWING TOO CLOSELY,2,INCAPACITATING INJURY,2.0,0.0,2.0,8,3,4,41.90287329,-87.69057916,"['04/05/2022', '08:19:00', 'AM']",INCAPACITATING INJURY without Device
1ef26cc9e025759f1292a2bc13e3f0a0a7b07588f52108ba04cecf0d2049789ed309c38c1778bc68b34fc2dd6f6d7e0e27932bdb4a6e3d45c7cb058b0e0792d9,2022-04-04 23:55:00,Monday,35,TRAFFIC SIGNAL,CLEAR,"DARKNESS, LIGHTED ROAD",TURNING,DRY,INJURY AND / OR TOW DUE TO CRASH,"OVER $1,500",DISREGARDING TRAFFIC SIGNALS,2,INCAPACITATING INJURY,1.0,0.0,1.0,23,2,4,41.73682263,-87.58578342,"['04/04/2022', '11:55:00', 'PM']",INCAPACITATING INJURY with Device
13dd0eec209fd20a27fc6e02a11314638b3b337522bdbd8e5c2c54e6475bef7c24302c777e4d5a7717845591a38538481c94949ceb4642bcd5f9d7c65cb348b7,2022-04-04 15:45:00,Monday,20,NO CONTROLS,CLEAR,DAYLIGHT,PARKED MOTOR VEHICLE,DRY,INJURY AND / OR TOW DUE TO CRASH,"OVER $1,500",UNABLE TO DETERMINE,5,INCAPACITATING INJURY,1.0,0.0,1.0,15,2,4,41.75362773,-87.61967927,"['04/04/2022', '03:45:00', 'PM']",INCAPACITATING INJURY without Device
04f082b947034bf8247b70eb3c8d7e6c1650781682b00f5c3e5d835f1e1827ba87106b482877695d6c10c8c7375aad81fbe25e0bf6989c58724f757935d2211f,2022-04-04 00:00:00,Monday,30,NO CONTROLS,RAIN,DARKNESS,PARKED MOTOR VEHICLE,WET,INJURY AND / OR TOW DUE TO CRASH,"OVER $1,500",UNABLE TO DETERMINE,3,INCAPACITATING INJURY,1.0,0.0,1.0,0,2,4,41.74669448,-87.61470185,"['04/04/2022', '12:00:00', 'AM']",INCAPACITATING INJURY without Device
2e8f2e3d8033dff1d2f66ce2c0f979123e8d0c2d0331b1a3c44ff05c8739325f3134a64f675255949cdfd04d7d99956b4150a663d11b327db73848e6c9178898,2022-04-03 23:34:00,Sunday,30,TRAFFIC SIGNAL,RAIN,"DARKNESS, LIGHTED ROAD",ANGLE,WET,INJURY AND / OR TOW DUE TO CRASH,"OVER $1,500",DISREGARDING TRAFFIC SIGNALS,2,INCAPACITATING INJURY,3.0,0.0,1.0,23,1,4,41.87928364,-87.6371007,"['04/03/2022', '11:34:00', 'PM']",INCAPACITATING INJURY with Device
64c3959e1022130d6b5a3064e9a267aa6133a65b0379c0a37d43837725e5bbba64f87572e3802c3b89a391461ea0947a63078ba88996653989e49a840ba12ec5,2022-04-03 21:56:00,Sunday,30,TRAFFIC SIGNAL,CLEAR,"DARKNESS, LIGHTED ROAD",TURNING,DRY,INJURY AND / OR TOW DUE TO CRASH,"OVER $1,500",DISREGARDING TRAFFIC SIGNALS,3,INCAPACITATING INJURY,2.0,0.0,1.0,21,1,4,41.76252391,-87.58577681,"['04/03/2022', '09:56:00', 'PM']",INCAPACITATING INJURY with Device
14469faf7a46e82de87ac490728520441400dba8dadfa6a733a5fa49de0fb10bf3611307e4493ac68a53647b5a04eee1410526571d0d08d9bee1d3dc3bd2768b,2022-04-03 16:40:00,Sunday,35,NO CONTROLS,CLEAR,DAYLIGHT,PARKED MOTOR VEHICLE,DRY,INJURY AND / OR TOW DUE TO CRASH,"OVER $1,500",UNABLE TO DETERMINE,5,INCAPACITATING INJURY,1.0,0.0,1.0,16,1,4,41.96091855,-87.74014544,"['04/03/2022', '04:40:00', 'PM']",INCAPACITATING INJURY without Device
92f9870a2227008eb7d0a2c43c1499ae42cf986f21b339b7f3cf06a420cfc346ed921e4a3656c94134eaee0be79b32401ce1aea3e6fa5e688450dde5017cf3ed,2022-04-03 12:45:00,Sunday,30,STOP SIGN/FLASHER,CLEAR,DAYLIGHT,ANGLE,DRY,INJURY AND / OR TOW DUE TO CRASH,$500 OR LESS,FAILING TO YIELD RIGHT-OF-WAY,4,INCAPACITATING INJURY,1.0,0.0,1.0,12,1,4,41.94091437,-87.7761631,"['04/03/2022', '12:45:00', 'PM']",INCAPACITATING INJURY with Device
4802c6485c5ee408d29f6716b8bd78643a2bacf82461a243336727085eed05e679c9c751136c465d3a4a5de24525f5385ec5cc0b3a129d304fe62f5a67c01e67,2022-04-03 04:05:00,Sunday,30,NO CONTROLS,CLEAR,"DARKNESS, LIGHTED ROAD",FIXED OBJECT,WET,INJURY AND / OR TOW DUE TO CRASH,"OVER $1,500",UNABLE TO DETERMINE,1,FATAL,1.0,1.0,0.0,4,1,4,41.77231242,-87.64817177,"['04/03/2022', '04:05:00', 'AM']",FATAL without Device
95c55b32abd10db47fbef5a274bba38af10f54b27ee02f3de02cb30becb5ec03bba06d4ff3a65bb43a18426fd915b3a405a2736da39566310b852c95ca289e59,2022-04-03 03:30:00,Sunday,30,NO CONTROLS,CLEAR,"DARKNESS, LIGHTED ROAD",PEDALCYCLIST,WET,INJURY AND / OR TOW DUE TO CRASH,"$501 - $1,500",UNABLE TO DETERMINE,2,INCAPACITATING INJURY,1.0,0.0,1.0,3,1,4,41.79191176,-87.68470367,"['04/03/2022', '03:30:00', 'AM']",INCAPACITATING INJURY without Device
8c040b9dbe8981b50e44bf6677ed0921c96844fd9104901ba10d974a6bfae089ebbd5ac0d3fb2964f0a2500b6e4c6101ef7d6b1e617eff2cc8f930505ff34bc0,2022-04-03 02:36:00,Sunday,30,NO CONTROLS,CLEAR,"DARKNESS, LIGHTED ROAD",PARKED MOTOR VEHICLE,DRY,INJURY AND / OR TOW DUE TO CRASH,"OVER $1,500",UNABLE TO DETERMINE,3,INCAPACITATING INJURY,1.0,0.0,1.0,2,1,4,41.74273677,-87.61939673,"['04/03/2022', '02:36:00', 'AM']",INCAPACITATING INJURY without Device
39a658d2141ee9fd5c538fd57a26d42c5e50db604ea014705e30b046c7078170ffe2d0ade904efac183ccf7afe5973976e1e495844ffb09abf5dc08f0bdd3f81,2022-04-03 01:30:00,Sunday,25,NO CONTROLS,RAIN,"DARKNESS, LIGHTED ROAD",FIXED OBJECT,WET,INJURY AND / OR TOW DUE TO CRASH,"OVER $1,500",UNABLE TO DETERMINE,1,INCAPACITATING INJURY,1.0,0.0,1.0,1,1,4,41.98284942,-87.73767223,"['04/03/2022', '01:30:00', 'AM']",INCAPACITATING INJURY without Device
d6313134e9eac8e2cf1b415ca16fb17b358a6e94241e182e27874a8f465e61f1cd1a11c426c4bf0b94964bb032fb1815f496739106de42cfa009f4fc88959abd,2022-04-03 00:30:00,Sunday,30,TRAFFIC SIGNAL,CLEAR,"DARKNESS, LIGHTED ROAD",PEDALCYCLIST,DRY,INJURY AND / OR TOW DUE TO CRASH,"OVER $1,500",DISREGARDING TRAFFIC SIGNALS,2,INCAPACITATING INJURY,1.0,0.0,1.0,0,1,4,41.88038977,-87.74515274,"['04/03/2022', '12:30:00', 'AM']",INCAPACITATING INJURY with Device
6b334ea41536217137756262ff426c6fb8a1add1e0ff80093a674d2bdc536ceb6c87b85d4fd4835a21995dbe17376c33feaf69ec64147b8bb7b3715f370de03e,2022-04-02 19:23:00,Saturday,35,TRAFFIC SIGNAL,RAIN,"DARKNESS, LIGHTED ROAD",TURNING,WET,INJURY AND / OR TOW DUE TO CRASH,"OVER $1,500",FAILING TO YIELD RIGHT-OF-WAY,2,INCAPACITATING INJURY,1.0,0.0,1.0,19,7,4,41.70672358,-87.65619454,"['04/02/2022', '07:23:00', 'PM']",INCAPACITATING INJURY with Device
bc50e500eebbf42937a7339b92ce4bbc9e78e4bc3c8f44bc8cb674ec3f878c4d0d3dc8f55cd58ddd15e56cb843285d86d2ceb2e2ccb872aa3ef619d5bc795ca1,2022-04-02 17:58:00,Saturday,30,TRAFFIC SIGNAL,RAIN,DAYLIGHT,REAR END,WET,INJURY AND / OR TOW DUE TO CRASH,"OVER $1,500",FOLLOWING TOO CLOSELY,2,INCAPACITATING INJURY,1.0,0.0,1.0,17,7,4,41.76572356,-87.62002024,"['04/02/2022', '05:58:00', 'PM']",INCAPACITATING INJURY with Device
79222255e9acd6598696d2cdd9352c36729b6cb604fd5e32847be3898cec278e40e8a136501b2a8c5e2bb29594543ae92cd8817b242b441736b41d3b7688b195,2022-04-02 11:00:00,Saturday,30,NO CONTROLS,RAIN,DAYLIGHT,ANGLE,WET,INJURY AND / OR TOW DUE TO CRASH,"OVER $1,500",FAILING TO YIELD RIGHT-OF-WAY,5,INCAPACITATING INJURY,5.0,0.0,5.0,11,7,4,41.8245026,-87.70495255,"['04/02/2022', '11:00:00', 'AM']",INCAPACITATING INJURY without Device
b3b79d262497dd888227209370a6e3669ce4a24f8435781de93bad63e3c8142cfbd196b5dc0d8ff27d853e9b53a3ff308af9d9e09f43ff1f228e4fa212ac9e4a,2022-04-02 05:07:00,Saturday,45,TRAFFIC SIGNAL,CLEAR,"DARKNESS, LIGHTED ROAD",TURNING,DRY,INJURY AND / OR TOW DUE TO CRASH,"OVER $1,500",FAILING TO YIELD RIGHT-OF-WAY,2,INCAPACITATING INJURY,2.0,0.0,1.0,5,7,4,41.95840752,-87.88633325,"['04/02/2022', '05:07:00', 'AM']",INCAPACITATING INJURY with Device
9236e4d81f416899c492ca94ac180d8b095e29c17ad4090194c3c9ee28ce31cbe8decdda2cc6f25817516009802c869e3fb44de7c0cb4dd25123de2759b5445f,2022-04-01 21:57:00,Friday,30,NO CONTROLS,CLEAR,"DARKNESS, LIGHTED ROAD",PARKED MOTOR VEHICLE,DRY,INJURY AND / OR TOW DUE TO CRASH,"OVER $1,500",UNABLE TO DETERMINE,3,INCAPACITATING INJURY,1.0,0.0,1.0,21,6,4,41.88390856,-87.76513491,"['04/01/2022', '09:57:00', 'PM']",INCAPACITATING INJURY without Device
3c7b06895e4bff157f977f2f1db204979eca1240ffac14b911cba8633d610335a62d9720f9c26b48b1e6e4816e6a7ff915b69a032cd85d9af7f45fb519f57ffd,2022-04-01 19:00:00,Friday,30,NO CONTROLS,CLEAR,DAYLIGHT,REAR END,DRY,INJURY AND / OR TOW DUE TO CRASH,"OVER $1,500",FAILING TO YIELD RIGHT-OF-WAY,2,INCAPACITATING INJURY,1.0,0.0,1.0,19,6,4,41.80836955,-87.6840194,"['04/01/2022', '07:00:00', 'PM']",INCAPACITATING INJURY without Device
5ac113537829f0e88bac6f983a01270c4daaf3cae523c890bba0ee4a8f337d9550ee7c142b6210b81c3f20b0c3be8d64a5bcaec5eecf816fc6c1a3cb92262068,2022-04-01 16:43:00,Friday,30,NO CONTROLS,CLEAR,DAYLIGHT,FIXED OBJECT,DRY,INJURY AND / OR TOW DUE TO CRASH,"OVER $1,500",PHYSICAL CONDITION OF DRIVER,1,INCAPACITATING INJURY,1.0,0.0,1.0,16,6,4,41.82396435,-87.61554011,"['04/01/2022', '04:43:00', 'PM']",INCAPACITATING INJURY without Device
ae6c47afd628ee4b7e235ef80ad476d7f8bd14fb5022aaf8f6e7465c9cd2e383c948c871c633d0aa93c9ebfc6193a67cf2fbb5724519251581f38ea56cda30a6,2022-04-01 15:57:00,Friday,30,TRAFFIC SIGNAL,CLEAR,DAYLIGHT,REAR END,DRY,INJURY AND / OR TOW DUE TO CRASH,"OVER $1,500",FOLLOWING TOO CLOSELY,2,INCAPACITATING INJURY,3.0,0.0,1.0,15,6,4,41.91080902,-87.64833033,"['04/01/2022', '03:57:00', 'PM']",INCAPACITATING INJURY with Device
88930a83b69d786779c309445b810d64504cb6cf7f0a913c68afa11fe5a987cfef8b9172f7d181987b5fb29441123d76f46d63b8fa97c83b67a9d73bc78ee18a,2022-04-01 13:00:00,Friday,20,NO CONTROLS,CLEAR,DAYLIGHT,PEDESTRIAN,DRY,INJURY AND / OR TOW DUE TO CRASH,$500 OR LESS,UNABLE TO DETERMINE,2,INCAPACITATING INJURY,1.0,0.0,1.0,13,6,4,41.77523849,-87.70561176,"['04/01/2022', '01:00:00', 'PM']",INCAPACITATING INJURY without Device
c4615d36390b4533b1af3decb16fef938d81061971b7f8fb3985cc599bd357aa6d67b7c61151913b5d6ef4d371034923589fd20d29a58b4cc98034f8977add33,2022-04-01 09:25:00,Friday,25,NO CONTROLS,CLEAR,DAYLIGHT,OTHER OBJECT,DRY,INJURY AND / OR TOW DUE TO CRASH,"OVER $1,500",PHYSICAL CONDITION OF DRIVER,1,INCAPACITATING INJURY,1.0,0.0,1.0,9,6,4,41.81155639,-87.60675543,"['04/01/2022', '09:25:00', 'AM']",INCAPACITATING INJURY without Device