CRASH_RECORD_ID,CRASH_DATE,Weekday,POSTED_SPEED_LIMIT,TRAFFIC_CONTROL_DEVICE,WEATHER_CONDITION,LIGHTING_CONDITION,FIRST_CRASH_TYPE,ROADWAY_SURFACE_COND,CRASH_TYPE,DAMAGE,PRIM_CONTRIBUTORY_CAUSE,NUM_UNITS,MOST_SEVERE_INJURY,INJURIES_TOTAL,INJURIES_FATAL,INJURIES_INCAPACITATING,CRASH_HOUR,CRASH_DAY_OF_WEEK,CRASH_MONTH,LATITUDE,LONGITUDE,CRASH_TIME,CATEGORIES
15a99495e8582c69c3132ba7983946ec5f40e8537c3ce05cc122f0faea3e198a2e13ceb41093103a00322fef585cda9ea135eae77accc24835c53a322df998d7,2022-04-01 08:23:00,Friday,30,TRAFFIC SIGNAL,CLEAR,DAYLIGHT,FIXED OBJECT,DRY,INJURY AND / OR TOW DUE TO CRASH,"OVER $1,500",UNABLE TO DETERMINE,1,INCAPACITATING INJURY,1.0,0.0,1.0,8,6,4,41.95426283,-87.67901629,"['04/01/2022', '08:23:00', 'AM']",INCAPACITATING INJURY with Device
f9ca7d5b53df0fd002213d655d705e15b4e483380f8bdd5f50711c9d26957b7c6ef89befe435df4e2965deca59c3e3b80b5a7710d454e264fdfefaae7aaeab69,2022-03-31 18:09:00,Thursday,30,NO CONTROLS,SNOW,DAYLIGHT,PARKED MOTOR VEHICLE,SNOW OR SLUSH,INJURY AND / OR TOW DUE TO CRASH,"OVER $1,500",UNABLE TO DETERMINE,3,INCAPACITATING INJURY,1.0,0.0,1.0,18,5,3,41.79961245,-87.64924994,"['03/31/2022', '06:09:00', 'PM']",INCAPACITATING INJURY without Device
7d7c2d5d41a88ee81d2556fac8db0911a44fb4a38e9472c90effbfc34030e50bdabb8ef572b33c2407366cdedc6da5a437c795ecd19986fddb2f305fc53aa6a3,2022-03-31 12:40:00,Thursday,30,STOP SIGN/FLASHER,RAIN,DAYLIGHT,TURNING,WET,INJURY AND / OR TOW DUE TO CRASH,"OVER $1,500",FAILING TO YIELD RIGHT-OF-WAY,2,INCAPACITATING INJURY,3.0,0.0,1.0,12,5,3,41.76308808,-87.67355124,"['03/31/2022', '12:40:00', 'PM']",INCAPACITATING INJURY with Device
0d27f3a4e3c91ba407163ba8699beaa064daf2261061ef45421309395c23db8da47aaffb49bf190f9b173bf3129d4273062932401251ae8716e66342a30e54a4,2022-03-30 19:35:00,Wednesday,30,TRAFFIC SIGNAL,RAIN,DAWN,PEDESTRIAN,WET,INJURY AND / OR TOW DUE TO CRASH,"OVER $1,500",DRIVING SKILLS/KNOWLEDGE/EXPERIENCE,2,INCAPACITATING INJURY,1.0,0.0,1.0,19,4,3,41.89160129,-87.62979671,"['03/30/2022', '07:35:00', 'PM']",INCAPACITATING INJURY with Device
786d404dfd500f0620fe3a4335601015478c74d2066cee6116d7ec4615cfe4a79946b7eff2ef79f17d78aec5a737a2a512e54aa1f55879d7ff72ae811c3c474a,2022-03-30 16:13:00,Wednesday,30,TRAFFIC SIGNAL,RAIN,DAYLIGHT,REAR END,WET,INJURY AND / OR TOW DUE TO CRASH,"OVER $1,500",PHYSICAL CONDITION OF DRIVER,4,INCAPACITATING INJURY,2.0,0.0,1.0,16,4,3,41.70788493,-87.58568523,"['03/30/2022', '04:13:00', 'PM']",INCAPACITATING INJURY with Device
e6ae7e4823dcb51067c80b09c4207cabfe4086abd68b25bc2482b9992edf21271f9e6da4b5689f9044cfd142b6315bdfc0efc02fe814d07d33316ea9147a2273,2022-03-30 12:54:00,Wednesday,30,NO CONTROLS,RAIN,DAYLIGHT,REAR END,WET,INJURY AND / OR TOW DUE TO CRASH,"OVER $1,500",FOLLOWING TOO CLOSELY,4,INCAPACITATING INJURY,1.0,0.0,1.0,12,4,3,41.73755744,-87.72167338,"['03/30/2022', '12:54:00', 'PM']",INCAPACITATING INJURY without Device
1037256b6a04719fdddf2090627b1d3a37cf6b842d7f96c66eba13fbc778cf4c75f842f76563b46d6df702fe99e4f9b6d00944663a8a69bad0dc2a4e1079e45d,2022-03-30 12:18:00,Wednesday,30,STOP SIGN/FLASHER,RAIN,DAYLIGHT,PEDESTRIAN,WET,INJURY AND / OR TOW DUE TO CRASH,$500 OR LESS,UNABLE TO DETERMINE,2,INCAPACITATING INJURY,1.0,0.0,1.0,12,4,3,41.87405323,-87.75496155,"['03/30/2022', '12:18:00', 'PM']",INCAPACITATING INJURY with Device
cbc6fb9f2b67e93953bfbf28dae1066edd6f07fe10d38c834606393735c24c4618e85b20ba2454f98b0505bb0405e9157cdb6ef5291c7bcbc6f32a301949c5d7,2022-03-30 09:30:00,Wednesday,20,STOP SIGN/FLASHER,RAIN,DAYLIGHT,ANGLE,WET,INJURY AND / OR TOW DUE TO CRASH,"OVER $1,500",FAILING TO YIELD RIGHT-OF-WAY,2,INCAPACITATING INJURY,2.0,0.0,1.0,9,4,3,41.90662836,-87.6385162,"['03/30/2022', '09:30:00', 'AM']",INCAPACITATING INJURY with Device
0528242ca23de8c299a18abf39be5a8a44df45c270c2bb84659373ee1ae7e1354d4bede33ab519d62222bfda2face9a167229bc0d53b2999f26c74871648546e,2022-03-28 22:29:00,Monday,35,NO CONTROLS,CLEAR,"DARKNESS, LIGHTED ROAD",FIXED OBJECT,DRY,INJURY AND / OR TOW DUE TO CRASH,"OVER $1,500",FAILING TO REDUCE SPEED TO AVOID CRASH,1,INCAPACITATING INJURY,1.0,0.0,1.0,22,2,3,41.94653585,-87.70542957,"['03/28/2022', '10:29:00', 'PM']",INCAPACITATING INJURY without Device
73984976cbf6056f3d5d93b5abcf762d397e1ac28a1e4a80e99939583ad8f330aa10424387a5267f6b7c5c9d5e4298613bdb75a4c5846f894c50ef4c2e759c48,2022-03-28 20:50:00,Monday,40,NO CONTROLS,CLEAR,"DARKNESS, LIGHTED ROAD",REAR END,DRY,INJURY AND / OR TOW DUE TO CRASH,"OVER $1,500",IMPROPER OVERTAKING/PASSING,2,INCAPACITATING INJURY,1.0,0.0,1.0,20,2,3,41.94046617,-87.63806729,"['03/28/2022', '08:50:00', 'PM']",INCAPACITATING INJURY without Device
cb7174cda8ca8ad77d4b382dffc07c94e6addf50643464265d56d6eaedd0017aaf19aaa00dde6bfb9b54c004b9db7119006b22088027319908a82ae0cacaa8d9,2022-03-28 19:30:00,Monday,30,NO CONTROLS,CLEAR,DAYLIGHT,REAR END,DRY,INJURY AND / OR TOW DUE TO CRASH,"OVER $1,500",FAILING TO YIELD RIGHT-OF-WAY,4,INCAPACITATING INJURY,1.0,0.0,1.0,19,2,3,41.80698402,-87.66507395,"['03/28/2022', '07:30:00', 'PM']",INCAPACITATING INJURY without Device
49b8b4ed9e1dabc213437416ae5b0b510282fc2c4a41319fa589a87bcf3c3056135c10dc3540f19556f4dca5224fdf7160b0f64e8810778318f012545c301db9,2022-03-28 15:00:00,Monday,30,NO CONTROLS,CLEAR,DAYLIGHT,PEDESTRIAN,DRY,INJURY AND / OR TOW DUE TO CRASH,"OVER $1,500",FAILING TO YIELD RIGHT-OF-WAY,2,INCAPACITATING INJURY,1.0,0.0,1.0,15,2,3,41.87419001,-87.67406257,"['03/28/2022', '03:00:00', 'PM']",INCAPACITATING INJURY without Device
dc9b7c399648a6d09332685b0773f2f0ef1b0c2fcc37b03d3c89e217feb3682e046528df6e2b6414023125e003363076d93375ddb7bdb7d8cc28f2e181110550,2022-03-28 08:04:00,Monday,35,TRAFFIC SIGNAL,CLEAR,DAYLIGHT,ANGLE,DRY,INJURY AND / OR TOW DUE TO CRASH,"OVER $1,500",UNABLE TO DETERMINE,2,INCAPACITATING INJURY,1.0,0.0,1.0,8,2,3,41.73546846,-87.69237074,"['03/28/2022', '08:04:00', 'AM']",INCAPACITATING INJURY with Device
fca3fefdffea24933216212ee614fdc98f97fda5c2f73150be693cb010316fe07d0b7d7fe888cdeb87d23f413fd585cbfac37a4a22978eba469bf324dd9c68dc,2022-03-28 02:01:00,Monday,30,NO CONTROLS,CLEAR,"DARKNESS, LIGHTED ROAD",PARKED MOTOR VEHICLE,DRY,INJURY AND / OR TOW DUE TO CRASH,"OVER $1,500",UNDER THE INFLUENCE OF ALCOHOL/DRUGS (USE WHEN ARREST IS EFFECTED),4,INCAPACITATING INJURY,1.0,0.0,1.0,2,2,3,41.88569225,-87.69655808,"['03/28/2022', '02:01:00', 'AM']",INCAPACITATING INJURY without Device
3dbe014dd7e73255803a25271cf62e477e64b4c4d2b4c90a6d5c9c38125a431a8e2aaf064d9fb6d64d2e444574f99acbb76633f47503a7b54ec450910f02df36,2022-03-28 01:20:00,Monday,40,NO CONTROLS,CLEAR,"DARKNESS, LIGHTED ROAD",OVERTURNED,DRY,INJURY AND / OR TOW DUE TO CRASH,"OVER $1,500",PHYSICAL CONDITION OF DRIVER,1,INCAPACITATING INJURY,1.0,0.0,1.0,1,2,3,41.99035914,-87.88129316,"['03/28/2022', '01:20:00', 'AM']",INCAPACITATING INJURY without Device
5007deb6827cad356ad2d20a69bb5d4c848eeaba7fc711779994bc3c17ec6b10d8bf9ff1ba1747bde36e3929db59ebef139e112dd71c3722eb1b7a1e5a901117,2022-03-27 22:35:00,Sunday,30,NO CONTROLS,CLEAR,"DARKNESS, LIGHTED ROAD",PEDESTRIAN,DRY,INJURY AND / OR TOW DUE TO CRASH,"OVER $1,500",UNABLE TO DETERMINE,2,FATAL,1.0,1.0,0.0,22,1,3,41.8319601,-87.7048204,"['03/27/2022', '10:35:00', 'PM']",FATAL without Device
c6c5d3b055262bd49f20ad83562762f41443dbe8ba4e972472dcae0eb7ffe0676a61863388b05c85a40cc568436d7b1e8a08510a5e9f3b4189f0a95f85c7ad39,2022-03-27 22:15:00,Sunday,30,NO CONTROLS,CLEAR,"DARKNESS, LIGHTED ROAD",TURNING,DRY,INJURY AND / OR TOW DUE TO CRASH,"OVER $1,500",IMPROPER TURNING/NO SIGNAL,3,FATAL,2.0,1.0,1.0,22,1,3,41.96097183,-87.73542802,"['03/27/2022', '10:15:00', 'PM']",FATAL without Device
e96836daee257feea72a57966bdbffb3aa714934d861fac2993fc3f01b7b2fc8698dbe244dad857bada6aa0216c53823d66e5337d22439a06c4df8d8cd4534c8,2022-03-27 19:15:00,Sunday,30,TRAFFIC SIGNAL,CLEAR,"DARKNESS, LIGHTED ROAD",REAR END,DRY,INJURY AND / OR TOW DUE TO CRASH,"OVER $1,500",UNABLE TO DETERMINE,2,INCAPACITATING INJURY,2.0,0.0,1.0,19,1,3,41.75040189,-87.66835276,"['03/27/2022', '07:15:00', 'PM']",INCAPACITATING INJURY with Device
4f17645538254ea548a9010c0666c9e523db2d510651ef8825d57b25c4a3999cd05e7daaa7d8d86dbcfa8e59291490a1064b2fc60ba46a0a6d75ff51dc8e8ee9,2022-03-27 01:07:00,Sunday,30,TRAFFIC SIGNAL,CLEAR,"DARKNESS, LIGHTED ROAD",ANGLE,DRY,INJURY AND / OR TOW DUE TO CRASH,"OVER $1,500",DISREGARDING TRAFFIC SIGNALS,2,INCAPACITATING INJURY,3.0,0.0,1.0,1,1,3,41.88670889,-87.62945025,"['03/27/2022', '01:07:00', 'AM']",INCAPACITATING INJURY with Device
fd7d672eb3c4e61b51814c606a3b80c495eae501b8205fe197db218cf0034fac08e838d9d2bd852f0a81b339107fd7c0b5de1302b646270731ab12830d889687,2022-03-27 00:15:00,Sunday,30,TRAFFIC SIGNAL,CLEAR,"DARKNESS, LIGHTED ROAD",ANGLE,DRY,INJURY AND / OR TOW DUE TO CRASH,"OVER $1,500",FAILING TO YIELD RIGHT-OF-WAY,2,INCAPACITATING INJURY,1.0,0.0,1.0,0,1,3,41.85276917,-87.6386785,"['03/27/2022', '12:15:00', 'AM']",INCAPACITATING INJURY with Device
dd2eef0893ff7262c127cde457c974818c7cc39cbc28ba8b89639a929c8669131c72597bdcd75d87e22f7fdf8aa3d948d5fe4deb8b19f44926d54731b4a15ecb,2022-03-26 19:35:00,Saturday,25,NO CONTROLS,CLEAR,"DARKNESS, LIGHTED ROAD",PARKED MOTOR VEHICLE,DRY,INJURY AND / OR TOW DUE TO CRASH,"OVER $1,500",DISTRACTION - FROM OUTSIDE VEHICLE,2,INCAPACITATING INJURY,1.0,0.0,1.0,19,7,3,41.86924425,-87.7451954,"['03/26/2022', '07:35:00', 'PM']",INCAPACITATING INJURY without Device
ec3a337011321320e767300b1065332d8d57282b969b26107c1eda9099843b9d999472b9867474f24c777c2904b691a26545514031e0cd8baf5cc16986ef2b1b,2022-03-26 18:24:00,Saturday,35,TRAFFIC SIGNAL,CLEAR,DAYLIGHT,HEAD ON,DRY,INJURY AND / OR TOW DUE TO CRASH,"OVER $1,500",DRIVING ON WRONG SIDE/WRONG WAY,5,INCAPACITATING INJURY,2.0,0.0,1.0,18,7,3,41.80938059,-87.62269197,"['03/26/2022', '06:24:00', 'PM']",INCAPACITATING INJURY with Device
ddc3f12ecca88e4e94be0335658d9dcf13918360bbd187ca36b4d07a08a1df848bd842e8ee23bfc17fafbe4c4968b144d4b7283172b1203360577fd9d5d8ac1f,2022-03-26 12:45:00,Saturday,30,NO CONTROLS,CLEAR,DAYLIGHT,FIXED OBJECT,DRY,INJURY AND / OR TOW DUE TO CRASH,"OVER $1,500",UNABLE TO DETERMINE,1,INCAPACITATING INJURY,1.0,0.0,1.0,12,7,3,41.75030881,-87.54787371,"['03/26/2022', '12:45:00', 'PM']",INCAPACITATING INJURY without Device
a67d1ed486e8600757f2478c1798a83e2d37837f1c8c3f363db3b3ad8d750b9ea50db3a75af9d0d76dbfc603b26ecc3637967025799e6c6294aaff22e8b781bb,2022-03-26 04:25:00,Saturday,30,NO CONTROLS,CLEAR,DARKNESS,PARKED MOTOR VEHICLE,DRY,INJURY AND / OR TOW DUE TO CRASH,"OVER $1,500",UNDER THE INFLUENCE OF ALCOHOL/DRUGS (USE WHEN ARREST IS EFFECTED),3,INCAPACITATING INJURY,1.0,0.0,1.0,4,7,3,41.97565498,-87.80073018,"['03/26/2022', '04:25:00', 'AM']",INCAPACITATING INJURY without Device
65a151175ef761db6ffd6a702cdc86fa1495f735b7f17df25d657eb96a94157347d85c6dc8119804fb6a9b37ede9cbfd881802a017b4da65c6ace51b8590cd4d,2022-03-25 17:15:00,Friday,30,NO CONTROLS,CLEAR,DAYLIGHT,PARKED MOTOR VEHICLE,DRY,INJURY AND / OR TOW DUE TO CRASH,"OVER $1,500",UNABLE TO DETERMINE,5,INCAPACITATING INJURY,1.0,0.0,1.0,17,6,3,41.76228269,-87.6201555,"['03/25/2022', '05:15:00', 'PM']",INCAPACITATING INJURY without Device
f6530ba62b5c98c25065dae4779f0303b6a201c5735a9c0c9b99731c003071096f61d3b3098e923f696e6e4eff7e612bf9edfe466e83ad65f4b978ca35cd18c1,2022-03-25 15:22:00,Friday,20,NO CONTROLS,CLEAR,DAYLIGHT,PEDALCYCLIST,DRY,INJURY AND / OR TOW DUE TO CRASH,$500 OR LESS,UNABLE TO DETERMINE,2,INCAPACITATING INJURY,1.0,0.0,1.0,15,6,3,42.00294371,-87.66580801,"['03/25/2022', '03:22:00', 'PM']",INCAPACITATING INJURY without Device
e9bc2c9e759231a089ded0a38949d7f31c8a1b9e7d2403db70c11c5a7b7f8932b1226dea3c58af3201dbb73d148add6a382bad0a29cfc80d18007c54bd27a2d5,2022-03-25 14:29:00,Friday,30,TRAFFIC SIGNAL,CLEAR,DAYLIGHT,ANGLE,DRY,INJURY AND / OR TOW DUE TO CRASH,"OVER $1,500",DISREGARDING OTHER TRAFFIC SIGNS,2,INCAPACITATING INJURY,1.0,0.0,1.0,14,6,3,41.76596774,-87.59113893,"['03/25/2022', '02:29:00', 'PM']",INCAPACITATING INJURY with Device
6620d09a703be9a762eba046aeddc8e2aac134e862bc293aea7d6e72fa292822f8117cac091a53823a64b759dd147e20ed8f41f6a2a0cfcf72a0729d344a127d,2022-03-25 12:43:00,Friday,30,TRAFFIC SIGNAL,RAIN,DAYLIGHT,PEDESTRIAN,WET,INJURY AND / OR TOW DUE TO CRASH,$500 OR LESS,"VISION OBSCURED (SIGNS, TREE LIMBS, BUILDINGS, ETC.)",2,INCAPACITATING INJURY,1.0,0.0,1.0,12,6,3,41.91399921,-87.74586369,"['03/25/2022', '12:43:00', 'PM']",INCAPACITATING INJURY with Device
bc2a712d0575e582bfa955ae5f1a4148580987dc27a52fd352bae2fd614470ec8b52bea31a56bfce66bb2d80badaf1bef8aad368e78e440ebd6bd0964beaa075,2022-03-25 12:35:00,Friday,30,NO CONTROLS,RAIN,DAYLIGHT,FIXED OBJECT,WET,INJURY AND / OR TOW DUE TO CRASH,"OVER $1,500",EQUIPMENT - VEHICLE CONDITION,1,INCAPACITATING INJURY,2.0,0.0,1.0,12,6,3,41.65187245,-87.55009347,"['03/25/2022', '12:35:00', 'PM']",INCAPACITATING INJURY without Device
9993c3b34369c82eb60391b1db383218c82ebc8e3f34a7ff23067f54877916c75d7c6caf5d086245aaba58d8e0c363c2153172467b5159d3bffad2ddf6d297e9,2022-03-25 10:30:00,Friday,15,NO CONTROLS,CLEAR,DAYLIGHT,PEDESTRIAN,DRY,INJURY AND / OR TOW DUE TO CRASH,"OVER $1,500",IMPROPER BACKING,2,INCAPACITATING INJURY,1.0,0.0,1.0,10,6,3,41.81768373,-87.6650402,"['03/25/2022', '10:30:00', 'AM']",INCAPACITATING INJURY without Device
df74e57904e5e23a8a2a1edf6c8606b5c758facb25e46391020fb6b817a8f99f42befa2c9138adc4cee94eeaf5d4cfb6931c965bbf53079f8cd0c1f4c889983d,2022-03-24 21:20:00,Thursday,30,NO CONTROLS,RAIN,"DARKNESS, LIGHTED ROAD",PEDESTRIAN,WET,INJURY AND / OR TOW DUE TO CRASH,"OVER $1,500",FAILING TO YIELD RIGHT-OF-WAY,2,INCAPACITATING INJURY,1.0,0.0,1.0,21,5,3,41.75980243,-87.58467362,"['03/24/2022', '09:20:00', 'PM']",INCAPACITATING INJURY without Device
538db5fab673d2aa226bc49d8eba8b5a0c67f66141493db21c308d98ef0a2e1ff827d3623f71baa3195402c7a8b7fd7092120d731d98ae4ea1546b9df43f1ff5,2022-03-24 20:40:00,Thursday,30,TRAFFIC SIGNAL,RAIN,"DARKNESS, LIGHTED ROAD",REAR END,WET,INJURY AND / OR TOW DUE TO CRASH,"OVER $1,500",FOLLOWING TOO CLOSELY,3,INCAPACITATING INJURY,1.0,0.0,1.0,20,5,3,41.93393366,-87.69781721,"['03/24/2022', '08:40:00', 'PM']",INCAPACITATING INJURY with Device
913c1c05da9d896e9e72c755571d9c1a6d6a4654f2c7ff0c74f6272a08845821f410a0610d332479411ac7c7f877e9ce95ec55867bd2917e1fc8f38419600358,2022-03-24 16:23:00,Thursday,35,TRAFFIC SIGNAL,RAIN,DAYLIGHT,FIXED OBJECT,WET,INJURY AND / OR TOW DUE TO CRASH,"OVER $1,500",UNABLE TO DETERMINE,1,INCAPACITATING INJURY,1.0,0.0,1.0,16,5,3,41.88078008,-87.63295552,"['03/24/2022', '04:23:00', 'PM']",INCAPACITATING INJURY with Device
c1764acde0ae0ba6963babb21bd6424177fe5b412db8b694b3cf4dde81615e4fab37e4c7e13e7b0a83c5ab9ac3decb92ea7d5c884a4c1739048dd87503985440,2022-03-24 14:50:00,Thursday,20,NO CONTROLS,RAIN,DAYLIGHT,PEDESTRIAN,WET,INJURY AND / OR TOW DUE TO CRASH,"OVER $1,500",DRIVING SKILLS/KNOWLEDGE/EXPERIENCE,3,INCAPACITATING INJURY,1.0,0.0,1.0,14,5,3,41.7532371,-87.70975215,"['03/24/2022', '02:50:00', 'PM']",INCAPACITATING INJURY without Device
25f767eaa6870c1edbfae016427bc2a3931b22b9cce8993be0ab7c846baaf542074b9dc86f84cd46ce7815cc0a66654a98695439cd6fc27c2d102301fa65add3,2022-03-24 13:05:00,Thursday,30,TRAFFIC SIGNAL,RAIN,DAYLIGHT,REAR END,WET,INJURY AND / OR TOW DUE TO CRASH,"OVER $1,500",FOLLOWING TOO CLOSELY,2,INCAPACITATING INJURY,1.0,0.0,1.0,13,5,3,41.70755033,-87.5943407,"['03/24/2022', '01:05:00', 'PM']",INCAPACITATING INJURY with Device
9be613dcdc990bfdb5f5565588a1f1e4f1e393adbf14d44e2ec84a1f357b9d0614b8d3be71b7b42a972ce859a07a458e5681330f4af9c05e0e898466d730d5ca,2022-03-24 07:55:00,Thursday,15,NO CONTROLS,OTHER,DAYLIGHT,TURNING,WET,INJURY AND / OR TOW DUE TO CRASH,"OVER $1,500",IMPROPER TURNING/NO SIGNAL,4,INCAPACITATING INJURY,2.0,0.0,2.0,7,5,3,41.88713653,-87.75620888,"['03/24/2022', '07:55:00', 'AM']",INCAPACITATING INJURY without Device
5f2cbe4f872e404c6b1067f08622189285b592bc8bb1da890108cc192bfaf9ea07ae9ac8f7f4ffe2c8987a220a6a59b27eb4881cde4b11c3ae09977d8eea6833,2022-03-24 05:20:00,Thursday,30,NO CONTROLS,CLEAR,DAWN,PARKED MOTOR VEHICLE,WET,INJURY AND / OR TOW DUE TO CRASH,"OVER $1,500",UNABLE TO DETERMINE,2,INCAPACITATING INJURY,1.0,0.0,1.0,5,5,3,41.77627223,-87.69317268,"['03/24/2022', '05:20:00', 'AM']",INCAPACITATING INJURY without Device
b20ea549a993e56c05070f2515f2073bb5c945ac348417b6b5db98e6aab05189721622501099698a0dbd638911592b741ce59a6b500ca92abe5a3634825706e3,2022-03-24 03:28:00,Thursday,30,NO CONTROLS,RAIN,"DARKNESS, LIGHTED ROAD",PARKED MOTOR VEHICLE,WET,INJURY AND / OR TOW DUE TO CRASH,"OVER $1,500",NOT APPLICABLE,3,INCAPACITATING INJURY,1.0,0.0,1.0,3,5,3,41.76391869,-87.60690337,"['03/24/2022', '03:28:00', 'AM']",INCAPACITATING INJURY without Device
58d7dc227e942919ef830586936a4ed427ff986601775386e8c3379172a495e8dbde0e56ac7b5407649ecf20f28c2c43c2c14960a43b380aea96c1ab0cf73b28,2022-03-23 16:46:00,Wednesday,30,TRAFFIC SIGNAL,RAIN,DAYLIGHT,PEDESTRIAN,WET,INJURY AND / OR TOW DUE TO CRASH,"OVER $1,500",FAILING TO REDUCE SPEED TO AVOID CRASH,2,INCAPACITATING INJURY,1.0,0.0,1.0,16,4,3,41.99829823,-87.66061166,"['03/23/2022', '04:46:00', 'PM']",INCAPACITATING INJURY with Device
892ea9f1c328fa182c2d2fae80b82f28a22f3e9384e69845633a31aa202084389159f2cd894bdf26eb814745b601e75879d9fe549754c11228a5265fe0821b40,2022-03-23 09:30:00,Wednesday,35,NO CONTROLS,CLEAR,DAYLIGHT,HEAD ON,WET,INJURY AND / OR TOW DUE TO CRASH,"OVER $1,500",DRIVING ON WRONG SIDE/WRONG WAY,2,INCAPACITATING INJURY,2.0,0.0,1.0,9,4,3,41.85336714,-87.72494699,"['03/23/2022', '09:30:00', 'AM']",INCAPACITATING INJURY without Device
53132f1f77882d35b0f13a572ad35224f81e77574307000be619aa62b815f4490eaa0b7648eee27535928e086947270dc0835064b18aba0299462875719c2cee,2022-03-23 06:47:00,Wednesday,30,NO CONTROLS,RAIN,DAWN,HEAD ON,WET,INJURY AND / OR TOW DUE TO CRASH,"OVER $1,500",WEATHER,2,INCAPACITATING INJURY,2.0,0.0,1.0,6,4,3,42.00089535,-87.76269806,"['03/23/2022', '06:47:00', 'AM']",INCAPACITATING INJURY without Device
b3e6a11f1583aaf147a0f8c4f758bf59869279e9c89dac83aaba97ecaead5c50f64085de2993e17d4a7744ff84f2a8dd341966d3801a315ec76535c736186610,2022-03-22 20:26:00,Tuesday,30,TRAFFIC SIGNAL,CLEAR,"DARKNESS, LIGHTED ROAD",ANGLE,WET,INJURY AND / OR TOW DUE TO CRASH,"OVER $1,500",DISREGARDING TRAFFIC SIGNALS,2,INCAPACITATING INJURY,1.0,0.0,1.0,20,3,3,42.00927651,-87.67417783,"['03/22/2022', '08:26:00', 'PM']",INCAPACITATING INJURY with Device
2d065845feadc8b34523aa9094f5e949ca7cf9589bc52cf4ed3eab09494282334153f8c84204dc2906e896d1755b0deef5a4f11e373cf3ae7fe43a38251005f7,2022-03-22 20:18:00,Tuesday,30,STOP SIGN/FLASHER,CLEAR,"DARKNESS, LIGHTED ROAD",PEDALCYCLIST,DRY,INJURY AND / OR TOW DUE TO CRASH,"$501 - $1,500",FAILING TO YIELD RIGHT-OF-WAY,2,INCAPACITATING INJURY,1.0,0.0,1.0,20,3,3,41.8004076,-87.72588555,"['03/22/2022', '08:18:00', 'PM']",INCAPACITATING INJURY with Device
0d03097f9c41d7339e128acb657aa8ca2eb3aaf7f78e71df58183ca7cafb1ae2934b0b6cbd1ca2121cdf824af15a5bcff9e1c2aa803d36ef11eff7bc601c4b99,2022-03-21 21:46:00,Monday,30,NO CONTROLS,CLEAR,"DARKNESS, LIGHTED ROAD",REAR END,DRY,INJURY AND / OR TOW DUE TO CRASH,"OVER $1,500",FOLLOWING TOO CLOSELY,2,INCAPACITATING INJURY,1.0,0.0,1.0,21,2,3,41.7907339,-87.58526207,"['03/21/2022', '09:46:00', 'PM']",INCAPACITATING INJURY without Device
61130d53ffdc698adb039b978d9fbd9666add080bcfcadaf3f1597fc5edf7a4f7ee425c3fa46dc779464a45133a161fceaf738e01f082280fdaf2eeca13b52ab,2022-03-21 20:48:00,Monday,25,NO CONTROLS,CLEAR,DARKNESS,PEDESTRIAN,DRY,INJURY AND / OR TOW DUE TO CRASH,"OVER $1,500",HAD BEEN DRINKING (USE WHEN ARREST IS NOT MADE),2,INCAPACITATING INJURY,1.0,0.0,1.0,20,2,3,41.90767492,-87.76591088,"['03/21/2022', '08:48:00', 'PM']",INCAPACITATING INJURY without Device
4331f11978aa1e0b3e82ed293da7b47aea0ac62a21bbc262ab12de1947f16453088f52562ef948842827931ed5af950ca7ca3f165bcee7c13309c4d0266eba5f,2022-03-21 19:50:00,Monday,30,NO CONTROLS,CLEAR,DUSK,SIDESWIPE SAME DIRECTION,DRY,INJURY AND / OR TOW DUE TO CRASH,"OVER $1,500",IMPROPER OVERTAKING/PASSING,2,FATAL,4.0,2.0,0.0,19,2,3,41.79325819,-87.61094754,"['03/21/2022', '07:50:00', 'PM']",FATAL without Device
4701e4ae96fd61e418975f8104e412c5392461a4f28fb57463b414a72ece89b61714131a1abd578ac109073262bb8c5364c0b30e4568023941ca303fa18fdea9,2022-03-21 17:45:00,Monday,30,NO CONTROLS,CLEAR,DAYLIGHT,PARKED MOTOR VEHICLE,DRY,INJURY AND / OR TOW DUE TO CRASH,"OVER $1,500",DISTRACTION - FROM OUTSIDE VEHICLE,2,INCAPACITATING INJURY,1.0,0.0,1.0,17,2,3,41.77409735,-87.6836505,"['03/21/2022', '05:45:00', 'PM']",INCAPACITATING INJURY without Device
0060b3610e8080f0761bb3c3373fd4880dd6798bc5c15fb82c81728be8603486b68c6064c65ae06fd77cd45df0b64d21543b2edf3acee9ec87b745e071cac2fb,2022-03-21 15:12:00,Monday,30,TRAFFIC SIGNAL,CLEAR,DAYLIGHT,SIDESWIPE SAME DIRECTION,DRY,INJURY AND / OR TOW DUE TO CRASH,"$501 - $1,500",IMPROPER OVERTAKING/PASSING,2,INCAPACITATING INJURY,1.0,0.0,1.0,15,2,3,41.87347922,-87.7196089,"['03/21/2022', '03:12:00', 'PM']",INCAPACITATING INJURY with Device