CRASH_RECORD_ID,CRASH_DATE,Weekday,POSTED_SPEED_LIMIT,TRAFFIC_CONTROL_DEVICE,WEATHER_CONDITION,LIGHTING_CONDITION,FIRST_CRASH_TYPE,ROADWAY_SURFACE_COND,CRASH_TYPE,DAMAGE,PRIM_CONTRIBUTORY_CAUSE,NUM_UNITS,MOST_SEVERE_INJURY,INJURIES_TOTAL,INJURIES_FATAL,INJURIES_INCAPACITATING,CRASH_HOUR,CRASH_DAY_OF_WEEK,CRASH_MONTH,LATITUDE,LONGITUDE,CRASH_TIME,CATEGORIES
6a5024b2e65430d5b564322eeaaf9c340ebd7f42a7dc78451ff5546d8972c5c62c150196fd0799669bedc63a87663f442f7a6dc318a873caa49a215a7d253d04,2022-03-21 14:25:00,Monday,35,STOP SIGN/FLASHER,CLEAR,DAYLIGHT,TURNING,DRY,INJURY AND / OR TOW DUE TO CRASH,"OVER $1,500",FAILING TO YIELD RIGHT-OF-WAY,2,INCAPACITATING INJURY,3.0,0.0,1.0,14,2,3,41.65904408,-87.6107931,"['03/21/2022', '02:25:00', 'PM']",INCAPACITATING INJURY with Device
54b0010ae05394437df31a673cf24448f6d7be172523176f34df1ddad6d5812400cd65bc7e8495ae7f4d5723a82e11ea6df29f178b35620fe604b6e4f85babaa,2022-03-20 19:40:00,Sunday,30,NO CONTROLS,CLEAR,"DARKNESS, LIGHTED ROAD",TURNING,DRY,INJURY AND / OR TOW DUE TO CRASH,"OVER $1,500","OPERATING VEHICLE IN ERRATIC, RECKLESS, CARELESS, NEGLIGENT OR AGGRESSIVE MANNER",2,INCAPACITATING INJURY,2.0,0.0,1.0,19,1,3,41.75087394,-87.62275988,"['03/20/2022', '07:40:00', 'PM']",INCAPACITATING INJURY without Device
5aec5b758a482d1495d5d222debcbecd8c95b09d1391718770542c84756025271dbecafa325d174d425c4e4551a28a9344df474b523003d93fe86db6424c0922,2022-03-20 13:44:00,Sunday,30,NO CONTROLS,CLEAR,DAYLIGHT,REAR END,DRY,INJURY AND / OR TOW DUE TO CRASH,"OVER $1,500","OPERATING VEHICLE IN ERRATIC, RECKLESS, CARELESS, NEGLIGENT OR AGGRESSIVE MANNER",2,INCAPACITATING INJURY,1.0,0.0,1.0,13,1,3,41.83758276,-87.67559063,"['03/20/2022', '01:44:00', 'PM']",INCAPACITATING INJURY without Device
b434d680989570c158b9c99274320e5108e5a56ae2bc0e2f98f12c915cba0f1fa2d5001b847fd268777a41e6ee47e0a5887a47ed3703e2d8a783c4a0bc6a080f,2022-03-20 13:03:00,Sunday,30,TRAFFIC SIGNAL,CLEAR,DAYLIGHT,PEDESTRIAN,DRY,INJURY AND / OR TOW DUE TO CRASH,$500 OR LESS,UNABLE TO DETERMINE,2,INCAPACITATING INJURY,1.0,0.0,1.0,13,1,3,41.75026224,-87.66358012,"['03/20/2022', '01:03:00', 'PM']",INCAPACITATING INJURY with Device
cdde3fc04994669745ca281fb82a1266677cb1adc811cfd0ed13d2464c350e67e100615bb60385cb24c932d0faa9ae619e62cfea8f720aaad36c9f7ae73d75fb,2022-03-20 12:30:00,Sunday,30,NO CONTROLS,CLEAR,DAYLIGHT,SIDESWIPE SAME DIRECTION,DRY,INJURY AND / OR TOW DUE TO CRASH,"OVER $1,500",FOLLOWING TOO CLOSELY,2,INCAPACITATING INJURY,1.0,0.0,1.0,12,1,3,41.78077094,-87.69846094,"['03/20/2022', '12:30:00', 'PM']",INCAPACITATING INJURY without Device
f52a5a5f1effc47844e880f6ffbf6ef598f737b8d659a1e740f2cd9c979c21e86db7629af1672aa8e7fc1a700881c7f910d580853c9ecedb05cb58f2061eab80,2022-03-20 04:32:00,Sunday,30,TRAFFIC SIGNAL,CLEAR,"DARKNESS, LIGHTED ROAD",FIXED OBJECT,DRY,INJURY AND / OR TOW DUE TO CRASH,"OVER $1,500",FAILING TO REDUCE SPEED TO AVOID CRASH,2,INCAPACITATING INJURY,2.0,0.0,2.0,4,1,3,41.91621118,-87.66794589,"['03/20/2022', '04:32:00', 'AM']",INCAPACITATING INJURY with Device
29afce998a448775ee3e968087e8c1ff885f31311db8e71e3493958eeefbb524f0a6c7e26ca9af8694c54ed5a454db096ea88a0bdc1417ff90d8963716ecc5ca,2022-03-20 01:00:00,Sunday,30,TRAFFIC SIGNAL,CLEAR,"DARKNESS, LIGHTED ROAD",TURNING,DRY,INJURY AND / OR TOW DUE TO CRASH,"$501 - $1,500",UNABLE TO DETERMINE,2,INCAPACITATING INJURY,1.0,0.0,1.0,1,1,3,41.86980152,-87.64416527,"['03/20/2022', '01:00:00', 'AM']",INCAPACITATING INJURY with Device
cc555f0e0c7508e06e9cafc594d5f7b112c1731bd6761583b84e9ba73fb55260843608aeaf1b1513dd01bec9d5c973511123ceacc16e98dd402a58335b143bfd,2022-03-20 00:03:00,Sunday,30,TRAFFIC SIGNAL,CLEAR,"DARKNESS, LIGHTED ROAD",ANGLE,DRY,INJURY AND / OR TOW DUE TO CRASH,"OVER $1,500",DISREGARDING TRAFFIC SIGNALS,2,INCAPACITATING INJURY,1.0,0.0,1.0,0,1,3,41.87618617,-87.67667397,"['03/20/2022', '12:03:00', 'AM']",INCAPACITATING INJURY with Device
033274e3b24450c7d99b8f4add11b67edc9682f1484c5e9fa9a5246cf8984fc2e4dd212f607b9e0ca3594e74ba778da90fe8ccf1e56ebf18bdbdd3e05e5f4002,2022-03-19 23:34:00,Saturday,25,TRAFFIC SIGNAL,FOG/SMOKE/HAZE,"DARKNESS, LIGHTED ROAD",PEDESTRIAN,WET,INJURY AND / OR TOW DUE TO CRASH,$500 OR LESS,"VISION OBSCURED (SIGNS, TREE LIMBS, BUILDINGS, ETC.)",2,INCAPACITATING INJURY,1.0,0.0,1.0,23,7,3,41.87465427,-87.71077075,"['03/19/2022', '11:34:00', 'PM']",INCAPACITATING INJURY with Device
73a732b0d2a9991b2af151151c5047d2eed6fdb0777b0da11089701754ab7f387934af1b5035edef3ae6aae751078882bf927ec2534066e3ab8d6db15d4b32ac,2022-03-19 22:39:00,Saturday,30,TRAFFIC SIGNAL,CLEAR,"DARKNESS, LIGHTED ROAD",REAR END,WET,INJURY AND / OR TOW DUE TO CRASH,"OVER $1,500",DISREGARDING TRAFFIC SIGNALS,3,INCAPACITATING INJURY,1.0,0.0,1.0,22,7,3,41.86645727,-87.71066733,"['03/19/2022', '10:39:00', 'PM']",INCAPACITATING INJURY with Device
c34b50d2d3a1c96a486d40b4fe6cd555d0441bfc5c136eb78b5e36266d451be6b6339bd7a36baa688fb66ee91caf15a10a7cd8832d16a5c7cbe9c57fa3bb9901,2022-03-19 13:21:00,Saturday,0,NO CONTROLS,RAIN,DAYLIGHT,PEDESTRIAN,WET,INJURY AND / OR TOW DUE TO CRASH,$500 OR LESS,EQUIPMENT - VEHICLE CONDITION,2,INCAPACITATING INJURY,1.0,0.0,1.0,13,7,3,41.82225069,-87.69449446,"['03/19/2022', '01:21:00', 'PM']",INCAPACITATING INJURY without Device
524b02ba0f28a913d3181aaf4feeb121ad0b475c1350068a4031498e143120a291a0e27677a6821faa8230d972501dd54c75771c6c406b736dee7ee6e8c29cbd,2022-03-19 12:04:00,Saturday,30,TRAFFIC SIGNAL,RAIN,DAYLIGHT,ANGLE,WET,INJURY AND / OR TOW DUE TO CRASH,"OVER $1,500",UNABLE TO DETERMINE,2,INCAPACITATING INJURY,1.0,0.0,1.0,12,7,3,41.73639447,-87.61444398,"['03/19/2022', '12:04:00', 'PM']",INCAPACITATING INJURY with Device
10671505c9692a5a6ed1eb1ba56db8ab533e77b496a61a257a90a3425474c621344af4a2db84bacda6d6d862711688f8164fb387c41bc858d4ccfd2496d0b38f,2022-03-19 03:30:00,Saturday,25,NO CONTROLS,RAIN,"DARKNESS, LIGHTED ROAD",SIDESWIPE SAME DIRECTION,WET,INJURY AND / OR TOW DUE TO CRASH,"OVER $1,500",UNABLE TO DETERMINE,2,INCAPACITATING INJURY,1.0,0.0,1.0,3,7,3,41.89987255,-87.61908034,"['03/19/2022', '03:30:00', 'AM']",INCAPACITATING INJURY without Device
899ff1af68aaed90f2c3151deca0724219a988ffecb8d401769218c86381413cad38c17fab01375496725dda9d3e963d4f67eb5e30226a3484d749b4b2c232ed,2022-03-18 23:44:00,Friday,30,NO CONTROLS,RAIN,"DARKNESS, LIGHTED ROAD",PARKED MOTOR VEHICLE,WET,INJURY AND / OR TOW DUE TO CRASH,"OVER $1,500",PHYSICAL CONDITION OF DRIVER,4,FATAL,1.0,1.0,0.0,23,6,3,41.84796074,-87.71053284,"['03/18/2022', '11:44:00', 'PM']",FATAL without Device
f4fd69d8b66ce9e1c351349687e5baec0f0bf2ddca496fc88c2a286bf1b37b22ecbca9563d894bdd23b194fe3db16ec5e443979e1ee6feb6c22f371a7685d985,2022-03-18 23:00:00,Friday,30,NO CONTROLS,RAIN,"DARKNESS, LIGHTED ROAD",HEAD ON,WET,INJURY AND / OR TOW DUE TO CRASH,"OVER $1,500",UNDER THE INFLUENCE OF ALCOHOL/DRUGS (USE WHEN ARREST IS EFFECTED),3,INCAPACITATING INJURY,3.0,0.0,3.0,23,6,3,41.83840558,-87.62715546,"['03/18/2022', '11:00:00', 'PM']",INCAPACITATING INJURY without Device
3740e05bcf8f54a49dca2e1c7645893d7f6b54ce7529303780636dba201ae15e2a76fb3ddd18ecf5288e2397a6f49d5d14838494d96481a7df75746f2f5c9f6d,2022-03-18 20:31:00,Friday,30,NO CONTROLS,RAIN,"DARKNESS, LIGHTED ROAD",PEDESTRIAN,WET,INJURY AND / OR TOW DUE TO CRASH,"OVER $1,500",UNABLE TO DETERMINE,3,INCAPACITATING INJURY,1.0,0.0,1.0,20,6,3,41.86396788,-87.62748774,"['03/18/2022', '08:31:00', 'PM']",INCAPACITATING INJURY without Device
4af057291cd5b9f79050a38e04f690d87282b3b70f9de88a7d544b1ea708c6970410931115efc5e9d83cd6cfa6068aa3047d00a00df232ec364fae3b7c8e9f48,2022-03-18 20:17:00,Friday,30,TRAFFIC SIGNAL,RAIN,DARKNESS,ANGLE,WET,INJURY AND / OR TOW DUE TO CRASH,"OVER $1,500",FAILING TO YIELD RIGHT-OF-WAY,2,INCAPACITATING INJURY,2.0,0.0,1.0,20,6,3,41.88235314,-87.76501028,"['03/18/2022', '08:17:00', 'PM']",INCAPACITATING INJURY with Device
0db675893139163fe512707770cde7cf88d9b55ba3064fd054e7d4305824470b18aafb601524b7e8210fa6e75432358eb3c52efd5a7d3ec9b1942977a48be568,2022-03-18 06:19:00,Friday,30,TRAFFIC SIGNAL,CLEAR,"DARKNESS, LIGHTED ROAD",TURNING,DRY,INJURY AND / OR TOW DUE TO CRASH,"OVER $1,500",UNABLE TO DETERMINE,2,INCAPACITATING INJURY,2.0,0.0,2.0,6,6,3,41.9029192,-87.70241273,"['03/18/2022', '06:19:00', 'AM']",INCAPACITATING INJURY with Device
f10ed31233fbe4772552d6e535d14d449da64f46f992363d612dd6a273af93ccf7b699424ccb778069099498f7ccc8ce5a5416a7e6c9f37bbc8a61f1e5895b60,2022-03-18 03:08:00,Friday,30,TRAFFIC SIGNAL,CLEAR,"DARKNESS, LIGHTED ROAD",ANGLE,DRY,INJURY AND / OR TOW DUE TO CRASH,"OVER $1,500",DISREGARDING TRAFFIC SIGNALS,2,INCAPACITATING INJURY,1.0,0.0,1.0,3,6,3,41.89485028,-87.63282366,"['03/18/2022', '03:08:00', 'AM']",INCAPACITATING INJURY with Device
4083b6758d576c54cd22656822ea4736ee2a62d08d59288be812e343398ede733780b22b16dd9b5878554bae8cbe1c7389caecbc31d045a50560905529532484,2022-03-17 23:24:00,Thursday,30,NO CONTROLS,CLEAR,"DARKNESS, LIGHTED ROAD",OTHER NONCOLLISION,DRY,INJURY AND / OR TOW DUE TO CRASH,"OVER $1,500",FAILING TO REDUCE SPEED TO AVOID CRASH,1,INCAPACITATING INJURY,1.0,0.0,1.0,23,5,3,41.72485801,-87.64345222,"['03/17/2022', '11:24:00', 'PM']",INCAPACITATING INJURY without Device
33c8fee08ae695335cd326a59433f42ea69eaec9aa476d511cc5518799c2721ba66dfec539543dabd6372ee594325e95087f474ae79f04aa6b0f8095c872ed8c,2022-03-17 20:07:00,Thursday,30,TRAFFIC SIGNAL,CLEAR,DUSK,PEDESTRIAN,DRY,INJURY AND / OR TOW DUE TO CRASH,"OVER $1,500",UNABLE TO DETERMINE,2,FATAL,1.0,1.0,0.0,20,5,3,41.92067663,-87.77563027,"['03/17/2022', '08:07:00', 'PM']",FATAL with Device
cc6fdf80c7ec4a74c62366934c1d55bd038d51227e492184ca2dba6ec4e57281d05cfb56f4f219dd91ee1e2e110e1412422565d8b5ecfa3c35d9fe65ef8a04d0,2022-03-17 17:55:00,Thursday,30,TRAFFIC SIGNAL,CLEAR,DAYLIGHT,TURNING,DRY,INJURY AND / OR TOW DUE TO CRASH,"OVER $1,500",IMPROPER TURNING/NO SIGNAL,2,INCAPACITATING INJURY,1.0,0.0,1.0,17,5,3,41.91704199,-87.7461761,"['03/17/2022', '05:55:00', 'PM']",INCAPACITATING INJURY with Device
c6cb401f8f8c9c04193e809191d8b9bb314899497b8ac14601d269c3b699faa3e0f3391e6109933a9c6d2092b09a6b40bb47f2820e9346ce49b5d51628500e7d,2022-03-17 15:10:00,Thursday,30,STOP SIGN/FLASHER,CLEAR,DAYLIGHT,ANGLE,DRY,INJURY AND / OR TOW DUE TO CRASH,"OVER $1,500",DRIVING ON WRONG SIDE/WRONG WAY,3,INCAPACITATING INJURY,2.0,0.0,1.0,15,5,3,41.68179764,-87.64044791,"['03/17/2022', '03:10:00', 'PM']",INCAPACITATING INJURY with Device
ae6226c986adcda0194f14dbc2c72ea727d086b4f1cf2ea8d9022f603de70b933e97a20beb543ab12f21198d97405b1f6140923cd728ba05ac20dd43fd2957a0,2022-03-17 09:03:00,Thursday,30,TRAFFIC SIGNAL,CLEAR,DAYLIGHT,TURNING,DRY,INJURY AND / OR TOW DUE TO CRASH,"OVER $1,500",DISREGARDING TRAFFIC SIGNALS,2,INCAPACITATING INJURY,3.0,0.0,3.0,9,5,3,41.99804873,-87.78868957,"['03/17/2022', '09:03:00', 'AM']",INCAPACITATING INJURY with Device
8b18e7d25039bc241f858af0b7b2f0d20f0835d936dde1968e80725fddd646eeaf4ae732c912dce5b904190d574024ba5a353514207fecaf2352371d8f773a49,2022-03-17 04:06:00,Thursday,30,NO CONTROLS,CLEAR,"DARKNESS, LIGHTED ROAD",PARKED MOTOR VEHICLE,DRY,INJURY AND / OR TOW DUE TO CRASH,"OVER $1,500",UNDER THE INFLUENCE OF ALCOHOL/DRUGS (USE WHEN ARREST IS EFFECTED),4,INCAPACITATING INJURY,1.0,0.0,1.0,4,5,3,41.93952848,-87.6934036,"['03/17/2022', '04:06:00', 'AM']",INCAPACITATING INJURY without Device
97fb39ed29fd023dbfecbfe53610349a569c936554e4727f83e7000b9beb8b7769abbe2f36170c1d71e3c98c392e9aea96bbc472d6b10107049a4bf67a9a1f15,2022-03-16 23:19:00,Wednesday,30,TRAFFIC SIGNAL,CLEAR,"DARKNESS, LIGHTED ROAD",PEDALCYCLIST,DRY,INJURY AND / OR TOW DUE TO CRASH,"OVER $1,500","OPERATING VEHICLE IN ERRATIC, RECKLESS, CARELESS, NEGLIGENT OR AGGRESSIVE MANNER",2,INCAPACITATING INJURY,1.0,0.0,1.0,23,4,3,41.86694555,-87.65310356,"['03/16/2022', '11:19:00', 'PM']",INCAPACITATING INJURY with Device
fceb2b895b68c6a564aa19450d543ebfb0b3cb123e9dbc32d3ae870fb0583e36f314748f15f175711f1a17370b666c3ff96c5e8799f607bcf20d1427d5767eaf,2022-03-16 19:52:00,Wednesday,30,TRAFFIC SIGNAL,CLEAR,"DARKNESS, LIGHTED ROAD",TURNING,DRY,INJURY AND / OR TOW DUE TO CRASH,"OVER $1,500",FAILING TO YIELD RIGHT-OF-WAY,2,INCAPACITATING INJURY,1.0,0.0,1.0,19,4,3,41.94458734,-87.65418457,"['03/16/2022', '07:52:00', 'PM']",INCAPACITATING INJURY with Device
08265183bea27ea87a05d458ed897d97dc706579223676d44d79e415a26db5d2218e991bcf14bb58af5141046b2999878ddcf6d04c8eeb2ffa0fe1fac403d558,2022-03-16 19:37:00,Wednesday,35,NO CONTROLS,CLEAR,DARKNESS,PEDESTRIAN,DRY,INJURY AND / OR TOW DUE TO CRASH,"OVER $1,500",FAILING TO REDUCE SPEED TO AVOID CRASH,2,FATAL,1.0,1.0,0.0,19,4,3,41.69457793,-87.68139222,"['03/16/2022', '07:37:00', 'PM']",FATAL without Device
efcab892542867b9ddbbc95c93ef7d6dd6f03e7810115422021df221d5f499e834f97228b032fcfbd91a03dd4c6b1adbb62fa755d4f60468ecf99859862c6917,2022-03-16 16:06:00,Wednesday,30,NO CONTROLS,CLEAR,DAYLIGHT,PEDESTRIAN,DRY,INJURY AND / OR TOW DUE TO CRASH,"OVER $1,500",FAILING TO YIELD RIGHT-OF-WAY,2,INCAPACITATING INJURY,1.0,0.0,1.0,16,4,3,41.90748816,-87.74620489,"['03/16/2022', '04:06:00', 'PM']",INCAPACITATING INJURY without Device
c585c70517b87e6f27afba175342ec9e4dcf7ec5c61cbc91e2f5ec155cf0e94405da02c7b7535969d43d3994758aae9b75b42be127018cbe2840a2a215ace867,2022-03-16 16:05:00,Wednesday,30,STOP SIGN/FLASHER,CLEAR,DAYLIGHT,ANGLE,DRY,INJURY AND / OR TOW DUE TO CRASH,"OVER $1,500",UNABLE TO DETERMINE,2,INCAPACITATING INJURY,2.0,0.0,1.0,16,4,3,41.87791548,-87.74533574,"['03/16/2022', '04:05:00', 'PM']",INCAPACITATING INJURY with Device
f653c38c9b315fdf4db8e3b1df47cb51b5893b881a9851ccc1165fce8826d94312cdb844fc4c92b7bf7ee096c96407674f6f1ca936213d0739bd1e198d81d232,2022-03-16 10:48:00,Wednesday,30,NO CONTROLS,CLEAR,DAYLIGHT,HEAD ON,DRY,INJURY AND / OR TOW DUE TO CRASH,"OVER $1,500",PHYSICAL CONDITION OF DRIVER,2,INCAPACITATING INJURY,2.0,0.0,2.0,10,4,3,41.7922934,-87.79011271,"['03/16/2022', '10:48:00', 'AM']",INCAPACITATING INJURY without Device
357cc84609e4e0becd9ec8079998a8effa2e36f863423a53d878f0787fe0df5f41b62bdf69e0cc2696062a4506c84ae8df2ef1e0017fc26dd615c640746f67a6,2022-03-16 09:09:00,Wednesday,30,STOP SIGN/FLASHER,CLEAR,DAYLIGHT,TURNING,DRY,INJURY AND / OR TOW DUE TO CRASH,"OVER $1,500",IMPROPER OVERTAKING/PASSING,2,INCAPACITATING INJURY,1.0,0.0,1.0,9,4,3,41.81472915,-87.61688511,"['03/16/2022', '09:09:00', 'AM']",INCAPACITATING INJURY with Device
6131729078095518d1decbaa680b5d91976b25332141d5908dde8e8a4ec5f8bbbb460cafe848f51a6c0c57f853a0b03953b77c0d553c5abe626cdd08557c9478,2022-03-16 08:30:00,Wednesday,30,STOP SIGN/FLASHER,CLEAR,DAYLIGHT,PEDESTRIAN,DRY,INJURY AND / OR TOW DUE TO CRASH,$500 OR LESS,UNABLE TO DETERMINE,2,INCAPACITATING INJURY,1.0,0.0,1.0,8,4,3,41.7922934,-87.79011271,"['03/16/2022', '08:30:00', 'AM']",INCAPACITATING INJURY with Device
4e0b038be2a34400a029faf660685d65df7c63c334339043f16071948218602a9147cf6da98f20e03eb8437c975db04a6df83bcaaca6edc2e6189b58bf0cd707,2022-03-16 07:57:00,Wednesday,30,TRAFFIC SIGNAL,CLEAR,DAYLIGHT,TURNING,DRY,INJURY AND / OR TOW DUE TO CRASH,"OVER $1,500",UNABLE TO DETERMINE,2,INCAPACITATING INJURY,1.0,0.0,1.0,7,4,3,41.97574658,-87.71848663,"['03/16/2022', '07:57:00', 'AM']",INCAPACITATING INJURY with Device
df28f90c1a3bcbf7d0ceb66e3fead72cbd0af63127f2f027b8b1172fe4e586bb39f20642e697a4a9ff5eabba70818d4bd11cdb8e59f813ef2e5c782f13c34b12,2022-03-16 03:10:00,Wednesday,30,NO CONTROLS,CLEAR,"DARKNESS, LIGHTED ROAD",FIXED OBJECT,DRY,INJURY AND / OR TOW DUE TO CRASH,"OVER $1,500",NOT APPLICABLE,1,FATAL,1.0,1.0,0.0,3,4,3,41.67672731,-87.62400225,"['03/16/2022', '03:10:00', 'AM']",FATAL without Device
0af6228778b4a8e194d50989a27d846484760dca71b6d51f758cc2ab4766abc5267586c83e207431c8bd3bf929d2ebec31dbecb82fe81cccf52aebe07a8bb105,2022-03-15 20:00:00,Tuesday,30,NO CONTROLS,CLEAR,"DARKNESS, LIGHTED ROAD",ANGLE,DRY,INJURY AND / OR TOW DUE TO CRASH,"OVER $1,500",NOT APPLICABLE,2,INCAPACITATING INJURY,2.0,0.0,1.0,20,3,3,42.01879494,-87.68666506,"['03/15/2022', '08:00:00', 'PM']",INCAPACITATING INJURY without Device
add7d50bb10b78a512b77d65ddf4b5df455a6dcec803b04c177fe46071d2f0c5466139e75321f202251c650141d8bcc69cf6c2d21b55145c0a9426c072eb2f59,2022-03-15 12:30:00,Tuesday,30,TRAFFIC SIGNAL,CLEAR,DAYLIGHT,TURNING,DRY,INJURY AND / OR TOW DUE TO CRASH,"OVER $1,500",UNABLE TO DETERMINE,2,INCAPACITATING INJURY,1.0,0.0,1.0,12,3,3,41.75959846,-87.64927059,"['03/15/2022', '12:30:00', 'PM']",INCAPACITATING INJURY with Device
6ad3aece1f43d294323c3449743f4f032525830c446c7d830e9595d4078aad2c114c113fa00b9e00d2538ca61c5196d70a3908a7e10a6623b4466967741e4d19,2022-03-15 07:50:00,Tuesday,40,NO CONTROLS,CLEAR,DAYLIGHT,REAR END,DRY,INJURY AND / OR TOW DUE TO CRASH,"OVER $1,500",FAILING TO REDUCE SPEED TO AVOID CRASH,2,INCAPACITATING INJURY,1.0,0.0,1.0,7,3,3,41.85101978,-87.61388212,"['03/15/2022', '07:50:00', 'AM']",INCAPACITATING INJURY without Device
8b940bdf165ef427d7cb4a9b8945abb04465b79c2f1b956bbfb51ee2dfe39a9541f25930a29db39e199f11abf3a6f45fb5d25897d9a6c7bab8c4d1b0a303d846,2022-03-15 06:31:00,Tuesday,30,NO CONTROLS,CLEAR,DARKNESS,PEDESTRIAN,DRY,INJURY AND / OR TOW DUE TO CRASH,"OVER $1,500",UNABLE TO DETERMINE,2,INCAPACITATING INJURY,1.0,0.0,1.0,6,3,3,41.83201884,-87.70452739,"['03/15/2022', '06:31:00', 'AM']",INCAPACITATING INJURY without Device
d7f80b73938583e105b91fdd9fcb57ad60e50b8aa95a57507e40bcb0a90f9a07e1721d1c40e5936e7f3ae6738436fb513d174843ef2e343a7b99dd40ec3c785e,2022-03-14 14:16:00,Monday,30,TRAFFIC SIGNAL,CLEAR,DAYLIGHT,ANGLE,DRY,INJURY AND / OR TOW DUE TO CRASH,"OVER $1,500",DISREGARDING TRAFFIC SIGNALS,2,INCAPACITATING INJURY,1.0,0.0,1.0,14,2,3,41.91614728,-87.66794735,"['03/14/2022', '02:16:00', 'PM']",INCAPACITATING INJURY with Device
6577bc7eb682275f3e089e5226cab77e91384f51e993788461e1de41d5c2271b8acd2aff8431d2b34d0915f8989e364bffe93bd73ff5b1e6996be0745d28c504,2022-03-14 12:44:00,Monday,30,TRAFFIC SIGNAL,CLEAR,DAYLIGHT,PEDALCYCLIST,DRY,INJURY AND / OR TOW DUE TO CRASH,"OVER $1,500",DISREGARDING TRAFFIC SIGNALS,2,INCAPACITATING INJURY,1.0,0.0,1.0,12,2,3,41.98278847,-87.78767544,"['03/14/2022', '12:44:00', 'PM']",INCAPACITATING INJURY with Device
06719d3bfc022684c66014881338c0d670627d6fb28de35155946f8fc7ef78a94d7eab00d431b4df1c67a9ed57423c1ddf0cb8b5848375ac645e5a39f3c96246,2022-03-14 03:21:00,Monday,30,TRAFFIC SIGNAL,CLEAR,"DARKNESS, LIGHTED ROAD",ANGLE,DRY,INJURY AND / OR TOW DUE TO CRASH,"OVER $1,500",DISREGARDING TRAFFIC SIGNALS,2,INCAPACITATING INJURY,4.0,0.0,3.0,3,2,3,41.87942705,-87.62785649,"['03/14/2022', '03:21:00', 'AM']",INCAPACITATING INJURY with Device
3f65a923eef82d5adf3417c290699dadc6df32841402deb70bbf3ed96f49bc8ed9d41c0124dd4f3b788cb5e6828a30d6a7ca765e42124e211834e275d0bd7fec,2022-03-14 00:07:00,Monday,30,TRAFFIC SIGNAL,CLEAR,"DARKNESS, LIGHTED ROAD",REAR END,DRY,INJURY AND / OR TOW DUE TO CRASH,"OVER $1,500",UNABLE TO DETERMINE,3,INCAPACITATING INJURY,3.0,0.0,1.0,0,2,3,41.8743399,-87.73536536,"['03/14/2022', '12:07:00', 'AM']",INCAPACITATING INJURY with Device
66f89b0228f1cabee1206af62e8148939dcacdee2abb2b883261e9d2e5c2b353965573e2bed618d6cdecf18eebfa4d62788354774f404935c45d92dcbc44e688,2022-03-13 22:44:00,Sunday,30,NO CONTROLS,CLEAR,"DARKNESS, LIGHTED ROAD",FIXED OBJECT,DRY,INJURY AND / OR TOW DUE TO CRASH,"OVER $1,500",IMPROPER LANE USAGE,1,INCAPACITATING INJURY,3.0,0.0,1.0,22,1,3,41.88319322,-87.74552494,"['03/13/2022', '10:44:00', 'PM']",INCAPACITATING INJURY without Device
c653f9407c85da20686ece610815fa926d4581138f4e66c303aa8f5e1aba6c955f2386c4bc053d1b440a5479ebc3d9215fe1808c83a91cf159be4c985dc2ce86,2022-03-13 16:11:00,Sunday,30,STOP SIGN/FLASHER,CLEAR,DAYLIGHT,ANGLE,DRY,INJURY AND / OR TOW DUE TO CRASH,"OVER $1,500",UNABLE TO DETERMINE,2,INCAPACITATING INJURY,1.0,0.0,1.0,16,1,3,41.76489269,-87.67601816,"['03/13/2022', '04:11:00', 'PM']",INCAPACITATING INJURY with Device
496576319533d330893a36b1e0aad3bd637074e9d4c3f8749dac93e01ae2ec098777e85babe94c11d6bff01c73cada6f5ffaea63674784467fad5718603072dc,2022-03-13 15:20:00,Sunday,35,TRAFFIC SIGNAL,CLEAR,DAYLIGHT,TURNING,DRY,INJURY AND / OR TOW DUE TO CRASH,"OVER $1,500",FAILING TO YIELD RIGHT-OF-WAY,2,INCAPACITATING INJURY,1.0,0.0,1.0,15,1,3,41.88788465,-87.62051174,"['03/13/2022', '03:20:00', 'PM']",INCAPACITATING INJURY with Device
08bf6569eae0a4e7863e435cbba7ac0d5852912a8bef486b7d1dbc4fca38f0ec824f62165897b2212e218441b92ff64c35fc8f4238175be52ee1895bb71fe9c6,2022-03-13 04:15:00,Sunday,30,NO CONTROLS,CLEAR,"DARKNESS, LIGHTED ROAD",OTHER OBJECT,DRY,INJURY AND / OR TOW DUE TO CRASH,"OVER $1,500",UNABLE TO DETERMINE,1,INCAPACITATING INJURY,2.0,0.0,2.0,4,1,3,41.87126364,-87.74477928,"['03/13/2022', '04:15:00', 'AM']",INCAPACITATING INJURY without Device