CRASH_RECORD_ID,CRASH_DATE,Weekday,POSTED_SPEED_LIMIT,TRAFFIC_CONTROL_DEVICE,WEATHER_CONDITION,LIGHTING_CONDITION,FIRST_CRASH_TYPE,ROADWAY_SURFACE_COND,CRASH_TYPE,DAMAGE,PRIM_CONTRIBUTORY_CAUSE,NUM_UNITS,MOST_SEVERE_INJURY,INJURIES_TOTAL,INJURIES_FATAL,INJURIES_INCAPACITATING,CRASH_HOUR,CRASH_DAY_OF_WEEK,CRASH_MONTH,LATITUDE,LONGITUDE,CRASH_TIME,CATEGORIES
94e3d16b59d4dea0dfb2e0509dee0c8001820f281501df3c391ed2774a12d6f3fbe226e12840195d56dc08ee9097986d1fe672e70d4bfd6a37573f8603995c08,2022-03-12 23:13:00,Saturday,30,TRAFFIC SIGNAL,CLEAR,"DARKNESS, LIGHTED ROAD",PEDESTRIAN,DRY,INJURY AND / OR TOW DUE TO CRASH,"$501 - $1,500",FAILING TO REDUCE SPEED TO AVOID CRASH,2,INCAPACITATING INJURY,1.0,0.0,1.0,23,7,3,41.88544614,-87.62464178,"['03/12/2022', '11:13:00', 'PM']",INCAPACITATING INJURY with Device
8d99906ff36a532d1d4aab2654bdbf55df0f2b36b29b6ad8a13cb018ca32ed6656a392cded2e17a0b639f6d039d515269972458411bf6729eec57d4d8854ad68,2022-03-12 16:28:00,Saturday,30,NO CONTROLS,CLEAR,DAYLIGHT,REAR END,DRY,INJURY AND / OR TOW DUE TO CRASH,"OVER $1,500",UNABLE TO DETERMINE,2,INCAPACITATING INJURY,1.0,0.0,1.0,16,7,3,41.8837372,-87.64286161,"['03/12/2022', '04:28:00', 'PM']",INCAPACITATING INJURY without Device
6430f2aa06a1880e660a009c135d6901b047e3bc24f504e540c14ea34845981dfac6424ed810fab90ed1473d0ecfd3d2363e51a86d5fb72e7e96541a771e358e,2022-03-12 14:10:00,Saturday,30,NO CONTROLS,CLEAR,DAYLIGHT,PARKED MOTOR VEHICLE,DRY,INJURY AND / OR TOW DUE TO CRASH,"$501 - $1,500",UNABLE TO DETERMINE,4,INCAPACITATING INJURY,1.0,0.0,1.0,14,7,3,41.9539889,-87.78155332,"['03/12/2022', '02:10:00', 'PM']",INCAPACITATING INJURY without Device
f9659ef17aab47315e119013bf991a15482be07bbf39290ebda291ca0e4a3d9b6157d2667b4e56150ecc975c0a9fc37bac0efb2811aa063e495d473021f294aa,2022-03-12 13:50:00,Saturday,30,NO CONTROLS,CLEAR,DAYLIGHT,TURNING,DRY,INJURY AND / OR TOW DUE TO CRASH,"OVER $1,500",FAILING TO YIELD RIGHT-OF-WAY,2,INCAPACITATING INJURY,2.0,0.0,2.0,13,7,3,41.78356562,-87.68390727,"['03/12/2022', '01:50:00', 'PM']",INCAPACITATING INJURY without Device
873725f84ba5dd661ca0948f2f2ccaacf78a11121af49047d3e3a304cd39541bd6b971f3a7d9d25d5e485739cc8a24ee2f0d962afbd8e18195cd63ac302a0a8c,2022-03-12 01:53:00,Saturday,30,TRAFFIC SIGNAL,CLEAR,"DARKNESS, LIGHTED ROAD",ANGLE,DRY,INJURY AND / OR TOW DUE TO CRASH,"OVER $1,500",FAILING TO YIELD RIGHT-OF-WAY,2,INCAPACITATING INJURY,1.0,0.0,1.0,1,7,3,41.8808343,-87.7257966,"['03/12/2022', '01:53:00', 'AM']",INCAPACITATING INJURY with Device
e6bffd3f7d2bfeaeac73cbbf2660dfde550a6586c5d60ee7b395f4469ad884f81b73b686c818542ed9d8f603d0ad9e9bec5f8583841000712c1d7f9a8485e0ec,2022-03-11 23:47:00,Friday,35,TRAFFIC SIGNAL,CLEAR,"DARKNESS, LIGHTED ROAD",REAR TO SIDE,DRY,INJURY AND / OR TOW DUE TO CRASH,"OVER $1,500",FAILING TO YIELD RIGHT-OF-WAY,2,INCAPACITATING INJURY,1.0,0.0,1.0,23,6,3,41.98638297,-87.83643375,"['03/11/2022', '11:47:00', 'PM']",INCAPACITATING INJURY with Device
a31828ed083a46b4e84c96342ac7fa8f8249a3c7736fd9b9e526835972dde93f3bc3ad70ae3d2abb49ff8a6fcfbe4f117dfb10803fb8aedea9575d9042e81f6c,2022-03-11 21:50:00,Friday,30,TRAFFIC SIGNAL,CLEAR,"DARKNESS, LIGHTED ROAD",PEDESTRIAN,DRY,INJURY AND / OR TOW DUE TO CRASH,"OVER $1,500",FAILING TO REDUCE SPEED TO AVOID CRASH,2,INCAPACITATING INJURY,1.0,0.0,1.0,21,6,3,41.8933654,-87.62042206,"['03/11/2022', '09:50:00', 'PM']",INCAPACITATING INJURY with Device
952ebbbcb5e50ade83a30fa1f0393b02c9c40a263b6d61c91e34b062d7799b9c29a236226c832bd3be28169b00d2b5a34cdf56371687732d19e3d974ba9b8333,2022-03-11 15:35:00,Friday,30,TRAFFIC SIGNAL,CLEAR,DAYLIGHT,ANGLE,DRY,INJURY AND / OR TOW DUE TO CRASH,"OVER $1,500",DISREGARDING TRAFFIC SIGNALS,3,INCAPACITATING INJURY,1.0,0.0,1.0,15,6,3,41.88202981,-87.62925644,"['03/11/2022', '03:35:00', 'PM']",INCAPACITATING INJURY with Device
0c3392cf81c3b3a61cc648be05ab3363180a6a2d596f3bc07a93034ce8d9ca015df554e777ce271702c57355dbafda16968c9c9726fa3e471d62b3cd76349e1d,2022-03-11 14:50:00,Friday,30,NO CONTROLS,CLEAR,DAYLIGHT,REAR END,DRY,INJURY AND / OR TOW DUE TO CRASH,"OVER $1,500",FAILING TO YIELD RIGHT-OF-WAY,2,INCAPACITATING INJURY,1.0,0.0,1.0,14,6,3,41.88183547,-87.63389739,"['03/11/2022', '02:50:00', 'PM']",INCAPACITATING INJURY without Device
d7d41ae75ec5855815e446be31a25b689e1ca24796e965b50ed56010770cb0721c00276bfc10dc96040d46652c3eb3ce1e1420e8d35099d643ffe779e8a9efe6,2022-03-11 13:00:00,Friday,30,NO CONTROLS,CLEAR,DAYLIGHT,PARKED MOTOR VEHICLE,DRY,INJURY AND / OR TOW DUE TO CRASH,"OVER $1,500",PHYSICAL CONDITION OF DRIVER,4,INCAPACITATING INJURY,1.0,0.0,1.0,13,6,3,41.90265323,-87.73442107,"['03/11/2022', '01:00:00', 'PM']",INCAPACITATING INJURY without Device
267043778c92cc9466dd19005507f709c4aeccfa5380ba2a8c77925e0a46fde42c020526c321ad4f6c6ed0f95576cd3feac57aa28565cd0458c15f458ad91689,2022-03-11 07:40:00,Friday,30,TRAFFIC SIGNAL,CLOUDY/OVERCAST,DAYLIGHT,PEDESTRIAN,WET,INJURY AND / OR TOW DUE TO CRASH,$500 OR LESS,FAILING TO REDUCE SPEED TO AVOID CRASH,2,INCAPACITATING INJURY,1.0,0.0,1.0,7,6,3,41.83063276,-87.65111403,"['03/11/2022', '07:40:00', 'AM']",INCAPACITATING INJURY with Device
a30c38c622c07bff634d843f8b2316ccda112e3871d238fba454c718551ebf4d4c3337fb957ee6f4b3049e468924452306293bbfd79070f97307b732771c590f,2022-03-11 07:05:00,Friday,30,PEDESTRIAN CROSSING SIGN,CLEAR,DAYLIGHT,PEDESTRIAN,WET,INJURY AND / OR TOW DUE TO CRASH,"OVER $1,500",UNABLE TO DETERMINE,2,INCAPACITATING INJURY,1.0,0.0,1.0,7,6,3,41.76981261,-87.5666924,"['03/11/2022', '07:05:00', 'AM']",INCAPACITATING INJURY with Device
a9f81afaaadfd1a4c5df24ae16b51fabfb7c5b0e10c33150542b65392dfa3e3b9028f3a97fbbc56b4589ad3b30099fa69802d1728cd12a14f671ce556a0f1f43,2022-03-10 13:39:00,Thursday,35,STOP SIGN/FLASHER,CLEAR,DAYLIGHT,ANGLE,DRY,INJURY AND / OR TOW DUE TO CRASH,"OVER $1,500",DISREGARDING STOP SIGN,2,FATAL,5.0,2.0,0.0,13,5,3,41.66890524,-87.62034987,"['03/10/2022', '01:39:00', 'PM']",FATAL with Device
6de9c676481ad54c9e320dfcc3f9b02651fa96f37898500b37053942b2ab9281d85ddf76572c957e418dec533e32b0279cac9eb796e841b42c0bb5f190ca9371,2022-03-10 05:10:00,Thursday,30,TRAFFIC SIGNAL,CLEAR,DUSK,REAR END,DRY,INJURY AND / OR TOW DUE TO CRASH,"OVER $1,500",FAILING TO REDUCE SPEED TO AVOID CRASH,2,INCAPACITATING INJURY,1.0,0.0,1.0,5,5,3,41.86745273,-87.63233424,"['03/10/2022', '05:10:00', 'AM']",INCAPACITATING INJURY with Device
9468b5cee9389abda5bc0fc9e36c80bb7d2ffb7e020f5a9543b965cfdd51891683fac07ddcf8bc01981b80be4e70defdd6b0762f0a47588701dec286b70ce039,2022-03-10 03:00:00,Thursday,45,NO CONTROLS,CLEAR,"DARKNESS, LIGHTED ROAD",FIXED OBJECT,DRY,INJURY AND / OR TOW DUE TO CRASH,"OVER $1,500",FAILING TO REDUCE SPEED TO AVOID CRASH,1,FATAL,2.0,1.0,1.0,3,5,3,41.80357874,-87.58211308,"['03/10/2022', '03:00:00', 'AM']",FATAL without Device
f986c7b10c48391b09a15079c6fbbda575ea65c9c4b55f282c20336b92325d9cc7f8862354eb695de4b9f4c7705bfced8dfe65a73e8f32e400672d4a1a8c6084,2022-03-09 20:05:00,Wednesday,30,NO CONTROLS,CLEAR,DARKNESS,PARKED MOTOR VEHICLE,UNKNOWN,INJURY AND / OR TOW DUE TO CRASH,"OVER $1,500",DRIVING SKILLS/KNOWLEDGE/EXPERIENCE,2,INCAPACITATING INJURY,2.0,0.0,1.0,20,4,3,41.88908853,-87.7724583,"['03/09/2022', '08:05:00', 'PM']",INCAPACITATING INJURY without Device
ce8cd0373cb6cdead1f8408a3407cdb66d7c1174dbda375e8826efffe2005c510426050fc3236499e736ecb71ed442987c1153bb666710a5208504c13dae0642,2022-03-09 17:50:00,Wednesday,30,TRAFFIC SIGNAL,CLEAR,DAYLIGHT,PEDESTRIAN,DRY,INJURY AND / OR TOW DUE TO CRASH,"OVER $1,500",FAILING TO REDUCE SPEED TO AVOID CRASH,2,INCAPACITATING INJURY,1.0,0.0,1.0,17,4,3,41.7157227,-87.53542294,"['03/09/2022', '05:50:00', 'PM']",INCAPACITATING INJURY with Device
ce773db9a6e44e941b01c3e8d9af9936126dd4ce096dc0e18d447273803940d986895ff79bc3e69e2fbc22597bae05c1d657309ee6a9b0912c858a95209c71ed,2022-03-09 16:50:00,Wednesday,30,TRAFFIC SIGNAL,CLEAR,DAYLIGHT,ANGLE,UNKNOWN,INJURY AND / OR TOW DUE TO CRASH,"OVER $1,500",DISREGARDING TRAFFIC SIGNALS,2,INCAPACITATING INJURY,1.0,0.0,1.0,16,4,3,41.93233266,-87.66592106,"['03/09/2022', '04:50:00', 'PM']",INCAPACITATING INJURY with Device
215fdb558780c566509bdd49784ebdde0fac2b794395e7fb401f976a6c265ceb6700843d500193f1f6fffbc4c63b6758c624c603196364a5581f2cccbf26ca46,2022-03-09 13:00:00,Wednesday,30,NO CONTROLS,CLEAR,DAYLIGHT,PARKED MOTOR VEHICLE,DRY,INJURY AND / OR TOW DUE TO CRASH,"OVER $1,500",UNABLE TO DETERMINE,2,INCAPACITATING INJURY,1.0,0.0,1.0,13,4,3,41.98091054,-87.66014121,"['03/09/2022', '01:00:00', 'PM']",INCAPACITATING INJURY without Device
663141e1e383d220810d6630f0c713dd9a437365bf89cd9cb7c65b049142f4bad068f2a91625cb2a199ad6492c62d485e9135f64fdfc5a3d9668b1e75cfdfdb4,2022-03-09 10:30:00,Wednesday,30,TRAFFIC SIGNAL,CLEAR,DAYLIGHT,PEDESTRIAN,DRY,INJURY AND / OR TOW DUE TO CRASH,$500 OR LESS,UNABLE TO DETERMINE,2,INCAPACITATING INJURY,1.0,0.0,1.0,10,4,3,41.87428689,-87.62655958,"['03/09/2022', '10:30:00', 'AM']",INCAPACITATING INJURY with Device
2ae383ee453cb582e67a1c421d45d98f23d7bf609a1b1074e4f17fae7d809bc0b56cbc803a7949e5e2496388e6c9c683a18b86c31d8dc04594a5844076cca519,2022-03-09 08:23:00,Wednesday,30,STOP SIGN/FLASHER,CLEAR,DAYLIGHT,PARKED MOTOR VEHICLE,DRY,INJURY AND / OR TOW DUE TO CRASH,$500 OR LESS,UNABLE TO DETERMINE,2,INCAPACITATING INJURY,1.0,0.0,1.0,8,4,3,41.74807198,-87.56117553,"['03/09/2022', '08:23:00', 'AM']",INCAPACITATING INJURY with Device
23151a365093c27eaa88a7e6af3b9ab7f202acb1502d404ddcd6fbb137bd87f45f446ee50488669de45956afa7e738fec5d256050d169d58db55b5519bc2fbcf,2022-03-09 03:42:00,Wednesday,20,TRAFFIC SIGNAL,CLEAR,"DARKNESS, LIGHTED ROAD",ANGLE,DRY,INJURY AND / OR TOW DUE TO CRASH,"OVER $1,500",DISREGARDING TRAFFIC SIGNALS,2,INCAPACITATING INJURY,3.0,0.0,2.0,3,4,3,41.85228788,-87.67572136,"['03/09/2022', '03:42:00', 'AM']",INCAPACITATING INJURY with Device
3823c8952111324ed81255372906d002e5dc0874878b364c175adfee659e9ad2d358f8f24a09a8da68eb120c18d04ca62439a75642985c8e266490f4b0c0ae1a,2022-03-09 03:11:00,Wednesday,30,NO CONTROLS,CLEAR,"DARKNESS, LIGHTED ROAD",FIXED OBJECT,DRY,INJURY AND / OR TOW DUE TO CRASH,"OVER $1,500",DISTRACTION - FROM INSIDE VEHICLE,1,INCAPACITATING INJURY,1.0,0.0,1.0,3,4,3,41.86010887,-87.62504354,"['03/09/2022', '03:11:00', 'AM']",INCAPACITATING INJURY without Device
27eb04f64d511f697915747010894b14a03aa056b9f511f7a2be64f83f48d6bd95c84e8f20d920119ad547e3a3308c4d69391012d0bc28849ca7f993d5a69118,2022-03-08 22:00:00,Tuesday,30,TRAFFIC SIGNAL,CLEAR,"DARKNESS, LIGHTED ROAD",REAR END,DRY,INJURY AND / OR TOW DUE TO CRASH,"OVER $1,500",FOLLOWING TOO CLOSELY,2,INCAPACITATING INJURY,2.0,0.0,2.0,22,3,3,41.73682263,-87.58578342,"['03/08/2022', '10:00:00', 'PM']",INCAPACITATING INJURY with Device
ffdb97f1a0ce36dbeac75692851d833e3664c014f8614742973dadf1b66bb09e1929e16e9aaed68ec92f66e140e1faed82c0a0deb9da40a5802bb323c4a59c3a,2022-03-08 17:30:00,Tuesday,30,TRAFFIC SIGNAL,CLEAR,DAYLIGHT,TURNING,DRY,INJURY AND / OR TOW DUE TO CRASH,"OVER $1,500",DRIVING SKILLS/KNOWLEDGE/EXPERIENCE,3,INCAPACITATING INJURY,1.0,0.0,1.0,17,3,3,41.76768773,-87.72263085,"['03/08/2022', '05:30:00', 'PM']",INCAPACITATING INJURY with Device
f638ad6f0023b28da8e0774e635dd49d65211e573cd2ac8b583de2fb84d06ad922c962a48e53a4f3196e722b2600f8f57fa8b78dfd3c83ce969c172853e21c45,2022-03-08 12:49:00,Tuesday,30,NO CONTROLS,CLEAR,DAYLIGHT,REAR END,DRY,INJURY AND / OR TOW DUE TO CRASH,"OVER $1,500",UNABLE TO DETERMINE,4,INCAPACITATING INJURY,2.0,0.0,1.0,12,3,3,41.93176723,-87.76611722,"['03/08/2022', '12:49:00', 'PM']",INCAPACITATING INJURY without Device
8511620dd9f14624725e087f9e07913adbc8cc1132f256894409e2b09d8198cb06416ce705de05f059f656be3123607b3071a26c1d89c2b0acc3b36eb6489327,2022-03-08 08:58:00,Tuesday,30,NO CONTROLS,CLEAR,DAYLIGHT,PARKED MOTOR VEHICLE,DRY,INJURY AND / OR TOW DUE TO CRASH,"OVER $1,500",PHYSICAL CONDITION OF DRIVER,3,INCAPACITATING INJURY,1.0,0.0,1.0,8,3,3,41.74298631,-87.66159312,"['03/08/2022', '08:58:00', 'AM']",INCAPACITATING INJURY without Device
8833f89c44529fd7e99063379dd9a205e5c7149da62e78148e851fdddedf5edb6cb4c5fb0c98b67ba14369d4880c7fa8d959347060cb274786a17e3983060778,2022-03-08 08:22:00,Tuesday,30,STOP SIGN/FLASHER,CLEAR,DAYLIGHT,TURNING,DRY,INJURY AND / OR TOW DUE TO CRASH,"OVER $1,500",UNABLE TO DETERMINE,2,INCAPACITATING INJURY,3.0,0.0,1.0,8,3,3,41.73706618,-87.58264431,"['03/08/2022', '08:22:00', 'AM']",INCAPACITATING INJURY with Device
faad18b7b337ba5a320b4114b9e1db035c620998e927b6cccc331f19cedc4757d1830bddaaf9d1d08b85ccea16a3c51dfaa59bacc32ab642c7ae3520f4644e1c,2022-03-08 06:46:00,Tuesday,25,STOP SIGN/FLASHER,CLEAR,DAYLIGHT,TURNING,DRY,INJURY AND / OR TOW DUE TO CRASH,"OVER $1,500",UNABLE TO DETERMINE,2,INCAPACITATING INJURY,3.0,0.0,1.0,6,3,3,41.81741987,-87.68481948,"['03/08/2022', '06:46:00', 'AM']",INCAPACITATING INJURY with Device
f689c4bba62f5133650611d7d7a368f8482a84192f288964c47090d98fa924fb81325d16e4c28a0160dba37b177da1bf2bb84f724e07abab48a59b1bcfe24444,2022-03-07 17:41:00,Monday,30,STOP SIGN/FLASHER,CLEAR,DAYLIGHT,ANGLE,DRY,INJURY AND / OR TOW DUE TO CRASH,"OVER $1,500",DISREGARDING STOP SIGN,2,INCAPACITATING INJURY,2.0,0.0,2.0,17,2,3,41.85983369,-87.64483991,"['03/07/2022', '05:41:00', 'PM']",INCAPACITATING INJURY with Device
fc3806615b3af1003dec425d8ab62960f94bca4cffafe5eb24b62219d5196769c32db9871c86b2c53291bd8d429379652eaa75bc388f4a80f0c117cd05a4d971,2022-03-07 16:08:00,Monday,30,STOP SIGN/FLASHER,CLEAR,DAYLIGHT,ANGLE,DRY,INJURY AND / OR TOW DUE TO CRASH,"OVER $1,500",FAILING TO REDUCE SPEED TO AVOID CRASH,2,INCAPACITATING INJURY,2.0,0.0,1.0,16,2,3,41.93145501,-87.74420341,"['03/07/2022', '04:08:00', 'PM']",INCAPACITATING INJURY with Device
6f4dd1b7d8bc3c0e52d47dfaabf65b76ad7e262aa2190744d29486a8fd8be66baac5bb70ed7aa485fc1e10b7e05bcbc02411213bcd9273dae28cf38ccd5d5a79,2022-03-07 15:17:00,Monday,25,NO CONTROLS,CLEAR,DAYLIGHT,ANGLE,DRY,INJURY AND / OR TOW DUE TO CRASH,"OVER $1,500",UNABLE TO DETERMINE,2,INCAPACITATING INJURY,1.0,0.0,1.0,15,2,3,41.775454,-87.76089734,"['03/07/2022', '03:17:00', 'PM']",INCAPACITATING INJURY without Device
823675bd00c23bccc3b998d687d4ea6637a9f59c09da5edba089305ff7f367f9812d2b0a676cad087951b2d71b4983e098414d484c4a9f3213be8c503f30eaef,2022-03-07 12:18:00,Monday,30,TRAFFIC SIGNAL,SLEET/HAIL,DAYLIGHT,ANGLE,WET,INJURY AND / OR TOW DUE TO CRASH,"OVER $1,500","OPERATING VEHICLE IN ERRATIC, RECKLESS, CARELESS, NEGLIGENT OR AGGRESSIVE MANNER",3,INCAPACITATING INJURY,3.0,0.0,2.0,12,2,3,41.74408036,-87.60497366,"['03/07/2022', '12:18:00', 'PM']",INCAPACITATING INJURY with Device
8c9bd7d82985097843786cc1675bf4eda685f61df328422e484ce55d9a7b40bd657dab5a9c9517a7cf2d7ed5dffc3bdfaee246f2479bd17c1758b8cce8d53677,2022-03-07 06:10:00,Monday,35,NO CONTROLS,RAIN,"DARKNESS, LIGHTED ROAD",PEDESTRIAN,WET,INJURY AND / OR TOW DUE TO CRASH,$500 OR LESS,UNABLE TO DETERMINE,2,INCAPACITATING INJURY,1.0,0.0,1.0,6,2,3,41.80190799,-87.62156099,"['03/07/2022', '06:10:00', 'AM']",INCAPACITATING INJURY without Device
e7b391f15b4977e76c2aac2fa0b2b739fc1f351d10482c26197e4420ef8e4fc4f3058ad7c18a41bdcb7712ed6dadde3518910a2a2a3c38fdd54762051b67da02,2022-03-07 01:34:00,Monday,30,NO CONTROLS,RAIN,"DARKNESS, LIGHTED ROAD",OTHER OBJECT,WET,INJURY AND / OR TOW DUE TO CRASH,"OVER $1,500",WEATHER,1,INCAPACITATING INJURY,1.0,0.0,1.0,1,2,3,41.74354801,-87.62417116,"['03/07/2022', '01:34:00', 'AM']",INCAPACITATING INJURY without Device
46d1ad86d2227618a61ac7bdb2b5f9381f7a2019a0ac92e2e23bd6faf4a4c657c39eb3fb3cf81ce99795120dc03c487d8a1d283255c52e222f12d112a0869cfe,2022-03-06 11:40:00,Sunday,30,STOP SIGN/FLASHER,CLEAR,DAYLIGHT,ANGLE,DRY,INJURY AND / OR TOW DUE TO CRASH,"OVER $1,500",DISREGARDING STOP SIGN,2,INCAPACITATING INJURY,1.0,0.0,1.0,11,1,3,41.91931347,-87.76944631,"['03/06/2022', '11:40:00', 'AM']",INCAPACITATING INJURY with Device
20fe7ce81d7945ee39f207c27ec8204c15b9298fe8084c20d18ce1056fedad15254f523381a139e33baec299d3732cfcbc692a526c318bfa1edf284ffdaa56b4,2022-03-06 02:14:00,Sunday,35,TRAFFIC SIGNAL,CLEAR,DUSK,ANGLE,WET,INJURY AND / OR TOW DUE TO CRASH,"OVER $1,500",DISREGARDING TRAFFIC SIGNALS,2,INCAPACITATING INJURY,1.0,0.0,1.0,2,1,3,41.87384561,-87.69624992,"['03/06/2022', '02:14:00', 'AM']",INCAPACITATING INJURY with Device
57aa348536911b0a51470f9a2219531bf6bb4a34728643e9a3eeb3bd2b35c8d4c648e312ff9062ae729856251861bc7572bceec4b60438818b44dac08baa63f0,2022-03-06 01:56:00,Sunday,30,FLASHING CONTROL SIGNAL,RAIN,"DARKNESS, LIGHTED ROAD",ANGLE,WET,INJURY AND / OR TOW DUE TO CRASH,"OVER $1,500",DISREGARDING TRAFFIC SIGNALS,2,INCAPACITATING INJURY,1.0,0.0,1.0,1,1,3,41.93228718,-87.68795009,"['03/06/2022', '01:56:00', 'AM']",INCAPACITATING INJURY with Device
bcbf2ce2e53d7d12e2751b25b50d913307399c76c6bc57552942cbbb622ef7df54fb4ccc9e7e124430486349316f9b0ef24c5905b9b4461cb4df47b0137383e1,2022-03-06 01:31:00,Sunday,30,TRAFFIC SIGNAL,RAIN,"DARKNESS, LIGHTED ROAD",TURNING,WET,INJURY AND / OR TOW DUE TO CRASH,"OVER $1,500",IMPROPER TURNING/NO SIGNAL,2,INCAPACITATING INJURY,1.0,0.0,1.0,1,1,3,41.90346767,-87.66653751,"['03/06/2022', '01:31:00', 'AM']",INCAPACITATING INJURY with Device
69138ab50a773d473808be92c8c92ccc58bcc04c6741fc3d5f875681ce2c3febd20b4c3c64f26f76e1ff4c684b9d963bcb102052a4c2b403f523f661a366d7a6,2022-03-05 23:54:00,Saturday,20,TRAFFIC SIGNAL,RAIN,"DARKNESS, LIGHTED ROAD",REAR END,WET,INJURY AND / OR TOW DUE TO CRASH,"$501 - $1,500",UNABLE TO DETERMINE,2,INCAPACITATING INJURY,1.0,0.0,1.0,23,7,3,41.80855828,-87.66016424,"['03/05/2022', '11:54:00', 'PM']",INCAPACITATING INJURY with Device
9aa4b6a314bdac28d8098db1837f07b4b229c723bb1daffdaf8f512b8e153b65bc073b467153c5cf0894220ff278bb1ac087eba0bc16e82ab5169e280d4c0a54,2022-03-05 19:55:00,Saturday,35,STOP SIGN/FLASHER,CLEAR,"DARKNESS, LIGHTED ROAD",FIXED OBJECT,DRY,INJURY AND / OR TOW DUE TO CRASH,"OVER $1,500",FAILING TO REDUCE SPEED TO AVOID CRASH,1,INCAPACITATING INJURY,1.0,0.0,1.0,19,7,3,41.81914366,-87.73137743,"['03/05/2022', '07:55:00', 'PM']",INCAPACITATING INJURY with Device
b9f0ce946dfbe98541c9b9a93251c9ec713f21e0e8dd9937c856fb05ef90ad01f9e82a44c884ff0ac70d713e8f7b632b081b159d44e54ed191e8a74e3030f23e,2022-03-05 14:22:00,Saturday,30,NO CONTROLS,UNKNOWN,DAYLIGHT,TURNING,UNKNOWN,INJURY AND / OR TOW DUE TO CRASH,"OVER $1,500",FAILING TO YIELD RIGHT-OF-WAY,2,INCAPACITATING INJURY,1.0,0.0,1.0,14,7,3,41.88339231,-87.72589344,"['03/05/2022', '02:22:00', 'PM']",INCAPACITATING INJURY without Device
164a579e8894083ad9367c8198a0f8e7ca49cf3ab4104b5bd4154bccd5d5e01da0b455e07399fe488e953c51f88273e9f584d70a0198db301dea85d552b838ba,2022-03-05 02:04:00,Saturday,30,STOP SIGN/FLASHER,CLEAR,UNKNOWN,ANGLE,DRY,INJURY AND / OR TOW DUE TO CRASH,"$501 - $1,500",UNABLE TO DETERMINE,2,INCAPACITATING INJURY,3.0,0.0,1.0,2,7,3,41.76936134,-87.62194089,"['03/05/2022', '02:04:00', 'AM']",INCAPACITATING INJURY with Device
5f9f251fabebc820d8f81bdd616795b97b45564ed0f9f74da04f379d6db0255fcb1e3545ba50bc2695ce774f00b55cf5c550e928a2e30b43400e55d9a448b128,2022-03-05 01:15:00,Saturday,35,NO CONTROLS,CLEAR,"DARKNESS, LIGHTED ROAD",REAR END,DRY,INJURY AND / OR TOW DUE TO CRASH,"OVER $1,500",FOLLOWING TOO CLOSELY,2,INCAPACITATING INJURY,2.0,0.0,1.0,1,7,3,41.73638005,-87.62750922,"['03/05/2022', '01:15:00', 'AM']",INCAPACITATING INJURY without Device
cf6e10860223c6ce6a0dd28ee46759aea07776d1a03cf47369f7940e3ea77ddc42003c61c17de39775e1b408bfb7e55dd105d289337961ba63e960c7f0aaec1d,2022-03-05 00:27:00,Saturday,30,TRAFFIC SIGNAL,CLEAR,"DARKNESS, LIGHTED ROAD",ANGLE,DRY,INJURY AND / OR TOW DUE TO CRASH,"OVER $1,500",DISREGARDING TRAFFIC SIGNALS,2,INCAPACITATING INJURY,3.0,0.0,1.0,0,7,3,41.69167691,-87.7008919,"['03/05/2022', '12:27:00', 'AM']",INCAPACITATING INJURY with Device
a2a98664ed5b75e76477895249dcc05ed91efb144cd350b990d899be6ea341564a2a1a8c53ec39c8833d71d9d3dab25f5199ae0a4709adca65cf47d4206c67ed,2022-03-04 17:00:00,Friday,30,YIELD,CLEAR,DAYLIGHT,REAR TO REAR,DRY,INJURY AND / OR TOW DUE TO CRASH,"OVER $1,500",UNABLE TO DETERMINE,3,INCAPACITATING INJURY,1.0,0.0,1.0,17,6,3,41.95556567,-87.72781803,"['03/04/2022', '05:00:00', 'PM']",INCAPACITATING INJURY with Device
f79077e29e60e92195715673a04011611281697b4a2dec60dc6707ddc9bc8c16695bef5d95e66edbb5ff442d4365ba02b861a974fc504bb09e711bb001d51902,2022-03-04 15:28:00,Friday,30,NO CONTROLS,CLEAR,DAYLIGHT,TURNING,DRY,INJURY AND / OR TOW DUE TO CRASH,"OVER $1,500",IMPROPER TURNING/NO SIGNAL,2,INCAPACITATING INJURY,3.0,0.0,1.0,15,6,3,41.89506772,-87.7532091,"['03/04/2022', '03:28:00', 'PM']",INCAPACITATING INJURY without Device
94f4e7bfe5c25d6a8fa3d0f05580920960dd6e67a9ace6dc884373766064cedf98255b0276242072eb6b9b6b2f4ce0334dbfa88d11c4836500ef46e18f874e98,2022-03-04 13:00:00,Friday,10,NO CONTROLS,CLEAR,DAYLIGHT,PEDESTRIAN,DRY,INJURY AND / OR TOW DUE TO CRASH,"OVER $1,500",DISTRACTION - FROM INSIDE VEHICLE,2,INCAPACITATING INJURY,1.0,0.0,1.0,13,6,3,41.70257111,-87.52458901,"['03/04/2022', '01:00:00', 'PM']",INCAPACITATING INJURY without Device
4564434e956a3518b4f3e7f3f4080ac69a93d59a8d8e53cbb3d9924564f7be6acd095bac0348d0be596ab2641c7fed55df0c0ffe8d37fd3cc7779d1470d11d61,2022-03-04 09:00:00,Friday,30,TRAFFIC SIGNAL,CLEAR,DAYLIGHT,TURNING,DRY,INJURY AND / OR TOW DUE TO CRASH,"OVER $1,500",FAILING TO YIELD RIGHT-OF-WAY,2,INCAPACITATING INJURY,2.0,0.0,1.0,9,6,3,41.9356186,-87.70275772,"['03/04/2022', '09:00:00', 'AM']",INCAPACITATING INJURY with Device