CRASH_RECORD_ID,CRASH_DATE,Weekday,POSTED_SPEED_LIMIT,TRAFFIC_CONTROL_DEVICE,WEATHER_CONDITION,LIGHTING_CONDITION,FIRST_CRASH_TYPE,ROADWAY_SURFACE_COND,CRASH_TYPE,DAMAGE,PRIM_CONTRIBUTORY_CAUSE,NUM_UNITS,MOST_SEVERE_INJURY,INJURIES_TOTAL,INJURIES_FATAL,INJURIES_INCAPACITATING,CRASH_HOUR,CRASH_DAY_OF_WEEK,CRASH_MONTH,LATITUDE,LONGITUDE,CRASH_TIME,CATEGORIES
d198c5344cd433beeac8d2de7624e9b4f69f5e4b3d0a22e2d5a6b9a1cb4cb3ed07be5b48cf84a345064ed2ec4a367a95016bf6ccc4e66abfd5dab30adc2e51c6,2022-03-04 07:20:00,Friday,30,TRAFFIC SIGNAL,CLEAR,DAYLIGHT,PEDESTRIAN,DRY,INJURY AND / OR TOW DUE TO CRASH,"$501 - $1,500",FAILING TO YIELD RIGHT-OF-WAY,4,INCAPACITATING INJURY,2.0,0.0,2.0,7,6,3,41.89544423,-87.70649295,"['03/04/2022', '07:20:00', 'AM']",INCAPACITATING INJURY with Device
32171b154b7479f12d95cd60a78014170f419702dd65c7d2f78ea3304b4d16b5a20ad3d6928b67bb28595467a3a0bcfe4553649b47529013b24c675d2151a913,2022-03-04 03:05:00,Friday,30,TRAFFIC SIGNAL,CLEAR,"DARKNESS, LIGHTED ROAD",ANGLE,DRY,INJURY AND / OR TOW DUE TO CRASH,"OVER $1,500",DISREGARDING TRAFFIC SIGNALS,2,INCAPACITATING INJURY,3.0,0.0,1.0,3,6,3,41.88060622,-87.74540229,"['03/04/2022', '03:05:00', 'AM']",INCAPACITATING INJURY with Device
7ab2ffe2c97ca8d1fd01119be154c7a9b123a1ac16be63667448036aec086f4989fcab7a69e56dbbd4c6b2ad58467c174d98da04c8cc8824e47087f6f0df17fb,2022-03-03 08:31:00,Thursday,30,NO CONTROLS,CLEAR,DAYLIGHT,SIDESWIPE SAME DIRECTION,DRY,INJURY AND / OR TOW DUE TO CRASH,"OVER $1,500","OPERATING VEHICLE IN ERRATIC, RECKLESS, CARELESS, NEGLIGENT OR AGGRESSIVE MANNER",2,INCAPACITATING INJURY,1.0,0.0,1.0,8,5,3,41.77290632,-87.68361632,"['03/03/2022', '08:31:00', 'AM']",INCAPACITATING INJURY without Device
ef081f90c28fbd24bcafc245882d9bf39c7f8114925070c996301238d3ab64e16e1f6beb7020b671b2b328f9f21bee8fcae224470e9a9d2ab0d2e617ef5d26a6,2022-03-02 18:34:00,Wednesday,30,STOP SIGN/FLASHER,CLEAR,"DARKNESS, LIGHTED ROAD",ANGLE,DRY,INJURY AND / OR TOW DUE TO CRASH,"OVER $1,500",FAILING TO YIELD RIGHT-OF-WAY,2,INCAPACITATING INJURY,4.0,0.0,1.0,18,4,3,41.71085978,-87.62846844,"['03/02/2022', '06:34:00', 'PM']",INCAPACITATING INJURY with Device
4dd7f3bd9a85715162b4053467814bd3a811a5b9632e8aa8d47f0091022c032ebb4517239689d515e33c0ee4f5737961d91696372b9f2e2c0a40b60540a46d02,2022-03-02 17:54:00,Wednesday,30,NO CONTROLS,CLEAR,"DARKNESS, LIGHTED ROAD",SIDESWIPE SAME DIRECTION,DRY,INJURY AND / OR TOW DUE TO CRASH,"OVER $1,500",IMPROPER OVERTAKING/PASSING,2,INCAPACITATING INJURY,1.0,0.0,1.0,17,4,3,41.67709894,-87.64203103,"['03/02/2022', '05:54:00', 'PM']",INCAPACITATING INJURY without Device
3f4ff82fcecfb5e78143dcb86dd88ab142554fc9b211d0419473a047b2b0813dbf787fdc565ef9c7db110df28f27f55bd2e7f2699dec7c9ad51bfd72e7b25a7c,2022-03-02 08:55:00,Wednesday,30,NO CONTROLS,CLEAR,DAYLIGHT,TURNING,DRY,INJURY AND / OR TOW DUE TO CRASH,"OVER $1,500",FAILING TO YIELD RIGHT-OF-WAY,2,INCAPACITATING INJURY,1.0,0.0,1.0,8,4,3,41.85013535,-87.72779923,"['03/02/2022', '08:55:00', 'AM']",INCAPACITATING INJURY without Device
9264a817abd061c1a50f193447c6617c2a2ef41dbd73e23187fc578214f41ee8725f98f7d951706c0c5dc18a40cd713e4b5a2a6122f64f4074cb8f5c9647fd9a,2022-03-02 07:56:00,Wednesday,30,TRAFFIC SIGNAL,CLEAR,DAYLIGHT,PEDESTRIAN,UNKNOWN,INJURY AND / OR TOW DUE TO CRASH,"OVER $1,500",UNABLE TO DETERMINE,3,INCAPACITATING INJURY,1.0,0.0,1.0,7,4,3,41.79429206,-87.62092429,"['03/02/2022', '07:56:00', 'AM']",INCAPACITATING INJURY with Device
54caef202750802da1c3ac0624a368d6cd37056ae97b1907027232bd1b29c7f02656c8d4abc2e2127a3c76a8bfaef418387304880ddb67b8052d1a25d416c20e,2022-03-01 21:58:00,Tuesday,35,TRAFFIC SIGNAL,CLEAR,"DARKNESS, LIGHTED ROAD",TURNING,DRY,INJURY AND / OR TOW DUE TO CRASH,"OVER $1,500",FAILING TO YIELD RIGHT-OF-WAY,3,INCAPACITATING INJURY,5.0,0.0,2.0,21,3,3,41.79142028,-87.58014777,"['03/01/2022', '09:58:00', 'PM']",INCAPACITATING INJURY with Device
3cd3ab1ce2dbb779c1bf2ebeddfc9a476224e9c149c2057e9b14ddd71da59c15d6dcaec93def29ae2574a3d975a859e2196b7178e488deaab0ca134de7eaf63d,2022-03-01 12:26:00,Tuesday,30,NO CONTROLS,CLEAR,DAYLIGHT,REAR END,DRY,INJURY AND / OR TOW DUE TO CRASH,"OVER $1,500",FOLLOWING TOO CLOSELY,2,INCAPACITATING INJURY,1.0,0.0,1.0,12,3,3,41.91190425,-87.77545705,"['03/01/2022', '12:26:00', 'PM']",INCAPACITATING INJURY without Device
d59a119e5b330c89c96b941dc212035d64c7c48325bca6f955bd13e949de72956f22422174e392b5ad66573b3cc00a43503a1319f14c927933f3ae87cec5ef73,2022-03-01 10:38:00,Tuesday,30,TRAFFIC SIGNAL,CLEAR,DAYLIGHT,ANGLE,DRY,INJURY AND / OR TOW DUE TO CRASH,"OVER $1,500",DRIVING ON WRONG SIDE/WRONG WAY,3,INCAPACITATING INJURY,7.0,0.0,2.0,10,3,3,41.88198557,-87.72585459,"['03/01/2022', '10:38:00', 'AM']",INCAPACITATING INJURY with Device
429a8a89db2a311c50102a00f97016f72a9021a144550ebbaa8814c4f61cf79bbbf96302ebf45a1d9a7913f3eef0c03bcd0b6ff0bcbbbf918dc706795fde43df,2022-02-28 23:18:00,Monday,25,TRAFFIC SIGNAL,CLEAR,DARKNESS,ANGLE,UNKNOWN,INJURY AND / OR TOW DUE TO CRASH,"OVER $1,500",UNABLE TO DETERMINE,2,FATAL,3.0,3.0,0.0,23,2,2,41.69274215,-87.61001554,"['02/28/2022', '11:18:00', 'PM']",FATAL with Device
8cc26d58c41a320523e3ff0752eab541f3e19ae76d661cf32b0409bf96e09ed8de34dc57e9e149dd823b628dc446918789f55de0e9c3e8d551ee513c881f1f34,2022-02-28 18:27:00,Monday,30,NO CONTROLS,CLEAR,"DARKNESS, LIGHTED ROAD",HEAD ON,DRY,INJURY AND / OR TOW DUE TO CRASH,"OVER $1,500",IMPROPER OVERTAKING/PASSING,2,INCAPACITATING INJURY,1.0,0.0,1.0,18,2,2,41.68171397,-87.62871713,"['02/28/2022', '06:27:00', 'PM']",INCAPACITATING INJURY without Device
d3c723f453b3319348065ff841f12ce994b136b1e8bcbeef2a4b9657e7e1adb28e4f4015c9efe8970adefa494a84b168e5c4469ac2ae47b48a2b1946d786a082,2022-02-28 16:40:00,Monday,40,TRAFFIC SIGNAL,CLEAR,DAYLIGHT,PEDALCYCLIST,DRY,INJURY AND / OR TOW DUE TO CRASH,"OVER $1,500",DISREGARDING TRAFFIC SIGNALS,3,INCAPACITATING INJURY,2.0,0.0,2.0,16,2,2,41.87332411,-87.61693637,"['02/28/2022', '04:40:00', 'PM']",INCAPACITATING INJURY with Device
4b52dadeb4d5f2bf3ce3c11008ce76b8bcab85f76dccc2c0fae9f4ceb5891963d5b631aee43897d0f5dfec63e42e3375f27ea34ced2874d4d0624c7a22618f16,2022-02-28 16:25:00,Monday,30,TRAFFIC SIGNAL,CLEAR,DAYLIGHT,PEDESTRIAN,DRY,INJURY AND / OR TOW DUE TO CRASH,"OVER $1,500",NOT APPLICABLE,2,INCAPACITATING INJURY,1.0,0.0,1.0,16,2,2,41.88732868,-87.7651919,"['02/28/2022', '04:25:00', 'PM']",INCAPACITATING INJURY with Device
8ee3d55a3e9a5e1a9c18d3d8108d8ee02080fbec8c375288c932910590a414b23752f11e72063e8d231416ac18ab8a43bfea9e94a5fde889bd731558fadd67e9,2022-02-28 15:00:00,Monday,30,TRAFFIC SIGNAL,CLEAR,DAYLIGHT,TURNING,DRY,INJURY AND / OR TOW DUE TO CRASH,"OVER $1,500",UNABLE TO DETERMINE,2,INCAPACITATING INJURY,1.0,0.0,1.0,15,2,2,41.89477994,-87.7607157,"['02/28/2022', '03:00:00', 'PM']",INCAPACITATING INJURY with Device
097c1d38860cb48617441f013dd53d7535baf7507c07c660c1509fef2b2efc0da586208968f799c2d9c3b609aebdb64402d573ffe699ce70d6fb6e34511e1aa5,2022-02-28 08:12:00,Monday,30,TRAFFIC SIGNAL,CLEAR,DAYLIGHT,TURNING,DRY,INJURY AND / OR TOW DUE TO CRASH,"OVER $1,500",FAILING TO YIELD RIGHT-OF-WAY,2,INCAPACITATING INJURY,2.0,0.0,1.0,8,2,2,41.89080301,-87.63570316,"['02/28/2022', '08:12:00', 'AM']",INCAPACITATING INJURY with Device
b21053b71bc1645fa806999e95987cdbe8c902ec4e9b837b622924dd6ba262211613ab11c7d2d9723f45c867d189d78f58a1d1214e72eed6f6b87e510a067633,2022-02-28 08:02:00,Monday,20,TRAFFIC SIGNAL,CLEAR,DAYLIGHT,REAR END,DRY,INJURY AND / OR TOW DUE TO CRASH,"OVER $1,500",FOLLOWING TOO CLOSELY,2,INCAPACITATING INJURY,1.0,0.0,1.0,8,2,2,41.94615092,-87.7364008,"['02/28/2022', '08:02:00', 'AM']",INCAPACITATING INJURY with Device
4f15eeda1ff30f32f0fcdad2745d32da1befa6fedefd27f8bc31f5257a9a09f1381fce243670fcf07084d7d5971bcafc169df523fca6057756da25e54de9bb67,2022-02-28 07:45:00,Monday,20,NO CONTROLS,CLEAR,DAYLIGHT,PEDESTRIAN,DRY,INJURY AND / OR TOW DUE TO CRASH,$500 OR LESS,NOT APPLICABLE,2,INCAPACITATING INJURY,2.0,0.0,1.0,7,2,2,41.93662854,-87.78355521,"['02/28/2022', '07:45:00', 'AM']",INCAPACITATING INJURY without Device
b58d3656a7a73bb0c2d1894ddea4c6190e4ac964e3a7c79e027e7433d964c839267989c53a1ab20031d166c2498676f54938ab443a711f60ebe692edf347c6a8,2022-02-27 22:30:00,Sunday,30,TRAFFIC SIGNAL,CLEAR,"DARKNESS, LIGHTED ROAD",TURNING,DRY,INJURY AND / OR TOW DUE TO CRASH,"OVER $1,500",UNABLE TO DETERMINE,2,INCAPACITATING INJURY,3.0,0.0,3.0,22,1,2,41.844221,-87.73440902,"['02/27/2022', '10:30:00', 'PM']",INCAPACITATING INJURY with Device
397734517f0b0b38abd0ea24fd86af060df24db0511962bfeecb6361dd42607335239a20413ce4f1072168c750e5e0c49408b6f61a56d3017f431184659370e0,2022-02-27 18:37:00,Sunday,30,STOP SIGN/FLASHER,CLEAR,"DARKNESS, LIGHTED ROAD",FIXED OBJECT,DRY,INJURY AND / OR TOW DUE TO CRASH,"OVER $1,500",NOT APPLICABLE,1,INCAPACITATING INJURY,2.0,0.0,1.0,18,1,2,41.82689604,-87.66923475,"['02/27/2022', '06:37:00', 'PM']",INCAPACITATING INJURY with Device
6f294174952a7da229e45e69a094b486f5a07b54881f0bab8e212abaacd122ebd1a04622ab54d2338aad60f7cccb579843e399f5f56366cf1c5dca14aa2f8e1d,2022-02-27 15:50:00,Sunday,30,STOP SIGN/FLASHER,CLEAR,DAYLIGHT,ANGLE,DRY,INJURY AND / OR TOW DUE TO CRASH,"OVER $1,500",DISREGARDING STOP SIGN,2,INCAPACITATING INJURY,1.0,0.0,1.0,15,1,2,41.75795689,-87.55684269,"['02/27/2022', '03:50:00', 'PM']",INCAPACITATING INJURY with Device
497ac00a48462f4a8a2090a808b20cd13e3d7859b4a8305632172e42dade11752d01a69caeaa3f31ae59a81f35e8041ba27bd3f7cd3d0dc525585dfd6e721eb2,2022-02-27 01:15:00,Sunday,30,NO CONTROLS,CLEAR,DAYLIGHT,FIXED OBJECT,ICE,INJURY AND / OR TOW DUE TO CRASH,"OVER $1,500",NOT APPLICABLE,1,FATAL,2.0,1.0,0.0,1,1,2,41.90958979,-87.74021558,"['02/27/2022', '01:15:00', 'AM']",FATAL without Device
96725b3d288e575c0549b41f0c6a60dab4aae4c1f968b0083997d2ef6101828ab6a0d54aca6355f1f21d0d9789f7d30c255842e521d570f4020a43a623ea1cc0,2022-02-26 23:40:00,Saturday,30,NO CONTROLS,CLEAR,"DARKNESS, LIGHTED ROAD",PEDESTRIAN,WET,INJURY AND / OR TOW DUE TO CRASH,$500 OR LESS,UNABLE TO DETERMINE,2,INCAPACITATING INJURY,1.0,0.0,1.0,23,7,2,41.68530788,-87.63290558,"['02/26/2022', '11:40:00', 'PM']",INCAPACITATING INJURY without Device
d2f3e4dff47689790bbdf55b1ff545afbf329ddf0ecd7487ed0ec29b9ebed4bd1035a5fe60329e796137dece3a87f91ebdfa0bbe7a243639775ff81468a6c579,2022-02-26 22:30:00,Saturday,10,NO CONTROLS,UNKNOWN,"DARKNESS, LIGHTED ROAD",PEDESTRIAN,UNKNOWN,INJURY AND / OR TOW DUE TO CRASH,"OVER $1,500","OPERATING VEHICLE IN ERRATIC, RECKLESS, CARELESS, NEGLIGENT OR AGGRESSIVE MANNER",2,INCAPACITATING INJURY,1.0,0.0,1.0,22,7,2,41.75466012,-87.74138476,"['02/26/2022', '10:30:00', 'PM']",INCAPACITATING INJURY without Device
714a1e038c3aaf82d466cce3c220f0915c1f95383f35443af6e47acbf8712bb1d2b034a4de79b4e44406a33ea85d8e925d85cd4c71ef3a8b3185dfde9912af03,2022-02-26 18:02:00,Saturday,35,NO CONTROLS,CLEAR,DUSK,TURNING,DRY,INJURY AND / OR TOW DUE TO CRASH,"OVER $1,500",FAILING TO YIELD RIGHT-OF-WAY,2,INCAPACITATING INJURY,2.0,0.0,2.0,18,7,2,41.73038781,-87.66300652,"['02/26/2022', '06:02:00', 'PM']",INCAPACITATING INJURY without Device
e97fd9413bb046b7f7be161940612e247399f3a8f1a6774eb9bc9f7c2ffcd8c18523944c2c93f8ac64cf7f442f906f5cb02a46d7ea817858f8de56293789150b,2022-02-26 14:56:00,Saturday,30,TRAFFIC SIGNAL,CLEAR,DAYLIGHT,PEDESTRIAN,DRY,INJURY AND / OR TOW DUE TO CRASH,$500 OR LESS,FAILING TO YIELD RIGHT-OF-WAY,2,INCAPACITATING INJURY,1.0,0.0,1.0,14,7,2,41.91683649,-87.74625205,"['02/26/2022', '02:56:00', 'PM']",INCAPACITATING INJURY with Device
940b2f7b2e4de4164a1519b1d453cdd36a9a056ad3244997ab6aa088fd5129edbd192bc904e6d2f4c654b4b86b573eb34e5d80fa5ffc550c4a0d261e547bf400,2022-02-26 13:50:00,Saturday,30,NO CONTROLS,CLEAR,DAYLIGHT,PEDESTRIAN,DRY,INJURY AND / OR TOW DUE TO CRASH,$500 OR LESS,DRIVING SKILLS/KNOWLEDGE/EXPERIENCE,2,INCAPACITATING INJURY,1.0,0.0,1.0,13,7,2,41.9458467,-87.77989371,"['02/26/2022', '01:50:00', 'PM']",INCAPACITATING INJURY without Device
c4cf48de2d8d83c6087a466cf6a6383265872bdc50bc3a246a2ec298bca5e5fd2daba0d891cccda4063d422ccc70e2464fe7aa1f4f610411e648121afd27e11c,2022-02-26 13:30:00,Saturday,35,TRAFFIC SIGNAL,CLEAR,DAYLIGHT,ANGLE,DRY,INJURY AND / OR TOW DUE TO CRASH,"OVER $1,500",UNABLE TO DETERMINE,2,INCAPACITATING INJURY,2.0,0.0,1.0,13,7,2,41.75579046,-87.65887512,"['02/26/2022', '01:30:00', 'PM']",INCAPACITATING INJURY with Device
013d929e50fba4d20afe5583c2e8d5af1c68140a0bf2e82f4d8c40715194a96d588a397737fa331060c43c77671e9ed5835ee5f7a6a10446298ec73e35d0b1d6,2022-02-26 08:43:00,Saturday,30,STOP SIGN/FLASHER,CLEAR,DAYLIGHT,FIXED OBJECT,DRY,INJURY AND / OR TOW DUE TO CRASH,"OVER $1,500",PHYSICAL CONDITION OF DRIVER,2,INCAPACITATING INJURY,2.0,0.0,1.0,8,7,2,41.77320278,-87.58841091,"['02/26/2022', '08:43:00', 'AM']",INCAPACITATING INJURY with Device
98558ff8790bac4cd143b220b4e1f6c20ee25b6a33c06ad8b536fb344a677138d8e3b5f9b747ec69a080ce7f2caa60b35e8c84b3e10407b88a8f337b92dcad55,2022-02-26 07:30:00,Saturday,30,TRAFFIC SIGNAL,CLEAR,DAYLIGHT,OTHER OBJECT,DRY,INJURY AND / OR TOW DUE TO CRASH,"OVER $1,500",UNABLE TO DETERMINE,1,INCAPACITATING INJURY,1.0,0.0,1.0,7,7,2,41.8541373,-87.71492453,"['02/26/2022', '07:30:00', 'AM']",INCAPACITATING INJURY with Device
97d2ab5052c2204a3da1333e23936d10cf128ac38982e72ce52205c5cc7a31f387b355af359456dc8bbe61b564fbead5f7e4d645342ea2bad57b07eb5a6e3064,2022-02-26 03:39:00,Saturday,30,TRAFFIC SIGNAL,CLEAR,"DARKNESS, LIGHTED ROAD",REAR END,DRY,INJURY AND / OR TOW DUE TO CRASH,"OVER $1,500",UNABLE TO DETERMINE,2,INCAPACITATING INJURY,2.0,0.0,1.0,3,7,2,41.79855828,-87.74307187,"['02/26/2022', '03:39:00', 'AM']",INCAPACITATING INJURY with Device
b9a07968f44d11d0084aa5f27c72e0e222a1d3f4453a440cd2403be3fc05b57dce8962176a73e01caf2c49b4c63b75bada9d3c619c87633774f4dc5ac929da1a,2022-02-25 20:45:00,Friday,40,NO CONTROLS,CLEAR,DARKNESS,FIXED OBJECT,UNKNOWN,INJURY AND / OR TOW DUE TO CRASH,"OVER $1,500",UNABLE TO DETERMINE,2,INCAPACITATING INJURY,1.0,0.0,1.0,20,6,2,41.94574571,-87.64195455,"['02/25/2022', '08:45:00', 'PM']",INCAPACITATING INJURY without Device
154d8bcd36a2eda0e225102701851256fa7d484487416e0213f921ceb807f5f8f6e943fa21f982c0bf981cfb62f78884f8aa107e585782fa8cee4872becb1bd6,2022-02-25 17:00:00,Friday,35,TRAFFIC SIGNAL,UNKNOWN,UNKNOWN,REAR END,UNKNOWN,INJURY AND / OR TOW DUE TO CRASH,"OVER $1,500",UNABLE TO DETERMINE,3,INCAPACITATING INJURY,2.0,0.0,2.0,17,6,2,41.97338843,-87.84636097,"['02/25/2022', '05:00:00', 'PM']",INCAPACITATING INJURY with Device
d5dfbe0bdb2b958e60cb03665e19788ec2ea0e8588089be2fe110cd93d0a2e2acf72f919679bbe6363a5387ff6ae503faeb29c4e28e98465e210d1f689cf66ac,2022-02-25 09:16:00,Friday,30,TRAFFIC SIGNAL,SNOW,DAYLIGHT,ANGLE,SNOW OR SLUSH,INJURY AND / OR TOW DUE TO CRASH,"OVER $1,500",DISREGARDING TRAFFIC SIGNALS,5,INCAPACITATING INJURY,2.0,0.0,1.0,9,6,2,41.91377314,-87.64850695,"['02/25/2022', '09:16:00', 'AM']",INCAPACITATING INJURY with Device
a6f44c6f73ee57066e775110848a729e05df1da15bbba8e86961a30c8033a9dc2c9800e5db567b02fd3f73b3b04d897bf6cd7047b4add0f4f41905956887a020,2022-02-24 23:40:00,Thursday,30,TRAFFIC SIGNAL,CLEAR,"DARKNESS, LIGHTED ROAD",SIDESWIPE SAME DIRECTION,DRY,INJURY AND / OR TOW DUE TO CRASH,"OVER $1,500",FAILING TO YIELD RIGHT-OF-WAY,4,INCAPACITATING INJURY,2.0,0.0,1.0,23,5,2,41.76500934,-87.65426109,"['02/24/2022', '11:40:00', 'PM']",INCAPACITATING INJURY with Device
3b630547f010026567e6041108bdfe4808362f23649fe0697b81fcb9d5050cbd981f2bcdef46842c7850cc7c30fdb74673f9f0e082bb205aab085f19c9a5b4b3,2022-02-24 21:50:00,Thursday,30,TRAFFIC SIGNAL,SNOW,"DARKNESS, LIGHTED ROAD",SIDESWIPE SAME DIRECTION,SNOW OR SLUSH,INJURY AND / OR TOW DUE TO CRASH,"OVER $1,500",IMPROPER OVERTAKING/PASSING,2,INCAPACITATING INJURY,1.0,0.0,1.0,21,5,2,41.87076147,-87.71952858,"['02/24/2022', '09:50:00', 'PM']",INCAPACITATING INJURY with Device
98b5d9c41d391278b0ba3985af0ac32c4b1ea795047ecaf42c6757c23823fa23a130c4db5e992b3ea1bd8d0b45bca6fe55fd86d888bc5b68d2812de4e80c3ae6,2022-02-24 15:00:00,Thursday,30,TRAFFIC SIGNAL,UNKNOWN,DAYLIGHT,PEDESTRIAN,UNKNOWN,INJURY AND / OR TOW DUE TO CRASH,"$501 - $1,500",UNABLE TO DETERMINE,2,INCAPACITATING INJURY,1.0,0.0,1.0,15,5,2,41.73588603,-87.63157267,"['02/24/2022', '03:00:00', 'PM']",INCAPACITATING INJURY with Device
50f29ca736e2fa840f0735068b3cfc35c4cba00d4cb8cc47e7841ecd35e2388014f252cd4560830c462cd6dcdfba760f3511a987e7acbd81e2f43c2253fc1000,2022-02-23 18:23:00,Wednesday,30,NO CONTROLS,CLEAR,"DARKNESS, LIGHTED ROAD",HEAD ON,DRY,INJURY AND / OR TOW DUE TO CRASH,"$501 - $1,500",PHYSICAL CONDITION OF DRIVER,2,INCAPACITATING INJURY,2.0,0.0,1.0,18,4,2,41.88657394,-87.74639503,"['02/23/2022', '06:23:00', 'PM']",INCAPACITATING INJURY without Device
29660fce0cabf6051634011bcfd9a22891de1507005df478fd6e8653d44e1573aae3e62d58066ce98bc3a3b8d0fa15a135549baa8f6359b4f29efab1a611c816,2022-02-23 14:46:00,Wednesday,35,TRAFFIC SIGNAL,CLEAR,DAYLIGHT,ANGLE,DRY,INJURY AND / OR TOW DUE TO CRASH,"OVER $1,500",UNABLE TO DETERMINE,2,INCAPACITATING INJURY,1.0,0.0,1.0,14,4,2,41.79396112,-87.77451192,"['02/23/2022', '02:46:00', 'PM']",INCAPACITATING INJURY with Device
dc43f5a131645a9d620dbcd194a0ebace198366e0c7bd12d0473306711c6595787a222dbe78e32b3125a781bc553c728783f73fb239da8b37865319b60422fc3,2022-02-23 14:35:00,Wednesday,30,TRAFFIC SIGNAL,CLEAR,DAYLIGHT,TURNING,DRY,INJURY AND / OR TOW DUE TO CRASH,"OVER $1,500",DRIVING SKILLS/KNOWLEDGE/EXPERIENCE,2,INCAPACITATING INJURY,1.0,0.0,1.0,14,4,2,41.99717967,-87.76671088,"['02/23/2022', '02:35:00', 'PM']",INCAPACITATING INJURY with Device
12aaf349779836b33aa00eb946c119bc4dd709da36d3b0ee2fb6acdc6cebc5a46d3b753202753a655f0c953dff635782293eec7b8f786df05dc714e7225379fe,2022-02-23 08:20:00,Wednesday,30,STOP SIGN/FLASHER,CLEAR,DAYLIGHT,PEDESTRIAN,DRY,INJURY AND / OR TOW DUE TO CRASH,$500 OR LESS,FAILING TO YIELD RIGHT-OF-WAY,2,INCAPACITATING INJURY,1.0,0.0,1.0,8,4,2,41.93143621,-87.6394763,"['02/23/2022', '08:20:00', 'AM']",INCAPACITATING INJURY with Device
be3f54132b6fae9096b1a1853125a6c6efc3a47d0791a2b55e13dd4c06911d309fb2c164d3343c5acee7992a2361b8f0c0db45e2cd592ab43c80096cbea83a08,2022-02-22 20:01:00,Tuesday,30,TRAFFIC SIGNAL,CLEAR,"DARKNESS, LIGHTED ROAD",REAR END,DRY,INJURY AND / OR TOW DUE TO CRASH,"OVER $1,500",UNDER THE INFLUENCE OF ALCOHOL/DRUGS (USE WHEN ARREST IS EFFECTED),2,INCAPACITATING INJURY,1.0,0.0,1.0,20,3,2,41.96262415,-87.75638065,"['02/22/2022', '08:01:00', 'PM']",INCAPACITATING INJURY with Device
6bf68eb0914dbdf42a88d878c735947abfd22444b9c46e8f68dff7b3c3a20a338abb9fa0794e1ada31b4a1d294a1792bc5982d4c7304f367e50c5d22585b9206,2022-02-22 17:18:00,Tuesday,20,STOP SIGN/FLASHER,CLEAR,DAYLIGHT,PEDESTRIAN,DRY,INJURY AND / OR TOW DUE TO CRASH,$500 OR LESS,FAILING TO YIELD RIGHT-OF-WAY,2,INCAPACITATING INJURY,1.0,0.0,1.0,17,3,2,41.96762181,-87.68632035,"['02/22/2022', '05:18:00', 'PM']",INCAPACITATING INJURY with Device
0a56c64beabf390a13824251548fb251729fc164921a920b83c08e9fa649d42a77f8c40e881f611394371ac66ec9e34d8f9f59ef1d19553cbcb6c358439fa330,2022-02-22 14:50:00,Tuesday,30,STOP SIGN/FLASHER,RAIN,DAYLIGHT,ANGLE,WET,INJURY AND / OR TOW DUE TO CRASH,"OVER $1,500",UNABLE TO DETERMINE,2,INCAPACITATING INJURY,1.0,0.0,1.0,14,3,2,41.9703166,-87.78812828,"['02/22/2022', '02:50:00', 'PM']",INCAPACITATING INJURY with Device
73722f5d3d5af2635f11b0f5f3a21bd96748d7ed49231c20bd8e15f4959f89626068c333f1b5a56d99eec42b47c7c01a8fcffebe53ac679c726cd1fd3121a2e7,2022-02-22 12:20:00,Tuesday,35,NO CONTROLS,RAIN,DAYLIGHT,ANGLE,WET,INJURY AND / OR TOW DUE TO CRASH,"OVER $1,500",UNABLE TO DETERMINE,2,INCAPACITATING INJURY,1.0,0.0,1.0,12,3,2,41.74441895,-87.70209843,"['02/22/2022', '12:20:00', 'PM']",INCAPACITATING INJURY without Device
eb631ba7f61a8857a34094d623fa2f066d4289afb42c92a26f57a0cbf3973eae7397a994f29d8c9222f2f6deb8f5459754e06c8c8926f9761e6e4e8b3e3b9605,2022-02-22 10:51:00,Tuesday,30,NO CONTROLS,RAIN,DAYLIGHT,PEDESTRIAN,WET,INJURY AND / OR TOW DUE TO CRASH,$500 OR LESS,FAILING TO YIELD RIGHT-OF-WAY,2,INCAPACITATING INJURY,1.0,0.0,1.0,10,3,2,41.81143453,-87.61649925,"['02/22/2022', '10:51:00', 'AM']",INCAPACITATING INJURY without Device
120794d13fef81c84adbb00e896ffe1e49023ecf1e588b3543f6ec5d9cf83a39346f6fa7207cfdd93426e20e227a9880939e0ba1ee9caeed1104f93c5371d57b,2022-02-21 20:15:00,Monday,30,NO CONTROLS,CLEAR,"DARKNESS, LIGHTED ROAD",PARKED MOTOR VEHICLE,WET,INJURY AND / OR TOW DUE TO CRASH,"OVER $1,500",UNABLE TO DETERMINE,3,INCAPACITATING INJURY,1.0,0.0,1.0,20,2,2,41.86914219,-87.68225661,"['02/21/2022', '08:15:00', 'PM']",INCAPACITATING INJURY without Device
51b9b90232f5fe5edfaf6985bdfa9598d96fa34060d04b09d713290ca5afc145443303ed12248560517536b04c5eb07dfb15861311d87683003ea310d55bc879,2022-02-21 19:32:00,Monday,30,TRAFFIC SIGNAL,CLEAR,"DARKNESS, LIGHTED ROAD",TURNING,DRY,INJURY AND / OR TOW DUE TO CRASH,"OVER $1,500",UNABLE TO DETERMINE,2,INCAPACITATING INJURY,1.0,0.0,1.0,19,2,2,41.75100395,-87.61503656,"['02/21/2022', '07:32:00', 'PM']",INCAPACITATING INJURY with Device