CRASH_RECORD_ID,CRASH_DATE,Weekday,POSTED_SPEED_LIMIT,TRAFFIC_CONTROL_DEVICE,WEATHER_CONDITION,LIGHTING_CONDITION,FIRST_CRASH_TYPE,ROADWAY_SURFACE_COND,CRASH_TYPE,DAMAGE,PRIM_CONTRIBUTORY_CAUSE,NUM_UNITS,MOST_SEVERE_INJURY,INJURIES_TOTAL,INJURIES_FATAL,INJURIES_INCAPACITATING,CRASH_HOUR,CRASH_DAY_OF_WEEK,CRASH_MONTH,LATITUDE,LONGITUDE,CRASH_TIME,CATEGORIES
65d8809b2cc2d675ac7f2b8c52388d4cf18742d9a0ff56daa7b2284e56a4565a30d1b7e8783684061b642d1a5978fbb0f8373f73b682fe895a1842f09336e33c,2022-02-10 17:25:00,Thursday,30,TRAFFIC SIGNAL,CLEAR,DAWN,TURNING,DRY,INJURY AND / OR TOW DUE TO CRASH,"OVER $1,500",DISREGARDING TRAFFIC SIGNALS,2,INCAPACITATING INJURY,3.0,0.0,1.0,17,5,2,41.852218,-87.66617016,"['02/10/2022', '05:25:00', 'PM']",INCAPACITATING INJURY with Device
81af76794dd1170c1c4b3641154929d0a52ec7ca3bd6a7772c279c4ec80e4ff663b90e5419215004cab8cb5347c48a9566c20bf5b916463897f9059095597071,2022-02-10 12:28:00,Thursday,35,NO CONTROLS,CLEAR,DAYLIGHT,PEDESTRIAN,DRY,INJURY AND / OR TOW DUE TO CRASH,"OVER $1,500",FAILING TO YIELD RIGHT-OF-WAY,2,INCAPACITATING INJURY,1.0,0.0,1.0,12,5,2,41.91150353,-87.7457618,"['02/10/2022', '12:28:00', 'PM']",INCAPACITATING INJURY without Device
b0e96e42d69e815165e1892ff1f2a732a483625ada82978fb8acdb21afdf1d236e75b58e56b9a4eccfd8cf38d1558b083df4f7afe7c0eb610f9eeaa549fa94a1,2022-02-09 17:25:00,Wednesday,30,TRAFFIC SIGNAL,CLEAR,DARKNESS,REAR END,DRY,INJURY AND / OR TOW DUE TO CRASH,"OVER $1,500",FOLLOWING TOO CLOSELY,2,INCAPACITATING INJURY,1.0,0.0,1.0,17,4,2,41.72157071,-87.62387335,"['02/09/2022', '05:25:00', 'PM']",INCAPACITATING INJURY with Device
0792b3c6e293cef832c772e9df4b43acfe643de159dc6b45e15d1c092131704d74b0235f4a050ffd69c379797e8e20a3511a35ce7df12298abdeed83edebbb23,2022-02-09 15:24:00,Wednesday,30,STOP SIGN/FLASHER,CLEAR,DAYLIGHT,HEAD ON,WET,INJURY AND / OR TOW DUE TO CRASH,"OVER $1,500",PHYSICAL CONDITION OF DRIVER,3,INCAPACITATING INJURY,1.0,0.0,1.0,15,4,2,41.77227505,-87.65072595,"['02/09/2022', '03:24:00', 'PM']",INCAPACITATING INJURY with Device
925de77e263f24af7536b887ff1d8af82ffa2c4e1d2c2983011c487dc5f47e7e0b077712ea968c88c6a657d21c627518eb9a4f2c1dda06b36de741d0427a2c4b,2022-02-09 07:11:00,Wednesday,30,TRAFFIC SIGNAL,CLEAR,DAYLIGHT,TURNING,UNKNOWN,INJURY AND / OR TOW DUE TO CRASH,"OVER $1,500",UNABLE TO DETERMINE,2,INCAPACITATING INJURY,2.0,0.0,2.0,7,4,2,41.80171958,-87.63065628,"['02/09/2022', '07:11:00', 'AM']",INCAPACITATING INJURY with Device
d7ee07197e8ae15f6ebb4909497026abfbb14bc97086aef2590cbe3206bb78d59f6c721d448530c2766e18bd0590b93efb28bc8dda3d1fddd6cca8fb2c25010c,2022-02-09 00:45:00,Wednesday,35,NO CONTROLS,CLEAR,"DARKNESS, LIGHTED ROAD",PARKED MOTOR VEHICLE,WET,INJURY AND / OR TOW DUE TO CRASH,"OVER $1,500",UNABLE TO DETERMINE,3,INCAPACITATING INJURY,2.0,0.0,1.0,0,4,2,41.9462782,-87.74371434,"['02/09/2022', '12:45:00', 'AM']",INCAPACITATING INJURY without Device
b72bc751b8551eebad0790cc00e707e9be9ea72da4998743430c43c58acc66103b22873483ca59c9e7d3e186b4401add39d2b0f3f92048ca6906ee8a3952d06c,2022-02-08 14:34:00,Tuesday,30,TRAFFIC SIGNAL,CLOUDY/OVERCAST,DAYLIGHT,PEDESTRIAN,SNOW OR SLUSH,INJURY AND / OR TOW DUE TO CRASH,"OVER $1,500",FAILING TO YIELD RIGHT-OF-WAY,3,INCAPACITATING INJURY,2.0,0.0,1.0,14,3,2,41.7296506,-87.57559327,"['02/08/2022', '02:34:00', 'PM']",INCAPACITATING INJURY with Device
4e2fc5e63a083637da4c0cdd553ba020a6f16cf06998ec46602a732801f27991644a9fc5b8f218e0e949972f86a88e8d08d7e50344fc58d8cfcbe3136be9a239,2022-02-08 14:13:00,Tuesday,30,STOP SIGN/FLASHER,CLEAR,DAYLIGHT,ANGLE,OTHER,INJURY AND / OR TOW DUE TO CRASH,"OVER $1,500",DISREGARDING STOP SIGN,2,INCAPACITATING INJURY,1.0,0.0,1.0,14,3,2,41.94139495,-87.75663158,"['02/08/2022', '02:13:00', 'PM']",INCAPACITATING INJURY with Device
de8d4a9462328d8202e534e00da4feb4f943d65805887a4785db4dc4fc9e982ec33b07d2f271e4e4048831a8af509c5cd386b42e7407ba258c1104d32fa628a5,2022-02-08 14:07:00,Tuesday,30,NO CONTROLS,CLEAR,DAYLIGHT,PEDESTRIAN,DRY,INJURY AND / OR TOW DUE TO CRASH,$500 OR LESS,DISTRACTION - FROM OUTSIDE VEHICLE,2,FATAL,2.0,2.0,0.0,14,3,2,41.67393672,-87.63200946,"['02/08/2022', '02:07:00', 'PM']",FATAL without Device
7b87b43eb001e06a242759447de9489d9cf5e5da34452e0dde15444ab0713bb4380f133dc08e79b46411e9ddb957757898df641fd85deaafc9e905fa3eba9dc6,2022-02-08 11:40:00,Tuesday,30,NO CONTROLS,CLEAR,DAYLIGHT,TURNING,DRY,INJURY AND / OR TOW DUE TO CRASH,"OVER $1,500",UNABLE TO DETERMINE,2,INCAPACITATING INJURY,1.0,0.0,1.0,11,3,2,41.74965092,-87.70351433,"['02/08/2022', '11:40:00', 'AM']",INCAPACITATING INJURY without Device
53ee8acf635e6deeebc4d8745a87911301f930c426717150845ad5a490f90868889960ad8c392fa05585778baa05176fbae9a6c86a3b1d5bcc00e74d1ac5eb6d,2022-02-07 19:13:00,Monday,30,NO CONTROLS,CLOUDY/OVERCAST,"DARKNESS, LIGHTED ROAD",PEDESTRIAN,WET,INJURY AND / OR TOW DUE TO CRASH,$500 OR LESS,UNABLE TO DETERMINE,2,INCAPACITATING INJURY,1.0,0.0,1.0,19,2,2,41.89158904,-87.72545303,"['02/07/2022', '07:13:00', 'PM']",INCAPACITATING INJURY without Device
89d06cf42fc5d9884d4fcad5857ed64e2c09ccd687d8fae158c95321193895e5c0a8653e9053c317631364abdc30e2e360fc87feda4a32c0f4fa840063ae3b10,2022-02-07 15:03:00,Monday,30,TRAFFIC SIGNAL,CLEAR,DAYLIGHT,PEDESTRIAN,DRY,INJURY AND / OR TOW DUE TO CRASH,"$501 - $1,500",FAILING TO YIELD RIGHT-OF-WAY,2,INCAPACITATING INJURY,1.0,0.0,1.0,15,2,2,41.84404564,-87.72468972,"['02/07/2022', '03:03:00', 'PM']",INCAPACITATING INJURY with Device
03b6bf5b7a072046e0e7abe9cdaa3db98e19617093aa9bff49189a4b1d5d51e81cf8ad74deaf7bea14209972dde11c177b0675e9d11010872e67aae83b5cc9c0,2022-02-06 03:52:00,Sunday,30,TRAFFIC SIGNAL,CLEAR,"DARKNESS, LIGHTED ROAD",OTHER OBJECT,DRY,INJURY AND / OR TOW DUE TO CRASH,"OVER $1,500",FAILING TO REDUCE SPEED TO AVOID CRASH,1,INCAPACITATING INJURY,1.0,0.0,1.0,3,1,2,41.75139574,-87.58582589,"['02/06/2022', '03:52:00', 'AM']",INCAPACITATING INJURY with Device
03aaaa73518866f9f691a37420fad93254f46fd1f402b0aebba5192f53870afdc82b3eeba50aa3eb4a84661ece9b55867fb8a0bc8fcde1022711f3fbbd3b45b1,2022-02-06 00:10:00,Sunday,30,TRAFFIC SIGNAL,CLEAR,"DARKNESS, LIGHTED ROAD",HEAD ON,DRY,INJURY AND / OR TOW DUE TO CRASH,"OVER $1,500",PHYSICAL CONDITION OF DRIVER,2,INCAPACITATING INJURY,2.0,0.0,1.0,0,1,2,41.86331509,-87.66615023,"['02/06/2022', '12:10:00', 'AM']",INCAPACITATING INJURY with Device
37b9f6bfa64ae531254cf005101035c6718da6bd210f749768d7256660d1ac0c1b2433b11f9f5460c8e2a2e348aadf2cf027c4d71836227e7e56d0ba8ee4d26d,2022-02-05 18:25:00,Saturday,30,STOP SIGN/FLASHER,CLEAR,"DARKNESS, LIGHTED ROAD",PEDESTRIAN,DRY,INJURY AND / OR TOW DUE TO CRASH,$500 OR LESS,UNABLE TO DETERMINE,2,INCAPACITATING INJURY,1.0,0.0,1.0,18,7,2,41.7063003,-87.53543254,"['02/05/2022', '06:25:00', 'PM']",INCAPACITATING INJURY with Device
972450fc331de6ff20c691ad22043d6c3c36a87de9eb95a9639cd2eb9b2cd4498183aaf1e3a2a52de9d144a1da0801722425288c915229874507bd8723963e78,2022-02-05 16:39:00,Saturday,30,TRAFFIC SIGNAL,CLEAR,DAYLIGHT,HEAD ON,SNOW OR SLUSH,INJURY AND / OR TOW DUE TO CRASH,"OVER $1,500",PHYSICAL CONDITION OF DRIVER,4,FATAL,6.0,1.0,0.0,16,7,2,41.81662466,-87.62457701,"['02/05/2022', '04:39:00', 'PM']",FATAL with Device
94326385c231ca2a8336b4e89cf4682ae5bcf8de51659cd25948bfc99e7caa940e7a57d0b553d0e5e6a396810b8eafe646bbae533e32c7e44e7d673c24a6eecc,2022-02-05 04:39:00,Saturday,25,NO CONTROLS,SNOW,"DARKNESS, LIGHTED ROAD",FIXED OBJECT,WET,INJURY AND / OR TOW DUE TO CRASH,"OVER $1,500",UNABLE TO DETERMINE,1,INCAPACITATING INJURY,1.0,0.0,1.0,4,7,2,41.90008102,-87.61921372,"['02/05/2022', '04:39:00', 'AM']",INCAPACITATING INJURY without Device
a781ca1cb1fd3dbc0f53fbc0d7c44a5bc1943bd5ed3dd1ef595cac074dfebe36ffee1ec042fbdca292d36403a2ac2b163c77fd4d9263f0607dbcbc17f8daa5f0,2022-02-04 16:08:00,Friday,30,NO CONTROLS,CLEAR,DUSK,HEAD ON,SNOW OR SLUSH,INJURY AND / OR TOW DUE TO CRASH,"OVER $1,500",IMPROPER OVERTAKING/PASSING,2,INCAPACITATING INJURY,1.0,0.0,1.0,16,6,2,41.68560942,-87.60367513,"['02/04/2022', '04:08:00', 'PM']",INCAPACITATING INJURY without Device
989416c4ef365b78230ba37f7aa0cbb956410b6f85ba8ee35dbcb5c43c716a39a03897fa144e008993173f5f981cd52a314132886e68e4adaf52c94ff38e9fb8,2022-02-04 14:20:00,Friday,30,NO CONTROLS,CLEAR,DAYLIGHT,ANGLE,SNOW OR SLUSH,INJURY AND / OR TOW DUE TO CRASH,"OVER $1,500",FAILING TO YIELD RIGHT-OF-WAY,2,INCAPACITATING INJURY,3.0,0.0,1.0,14,6,2,41.8992429,-87.71780627,"['02/04/2022', '02:20:00', 'PM']",INCAPACITATING INJURY without Device
1e02470d2f1ce54f8c551a7644af4809813e31cbed2f3e841a110357eb3c989138f446e020cd892ce1ad5d330fcf90a8f05cdc3c88fdfb6818968326f9e879ef,2022-02-04 13:55:00,Friday,30,NO CONTROLS,CLEAR,DAYLIGHT,PEDALCYCLIST,SNOW OR SLUSH,INJURY AND / OR TOW DUE TO CRASH,$500 OR LESS,FAILING TO YIELD RIGHT-OF-WAY,2,INCAPACITATING INJURY,1.0,0.0,1.0,13,6,2,41.88478644,-87.72593038,"['02/04/2022', '01:55:00', 'PM']",INCAPACITATING INJURY without Device
ff194736f5ef0b5f075626885936f451220ec3240d064057235725a84883ad35c631c458e1c4cc7b9c3dccfd5e2d5730444bdaaf51c222d2c9cd0b3d7a0ee54c,2022-02-03 23:31:00,Thursday,30,NO CONTROLS,SNOW,"DARKNESS, LIGHTED ROAD",FIXED OBJECT,SNOW OR SLUSH,INJURY AND / OR TOW DUE TO CRASH,"OVER $1,500",NOT APPLICABLE,1,INCAPACITATING INJURY,1.0,0.0,1.0,23,5,2,41.9529441,-87.72774257,"['02/03/2022', '11:31:00', 'PM']",INCAPACITATING INJURY without Device
d5ce9cd1325c384ff9fb38311624ea9d31ce5ef65711422b464239d015d8dbbdf4d88746df33a2f166ff79cdb0dd4769bb9486c6182b38a757f9a30a7270de9d,2022-02-03 19:45:00,Thursday,30,TRAFFIC SIGNAL,CLEAR,"DARKNESS, LIGHTED ROAD",SIDESWIPE SAME DIRECTION,OTHER,INJURY AND / OR TOW DUE TO CRASH,"OVER $1,500",IMPROPER OVERTAKING/PASSING,2,INCAPACITATING INJURY,1.0,0.0,1.0,19,5,2,41.74914765,-87.73185642,"['02/03/2022', '07:45:00', 'PM']",INCAPACITATING INJURY with Device
6d999cb2174bda175e7db96062b41b3d1b21d8a028e5a8685419255b994591a54d3fa072ea00022e2594da7f98332509b251510e83d8aa7d75a27fbb08dfb848,2022-02-03 15:36:00,Thursday,30,NO CONTROLS,CLEAR,DAYLIGHT,TURNING,SNOW OR SLUSH,INJURY AND / OR TOW DUE TO CRASH,"OVER $1,500",FAILING TO YIELD RIGHT-OF-WAY,2,INCAPACITATING INJURY,2.0,0.0,1.0,15,5,2,41.88978772,-87.7111192,"['02/03/2022', '03:36:00', 'PM']",INCAPACITATING INJURY without Device
f7e74b5ac7a007c516e42b4e559f29a5862ba9e399ebd7d7fa4cff3c025272c6a277d0ae1509f961a7e3e557b51444912d8d3938ec7ef3debed560ed5f7fdb2c,2022-02-03 12:55:00,Thursday,30,TRAFFIC SIGNAL,CLEAR,DAYLIGHT,ANGLE,UNKNOWN,INJURY AND / OR TOW DUE TO CRASH,"OVER $1,500",DISREGARDING TRAFFIC SIGNALS,2,INCAPACITATING INJURY,1.0,0.0,1.0,12,5,2,41.82377216,-87.61330753,"['02/03/2022', '12:55:00', 'PM']",INCAPACITATING INJURY with Device
fec9f103b080d0c74782ee4f19b500b95ca3a6655462603df2af957fe50d43cdd71cacb9439c3a735ff70b295d3d16a0a67305f43d3be6afca827a0cb169dbc5,2022-02-03 06:30:00,Thursday,30,NO CONTROLS,BLOWING SNOW,DAYLIGHT,SIDESWIPE SAME DIRECTION,SNOW OR SLUSH,INJURY AND / OR TOW DUE TO CRASH,"OVER $1,500",PHYSICAL CONDITION OF DRIVER,3,FATAL,1.0,1.0,0.0,6,5,2,41.95468257,-87.74719124,"['02/03/2022', '06:30:00', 'AM']",FATAL without Device
18ebdc6412531e72181ad7e4be19b99c45f600a14992b2256a9974ae5628ff7763ad8611aeb8b3f875c6d2d2d6f0624c232204703d100b87e1a1ed6faa4f3f0f,2022-02-02 14:19:00,Wednesday,30,NO CONTROLS,SNOW,DAYLIGHT,FIXED OBJECT,SNOW OR SLUSH,INJURY AND / OR TOW DUE TO CRASH,"OVER $1,500",WEATHER,1,INCAPACITATING INJURY,3.0,0.0,1.0,14,4,2,41.71364472,-87.54559068,"['02/02/2022', '02:19:00', 'PM']",INCAPACITATING INJURY without Device
fc46677384f626c9170812d30ef10e7bcd2d642469cf79b05278453c60117200fa4b04a5692a89cc65698340a45d8306516da76eeb45a29d49a3f5962385268b,2022-02-02 08:30:00,Wednesday,30,OTHER RAILROAD CROSSING,SNOW,DAYLIGHT,REAR END,ICE,INJURY AND / OR TOW DUE TO CRASH,"OVER $1,500",WEATHER,2,INCAPACITATING INJURY,1.0,0.0,1.0,8,4,2,41.70670616,-87.66837526,"['02/02/2022', '08:30:00', 'AM']",INCAPACITATING INJURY with Device
1f82ea412be8ed33cb2505bdc48aedaf37fd00393c6ed64a40f8201beaeebe14a9f15296d43a4fff7be4b9a98140eb105755e66533a3bf01a7df4cf9c2b55ab6,2022-02-02 07:15:00,Wednesday,25,NO CONTROLS,SNOW,DAYLIGHT,FIXED OBJECT,SNOW OR SLUSH,INJURY AND / OR TOW DUE TO CRASH,$500 OR LESS,ROAD ENGINEERING/SURFACE/MARKING DEFECTS,1,INCAPACITATING INJURY,1.0,0.0,1.0,7,4,2,41.97293043,-87.79141752,"['02/02/2022', '07:15:00', 'AM']",INCAPACITATING INJURY without Device
bf83fee7f0d41747f7ca3c380ec0e47ee2392aa9492fce594cde0aaa660abced09bf6038fb841539339758b2254a92db978f05f4a65441bfda79e26c2a599b7a,2022-02-02 06:30:00,Wednesday,30,TRAFFIC SIGNAL,BLOWING SNOW,DAYLIGHT,REAR END,SNOW OR SLUSH,INJURY AND / OR TOW DUE TO CRASH,"OVER $1,500",PHYSICAL CONDITION OF DRIVER,2,FATAL,1.0,1.0,0.0,6,4,2,41.94973549,-87.74704694,"['02/02/2022', '06:30:00', 'AM']",FATAL with Device
d0b6374103b60f5f09a7082b77cc0891570b450e65d8a0c1918c3fce39238c92a0763f970140ead376d33469e452170b79d5e319e2c7123b3b84234f515bb7c7,2022-02-01 17:32:00,Tuesday,30,NO CONTROLS,RAIN,DARKNESS,TURNING,WET,INJURY AND / OR TOW DUE TO CRASH,"OVER $1,500",UNABLE TO DETERMINE,2,INCAPACITATING INJURY,2.0,0.0,1.0,17,3,2,41.73542527,-87.69492871,"['02/01/2022', '05:32:00', 'PM']",INCAPACITATING INJURY without Device
09216e2f99d20039eb97e0246f87366f13a5ad3708d1277a3bd0f38b4aa39c80f2457eeb9d8b66acee0cd98a54b6849bc267e39a541411c3ae4e222288fa4ce3,2022-02-01 17:15:00,Tuesday,30,TRAFFIC SIGNAL,RAIN,"DARKNESS, LIGHTED ROAD",PEDESTRIAN,WET,INJURY AND / OR TOW DUE TO CRASH,$500 OR LESS,FAILING TO YIELD RIGHT-OF-WAY,2,INCAPACITATING INJURY,1.0,0.0,1.0,17,3,2,41.8010802,-87.68381821,"['02/01/2022', '05:15:00', 'PM']",INCAPACITATING INJURY with Device
939571eeddefa685ed568e237f8668c7e6987cb7982ba2a8ea205efeb9749272a50cabf27412f548fcd0d7f8b1f02f4e30bbb8b0c5056fb4c4bc91206abc3a02,2022-02-01 07:50:00,Tuesday,35,NO CONTROLS,CLEAR,DAYLIGHT,REAR END,DRY,INJURY AND / OR TOW DUE TO CRASH,"$501 - $1,500",UNABLE TO DETERMINE,2,INCAPACITATING INJURY,1.0,0.0,1.0,7,3,2,41.94165688,-87.7569345,"['02/01/2022', '07:50:00', 'AM']",INCAPACITATING INJURY without Device
149e05d3d968fcc2729f64efb52c5b57dc68ff314ce0c271903562f4ccd41aabe1c6131a651b592683dadb30707bf03f50da54c93705c0e9f61f85f0abbbdb0a,2022-01-31 15:25:00,Monday,35,NO CONTROLS,CLEAR,DAYLIGHT,REAR END,DRY,INJURY AND / OR TOW DUE TO CRASH,"OVER $1,500",DRIVING SKILLS/KNOWLEDGE/EXPERIENCE,3,INCAPACITATING INJURY,2.0,0.0,1.0,15,2,1,41.76550657,-87.66396377,"['01/31/2022', '03:25:00', 'PM']",INCAPACITATING INJURY without Device
11f4e7e7978f54794f580bfbf0f6eb5b49b755d6b404853121ca424da865842a5af735aa881ae4c680dd838dd6b77dbe9113784197ce791533b93930849b58fb,2022-01-31 12:08:00,Monday,25,TRAFFIC SIGNAL,CLEAR,DAYLIGHT,REAR END,OTHER,INJURY AND / OR TOW DUE TO CRASH,"OVER $1,500",DRIVING SKILLS/KNOWLEDGE/EXPERIENCE,3,INCAPACITATING INJURY,2.0,0.0,2.0,12,2,1,41.86693605,-87.67113501,"['01/31/2022', '12:08:00', 'PM']",INCAPACITATING INJURY with Device
84018a2d8f8b4e905f22f739a5205900686cb319287c0a65a91b306c97c7e401e47843aa586521275acbd53f9e3978219059935307dab61a5f82348aa893a0f6,2022-01-31 11:47:00,Monday,30,STOP SIGN/FLASHER,CLEAR,DAYLIGHT,PEDALCYCLIST,DRY,INJURY AND / OR TOW DUE TO CRASH,$500 OR LESS,UNABLE TO DETERMINE,2,INCAPACITATING INJURY,1.0,0.0,1.0,11,2,1,41.95167365,-87.78665058,"['01/31/2022', '11:47:00', 'AM']",INCAPACITATING INJURY with Device
f6c3206b2ae74ac5a1e5fd77609437c3037576566350f8579ec2f0b8d6b22dede81daecd82a5277a8609ef502eba1aec6a74949dee22360347806ff56c42193b,2022-01-31 03:50:00,Monday,30,NO CONTROLS,CLEAR,"DARKNESS, LIGHTED ROAD",FIXED OBJECT,SNOW OR SLUSH,INJURY AND / OR TOW DUE TO CRASH,"OVER $1,500",UNABLE TO DETERMINE,1,INCAPACITATING INJURY,1.0,0.0,1.0,3,2,1,41.70863384,-87.53180702,"['01/31/2022', '03:50:00', 'AM']",INCAPACITATING INJURY without Device
e4031a3ec9556cdaa3d2b68ff4a17606efad4dc5a38e9a5330c520f27cf3b9406fcc03063f5c38f888a2231fcf88deb23a0e5cd7d6644ff087bf0b1d045efea9,2022-01-30 17:20:00,Sunday,30,NO CONTROLS,CLEAR,"DARKNESS, LIGHTED ROAD",PEDESTRIAN,WET,INJURY AND / OR TOW DUE TO CRASH,$500 OR LESS,UNABLE TO DETERMINE,2,INCAPACITATING INJURY,1.0,0.0,1.0,17,1,1,41.83829716,-87.66449577,"['01/30/2022', '05:20:00', 'PM']",INCAPACITATING INJURY without Device
a7e5cf6eac0979602b1f7929559e1b03f1262e63c20f044cf62f3d72bc433618df35e7bf290d47cf44537fee0831fc185a583f6dcf8461214aca413605cbeb87,2022-01-30 04:30:00,Sunday,30,NO CONTROLS,CLEAR,"DARKNESS, LIGHTED ROAD",PEDESTRIAN,DRY,INJURY AND / OR TOW DUE TO CRASH,$500 OR LESS,UNABLE TO DETERMINE,2,INCAPACITATING INJURY,1.0,0.0,1.0,4,1,1,41.90456052,-87.63015154,"['01/30/2022', '04:30:00', 'AM']",INCAPACITATING INJURY without Device
1bff773859cbe1a4cb86a866925f8b01e50eb9eaa5745a5d32e4bd0bcdfb716001ea5974641575665eb6bb2c4421d9453806c5340809acd654c45386c8d2f1b1,2022-01-30 02:50:00,Sunday,30,TRAFFIC SIGNAL,CLEAR,"DARKNESS, LIGHTED ROAD",REAR END,DRY,INJURY AND / OR TOW DUE TO CRASH,"OVER $1,500",UNABLE TO DETERMINE,2,FATAL,1.0,1.0,0.0,2,1,1,41.81905229,-87.72381922,"['01/30/2022', '02:50:00', 'AM']",FATAL with Device
340e58fdbbd9e919e6d1251506eddac24c70aad1404542b7f7c5fda3602db108bfb99ea6602d5a4f1fbbf2f4c1991e796fe6a301437e6736b11ded413419b60d,2022-01-29 22:39:00,Saturday,30,STOP SIGN/FLASHER,OTHER,"DARKNESS, LIGHTED ROAD",REAR END,ICE,INJURY AND / OR TOW DUE TO CRASH,"OVER $1,500",NOT APPLICABLE,2,INCAPACITATING INJURY,1.0,0.0,1.0,22,7,1,41.99213788,-87.67468013,"['01/29/2022', '10:39:00', 'PM']",INCAPACITATING INJURY with Device
02a1244a02f11035a77ef5538d9cb05e1443416f41f13f5cf63b3d38833e8fa13b51a48b5b23a8714ba3dd8acdbdb5079bfd7cb328014873e8a56d17bd53aaca,2022-01-29 19:16:00,Saturday,30,NO CONTROLS,SNOW,DUSK,PARKED MOTOR VEHICLE,SNOW OR SLUSH,INJURY AND / OR TOW DUE TO CRASH,"OVER $1,500","OPERATING VEHICLE IN ERRATIC, RECKLESS, CARELESS, NEGLIGENT OR AGGRESSIVE MANNER",11,INCAPACITATING INJURY,1.0,0.0,1.0,19,7,1,41.80615786,-87.66748183,"['01/29/2022', '07:16:00', 'PM']",INCAPACITATING INJURY without Device
3257f1c740648c32a37d98cb01674574a22c5508912c53df1b9243ed67fb2cb05e3b9a7bebb7a168b09340c6875e7b49a76cd0d553b594f034c03ea6552b08a6,2022-01-29 13:21:00,Saturday,30,NO CONTROLS,CLEAR,DAYLIGHT,PARKED MOTOR VEHICLE,SNOW OR SLUSH,INJURY AND / OR TOW DUE TO CRASH,"OVER $1,500",PHYSICAL CONDITION OF DRIVER,4,INCAPACITATING INJURY,3.0,0.0,3.0,13,7,1,41.84800833,-87.70678886,"['01/29/2022', '01:21:00', 'PM']",INCAPACITATING INJURY without Device
90496552b02c30c1ac74c1854c1669e2bc8a4f683658274a442b188bab72f06aa9e3b781ee4e1545d46d0cd82384eb92afb79bda056ba728ccb04abb5645a90b,2022-01-28 11:00:00,Friday,30,TRAFFIC SIGNAL,UNKNOWN,DAYLIGHT,PEDESTRIAN,UNKNOWN,INJURY AND / OR TOW DUE TO CRASH,"$501 - $1,500",UNABLE TO DETERMINE,2,INCAPACITATING INJURY,1.0,0.0,1.0,11,6,1,41.89489272,-87.74592702,"['01/28/2022', '11:00:00', 'AM']",INCAPACITATING INJURY with Device
2b8bde69c02a6daee4119a8f8835c354950f8cf21fa1d11f68c9274aff4522e19aff6f07a9b82f96ecf46a2071b2630203c14c7d66a3d7204f5b323b0bd5954e,2022-01-27 23:07:00,Thursday,30,TRAFFIC SIGNAL,SNOW,"DARKNESS, LIGHTED ROAD",PEDALCYCLIST,WET,INJURY AND / OR TOW DUE TO CRASH,$500 OR LESS,DISREGARDING TRAFFIC SIGNALS,2,INCAPACITATING INJURY,1.0,0.0,1.0,23,5,1,41.88324838,-87.62801718,"['01/27/2022', '11:07:00', 'PM']",INCAPACITATING INJURY with Device
6ebc321b3ba297f0e77e0560e57703cd907182fd49e0b5808759ca1ba3e32bc6a0f8fad7c83d8bc81e93d79066dd8ba557ca94049f3c38cbb2ebebc1b643aaf8,2022-01-27 20:50:00,Thursday,35,TRAFFIC SIGNAL,CLEAR,DAYLIGHT,REAR END,SNOW OR SLUSH,INJURY AND / OR TOW DUE TO CRASH,"OVER $1,500",FOLLOWING TOO CLOSELY,2,INCAPACITATING INJURY,1.0,0.0,1.0,20,5,1,41.96535424,-87.66861691,"['01/27/2022', '08:50:00', 'PM']",INCAPACITATING INJURY with Device
95465e482b059cb001c5b93c252d0e7e30702c01b458debc00adb0129219b5dae6446443be4f2b337d8778531f929fe0250769740242545d84322761d3cbc777,2022-01-27 19:58:00,Thursday,30,NO CONTROLS,OTHER,DARKNESS,ANGLE,WET,INJURY AND / OR TOW DUE TO CRASH,"OVER $1,500",FAILING TO YIELD RIGHT-OF-WAY,2,INCAPACITATING INJURY,1.0,0.0,1.0,19,5,1,41.94537331,-87.66867325,"['01/27/2022', '07:58:00', 'PM']",INCAPACITATING INJURY without Device
5e3d67afc020a7a00ab070a90ea6e1ba81dda3682c448d9411bd20a5592634b61c2a783c89f6d512614a88ac1b602a68bdd57700cc92133d26136a192480edc4,2022-01-27 13:00:00,Thursday,45,NO CONTROLS,CLEAR,DAYLIGHT,REAR END,DRY,INJURY AND / OR TOW DUE TO CRASH,"OVER $1,500",NOT APPLICABLE,2,INCAPACITATING INJURY,1.0,0.0,1.0,13,5,1,41.73376227,-87.58572133,"['01/27/2022', '01:00:00', 'PM']",INCAPACITATING INJURY without Device
1070deef12aa8f86f62784e320d6c7096a5400870f665120e59ca2f122d829d8da9a4f7daea5dacafdc030fc75df7be433cb388c61fac7815a7b428ddbb60894,2022-01-27 11:35:00,Thursday,30,TRAFFIC SIGNAL,CLOUDY/OVERCAST,DAYLIGHT,REAR END,WET,INJURY AND / OR TOW DUE TO CRASH,"OVER $1,500",FAILING TO REDUCE SPEED TO AVOID CRASH,4,INCAPACITATING INJURY,2.0,0.0,1.0,11,5,1,41.87633286,-87.66681112,"['01/27/2022', '11:35:00', 'AM']",INCAPACITATING INJURY with Device